"old_url","old_path","old_status","old_type","old_title","old_h1","old_canonical","current_old_location","old_article","parent_category","target_url","target_path","target_status","target_type","confidence","reason","action"
"https://cloverspb.ru/registraciya","/registraciya","200","info","Регистрация","Авторизация","","","","","","",,"","NO_MATCH","Публичного SEO-эквивалента нет; /lk запрещён как SEO-цель","410"
"https://cloverspb.ru/magazin/product/polotenca-bumazhnye-v-rulone-veiro-1-sl-belye-cv-300-metrov-kr105","/magazin/product/polotenca-bumazhnye-v-rulone-veiro-1-sl-belye-cv-300-metrov-kr105","200","product","Полотенца бумажные в рулоне VEIRO 1-сл. белые ЦВ 300 метров КР105","Полотенца бумажные в рулоне VEIRO 1-сл. белые ЦВ 300 метров КР105","","","нет","Бумажные полотенца","https://clover-spb.ru/product/%D0%9D%D0%A4-00001999","/product/%D0%9D%D0%A4-00001999","200","product","REVIEW","Кандидат по названию (0.73) требует ручного подтверждения идентичности","REVIEW"
"https://cloverspb.ru/magazin/product/tualetnaya-bumaga-tork-t1-1-sl-525-metrov-120195","/magazin/product/tualetnaya-bumaga-tork-t1-1-sl-525-metrov-120195","200","product","Туалетная бумага ТОРК Т1 1-сл. 525 метров 120195","Туалетная бумага ТОРК Т1 1-сл. 525 метров 120195","","","нет","Туалетная бумага","https://clover-spb.ru/product/%D0%9D%D0%A4-00000645","/product/%D0%9D%D0%A4-00000645","200","product","REVIEW","Кандидат по названию (0.88) требует ручного подтверждения идентичности","REVIEW"
"https://cloverspb.ru/magazin/product/akvalon-sredstvo-dlya-mytya-posudy-zelenoe-yabloko-5-l","/magazin/product/akvalon-sredstvo-dlya-mytya-posudy-zelenoe-yabloko-5-l","200","product","АКВАЛОН - средство для мытья посуды ЗЕЛЕНОЕ ЯБЛОКО 5 л","АКВАЛОН - средство для мытья посуды ЗЕЛЕНОЕ ЯБЛОКО 5 л","","","нет","","","",,"","NO_MATCH","Товар и релевантная текущая категория не доказаны","410"
"https://cloverspb.ru/magazin/product/sredstvo-dlya-mytya-posudy-help-5-l","/magazin/product/sredstvo-dlya-mytya-posudy-help-5-l","200","product","Средство для мытья посуды ""Help"" 5 л","Средство для мытья посуды ""Help"" 5 л","","","нет","Средства для мытья посуды","https://clover-spb.ru/product/%D0%9D%D0%A4-00000629","/product/%D0%9D%D0%A4-00000629","200","product","REVIEW","Кандидат по названию (0.71) требует ручного подтверждения идентичности","REVIEW"
"https://cloverspb.ru/magazin/product/perchatki-rezinovye-sverhprochnye-krasno-belye-s","/magazin/product/perchatki-rezinovye-sverhprochnye-krasno-belye-s","200","product","Перчатки резиновые сверхпрочные красно-белые S","Перчатки резиновые сверхпрочные красно-белые S","","","нет","Многоразовые перчатки","https://clover-spb.ru/product/%D0%9D%D0%A4-00003659","/product/%D0%9D%D0%A4-00003659","200","product","REVIEW","Кандидат по названию (0.71) требует ручного подтверждения идентичности","REVIEW"
"https://cloverspb.ru/magazin/product/perchatki-rezinovye-sine-zheltye-s","/magazin/product/perchatki-rezinovye-sine-zheltye-s","200","product","Перчатки резиновые сине-желтые S","Перчатки резиновые сине-желтые S","","","нет","Многоразовые перчатки","https://clover-spb.ru/product/%D0%9D%D0%A4-00000174","/product/%D0%9D%D0%A4-00000174","200","product","REVIEW","Кандидат по названию (0.80) требует ручного подтверждения идентичности","REVIEW"
"https://cloverspb.ru/magazin/product/perchatki-rezinovye-sine-zheltye-bicolor-m","/magazin/product/perchatki-rezinovye-sine-zheltye-bicolor-m","200","product","Перчатки резиновые сине-желтые Bicolor М","Перчатки резиновые сине-желтые Bicolor М","","","нет","Многоразовые перчатки","https://clover-spb.ru/product/%D0%9D%D0%A4-00000174","/product/%D0%9D%D0%A4-00000174","200","product","REVIEW","Кандидат по названию (1.00) требует ручного подтверждения идентичности","REVIEW"
"https://cloverspb.ru/magazin/product/perchatki-rezinovye-sine-zheltye-bicolor-l","/magazin/product/perchatki-rezinovye-sine-zheltye-bicolor-l","200","product","Перчатки резиновые сине-желтые Bicolor L","Перчатки резиновые сине-желтые Bicolor L","","","нет","Многоразовые перчатки","https://clover-spb.ru/product/%D0%9D%D0%A4-00000174","/product/%D0%9D%D0%A4-00000174","200","product","REVIEW","Кандидат по названию (1.00) требует ручного подтверждения идентичности","REVIEW"
"https://cloverspb.ru/magazin/product/perchatki-rezinovye-sine-zheltye-bicolor-xl","/magazin/product/perchatki-rezinovye-sine-zheltye-bicolor-xl","200","product","Перчатки резиновые сине-желтые Bicolor XL","Перчатки резиновые сине-желтые Bicolor XL","","","нет","Многоразовые перчатки","https://clover-spb.ru/product/%D0%9D%D0%A4-00000174","/product/%D0%9D%D0%A4-00000174","200","product","REVIEW","Кандидат по названию (0.83) требует ручного подтверждения идентичности","REVIEW"
"https://cloverspb.ru/magazin/product/pishchevaya-plenka-30-sm-250-metrov","/magazin/product/pishchevaya-plenka-30-sm-250-metrov","200","product","Пищевая пленка 30 см 250 метров","Пищевая пленка 30 см 250 метров","","","нет","Фольга, пленка","https://clover-spb.ru/product/%D0%9D%D0%A4-00000134","/product/%D0%9D%D0%A4-00000134","200","product","REVIEW","Кандидат по названию (0.80) требует ручного подтверждения идентичности","REVIEW"
"https://cloverspb.ru/magazin/product/pishchevaya-plenka-45-sm-250-metrov","/magazin/product/pishchevaya-plenka-45-sm-250-metrov","200","product","Пищевая пленка 45 см 250 метров","Пищевая пленка 45 см 250 метров","","","нет","Фольга, пленка","https://clover-spb.ru/product/%D0%9D%D0%A4-00000869","/product/%D0%9D%D0%A4-00000869","200","product","REVIEW","Кандидат по названию (0.80) требует ручного подтверждения идентичности","REVIEW"
"https://cloverspb.ru/magazin/product/salfetka-iz-mikrofibry-30-sm-h-30-sm","/magazin/product/salfetka-iz-mikrofibry-30-sm-h-30-sm","200","product","Салфетка из микрофибры 30 см х 30 см","Салфетка из микрофибры 30 см х 30 см","","","нет","Тряпки для стола","https://clover-spb.ru/product/%D0%9D%D0%A4-00000117","/product/%D0%9D%D0%A4-00000117","200","product","REVIEW","Кандидат по названию (0.80) требует ручного подтверждения идентичности","REVIEW"
"https://cloverspb.ru/magazin/product/derzhatel-dlya-4h-stakanov","/magazin/product/derzhatel-dlya-4h-stakanov","200","product","Держатель для 4х стаканов","Держатель для 4х стаканов","","","нет","","","",,"","NO_MATCH","Товар и релевантная текущая категория не доказаны","410"
"https://cloverspb.ru/magazin/product/stakan-pet-prozrachnyj-200ml-50sht-upak","/magazin/product/stakan-pet-prozrachnyj-200ml-50sht-upak","200","product","Стакан ПЭТ прозрачный 200мл (50шт/упак)","Стакан ПЭТ прозрачный 200мл (50шт/упак)","","","нет","","","",,"","NO_MATCH","Товар и релевантная текущая категория не доказаны","410"
"https://cloverspb.ru/magazin/product/stakan-pet-prozrachnyj-500ml-50sht-upak","/magazin/product/stakan-pet-prozrachnyj-500ml-50sht-upak","200","product","Стакан ПЭТ прозрачный 500мл (50шт/упак)","Стакан ПЭТ прозрачный 500мл (50шт/упак)","","","нет","","","",,"","NO_MATCH","Товар и релевантная текущая категория не доказаны","410"
"https://cloverspb.ru/magazin/product/lotok-279-223-35-5-sekcij-chernyj-110-110-0055_00200","/magazin/product/lotok-279-223-35-5-sekcij-chernyj-110-110-0055_00200","200","product","Лоток 279*223*35, 5 секций черный 110/110 0055_00200","Лоток 279*223*35, 5 секций черный 110/110 0055_00200","","","нет","","","",,"","NO_MATCH","Товар и релевантная текущая категория не доказаны","410"
"https://cloverspb.ru/magazin/product/lotok-kryshka-280-225-25mm-pet-110-110-0055_00201","/magazin/product/lotok-kryshka-280-225-25mm-pet-110-110-0055_00201","200","product","Лоток — крышка 280*225*25мм ПЭТ 110/110 0055_00201","Лоток — крышка 280*225*25мм ПЭТ 110/110 0055_00201","","","нет","","","",,"","NO_MATCH","Товар и релевантная текущая категория не доказаны","410"
"https://cloverspb.ru/magazin/product/lanch-boks-spk-257-3-257h202h37mm-chernyj","/magazin/product/lanch-boks-spk-257-3-257h202h37mm-chernyj","200","product","Ланч-бокс СпК-257-3 (257х202х37мм), черный","Ланч-бокс СпК-257-3 (257х202х37мм), черный","","","нет","","","",,"","NO_MATCH","Товар и релевантная текущая категория не доказаны","410"
"https://cloverspb.ru/magazin/product/kryshka-spk-257k-3-257h202h35mm","/magazin/product/kryshka-spk-257k-3-257h202h35mm","200","product","Крышка СпК-257К-3 (257х202х35мм)","Крышка СпК-257К-3 (257х202х35мм)","","","нет","","","",,"","NO_MATCH","Товар и релевантная текущая категория не доказаны","410"
"https://cloverspb.ru/magazin/product/kontejner-pr-ms-350ml-kruglyj-chernyj-pp","/magazin/product/kontejner-pr-ms-350ml-kruglyj-chernyj-pp","200","product","Контейнер ""ПР-МС"" 350мл круглый черный (ПП)","Контейнер ""ПР-МС"" 350мл круглый черный (ПП)","","","нет","","","",,"","NO_MATCH","Товар и релевантная текущая категория не доказаны","410"
"https://cloverspb.ru/magazin/product/kontejner-500ml-d112-kruglyj-prozrachnyj-pp-60sht-s-kryshkoj","/magazin/product/kontejner-500ml-d112-kruglyj-prozrachnyj-pp-60sht-s-kryshkoj","200","product","Контейнер 500мл (d112) круглый прозрачный ПП 60шт с крышкой","Контейнер 500мл (d112) круглый прозрачный ПП 60шт с крышкой","","","нет","","","",,"","NO_MATCH","Товар и релевантная текущая категория не доказаны","410"
"https://cloverspb.ru/magazin/product/kontejner-spk-190d-750ml-kruglyj-chernyj-pet","/magazin/product/kontejner-spk-190d-750ml-kruglyj-chernyj-pet","200","product","Контейнер СпК-190Д 750мл круглый черный ПЭТ","Контейнер СпК-190Д 750мл круглый черный ПЭТ","","","нет","","","",,"","NO_MATCH","Товар и релевантная текущая категория не доказаны","410"
"https://cloverspb.ru/magazin/product/kryshka-k-kont-spk-190k-750ml-kruglaya-prozrachnaya-pet","/magazin/product/kryshka-k-kont-spk-190k-750ml-kruglaya-prozrachnaya-pet","200","product","Крышка к конт. ""СпК-190К"" 750мл круглая прозрачная ПЭТ","Крышка к конт. ""СпК-190К"" 750мл круглая прозрачная ПЭТ","","","нет","","","",,"","NO_MATCH","Товар и релевантная текущая категория не доказаны","410"
"https://cloverspb.ru/magazin/product/konditerskij-meshok-sinij-53-sm-75-mkm-100sht","/magazin/product/konditerskij-meshok-sinij-53-sm-75-mkm-100sht","200","product","Кондитерский мешок синий 53 см 75 мкм (100шт)","Кондитерский мешок синий 53 см 75 мкм (100шт)","","","нет","Шпагат, кондитерские мешки","https://clover-spb.ru/product/%D0%9D%D0%A4-00003377","/product/%D0%9D%D0%A4-00003377","200","product","REVIEW","Кандидат по названию (0.71) требует ручного подтверждения идентичности","REVIEW"
"https://cloverspb.ru/magazin/product/bumaga-tualetnaya-1-sl-svetlo-seraya-200m","/magazin/product/bumaga-tualetnaya-1-sl-svetlo-seraya-200m","200","product","Бумага туалетная 1-сл светло-серая 200м","Бумага туалетная 1-сл светло-серая 200м","","","0101","Бумажная продукция","https://clover-spb.ru/product/%D0%9D%D0%A4-00001247","/product/%D0%9D%D0%A4-00001247","200","product","REVIEW","Кандидат по названию (0.71) требует ручного подтверждения идентичности","REVIEW"
"https://cloverspb.ru/magazin/product/kontejner-pryam-1000ml-179-132-chernyj-pp-polier","/magazin/product/kontejner-pryam-1000ml-179-132-chernyj-pp-polier","200","product","Контейнер прям.1000мл 179*132 ЧЕРНЫЙ .ПП ПОЛИЭР","Контейнер прям.1000мл 179*132 ЧЕРНЫЙ .ПП ПОЛИЭР","","","нет","","","",,"","NO_MATCH","Товар и релевантная текущая категория не доказаны","410"
"https://cloverspb.ru/magazin/product/palochki-dlya-shashlyka-25sm-100sht-upak","/magazin/product/palochki-dlya-shashlyka-25sm-100sht-upak","200","product","Палочки для шашлыка 25см (100шт/упак)","Палочки для шашлыка 25см (100шт/упак)","","","0159","Палочки, шампуры, зубочистки, трубочки","https://clover-spb.ru/product/%D0%9D%D0%A4-00000173","/product/%D0%9D%D0%A4-00000173","200","product","REVIEW","Кандидат по названию (0.83) требует ручного подтверждения идентичности","REVIEW"
"https://cloverspb.ru/magazin/product/paket-pvd-s-zamkom-15-10","/magazin/product/paket-pvd-s-zamkom-15-10","200","product","Пакет ПВД с замком 15*10","Пакет ПВД с замком 15*10","","","0733","","","",,"","NO_MATCH","Товар и релевантная текущая категория не доказаны","410"
"https://cloverspb.ru/magazin/product/forma-alyum-r28l-430ml-144h119hh40mm","/magazin/product/forma-alyum-r28l-430ml-144h119hh40mm","200","product","Форма алюм. R28L 430мл (144х119хh40мм)","Форма алюм. R28L 430мл (144х119хh40мм)","","","0485","","","",,"","NO_MATCH","Товар и релевантная текущая категория не доказаны","410"
"https://cloverspb.ru/magazin/product/rail-sredstvo-dlya-kuhni-i-plit-500-ml","/magazin/product/rail-sredstvo-dlya-kuhni-i-plit-500-ml","200","product","Rail - средство для кухни и плит 500 мл","Rail - средство для кухни и плит 500 мл","","","нет","Средства для сантехники","https://clover-spb.ru/product/%D0%9D%D0%A4-00000654","/product/%D0%9D%D0%A4-00000654","200","product","REVIEW","Кандидат по названию (0.86) требует ручного подтверждения идентичности","REVIEW"
"https://cloverspb.ru/magazin/product/stakan-shejker-400-ml","/magazin/product/stakan-shejker-400-ml","200","product","Стакан - шейкер 400 мл","Стакан - шейкер 400 мл","","","нет","","","",,"","NO_MATCH","Товар и релевантная текущая категория не доказаны","410"
"https://cloverspb.ru/magazin/product/tarelka-22-sm-bez-sekcij-plastikovaya-belaya","/magazin/product/tarelka-22-sm-bez-sekcij-plastikovaya-belaya","200","product","Тарелка 22 см без секций пластиковая белая","Тарелка 22 см без секций пластиковая белая","","","нет","Тарелки, миски","https://clover-spb.ru/product/%D0%9D%D0%A4-00000015","/product/%D0%9D%D0%A4-00000015","200","product","REVIEW","Кандидат по названию (0.71) требует ручного подтверждения идентичности","REVIEW"
"https://cloverspb.ru/magazin/product/vedro-800-ml-s-kryshkoj","/magazin/product/vedro-800-ml-s-kryshkoj","200","product","Ведро 800 мл с крышкой","Ведро 800 мл с крышкой","","","нет","","","",,"","NO_MATCH","Товар и релевантная текущая категория не доказаны","410"
"https://cloverspb.ru/magazin/product/vedro-1000-ml-s-kryshkoj","/magazin/product/vedro-1000-ml-s-kryshkoj","200","product","Ведро 1000 мл с крышкой","Ведро 1000 мл с крышкой","","","нет","","","",,"","NO_MATCH","Товар и релевантная текущая категория не доказаны","410"
"https://cloverspb.ru/magazin/product/vedro-1500-ml-s-kryshkoj","/magazin/product/vedro-1500-ml-s-kryshkoj","200","product","Ведро 1500 мл с крышкой","Ведро 1500 мл с крышкой","","","нет","","","",,"","NO_MATCH","Товар и релевантная текущая категория не доказаны","410"
"https://cloverspb.ru/magazin/product/vedro-2000-ml-s-kryshkoj","/magazin/product/vedro-2000-ml-s-kryshkoj","200","product","Ведро 2000 мл с крышкой","Ведро 2000 мл с крышкой","","","нет","","","",,"","NO_MATCH","Товар и релевантная текущая категория не доказаны","410"
"https://cloverspb.ru/magazin/product/vedro-2250-ml-s-kryshkoj","/magazin/product/vedro-2250-ml-s-kryshkoj","200","product","Ведро 2250 мл с крышкой","Ведро 2250 мл с крышкой","","","нет","","","",,"","NO_MATCH","Товар и релевантная текущая категория не доказаны","410"
"https://cloverspb.ru/magazin/product/vedro-3300-ml-s-kryshkoj","/magazin/product/vedro-3300-ml-s-kryshkoj","200","product","Ведро 3300 мл с крышкой","Ведро 3300 мл с крышкой","","","нет","","","",,"","NO_MATCH","Товар и релевантная текущая категория не доказаны","410"
"https://cloverspb.ru/magazin/product/vedro-5000-ml-s-kryshkoj","/magazin/product/vedro-5000-ml-s-kryshkoj","200","product","Ведро 5000 мл с крышкой","Ведро 5000 мл с крышкой","","","нет","","","",,"","NO_MATCH","Товар и релевантная текущая категория не доказаны","410"
"https://cloverspb.ru/magazin/product/butylka-prozrachnaya-kruglaya-s-probkoj-100-ml","/magazin/product/butylka-prozrachnaya-kruglaya-s-probkoj-100-ml","200","product","Бутылка прозрачная круглая с пробкой 100 мл","Бутылка прозрачная круглая с пробкой 100 мл","","","нет","Булытки ПЭТ","https://clover-spb.ru/product/%D0%9D%D0%A4-00000909","/product/%D0%9D%D0%A4-00000909","200","product","REVIEW","Кандидат по названию (0.80) требует ручного подтверждения идентичности","REVIEW"
"https://cloverspb.ru/magazin/product/sousnik-s11s2-2-sekc-117h85h30-prozrachnyj","/magazin/product/sousnik-s11s2-2-sekc-117h85h30-prozrachnyj","200","product","Соусник С11С2 2-секц 117х85х30 прозрачный","Соусник С11С2 2-секц 117х85х30 прозрачный","","","нет","","https://clover-spb.ru/product/%D0%9D%D0%A4-00001200","/product/%D0%9D%D0%A4-00001200","200","product","REVIEW","Кандидат по названию (0.71) требует ручного подтверждения идентичности","REVIEW"
"https://cloverspb.ru/magazin/product/sousnik-s-kryshkoj-30-ml-pokrov-chernyj","/magazin/product/sousnik-s-kryshkoj-30-ml-pokrov-chernyj","200","product","Соусник с крышкой 30 мл Покров черный","Соусник с крышкой 30 мл Покров черный","","","нет","Соусники","https://clover-spb.ru/product/%D0%9D%D0%A4-00001171","/product/%D0%9D%D0%A4-00001171","200","product","REVIEW","Кандидат по названию (0.80) требует ручного подтверждения идентичности","REVIEW"
"https://cloverspb.ru/magazin/product/sousnik-s-kryshkoj-50-ml-pokrov-chernyj","/magazin/product/sousnik-s-kryshkoj-50-ml-pokrov-chernyj","200","product","Соусник с крышкой 50 мл Покров черный","Соусник с крышкой 50 мл Покров черный","","","нет","Соусники","https://clover-spb.ru/product/%D0%9D%D0%A4-00001172","/product/%D0%9D%D0%A4-00001172","200","product","REVIEW","Кандидат по названию (0.80) требует ручного подтверждения идентичности","REVIEW"
"https://cloverspb.ru/magazin/product/kontejner-530-ml-kruglyj-chernyj-s-prozrachnoj-kryshkoj","/magazin/product/kontejner-530-ml-kruglyj-chernyj-s-prozrachnoj-kryshkoj","200","product","Контейнер 530 мл круглый черный с прозрачной крышкой","Контейнер 530 мл круглый черный с прозрачной крышкой","","","нет","","https://clover-spb.ru/product/%D0%9D%D0%A4-00001209","/product/%D0%9D%D0%A4-00001209","200","product","REVIEW","Кандидат по названию (1.00) требует ручного подтверждения идентичности","REVIEW"
"https://cloverspb.ru/magazin/product/kontejner-950-ml-kruglyj-chernyj-s-prozrachnoj-kryshkoj","/magazin/product/kontejner-950-ml-kruglyj-chernyj-s-prozrachnoj-kryshkoj","200","product","Контейнер 950 мл круглый черный с прозрачной крышкой","Контейнер 950 мл круглый черный с прозрачной крышкой","","","нет","","https://clover-spb.ru/product/%D0%9D%D0%A4-00000789","/product/%D0%9D%D0%A4-00000789","200","product","REVIEW","Кандидат по названию (1.00) требует ручного подтверждения идентичности","REVIEW"
"https://cloverspb.ru/o-nas","/o-nas","200","info","О нас - Clover, Санкт- Петербург","О нас","","","","","","",,"","NO_MATCH","На новом сайте нет доказанного эквивалентного публичного материала","410"
"https://cloverspb.ru/dostavka","/dostavka","200","info","Доставка компании Clover, Санкт- Петербург","Доставка","","","","","","",,"","NO_MATCH","На новом сайте нет доказанного эквивалентного публичного материала","410"
"https://cloverspb.ru/oplata","/oplata","200","info","Оплата","Оплата","","","","","","",,"","NO_MATCH","На новом сайте нет доказанного эквивалентного публичного материала","410"
"https://cloverspb.ru/aktsii","/aktsii","200","info","Акции","Акции","","","","","","",,"","NO_MATCH","На новом сайте нет доказанного эквивалентного публичного материала","410"
"https://cloverspb.ru/usloviya-vozvrata","/usloviya-vozvrata","200","info","Условия возврата","Условия возврата","","","","","","",,"","NO_MATCH","На новом сайте нет доказанного эквивалентного публичного материала","410"
"https://cloverspb.ru/optovikam","/optovikam","200","info","Оптовикам","Оптовикам","","","","","","",,"","NO_MATCH","На новом сайте нет доказанного эквивалентного публичного материала","410"
"https://cloverspb.ru/registraciya/forgot_password","/registraciya/forgot_password","200","info","Регистрация","Восстановление пароля","","","","","","",,"","NO_MATCH","На новом сайте нет доказанного эквивалентного публичного материала","410"
"https://cloverspb.ru/registraciya/register","/registraciya/register","200","info","Регистрация","Регистрация","","","","","","",,"","NO_MATCH","На новом сайте нет доказанного эквивалентного публичного материала","410"
"https://cloverspb.ru/registraciya/agreement","/registraciya/agreement","200","info","Согласие на обработку персональных данных","Согласие на обработку персональных данных","","","","","","",,"","NO_MATCH","На новом сайте нет доказанного эквивалентного публичного материала","410"
"https://cloverspb.ru/registraciya/policy","/registraciya/policy","200","info","Политика обработки персональных данных","Политика обработки персональных данных","","","","","","",,"","NO_MATCH","На новом сайте нет доказанного эквивалентного публичного материала","410"
"https://cloverspb.ru/magazin/folder/bumazhnaya-produkciya/p/1","/magazin/folder/bumazhnaya-produkciya/p/1","200","index_page","Бумажная продукция стр.2","Бумажная продукция","https://cloverspb.ru/magazin/folder/bumazhnaya-produkciya","","","","","",,"","NO_MATCH","Индексный/вариантный URL требует отдельной ручной оценки query-семантики","REVIEW"
"https://cloverspb.ru/magazin/folder/odnorazovaya-posuda/p/1","/magazin/folder/odnorazovaya-posuda/p/1","200","index_page","Одноразовая посуда стр.2","Одноразовая посуда","https://cloverspb.ru/magazin/folder/odnorazovaya-posuda","","","","","",,"","NO_MATCH","Индексный/вариантный URL требует отдельной ручной оценки query-семантики","REVIEW"
"https://cloverspb.ru/magazin/folder/odnorazovaya-posuda/p/2","/magazin/folder/odnorazovaya-posuda/p/2","200","index_page","Одноразовая посуда стр.3","Одноразовая посуда","https://cloverspb.ru/magazin/folder/odnorazovaya-posuda","","","","","",,"","NO_MATCH","Индексный/вариантный URL требует отдельной ручной оценки query-семантики","REVIEW"
"https://cloverspb.ru/magazin/folder/odnorazovaya-posuda/p/7","/magazin/folder/odnorazovaya-posuda/p/7","200","index_page","Одноразовая посуда стр.8","Одноразовая посуда","https://cloverspb.ru/magazin/folder/odnorazovaya-posuda","","","","","",,"","NO_MATCH","Индексный/вариантный URL требует отдельной ручной оценки query-семантики","REVIEW"
"https://cloverspb.ru/magazin/folder/kontejnery/p/1","/magazin/folder/kontejnery/p/1","200","index_page","Контейнеры стр.2","Контейнеры","https://cloverspb.ru/magazin/folder/kontejnery","","","","","",,"","NO_MATCH","Индексный/вариантный URL требует отдельной ручной оценки query-семантики","REVIEW"
"https://cloverspb.ru/magazin/folder/kontejnery/p/2","/magazin/folder/kontejnery/p/2","200","index_page","Контейнеры стр.3","Контейнеры","https://cloverspb.ru/magazin/folder/kontejnery","","","","","",,"","NO_MATCH","Индексный/вариантный URL требует отдельной ручной оценки query-семантики","REVIEW"
"https://cloverspb.ru/magazin/folder/stakany/p/1","/magazin/folder/stakany/p/1","200","index_page","Стаканы стр.2","Стаканы","https://cloverspb.ru/magazin/folder/stakany","","","","","",,"","NO_MATCH","Индексный/вариантный URL требует отдельной ручной оценки query-семантики","REVIEW"
"https://cloverspb.ru/magazin/folder/bytovaya-himiya/p/1","/magazin/folder/bytovaya-himiya/p/1","200","index_page","Бытовая Химия стр.2","Бытовая Химия","https://cloverspb.ru/magazin/folder/bytovaya-himiya","","","","","",,"","NO_MATCH","Индексный/вариантный URL требует отдельной ручной оценки query-семантики","REVIEW"
"https://cloverspb.ru/magazin/folder/bytovaya-himiya/p/2","/magazin/folder/bytovaya-himiya/p/2","200","index_page","Бытовая Химия стр.3","Бытовая Химия","https://cloverspb.ru/magazin/folder/bytovaya-himiya","","","","","",,"","NO_MATCH","Индексный/вариантный URL требует отдельной ручной оценки query-семантики","REVIEW"
"https://cloverspb.ru/magazin/folder/sredstva-zashchity/p/1","/magazin/folder/sredstva-zashchity/p/1","200","index_page","Средства защиты стр.2","Средства защиты","https://cloverspb.ru/magazin/folder/sredstva-zashchity","","","","","",,"","NO_MATCH","Индексный/вариантный URL требует отдельной ручной оценки query-семантики","REVIEW"
"https://cloverspb.ru/magazin/folder/upakovka/p/1","/magazin/folder/upakovka/p/1","200","index_page","Упаковка стр.2","Упаковка","https://cloverspb.ru/magazin/folder/upakovka","","","","","",,"","NO_MATCH","Индексный/вариантный URL требует отдельной ручной оценки query-семантики","REVIEW"
"https://cloverspb.ru/magazin/folder/hoztovary/p/1","/magazin/folder/hoztovary/p/1","200","index_page","Хозтовары стр.2","Хозтовары","https://cloverspb.ru/magazin/folder/hoztovary","","","","","",,"","NO_MATCH","Индексный/вариантный URL требует отдельной ручной оценки query-семантики","REVIEW"
"https://cloverspb.ru/magazin/product/salfetki-bumazhnye-pro-24-sm-h-24-sm-1-sl-500-listov/prev","/magazin/product/salfetki-bumazhnye-pro-24-sm-h-24-sm-1-sl-500-listov/prev","301","alias","","","","/magazin/product/salfetki-stolovye-dlya-dispensera-lime-247100","","","","",,"","REVIEW","MegaGroup navigation alias currently redirects to /magazin/product/salfetki-stolovye-dlya-dispensera-lime-247100; do not migrate automatically","REVIEW"
"https://cloverspb.ru/magazin/product/salfetki-bumazhnye-pro-24-sm-h-24-sm-1-sl-500-listov/next","/magazin/product/salfetki-bumazhnye-pro-24-sm-h-24-sm-1-sl-500-listov/next","301","alias","","","","/magazin/product/salfetki-bumazhnye-24-sm-h-24-sm-1-slojnye-krasnye-400sht","","","","",,"","REVIEW","MegaGroup navigation alias currently redirects to /magazin/product/salfetki-bumazhnye-24-sm-h-24-sm-1-slojnye-krasnye-400sht; do not migrate automatically","REVIEW"
"https://cloverspb.ru/magazin/product/salfetki-bumazhnye-24-sm-h-24-sm-2-sl-chernye-250-listov/prev","/magazin/product/salfetki-bumazhnye-24-sm-h-24-sm-2-sl-chernye-250-listov/prev","301","alias","","","","/magazin/product/salfetki-bumazhnye-big-pak-33h33-1-sl-belye-300sht","","","","",,"","REVIEW","MegaGroup navigation alias currently redirects to /magazin/product/salfetki-bumazhnye-big-pak-33h33-1-sl-belye-300sht; do not migrate automatically","REVIEW"
"https://cloverspb.ru/magazin/product/salfetki-bumazhnye-24-sm-h-24-sm-2-sl-chernye-250-listov/next","/magazin/product/salfetki-bumazhnye-24-sm-h-24-sm-2-sl-chernye-250-listov/next","301","alias","","","","/magazin/product/salfetki-bumazhnye-33-sm-h-33-sm-krasnye-200sht","","","","",,"","REVIEW","MegaGroup navigation alias currently redirects to /magazin/product/salfetki-bumazhnye-33-sm-h-33-sm-krasnye-200sht; do not migrate automatically","REVIEW"
"https://cloverspb.ru/magazin/product/bumazhnye-polotenca-focus-z-ukladka-2-slojnye-200-listov/prev","/magazin/product/bumazhnye-polotenca-focus-z-ukladka-2-slojnye-200-listov/prev","301","alias","","","","/magazin/product/polotenca-focus-z-ukladka-1-slojnye-200-listov","","","","",,"","REVIEW","MegaGroup navigation alias currently redirects to /magazin/product/polotenca-focus-z-ukladka-1-slojnye-200-listov; do not migrate automatically","REVIEW"
"https://cloverspb.ru/magazin/product/bumazhnye-polotenca-focus-z-ukladka-2-slojnye-200-listov/next","/magazin/product/bumazhnye-polotenca-focus-z-ukladka-2-slojnye-200-listov/next","301","alias","","","","/magazin/product/polotenca-n3-tork-120108","","","","",,"","REVIEW","MegaGroup navigation alias currently redirects to /magazin/product/polotenca-n3-tork-120108; do not migrate automatically","REVIEW"
"https://cloverspb.ru/magazin/product/bumazhnye-polotenca-v-rulone-familiya-2rul-upak/prev","/magazin/product/bumazhnye-polotenca-v-rulone-familiya-2rul-upak/prev","301","alias","","","","/magazin/product/bumazhnye-polotenca-pro-c-192-v-ukladka-1-slojnye-250-listov","","","","",,"","REVIEW","MegaGroup navigation alias currently redirects to /magazin/product/bumazhnye-polotenca-pro-c-192-v-ukladka-1-slojnye-250-listov; do not migrate automatically","REVIEW"
"https://cloverspb.ru/magazin/product/bumazhnye-polotenca-v-rulone-familiya-2rul-upak/next","/magazin/product/bumazhnye-polotenca-v-rulone-familiya-2rul-upak/next","301","alias","","","","/magazin/product/polotenca-focus-v-ukladka-1-slojnye-250-listov","","","","",,"","REVIEW","MegaGroup navigation alias currently redirects to /magazin/product/polotenca-focus-v-ukladka-1-slojnye-250-listov; do not migrate automatically","REVIEW"
"https://cloverspb.ru/magazin/product/bumazhnye-polotenca-pro-c-192-v-ukladka-1-slojnye-250-listov/prev","/magazin/product/bumazhnye-polotenca-pro-c-192-v-ukladka-1-slojnye-250-listov/prev","301","alias","","","","/magazin/product/polotenca-tork-h1-120067","","","","",,"","REVIEW","MegaGroup navigation alias currently redirects to /magazin/product/polotenca-tork-h1-120067; do not migrate automatically","REVIEW"
"https://cloverspb.ru/magazin/product/bumazhnye-polotenca-pro-c-192-v-ukladka-1-slojnye-250-listov/next","/magazin/product/bumazhnye-polotenca-pro-c-192-v-ukladka-1-slojnye-250-listov/next","301","alias","","","","/magazin/product/bumazhnye-polotenca-v-rulone-familiya-2rul-upak","","","","",,"","REVIEW","MegaGroup navigation alias currently redirects to /magazin/product/bumazhnye-polotenca-v-rulone-familiya-2rul-upak; do not migrate automatically","REVIEW"
"https://cloverspb.ru/magazin/product/polotenca-bumazhnye-v-rulone-veiro-1-sl-belye-cv-300-metrov-kr105/prev","/magazin/product/polotenca-bumazhnye-v-rulone-veiro-1-sl-belye-cv-300-metrov-kr105/prev","301","alias","","","","/magazin/product/polotenca-s-centralnoj-vytyazhkoj-lime-120-metrov-20-120","","","","",,"","REVIEW","MegaGroup navigation alias currently redirects to /magazin/product/polotenca-s-centralnoj-vytyazhkoj-lime-120-metrov-20-120; do not migrate automatically","REVIEW"
"https://cloverspb.ru/magazin/product/polotenca-bumazhnye-v-rulone-veiro-1-sl-belye-cv-300-metrov-kr105/next","/magazin/product/polotenca-bumazhnye-v-rulone-veiro-1-sl-belye-cv-300-metrov-kr105/next","301","alias","","","","/magazin/product/polotenca-v-rulone-lime-200-metrov-belye-1-sl-520200","","","","",,"","REVIEW","MegaGroup navigation alias currently redirects to /magazin/product/polotenca-v-rulone-lime-200-metrov-belye-1-sl-520200; do not migrate automatically","REVIEW"
"https://cloverspb.ru/magazin/product/tualetnaya-bumaga-papia-professional-3-sl-8rul-up/prev","/magazin/product/tualetnaya-bumaga-papia-professional-3-sl-8rul-up/prev","301","alias","","","","/magazin/product/tualetnaya-bumaga-focus-1-slojnaya-200-metrov","","","","",,"","REVIEW","MegaGroup navigation alias currently redirects to /magazin/product/tualetnaya-bumaga-focus-1-slojnaya-200-metrov; do not migrate automatically","REVIEW"
"https://cloverspb.ru/magazin/product/tualetnaya-bumaga-papia-professional-3-sl-8rul-up/next","/magazin/product/tualetnaya-bumaga-papia-professional-3-sl-8rul-up/next","301","alias","","","","/magazin/product/tualetnaya-bumaga-tork-t1-1-sl-525-metrov-120195","","","","",,"","REVIEW","MegaGroup navigation alias currently redirects to /magazin/product/tualetnaya-bumaga-tork-t1-1-sl-525-metrov-120195; do not migrate automatically","REVIEW"
"https://cloverspb.ru/magazin/product/tualetnaya-bumaga-tork-t1-1-sl-525-metrov-120195/prev","/magazin/product/tualetnaya-bumaga-tork-t1-1-sl-525-metrov-120195/prev","301","alias","","","","/magazin/product/tualetnaya-bumaga-papia-professional-3-sl-8rul-up","","","","",,"","REVIEW","MegaGroup navigation alias currently redirects to /magazin/product/tualetnaya-bumaga-papia-professional-3-sl-8rul-up; do not migrate automatically","REVIEW"
"https://cloverspb.ru/magazin/product/tualetnaya-bumaga-tork-t1-1-sl-525-metrov-120195/next","/magazin/product/tualetnaya-bumaga-tork-t1-1-sl-525-metrov-120195/next","301","alias","","","","/magazin/product/bumaga-tualetnaya-myagkij-znak-1-sl-belaya","","","","",,"","REVIEW","MegaGroup navigation alias currently redirects to /magazin/product/bumaga-tualetnaya-myagkij-znak-1-sl-belaya; do not migrate automatically","REVIEW"
"https://cloverspb.ru/magazin/product/shumanit-antizhir-bagi-3-l/prev","/magazin/product/shumanit-antizhir-bagi-3-l/prev","301","alias","","","","/magazin/product/unicum-gold-zhiroudalitel-3l","","","","",,"","REVIEW","MegaGroup navigation alias currently redirects to /magazin/product/unicum-gold-zhiroudalitel-3l; do not migrate automatically","REVIEW"
"https://cloverspb.ru/magazin/product/shumanit-antizhir-bagi-3-l/next","/magazin/product/shumanit-antizhir-bagi-3-l/next","301","alias","","","","/magazin/product/adriel-dlya-plit-850ml","","","","",,"","REVIEW","MegaGroup navigation alias currently redirects to /magazin/product/adriel-dlya-plit-850ml; do not migrate automatically","REVIEW"
"https://cloverspb.ru/magazin/product/shumanit-antizhir-bagi-400-ml/prev","/magazin/product/shumanit-antizhir-bagi-400-ml/prev","301","alias","","","","/magazin/product/unicum-gold-zhiroudalitel-s-triggerom-500ml","","","","",,"","REVIEW","MegaGroup navigation alias currently redirects to /magazin/product/unicum-gold-zhiroudalitel-s-triggerom-500ml; do not migrate automatically","REVIEW"
"https://cloverspb.ru/magazin/product/shumanit-antizhir-bagi-400-ml/next","/magazin/product/shumanit-antizhir-bagi-400-ml/next","301","alias","","","","/magazin/product/sredstvo-zhiroudalitel-hot-clean-pro-vv-5-l-4","","","","",,"","REVIEW","MegaGroup navigation alias currently redirects to /magazin/product/sredstvo-zhiroudalitel-hot-clean-pro-vv-5-l-4; do not migrate automatically","REVIEW"
"https://cloverspb.ru/magazin/product/fasovochnyj-paket-25-sm-h-45-sm-v-rulone/prev","/magazin/product/fasovochnyj-paket-25-sm-h-45-sm-v-rulone/prev","301","alias","","","","/magazin/product/paket-fasovochnyj-30-40sm-1000sht-upak","","","","",,"","REVIEW","MegaGroup navigation alias currently redirects to /magazin/product/paket-fasovochnyj-30-40sm-1000sht-upak; do not migrate automatically","REVIEW"
"https://cloverspb.ru/magazin/product/fasovochnyj-paket-25-sm-h-45-sm-v-rulone/next","/magazin/product/fasovochnyj-paket-25-sm-h-45-sm-v-rulone/next","301","alias","","","","/magazin/product/paket-fasovochnyj-25-sm-h-35-sm","","","","",,"","REVIEW","MegaGroup navigation alias currently redirects to /magazin/product/paket-fasovochnyj-25-sm-h-35-sm; do not migrate automatically","REVIEW"
"https://cloverspb.ru/magazin/product/paket-fasovochnyj-25-sm-h-35-sm/prev","/magazin/product/paket-fasovochnyj-25-sm-h-35-sm/prev","301","alias","","","","/magazin/product/fasovochnyj-paket-25-sm-h-45-sm-v-rulone","","","","",,"","REVIEW","MegaGroup navigation alias currently redirects to /magazin/product/fasovochnyj-paket-25-sm-h-45-sm-v-rulone; do not migrate automatically","REVIEW"
"https://cloverspb.ru/magazin/product/paket-fasovochnyj-25-sm-h-35-sm/next","/magazin/product/paket-fasovochnyj-25-sm-h-35-sm/next","301","alias","","","","/magazin/product/paket-fasovochnyj-30-sm-h-40-sm","","","","",,"","REVIEW","MegaGroup navigation alias currently redirects to /magazin/product/paket-fasovochnyj-30-sm-h-40-sm; do not migrate automatically","REVIEW"
"https://cloverspb.ru/magazin/product/zhidkoe-mylo-tork-s4/prev","/magazin/product/zhidkoe-mylo-tork-s4/prev","301","alias","","","","/magazin/product/mylo-krem-s-perlamutrom-5-l","","","","",,"","REVIEW","MegaGroup navigation alias currently redirects to /magazin/product/mylo-krem-s-perlamutrom-5-l; do not migrate automatically","REVIEW"
"https://cloverspb.ru/magazin/product/zhidkoe-mylo-tork-s4/next","/magazin/product/zhidkoe-mylo-tork-s4/next","301","alias","","","","/magazin/product/mylo-hozyajstvennoe-aist-150gr","","","","",,"","REVIEW","MegaGroup navigation alias currently redirects to /magazin/product/mylo-hozyajstvennoe-aist-150gr; do not migrate automatically","REVIEW"
"https://cloverspb.ru/magazin/product/polotenca-focus-v-ukladka-1-slojnye-250-listov/prev","/magazin/product/polotenca-focus-v-ukladka-1-slojnye-250-listov/prev","301","alias","","","","/magazin/product/bumazhnye-polotenca-v-rulone-familiya-2rul-upak","","","","",,"","REVIEW","MegaGroup navigation alias currently redirects to /magazin/product/bumazhnye-polotenca-v-rulone-familiya-2rul-upak; do not migrate automatically","REVIEW"
"https://cloverspb.ru/magazin/product/polotenca-focus-v-ukladka-1-slojnye-250-listov/next","/magazin/product/polotenca-focus-v-ukladka-1-slojnye-250-listov/next","301","alias","","","","/magazin/product/bumazhnoe-polotence-myagkij-znak","","","","",,"","REVIEW","MegaGroup navigation alias currently redirects to /magazin/product/bumazhnoe-polotence-myagkij-znak; do not migrate automatically","REVIEW"
"https://cloverspb.ru/magazin/product/polotenca-tork-h1-120067/prev","/magazin/product/polotenca-tork-h1-120067/prev","301","alias","","","","/magazin/product/polotenca-s-centralnoj-vytyazhkoj-lime-300-metrov-20-300","","","","",,"","REVIEW","MegaGroup navigation alias currently redirects to /magazin/product/polotenca-s-centralnoj-vytyazhkoj-lime-300-metrov-20-300; do not migrate automatically","REVIEW"
"https://cloverspb.ru/magazin/product/polotenca-tork-h1-120067/next","/magazin/product/polotenca-tork-h1-120067/next","301","alias","","","","/magazin/product/bumazhnye-polotenca-pro-c-192-v-ukladka-1-slojnye-250-listov","","","","",,"","REVIEW","MegaGroup navigation alias currently redirects to /magazin/product/bumazhnye-polotenca-pro-c-192-v-ukladka-1-slojnye-250-listov; do not migrate automatically","REVIEW"
"https://cloverspb.ru/magazin/product/polotenca-v-rulone-lime-200-metrov-belye-1-sl-520200/prev","/magazin/product/polotenca-v-rulone-lime-200-metrov-belye-1-sl-520200/prev","301","alias","","","","/magazin/product/polotenca-bumazhnye-v-rulone-veiro-1-sl-belye-cv-300-metrov-kr105","","","","",,"","REVIEW","MegaGroup navigation alias currently redirects to /magazin/product/polotenca-bumazhnye-v-rulone-veiro-1-sl-belye-cv-300-metrov-kr105; do not migrate automatically","REVIEW"
"https://cloverspb.ru/magazin/product/polotenca-v-rulone-lime-200-metrov-belye-1-sl-520200/next","/magazin/product/polotenca-v-rulone-lime-200-metrov-belye-1-sl-520200/next","301","alias","","","","/magazin/product/polotenca-s-centralnoj-vytyazhkoj-lime-300-metrov-20-300","","","","",,"","REVIEW","MegaGroup navigation alias currently redirects to /magazin/product/polotenca-s-centralnoj-vytyazhkoj-lime-300-metrov-20-300; do not migrate automatically","REVIEW"
"https://cloverspb.ru/magazin/product/polotenca-n3-tork-120108/prev","/magazin/product/polotenca-n3-tork-120108/prev","301","alias","","","","/magazin/product/bumazhnye-polotenca-focus-z-ukladka-2-slojnye-200-listov","","","","",,"","REVIEW","MegaGroup navigation alias currently redirects to /magazin/product/bumazhnye-polotenca-focus-z-ukladka-2-slojnye-200-listov; do not migrate automatically","REVIEW"
"https://cloverspb.ru/magazin/product/polotenca-n3-tork-120108/next","/magazin/product/polotenca-n3-tork-120108/next","301","alias","","","","/magazin/product/polotenca-s-centralnoj-vytyazhkoj-lime-120-metrov-20-120","","","","",,"","REVIEW","MegaGroup navigation alias currently redirects to /magazin/product/polotenca-s-centralnoj-vytyazhkoj-lime-120-metrov-20-120; do not migrate automatically","REVIEW"
"https://cloverspb.ru/magazin/product/polotenca-s-centralnoj-vytyazhkoj-lime-120-metrov-20-120/prev","/magazin/product/polotenca-s-centralnoj-vytyazhkoj-lime-120-metrov-20-120/prev","301","alias","","","","/magazin/product/polotenca-n3-tork-120108","","","","",,"","REVIEW","MegaGroup navigation alias currently redirects to /magazin/product/polotenca-n3-tork-120108; do not migrate automatically","REVIEW"
"https://cloverspb.ru/magazin/product/polotenca-s-centralnoj-vytyazhkoj-lime-120-metrov-20-120/next","/magazin/product/polotenca-s-centralnoj-vytyazhkoj-lime-120-metrov-20-120/next","301","alias","","","","/magazin/product/polotenca-bumazhnye-v-rulone-veiro-1-sl-belye-cv-300-metrov-kr105","","","","",,"","REVIEW","MegaGroup navigation alias currently redirects to /magazin/product/polotenca-bumazhnye-v-rulone-veiro-1-sl-belye-cv-300-metrov-kr105; do not migrate automatically","REVIEW"
"https://cloverspb.ru/magazin/product/polotenca-s-centralnoj-vytyazhkoj-lime-300-metrov-20-300/prev","/magazin/product/polotenca-s-centralnoj-vytyazhkoj-lime-300-metrov-20-300/prev","301","alias","","","","/magazin/product/polotenca-v-rulone-lime-200-metrov-belye-1-sl-520200","","","","",,"","REVIEW","MegaGroup navigation alias currently redirects to /magazin/product/polotenca-v-rulone-lime-200-metrov-belye-1-sl-520200; do not migrate automatically","REVIEW"
"https://cloverspb.ru/magazin/product/polotenca-s-centralnoj-vytyazhkoj-lime-300-metrov-20-300/next","/magazin/product/polotenca-s-centralnoj-vytyazhkoj-lime-300-metrov-20-300/next","301","alias","","","","/magazin/product/polotenca-tork-h1-120067","","","","",,"","REVIEW","MegaGroup navigation alias currently redirects to /magazin/product/polotenca-tork-h1-120067; do not migrate automatically","REVIEW"
"https://cloverspb.ru/magazin/product/polotenca-focus-z-ukladka-1-slojnye-200-listov/prev","/magazin/product/polotenca-focus-z-ukladka-1-slojnye-200-listov/prev","301","alias","","","","/magazin/product/bumazhnoe-polotence-myagkij-znak","","","","",,"","REVIEW","MegaGroup navigation alias currently redirects to /magazin/product/bumazhnoe-polotence-myagkij-znak; do not migrate automatically","REVIEW"
"https://cloverspb.ru/magazin/product/polotenca-focus-z-ukladka-1-slojnye-200-listov/next","/magazin/product/polotenca-focus-z-ukladka-1-slojnye-200-listov/next","301","alias","","","","/magazin/product/bumazhnye-polotenca-focus-z-ukladka-2-slojnye-200-listov","","","","",,"","REVIEW","MegaGroup navigation alias currently redirects to /magazin/product/bumazhnye-polotenca-focus-z-ukladka-2-slojnye-200-listov; do not migrate automatically","REVIEW"
"https://cloverspb.ru/magazin/product/tualetnaya-bumaga-focus-1-slojnaya-200-metrov/prev","/magazin/product/tualetnaya-bumaga-focus-1-slojnaya-200-metrov/prev","301","alias","","","","/magazin/product/bumaga-tualetnaya-myagkij-znak-bukvy-2-sl-belaya-4rul-up","","","","",,"","REVIEW","MegaGroup navigation alias currently redirects to /magazin/product/bumaga-tualetnaya-myagkij-znak-bukvy-2-sl-belaya-4rul-up; do not migrate automatically","REVIEW"
"https://cloverspb.ru/magazin/product/tualetnaya-bumaga-focus-1-slojnaya-200-metrov/next","/magazin/product/tualetnaya-bumaga-focus-1-slojnaya-200-metrov/next","301","alias","","","","/magazin/product/tualetnaya-bumaga-papia-professional-3-sl-8rul-up","","","","",,"","REVIEW","MegaGroup navigation alias currently redirects to /magazin/product/tualetnaya-bumaga-papia-professional-3-sl-8rul-up; do not migrate automatically","REVIEW"
"https://cloverspb.ru/magazin/product/akvalon-sredstvo-dlya-mytya-posudy-zelenoe-yabloko-5-l/prev","/magazin/product/akvalon-sredstvo-dlya-mytya-posudy-zelenoe-yabloko-5-l/prev","301","alias","","","","/magazin/product/sredstvo-dlya-mytya-posudy-help-5-l","","","","",,"","REVIEW","MegaGroup navigation alias currently redirects to /magazin/product/sredstvo-dlya-mytya-posudy-help-5-l; do not migrate automatically","REVIEW"
"https://cloverspb.ru/magazin/product/akvalon-sredstvo-dlya-mytya-posudy-zelenoe-yabloko-5-l/next","/magazin/product/akvalon-sredstvo-dlya-mytya-posudy-zelenoe-yabloko-5-l/next","301","alias","","","","/magazin/product/akvalon-5l","","","","",,"","REVIEW","MegaGroup navigation alias currently redirects to /magazin/product/akvalon-5l; do not migrate automatically","REVIEW"
"https://cloverspb.ru/magazin/product/grass-azelit-anti-zhir-600-ml/prev","/magazin/product/grass-azelit-anti-zhir-600-ml/prev","301","alias","","","","/magazin/product/adriel-dlya-plit-850ml","","","","",,"","REVIEW","MegaGroup navigation alias currently redirects to /magazin/product/adriel-dlya-plit-850ml; do not migrate automatically","REVIEW"
"https://cloverspb.ru/magazin/product/grass-azelit-anti-zhir-600-ml/next","/magazin/product/grass-azelit-anti-zhir-600-ml/next","301","alias","","","","/magazin/product/unicum-gold-zhiroudalitel-s-triggerom-500ml","","","","",,"","REVIEW","MegaGroup navigation alias currently redirects to /magazin/product/unicum-gold-zhiroudalitel-s-triggerom-500ml; do not migrate automatically","REVIEW"
"https://cloverspb.ru/magazin/product/maska-medicinskaya-odnorazovaya-trehslojnaya/prev","/magazin/product/maska-medicinskaya-odnorazovaya-trehslojnaya/prev","301","alias","","","","/magazin/product/maska-medicinskaya-odnorazovaya-trehslojnaya","","","","",,"","REVIEW","MegaGroup navigation alias currently redirects to /magazin/product/maska-medicinskaya-odnorazovaya-trehslojnaya; do not migrate automatically","REVIEW"
"https://cloverspb.ru/magazin/product/maska-medicinskaya-odnorazovaya-trehslojnaya/next","/magazin/product/maska-medicinskaya-odnorazovaya-trehslojnaya/next","301","alias","","","","/magazin/product/maska-medicinskaya-odnorazovaya-trehslojnaya","","","","",,"","REVIEW","MegaGroup navigation alias currently redirects to /magazin/product/maska-medicinskaya-odnorazovaya-trehslojnaya; do not migrate automatically","REVIEW"
"https://cloverspb.ru/magazin/product/nika-2/prev","/magazin/product/nika-2/prev","301","alias","","","","/magazin/product/belizna-gel-1l","","","","",,"","REVIEW","MegaGroup navigation alias currently redirects to /magazin/product/belizna-gel-1l; do not migrate automatically","REVIEW"
"https://cloverspb.ru/magazin/product/nika-2/next","/magazin/product/nika-2/next","301","alias","","","","/magazin/product/belizna","","","","",,"","REVIEW","MegaGroup navigation alias currently redirects to /magazin/product/belizna; do not migrate automatically","REVIEW"
"https://cloverspb.ru/magazin/product/sredstvo-dlya-mytya-posudy-help-5-l/prev","/magazin/product/sredstvo-dlya-mytya-posudy-help-5-l/prev","301","alias","","","","/magazin/product/raduga-dlya-posudy-5l","","","","",,"","REVIEW","MegaGroup navigation alias currently redirects to /magazin/product/raduga-dlya-posudy-5l; do not migrate automatically","REVIEW"
"https://cloverspb.ru/magazin/product/sredstvo-dlya-mytya-posudy-help-5-l/next","/magazin/product/sredstvo-dlya-mytya-posudy-help-5-l/next","301","alias","","","","/magazin/product/akvalon-5l","","","","",,"","REVIEW","MegaGroup navigation alias currently redirects to /magazin/product/akvalon-5l; do not migrate automatically","REVIEW"
"https://cloverspb.ru/magazin/product/kontejner-dlya-pirozhnyh-pr-t-85-zolotoe-dno-prozrachnaya-kupolnaya-kryshka/prev","/magazin/product/kontejner-dlya-pirozhnyh-pr-t-85-zolotoe-dno-prozrachnaya-kupolnaya-kryshka/prev","301","alias","","","","/magazin/product/kontejner-rakushka-dlya-pirozhnyh-4-sekcii-kr-15-4","","","","",,"","REVIEW","MegaGroup navigation alias currently redirects to /magazin/product/kontejner-rakushka-dlya-pirozhnyh-4-sekcii-kr-15-4; do not migrate automatically","REVIEW"
"https://cloverspb.ru/magazin/product/kontejner-dlya-pirozhnyh-pr-t-85-zolotoe-dno-prozrachnaya-kupolnaya-kryshka/next","/magazin/product/kontejner-dlya-pirozhnyh-pr-t-85-zolotoe-dno-prozrachnaya-kupolnaya-kryshka/next","301","alias","","","","/magazin/product/kontejner-dlya-pirozhnyh-pr-t-85-chernoe-dno-prozrachnaya-kupolnaya-kryshka","","","","",,"","REVIEW","MegaGroup navigation alias currently redirects to /magazin/product/kontejner-dlya-pirozhnyh-pr-t-85-chernoe-dno-prozrachnaya-kupolnaya-kryshka; do not migrate automatically","REVIEW"
"https://cloverspb.ru/magazin/product/kontejner-dlya-pirozhnyh-pr-t-85-chernoe-dno-prozrachnaya-kupolnaya-kryshka/prev","/magazin/product/kontejner-dlya-pirozhnyh-pr-t-85-chernoe-dno-prozrachnaya-kupolnaya-kryshka/prev","301","alias","","","","/magazin/product/kontejner-dlya-pirozhnyh-pr-t-85-zolotoe-dno-prozrachnaya-kupolnaya-kryshka","","","","",,"","REVIEW","MegaGroup navigation alias currently redirects to /magazin/product/kontejner-dlya-pirozhnyh-pr-t-85-zolotoe-dno-prozrachnaya-kupolnaya-kryshka; do not migrate automatically","REVIEW"
"https://cloverspb.ru/magazin/product/kontejner-dlya-pirozhnyh-pr-t-85-chernoe-dno-prozrachnaya-kupolnaya-kryshka/next","/magazin/product/kontejner-dlya-pirozhnyh-pr-t-85-chernoe-dno-prozrachnaya-kupolnaya-kryshka/next","301","alias","","","","/magazin/product/korobka-eco-cake-1900-230-mm-h-140-mm-h-60-mm-dlya-pirozhnyh-kraft","","","","",,"","REVIEW","MegaGroup navigation alias currently redirects to /magazin/product/korobka-eco-cake-1900-230-mm-h-140-mm-h-60-mm-dlya-pirozhnyh-kraft; do not migrate automatically","REVIEW"
"https://cloverspb.ru/magazin/product/kontejner-rakushka-dlya-pirozhnyh-4-sekcii-kr-15-4/prev","/magazin/product/kontejner-rakushka-dlya-pirozhnyh-4-sekcii-kr-15-4/prev","301","alias","","","","/magazin/product/korob-kartonnyj-pod-12-kapkejkov-bez-okna-330-mm-h-250-mm-h-100-mm","","","","",,"","REVIEW","MegaGroup navigation alias currently redirects to /magazin/product/korob-kartonnyj-pod-12-kapkejkov-bez-okna-330-mm-h-250-mm-h-100-mm; do not migrate automatically","REVIEW"
"https://cloverspb.ru/magazin/product/kontejner-rakushka-dlya-pirozhnyh-4-sekcii-kr-15-4/next","/magazin/product/kontejner-rakushka-dlya-pirozhnyh-4-sekcii-kr-15-4/next","301","alias","","","","/magazin/product/kontejner-dlya-pirozhnyh-pr-t-85-zolotoe-dno-prozrachnaya-kupolnaya-kryshka","","","","",,"","REVIEW","MegaGroup navigation alias currently redirects to /magazin/product/kontejner-dlya-pirozhnyh-pr-t-85-zolotoe-dno-prozrachnaya-kupolnaya-kryshka; do not migrate automatically","REVIEW"
"https://cloverspb.ru/magazin/product/korobka-eco-cake-1900-230-mm-h-140-mm-h-60-mm-dlya-pirozhnyh-kraft/prev","/magazin/product/korobka-eco-cake-1900-230-mm-h-140-mm-h-60-mm-dlya-pirozhnyh-kraft/prev","301","alias","","","","/magazin/product/kontejner-dlya-pirozhnyh-pr-t-85-chernoe-dno-prozrachnaya-kupolnaya-kryshka","","","","",,"","REVIEW","MegaGroup navigation alias currently redirects to /magazin/product/kontejner-dlya-pirozhnyh-pr-t-85-chernoe-dno-prozrachnaya-kupolnaya-kryshka; do not migrate automatically","REVIEW"
"https://cloverspb.ru/magazin/product/korobka-eco-cake-1900-230-mm-h-140-mm-h-60-mm-dlya-pirozhnyh-kraft/next","/magazin/product/korobka-eco-cake-1900-230-mm-h-140-mm-h-60-mm-dlya-pirozhnyh-kraft/next","301","alias","","","","/magazin/product/korob-kartonnyj-pod-12-kapkejkov-bez-okna-330-mm-h-250-mm-h-100-mm","","","","",,"","REVIEW","MegaGroup navigation alias currently redirects to /magazin/product/korob-kartonnyj-pod-12-kapkejkov-bez-okna-330-mm-h-250-mm-h-100-mm; do not migrate automatically","REVIEW"
"https://cloverspb.ru/magazin/product/korob-kartonnyj-pod-12-kapkejkov-bez-okna-330-mm-h-250-mm-h-100-mm/prev","/magazin/product/korob-kartonnyj-pod-12-kapkejkov-bez-okna-330-mm-h-250-mm-h-100-mm/prev","301","alias","","","","/magazin/product/korobka-eco-cake-1900-230-mm-h-140-mm-h-60-mm-dlya-pirozhnyh-kraft","","","","",,"","REVIEW","MegaGroup navigation alias currently redirects to /magazin/product/korobka-eco-cake-1900-230-mm-h-140-mm-h-60-mm-dlya-pirozhnyh-kraft; do not migrate automatically","REVIEW"
"https://cloverspb.ru/magazin/product/korob-kartonnyj-pod-12-kapkejkov-bez-okna-330-mm-h-250-mm-h-100-mm/next","/magazin/product/korob-kartonnyj-pod-12-kapkejkov-bez-okna-330-mm-h-250-mm-h-100-mm/next","301","alias","","","","/magazin/product/kontejner-rakushka-dlya-pirozhnyh-4-sekcii-kr-15-4","","","","",,"","REVIEW","MegaGroup navigation alias currently redirects to /magazin/product/kontejner-rakushka-dlya-pirozhnyh-4-sekcii-kr-15-4; do not migrate automatically","REVIEW"
"https://cloverspb.ru/magazin/product/kontejner-rakushka-rk-31-220-mm-h-155-mm-h-89-mm-prozrachnyj/prev","/magazin/product/kontejner-rakushka-rk-31-220-mm-h-155-mm-h-89-mm-prozrachnyj/prev","301","alias","","","","/magazin/product/kontejner-rakushka-rk-10-121-mm-h-119-mm-h-60-mm-prozrachnyj","","","","",,"","REVIEW","MegaGroup navigation alias currently redirects to /magazin/product/kontejner-rakushka-rk-10-121-mm-h-119-mm-h-60-mm-prozrachnyj; do not migrate automatically","REVIEW"
"https://cloverspb.ru/magazin/product/kontejner-rakushka-rk-31-220-mm-h-155-mm-h-89-mm-prozrachnyj/next","/magazin/product/kontejner-rakushka-rk-31-220-mm-h-155-mm-h-89-mm-prozrachnyj/next","301","alias","","","","/magazin/product/kontejner-rakushka-rk-10-121-mm-h-119-mm-h-60-mm-prozrachnyj","","","","",,"","REVIEW","MegaGroup navigation alias currently redirects to /magazin/product/kontejner-rakushka-rk-10-121-mm-h-119-mm-h-60-mm-prozrachnyj; do not migrate automatically","REVIEW"
"https://cloverspb.ru/magazin/product/kontejner-rakushka-rk-10-121-mm-h-119-mm-h-60-mm-prozrachnyj/prev","/magazin/product/kontejner-rakushka-rk-10-121-mm-h-119-mm-h-60-mm-prozrachnyj/prev","301","alias","","","","/magazin/product/kontejner-rakushka-rk-31-220-mm-h-155-mm-h-89-mm-prozrachnyj","","","","",,"","REVIEW","MegaGroup navigation alias currently redirects to /magazin/product/kontejner-rakushka-rk-31-220-mm-h-155-mm-h-89-mm-prozrachnyj; do not migrate automatically","REVIEW"
"https://cloverspb.ru/magazin/product/kontejner-rakushka-rk-10-121-mm-h-119-mm-h-60-mm-prozrachnyj/next","/magazin/product/kontejner-rakushka-rk-10-121-mm-h-119-mm-h-60-mm-prozrachnyj/next","301","alias","","","","/magazin/product/kontejner-rakushka-rk-31-220-mm-h-155-mm-h-89-mm-prozrachnyj","","","","",,"","REVIEW","MegaGroup navigation alias currently redirects to /magazin/product/kontejner-rakushka-rk-31-220-mm-h-155-mm-h-89-mm-prozrachnyj; do not migrate automatically","REVIEW"
"https://cloverspb.ru/magazin/product/perchatki-rezinovye-sverhprochnye-krasno-belye-s/prev","/magazin/product/perchatki-rezinovye-sverhprochnye-krasno-belye-s/prev","301","alias","","","","/magazin/product/perchatki-rezinovye-sine-zheltye-bicolor-xl","","","","",,"","REVIEW","MegaGroup navigation alias currently redirects to /magazin/product/perchatki-rezinovye-sine-zheltye-bicolor-xl; do not migrate automatically","REVIEW"
"https://cloverspb.ru/magazin/product/perchatki-rezinovye-sverhprochnye-krasno-belye-s/next","/magazin/product/perchatki-rezinovye-sverhprochnye-krasno-belye-s/next","301","alias","","","","/magazin/product/perchatki-rezinovye-usilennye-m-vileda","","","","",,"","REVIEW","MegaGroup navigation alias currently redirects to /magazin/product/perchatki-rezinovye-usilennye-m-vileda; do not migrate automatically","REVIEW"
"https://cloverspb.ru/magazin/product/perchatki-rezinovye-sine-zheltye-s/prev","/magazin/product/perchatki-rezinovye-sine-zheltye-s/prev","301","alias","","","","/magazin/product/stroitelnye-perchatki-s-pvh","","","","",,"","REVIEW","MegaGroup navigation alias currently redirects to /magazin/product/stroitelnye-perchatki-s-pvh; do not migrate automatically","REVIEW"
"https://cloverspb.ru/magazin/product/perchatki-rezinovye-sine-zheltye-s/next","/magazin/product/perchatki-rezinovye-sine-zheltye-s/next","301","alias","","","","/magazin/product/perchatki-rezinovye-sine-zheltye-bicolor-m","","","","",,"","REVIEW","MegaGroup navigation alias currently redirects to /magazin/product/perchatki-rezinovye-sine-zheltye-bicolor-m; do not migrate automatically","REVIEW"
"https://cloverspb.ru/magazin/product/perchatki-rezinovye-sine-zheltye-bicolor-m/prev","/magazin/product/perchatki-rezinovye-sine-zheltye-bicolor-m/prev","301","alias","","","","/magazin/product/perchatki-rezinovye-sine-zheltye-s","","","","",,"","REVIEW","MegaGroup navigation alias currently redirects to /magazin/product/perchatki-rezinovye-sine-zheltye-s; do not migrate automatically","REVIEW"
"https://cloverspb.ru/magazin/product/perchatki-rezinovye-sine-zheltye-bicolor-m/next","/magazin/product/perchatki-rezinovye-sine-zheltye-bicolor-m/next","301","alias","","","","/magazin/product/perchatki-rezinovye-sine-zheltye-bicolor-l","","","","",,"","REVIEW","MegaGroup navigation alias currently redirects to /magazin/product/perchatki-rezinovye-sine-zheltye-bicolor-l; do not migrate automatically","REVIEW"
"https://cloverspb.ru/magazin/product/perchatki-rezinovye-sine-zheltye-bicolor-l/prev","/magazin/product/perchatki-rezinovye-sine-zheltye-bicolor-l/prev","301","alias","","","","/magazin/product/perchatki-rezinovye-sine-zheltye-bicolor-m","","","","",,"","REVIEW","MegaGroup navigation alias currently redirects to /magazin/product/perchatki-rezinovye-sine-zheltye-bicolor-m; do not migrate automatically","REVIEW"
"https://cloverspb.ru/magazin/product/perchatki-rezinovye-sine-zheltye-bicolor-l/next","/magazin/product/perchatki-rezinovye-sine-zheltye-bicolor-l/next","301","alias","","","","/magazin/product/perchatki-rezinovye-sine-zheltye-bicolor-xl","","","","",,"","REVIEW","MegaGroup navigation alias currently redirects to /magazin/product/perchatki-rezinovye-sine-zheltye-bicolor-xl; do not migrate automatically","REVIEW"
"https://cloverspb.ru/magazin/product/perchatki-rezinovye-sine-zheltye-bicolor-xl/prev","/magazin/product/perchatki-rezinovye-sine-zheltye-bicolor-xl/prev","301","alias","","","","/magazin/product/perchatki-rezinovye-sine-zheltye-bicolor-l","","","","",,"","REVIEW","MegaGroup navigation alias currently redirects to /magazin/product/perchatki-rezinovye-sine-zheltye-bicolor-l; do not migrate automatically","REVIEW"
"https://cloverspb.ru/magazin/product/perchatki-rezinovye-sine-zheltye-bicolor-xl/next","/magazin/product/perchatki-rezinovye-sine-zheltye-bicolor-xl/next","301","alias","","","","/magazin/product/perchatki-rezinovye-sverhprochnye-krasno-belye-s","","","","",,"","REVIEW","MegaGroup navigation alias currently redirects to /magazin/product/perchatki-rezinovye-sverhprochnye-krasno-belye-s; do not migrate automatically","REVIEW"
"https://cloverspb.ru/magazin/product/stroitelnye-perchatki-s-pvh-chernye/prev","/magazin/product/stroitelnye-perchatki-s-pvh-chernye/prev","301","alias","","","","/magazin/product/perchatki-rezinovye-usilennye-l-vileda","","","","",,"","REVIEW","MegaGroup navigation alias currently redirects to /magazin/product/perchatki-rezinovye-usilennye-l-vileda; do not migrate automatically","REVIEW"
"https://cloverspb.ru/magazin/product/stroitelnye-perchatki-s-pvh-chernye/next","/magazin/product/stroitelnye-perchatki-s-pvh-chernye/next","301","alias","","","","/magazin/product/stroitelnye-perchatki-s-pvh","","","","",,"","REVIEW","MegaGroup navigation alias currently redirects to /magazin/product/stroitelnye-perchatki-s-pvh; do not migrate automatically","REVIEW"
"https://cloverspb.ru/magazin/product/vafelnoe-polotno-metrovoe/prev","/magazin/product/vafelnoe-polotno-metrovoe/prev","301","alias","","","","/magazin/product/vafelnoe-polotno-45-sm-otbelennoe-plotn-125-50-m","","","","",,"","REVIEW","MegaGroup navigation alias currently redirects to /magazin/product/vafelnoe-polotno-45-sm-otbelennoe-plotn-125-50-m; do not migrate automatically","REVIEW"
"https://cloverspb.ru/magazin/product/vafelnoe-polotno-metrovoe/next","/magazin/product/vafelnoe-polotno-metrovoe/next","301","alias","","","","/magazin/product/vafelnoe-polotno-40-sm-otbelennoe-plotn-110-50-m","","","","",,"","REVIEW","MegaGroup navigation alias currently redirects to /magazin/product/vafelnoe-polotno-40-sm-otbelennoe-plotn-110-50-m; do not migrate automatically","REVIEW"
"https://cloverspb.ru/magazin/product/paket-dlya-musora-v-rulone-10-sht-120-litrov/prev","/magazin/product/paket-dlya-musora-v-rulone-10-sht-120-litrov/prev","301","alias","","","","/magazin/product/paket-dlya-musora-v-rulone-20-sht-60-litrov-osoboprochnye","","","","",,"","REVIEW","MegaGroup navigation alias currently redirects to /magazin/product/paket-dlya-musora-v-rulone-20-sht-60-litrov-osoboprochnye; do not migrate automatically","REVIEW"
"https://cloverspb.ru/magazin/product/paket-dlya-musora-v-rulone-10-sht-120-litrov/next","/magazin/product/paket-dlya-musora-v-rulone-10-sht-120-litrov/next","301","alias","","","","/magazin/product/paket-dlya-musora-70h110-pvd-60-mkm-v-400-120-l","","","","",,"","REVIEW","MegaGroup navigation alias currently redirects to /magazin/product/paket-dlya-musora-70h110-pvd-60-mkm-v-400-120-l; do not migrate automatically","REVIEW"
"https://cloverspb.ru/magazin/product/korobka-dlya-piccy-piroga-hachapuri-280h180h50mm-buraya/prev","/magazin/product/korobka-dlya-piccy-piroga-hachapuri-280h180h50mm-buraya/prev","301","alias","","","","/magazin/product/korobki-dlya-piccy-33-33sm-45mm-belyj-gofrokarton-50","","","","",,"","REVIEW","MegaGroup navigation alias currently redirects to /magazin/product/korobki-dlya-piccy-33-33sm-45mm-belyj-gofrokarton-50; do not migrate automatically","REVIEW"
"https://cloverspb.ru/magazin/product/korobka-dlya-piccy-piroga-hachapuri-280h180h50mm-buraya/next","/magazin/product/korobka-dlya-piccy-piroga-hachapuri-280h180h50mm-buraya/next","301","alias","","","","/magazin/product/korobka-dlya-piccy-40-5sm-h-40-5sm-belyj-gofrokarton","","","","",,"","REVIEW","MegaGroup navigation alias currently redirects to /magazin/product/korobka-dlya-piccy-40-5sm-h-40-5sm-belyj-gofrokarton; do not migrate automatically","REVIEW"
"https://cloverspb.ru/magazin/product/salfetki-bumazhnye-24-sm-h-24-sm-1-slojnye-krasnye-400sht/prev","/magazin/product/salfetki-bumazhnye-24-sm-h-24-sm-1-slojnye-krasnye-400sht/prev","301","alias","","","","/magazin/product/salfetki-bumazhnye-pro-24-sm-h-24-sm-1-sl-500-listov","","","","",,"","REVIEW","MegaGroup navigation alias currently redirects to /magazin/product/salfetki-bumazhnye-pro-24-sm-h-24-sm-1-sl-500-listov; do not migrate automatically","REVIEW"
"https://cloverspb.ru/magazin/product/salfetki-bumazhnye-24-sm-h-24-sm-1-slojnye-krasnye-400sht/next","/magazin/product/salfetki-bumazhnye-24-sm-h-24-sm-1-slojnye-krasnye-400sht/next","301","alias","","","","/magazin/product/salfetki-bumazhnye-big-pak-33h33-1-sl-belye-300sht","","","","",,"","REVIEW","MegaGroup navigation alias currently redirects to /magazin/product/salfetki-bumazhnye-big-pak-33h33-1-sl-belye-300sht; do not migrate automatically","REVIEW"
"https://cloverspb.ru/magazin/product/salfetki-bumazhnye-33-sm-h-33-sm-krasnye-200sht/prev","/magazin/product/salfetki-bumazhnye-33-sm-h-33-sm-krasnye-200sht/prev","301","alias","","","","/magazin/product/salfetki-bumazhnye-24-sm-h-24-sm-2-sl-chernye-250-listov","","","","",,"","REVIEW","MegaGroup navigation alias currently redirects to /magazin/product/salfetki-bumazhnye-24-sm-h-24-sm-2-sl-chernye-250-listov; do not migrate automatically","REVIEW"
"https://cloverspb.ru/magazin/product/salfetki-bumazhnye-33-sm-h-33-sm-krasnye-200sht/next","/magazin/product/salfetki-bumazhnye-33-sm-h-33-sm-krasnye-200sht/next","301","alias","","","","/magazin/product/salfetki-bumazhnye-23-5-sm-h-23-5-sm-1-slojnye","","","","",,"","REVIEW","MegaGroup navigation alias currently redirects to /magazin/product/salfetki-bumazhnye-23-5-sm-h-23-5-sm-1-slojnye; do not migrate automatically","REVIEW"
"https://cloverspb.ru/magazin/product/folga-30-sm-100-metrov/prev","/magazin/product/folga-30-sm-100-metrov/prev","301","alias","","","","/magazin/product/pishchevaya-plenka-45-sm-250-metrov","","","","",,"","REVIEW","MegaGroup navigation alias currently redirects to /magazin/product/pishchevaya-plenka-45-sm-250-metrov; do not migrate automatically","REVIEW"
"https://cloverspb.ru/magazin/product/folga-30-sm-100-metrov/next","/magazin/product/folga-30-sm-100-metrov/next","301","alias","","","","/magazin/product/plenka-strejch-500-h-17-mkm-ves-netto-2-0-kg","","","","",,"","REVIEW","MegaGroup navigation alias currently redirects to /magazin/product/plenka-strejch-500-h-17-mkm-ves-netto-2-0-kg; do not migrate automatically","REVIEW"
"https://cloverspb.ru/magazin/product/folga-45-sm-100-metrov/prev","/magazin/product/folga-45-sm-100-metrov/prev","301","alias","","","","/magazin/product/plenka-strejch-500-h-17-mkm-ves-netto-2-0-kg","","","","",,"","REVIEW","MegaGroup navigation alias currently redirects to /magazin/product/plenka-strejch-500-h-17-mkm-ves-netto-2-0-kg; do not migrate automatically","REVIEW"
"https://cloverspb.ru/magazin/product/folga-45-sm-100-metrov/next","/magazin/product/folga-45-sm-100-metrov/next","301","alias","","","","/magazin/product/pishchevaya-plenka-30-sm-250-metrov","","","","",,"","REVIEW","MegaGroup navigation alias currently redirects to /magazin/product/pishchevaya-plenka-30-sm-250-metrov; do not migrate automatically","REVIEW"
"https://cloverspb.ru/magazin/product/pishchevaya-plenka-30-sm-250-metrov/prev","/magazin/product/pishchevaya-plenka-30-sm-250-metrov/prev","301","alias","","","","/magazin/product/folga-45-sm-100-metrov","","","","",,"","REVIEW","MegaGroup navigation alias currently redirects to /magazin/product/folga-45-sm-100-metrov; do not migrate automatically","REVIEW"
"https://cloverspb.ru/magazin/product/pishchevaya-plenka-30-sm-250-metrov/next","/magazin/product/pishchevaya-plenka-30-sm-250-metrov/next","301","alias","","","","/magazin/product/pishchevaya-plenka-45-sm-250-metrov","","","","",,"","REVIEW","MegaGroup navigation alias currently redirects to /magazin/product/pishchevaya-plenka-45-sm-250-metrov; do not migrate automatically","REVIEW"
"https://cloverspb.ru/magazin/product/pishchevaya-plenka-45-sm-250-metrov/prev","/magazin/product/pishchevaya-plenka-45-sm-250-metrov/prev","301","alias","","","","/magazin/product/pishchevaya-plenka-30-sm-250-metrov","","","","",,"","REVIEW","MegaGroup navigation alias currently redirects to /magazin/product/pishchevaya-plenka-30-sm-250-metrov; do not migrate automatically","REVIEW"
"https://cloverspb.ru/magazin/product/pishchevaya-plenka-45-sm-250-metrov/next","/magazin/product/pishchevaya-plenka-45-sm-250-metrov/next","301","alias","","","","/magazin/product/folga-30-sm-100-metrov","","","","",,"","REVIEW","MegaGroup navigation alias currently redirects to /magazin/product/folga-30-sm-100-metrov; do not migrate automatically","REVIEW"
"https://cloverspb.ru/magazin/product/salfetka-viskoznaya-30-sm-h-30-sm-3sht/prev","/magazin/product/salfetka-viskoznaya-30-sm-h-30-sm-3sht/prev","301","alias","","","","/magazin/product/salfetka-iz-mikrofibry-30-sm-h-30-sm","","","","",,"","REVIEW","MegaGroup navigation alias currently redirects to /magazin/product/salfetka-iz-mikrofibry-30-sm-h-30-sm; do not migrate automatically","REVIEW"
"https://cloverspb.ru/magazin/product/salfetka-viskoznaya-30-sm-h-30-sm-3sht/next","/magazin/product/salfetka-viskoznaya-30-sm-h-30-sm-3sht/next","301","alias","","","","/magazin/product/salfetka-cellyuloznaya-14h16-sm-3-sht-50sht-kor","","","","",,"","REVIEW","MegaGroup navigation alias currently redirects to /magazin/product/salfetka-cellyuloznaya-14h16-sm-3-sht-50sht-kor; do not migrate automatically","REVIEW"
"https://cloverspb.ru/magazin/product/salfetka-iz-mikrofibry-30-sm-h-30-sm/prev","/magazin/product/salfetka-iz-mikrofibry-30-sm-h-30-sm/prev","301","alias","","","","/magazin/product/salfetka-cellyuloznaya-14h16-sm-3-sht-50sht-kor","","","","",,"","REVIEW","MegaGroup navigation alias currently redirects to /magazin/product/salfetka-cellyuloznaya-14h16-sm-3-sht-50sht-kor; do not migrate automatically","REVIEW"
"https://cloverspb.ru/magazin/product/salfetka-iz-mikrofibry-30-sm-h-30-sm/next","/magazin/product/salfetka-iz-mikrofibry-30-sm-h-30-sm/next","301","alias","","","","/magazin/product/salfetka-viskoznaya-30-sm-h-30-sm-3sht","","","","",,"","REVIEW","MegaGroup navigation alias currently redirects to /magazin/product/salfetka-viskoznaya-30-sm-h-30-sm-3sht; do not migrate automatically","REVIEW"
"https://cloverspb.ru/magazin/product/paket-majka-fa-chernyj-100sht/prev","/magazin/product/paket-majka-fa-chernyj-100sht/prev","301","alias","","","","/magazin/product/paket-majka-pnd-belyj-30-60sm-100sht-upak","","","","",,"","REVIEW","MegaGroup navigation alias currently redirects to /magazin/product/paket-majka-pnd-belyj-30-60sm-100sht-upak; do not migrate automatically","REVIEW"
"https://cloverspb.ru/magazin/product/paket-majka-fa-chernyj-100sht/next","/magazin/product/paket-majka-fa-chernyj-100sht/next","301","alias","","","","/magazin/product/paket-majka-fa-krasnyj-100sht","","","","",,"","REVIEW","MegaGroup navigation alias currently redirects to /magazin/product/paket-majka-fa-krasnyj-100sht; do not migrate automatically","REVIEW"
"https://cloverspb.ru/magazin/product/paket-majka-fa-krasnyj-100sht/prev","/magazin/product/paket-majka-fa-krasnyj-100sht/prev","301","alias","","","","/magazin/product/paket-majka-fa-chernyj-100sht","","","","",,"","REVIEW","MegaGroup navigation alias currently redirects to /magazin/product/paket-majka-fa-chernyj-100sht; do not migrate automatically","REVIEW"
"https://cloverspb.ru/magazin/product/paket-majka-fa-krasnyj-100sht/next","/magazin/product/paket-majka-fa-krasnyj-100sht/next","301","alias","","","","/magazin/product/paket-majka-fa-zheltyj-100sht","","","","",,"","REVIEW","MegaGroup navigation alias currently redirects to /magazin/product/paket-majka-fa-zheltyj-100sht; do not migrate automatically","REVIEW"
"https://cloverspb.ru/magazin/product/paket-majka-fa-zheltyj-100sht/prev","/magazin/product/paket-majka-fa-zheltyj-100sht/prev","301","alias","","","","/magazin/product/paket-majka-fa-krasnyj-100sht","","","","",,"","REVIEW","MegaGroup navigation alias currently redirects to /magazin/product/paket-majka-fa-krasnyj-100sht; do not migrate automatically","REVIEW"
"https://cloverspb.ru/magazin/product/paket-majka-fa-zheltyj-100sht/next","/magazin/product/paket-majka-fa-zheltyj-100sht/next","301","alias","","","","/magazin/product/paket-majka-fa-sinij-100sht","","","","",,"","REVIEW","MegaGroup navigation alias currently redirects to /magazin/product/paket-majka-fa-sinij-100sht; do not migrate automatically","REVIEW"
"https://cloverspb.ru/magazin/product/paket-majka-fa-sinij-100sht/prev","/magazin/product/paket-majka-fa-sinij-100sht/prev","301","alias","","","","/magazin/product/paket-majka-fa-zheltyj-100sht","","","","",,"","REVIEW","MegaGroup navigation alias currently redirects to /magazin/product/paket-majka-fa-zheltyj-100sht; do not migrate automatically","REVIEW"
"https://cloverspb.ru/magazin/product/paket-majka-fa-sinij-100sht/next","/magazin/product/paket-majka-fa-sinij-100sht/next","301","alias","","","","/magazin/product/paket-majka-fa-zelenyj-100sht","","","","",,"","REVIEW","MegaGroup navigation alias currently redirects to /magazin/product/paket-majka-fa-zelenyj-100sht; do not migrate automatically","REVIEW"
"https://cloverspb.ru/magazin/product/paket-majka-fa-zelenyj-100sht/prev","/magazin/product/paket-majka-fa-zelenyj-100sht/prev","301","alias","","","","/magazin/product/paket-majka-fa-sinij-100sht","","","","",,"","REVIEW","MegaGroup navigation alias currently redirects to /magazin/product/paket-majka-fa-sinij-100sht; do not migrate automatically","REVIEW"
"https://cloverspb.ru/magazin/product/paket-majka-fa-zelenyj-100sht/next","/magazin/product/paket-majka-fa-zelenyj-100sht/next","301","alias","","","","/magazin/product/paket-majka-36-65-polosa-belaya-100sht-upak","","","","",,"","REVIEW","MegaGroup navigation alias currently redirects to /magazin/product/paket-majka-36-65-polosa-belaya-100sht-upak; do not migrate automatically","REVIEW"
"https://cloverspb.ru/magazin/product/stakan-bumazhnyj-pod-kofe-belyj-250-280ml-50sht-upak/prev","/magazin/product/stakan-bumazhnyj-pod-kofe-belyj-250-280ml-50sht-upak/prev","301","alias","","","","/magazin/product/stakan-plastikovyj-330ml-100sht-upak","","","","",,"","REVIEW","MegaGroup navigation alias currently redirects to /magazin/product/stakan-plastikovyj-330ml-100sht-upak; do not migrate automatically","REVIEW"
"https://cloverspb.ru/magazin/product/stakan-bumazhnyj-pod-kofe-belyj-250-280ml-50sht-upak/next","/magazin/product/stakan-bumazhnyj-pod-kofe-belyj-250-280ml-50sht-upak/next","301","alias","","","","/magazin/product/derzhatel-dlya-2h-stakanov","","","","",,"","REVIEW","MegaGroup navigation alias currently redirects to /magazin/product/derzhatel-dlya-2h-stakanov; do not migrate automatically","REVIEW"
"https://cloverspb.ru/magazin/product/stakan-bumazhnyj-pod-kofe-belyj-300-430ml-50sht-upak/prev","/magazin/product/stakan-bumazhnyj-pod-kofe-belyj-300-430ml-50sht-upak/prev","301","alias","","","","/magazin/product/kryshka-kupolnaya-s-otverstiem-k-pet-stakanu-d95mm-50sht-upak","","","","",,"","REVIEW","MegaGroup navigation alias currently redirects to /magazin/product/kryshka-kupolnaya-s-otverstiem-k-pet-stakanu-d95mm-50sht-upak; do not migrate automatically","REVIEW"
"https://cloverspb.ru/magazin/product/stakan-bumazhnyj-pod-kofe-belyj-300-430ml-50sht-upak/next","/magazin/product/stakan-bumazhnyj-pod-kofe-belyj-300-430ml-50sht-upak/next","301","alias","","","","/magazin/product/stakan-bumazhnyj-300ml-1-sl-d90mm","","","","",,"","REVIEW","MegaGroup navigation alias currently redirects to /magazin/product/stakan-bumazhnyj-300ml-1-sl-d90mm; do not migrate automatically","REVIEW"
"https://cloverspb.ru/magazin/product/kryshka-belaya-plastikovaya-s-otverstiem-dlya-kofejnogo-stakanchika-80mm-100sht-upak/prev","/magazin/product/kryshka-belaya-plastikovaya-s-otverstiem-dlya-kofejnogo-stakanchika-80mm-100sht-upak/prev","301","alias","","","","/magazin/product/stakan-plastikovyj-prozrachnyj-200ml-100sht-upak","","","","",,"","REVIEW","MegaGroup navigation alias currently redirects to /magazin/product/stakan-plastikovyj-prozrachnyj-200ml-100sht-upak; do not migrate automatically","REVIEW"
"https://cloverspb.ru/magazin/product/kryshka-belaya-plastikovaya-s-otverstiem-dlya-kofejnogo-stakanchika-80mm-100sht-upak/next","/magazin/product/kryshka-belaya-plastikovaya-s-otverstiem-dlya-kofejnogo-stakanchika-80mm-100sht-upak/next","301","alias","","","","/magazin/product/kryshka-belaya-plastikovaya-s-otverstiem-dlya-kofejnogo-stakanchika-72mm-100sht-upak","","","","",,"","REVIEW","MegaGroup navigation alias currently redirects to /magazin/product/kryshka-belaya-plastikovaya-s-otverstiem-dlya-kofejnogo-stakanchika-72mm-100sht-upak; do not migrate automatically","REVIEW"
"https://cloverspb.ru/magazin/product/manzhet-iz-kraft-kartona-dlya-kofejnyh-stakanchikov-eco-cup-keeper-50sht-upak/prev","/magazin/product/manzhet-iz-kraft-kartona-dlya-kofejnyh-stakanchikov-eco-cup-keeper-50sht-upak/prev","301","alias","","","","/magazin/product/kryshka-belaya-plastikovaya-s-otverstiem-dlya-kofejnogo-stakanchika-72mm-100sht-upak","","","","",,"","REVIEW","MegaGroup navigation alias currently redirects to /magazin/product/kryshka-belaya-plastikovaya-s-otverstiem-dlya-kofejnogo-stakanchika-72mm-100sht-upak; do not migrate automatically","REVIEW"
"https://cloverspb.ru/magazin/product/manzhet-iz-kraft-kartona-dlya-kofejnyh-stakanchikov-eco-cup-keeper-50sht-upak/next","/magazin/product/manzhet-iz-kraft-kartona-dlya-kofejnyh-stakanchikov-eco-cup-keeper-50sht-upak/next","301","alias","","","","/magazin/product/kryshka-belaya-plastikovaya-s-otverstiem-dlya-kofejnogo-stakanchika-90mm-100sht-upak","","","","",,"","REVIEW","MegaGroup navigation alias currently redirects to /magazin/product/kryshka-belaya-plastikovaya-s-otverstiem-dlya-kofejnogo-stakanchika-90mm-100sht-upak; do not migrate automatically","REVIEW"
"https://cloverspb.ru/magazin/product/derzhatel-dlya-2h-stakanov/prev","/magazin/product/derzhatel-dlya-2h-stakanov/prev","301","alias","","","","/magazin/product/stakan-bumazhnyj-pod-kofe-belyj-250-280ml-50sht-upak","","","","",,"","REVIEW","MegaGroup navigation alias currently redirects to /magazin/product/stakan-bumazhnyj-pod-kofe-belyj-250-280ml-50sht-upak; do not migrate automatically","REVIEW"
"https://cloverspb.ru/magazin/product/derzhatel-dlya-2h-stakanov/next","/magazin/product/derzhatel-dlya-2h-stakanov/next","301","alias","","","","/magazin/product/stakan-bumazhnyj-250ml-1-sl-d80mm","","","","",,"","REVIEW","MegaGroup navigation alias currently redirects to /magazin/product/stakan-bumazhnyj-250ml-1-sl-d80mm; do not migrate automatically","REVIEW"
"https://cloverspb.ru/magazin/product/derzhatel-dlya-4h-stakanov/prev","/magazin/product/derzhatel-dlya-4h-stakanov/prev","301","alias","","","","/magazin/product/stakan-bumazhnyj-chernyj-400-ml","","","","",,"","REVIEW","MegaGroup navigation alias currently redirects to /magazin/product/stakan-bumazhnyj-chernyj-400-ml; do not migrate automatically","REVIEW"
"https://cloverspb.ru/magazin/product/derzhatel-dlya-4h-stakanov/next","/magazin/product/derzhatel-dlya-4h-stakanov/next","301","alias","","","","/magazin/product/stakan-shejker-400-ml","","","","",,"","REVIEW","MegaGroup navigation alias currently redirects to /magazin/product/stakan-shejker-400-ml; do not migrate automatically","REVIEW"
"https://cloverspb.ru/magazin/product/stakan-bumazhnyj-300ml-1-sl-d90mm/prev","/magazin/product/stakan-bumazhnyj-300ml-1-sl-d90mm/prev","301","alias","","","","/magazin/product/stakan-bumazhnyj-pod-kofe-belyj-300-430ml-50sht-upak","","","","",,"","REVIEW","MegaGroup navigation alias currently redirects to /magazin/product/stakan-bumazhnyj-pod-kofe-belyj-300-430ml-50sht-upak; do not migrate automatically","REVIEW"
"https://cloverspb.ru/magazin/product/stakan-bumazhnyj-300ml-1-sl-d90mm/next","/magazin/product/stakan-bumazhnyj-300ml-1-sl-d90mm/next","301","alias","","","","/magazin/product/stakan-pet-prozrachnyj-200ml-50sht-upak","","","","",,"","REVIEW","MegaGroup navigation alias currently redirects to /magazin/product/stakan-pet-prozrachnyj-200ml-50sht-upak; do not migrate automatically","REVIEW"
"https://cloverspb.ru/magazin/product/stakan-bumazhnyj-250ml-1-sl-d80mm/prev","/magazin/product/stakan-bumazhnyj-250ml-1-sl-d80mm/prev","301","alias","","","","/magazin/product/derzhatel-dlya-2h-stakanov","","","","",,"","REVIEW","MegaGroup navigation alias currently redirects to /magazin/product/derzhatel-dlya-2h-stakanov; do not migrate automatically","REVIEW"
"https://cloverspb.ru/magazin/product/stakan-bumazhnyj-250ml-1-sl-d80mm/next","/magazin/product/stakan-bumazhnyj-250ml-1-sl-d80mm/next","301","alias","","","","/magazin/product/kryshka-kupolnaya-s-otverstiem-k-pet-stakanu-d95mm-50sht-upak","","","","",,"","REVIEW","MegaGroup navigation alias currently redirects to /magazin/product/kryshka-kupolnaya-s-otverstiem-k-pet-stakanu-d95mm-50sht-upak; do not migrate automatically","REVIEW"
"https://cloverspb.ru/magazin/product/kryshka-belaya-plastikovaya-s-otverstiem-dlya-kofejnogo-stakanchika-72mm-100sht-upak/prev","/magazin/product/kryshka-belaya-plastikovaya-s-otverstiem-dlya-kofejnogo-stakanchika-72mm-100sht-upak/prev","301","alias","","","","/magazin/product/kryshka-belaya-plastikovaya-s-otverstiem-dlya-kofejnogo-stakanchika-80mm-100sht-upak","","","","",,"","REVIEW","MegaGroup navigation alias currently redirects to /magazin/product/kryshka-belaya-plastikovaya-s-otverstiem-dlya-kofejnogo-stakanchika-80mm-100sht-upak; do not migrate automatically","REVIEW"
"https://cloverspb.ru/magazin/product/kryshka-belaya-plastikovaya-s-otverstiem-dlya-kofejnogo-stakanchika-72mm-100sht-upak/next","/magazin/product/kryshka-belaya-plastikovaya-s-otverstiem-dlya-kofejnogo-stakanchika-72mm-100sht-upak/next","301","alias","","","","/magazin/product/manzhet-iz-kraft-kartona-dlya-kofejnyh-stakanchikov-eco-cup-keeper-50sht-upak","","","","",,"","REVIEW","MegaGroup navigation alias currently redirects to /magazin/product/manzhet-iz-kraft-kartona-dlya-kofejnyh-stakanchikov-eco-cup-keeper-50sht-upak; do not migrate automatically","REVIEW"
"https://cloverspb.ru/magazin/product/kryshka-belaya-plastikovaya-s-otverstiem-dlya-kofejnogo-stakanchika-90mm-100sht-upak/prev","/magazin/product/kryshka-belaya-plastikovaya-s-otverstiem-dlya-kofejnogo-stakanchika-90mm-100sht-upak/prev","301","alias","","","","/magazin/product/manzhet-iz-kraft-kartona-dlya-kofejnyh-stakanchikov-eco-cup-keeper-50sht-upak","","","","",,"","REVIEW","MegaGroup navigation alias currently redirects to /magazin/product/manzhet-iz-kraft-kartona-dlya-kofejnyh-stakanchikov-eco-cup-keeper-50sht-upak; do not migrate automatically","REVIEW"
"https://cloverspb.ru/magazin/product/kryshka-belaya-plastikovaya-s-otverstiem-dlya-kofejnogo-stakanchika-90mm-100sht-upak/next","/magazin/product/kryshka-belaya-plastikovaya-s-otverstiem-dlya-kofejnogo-stakanchika-90mm-100sht-upak/next","301","alias","","","","/magazin/product/kryshka-ploskaya-k-pet-stakanu-d95mm-s-krest-otverstiem-50sht-upak","","","","",,"","REVIEW","MegaGroup navigation alias currently redirects to /magazin/product/kryshka-ploskaya-k-pet-stakanu-d95mm-s-krest-otverstiem-50sht-upak; do not migrate automatically","REVIEW"
"https://cloverspb.ru/magazin/product/stakan-pet-prozrachnyj-200ml-50sht-upak/prev","/magazin/product/stakan-pet-prozrachnyj-200ml-50sht-upak/prev","301","alias","","","","/magazin/product/stakan-bumazhnyj-300ml-1-sl-d90mm","","","","",,"","REVIEW","MegaGroup navigation alias currently redirects to /magazin/product/stakan-bumazhnyj-300ml-1-sl-d90mm; do not migrate automatically","REVIEW"
"https://cloverspb.ru/magazin/product/stakan-pet-prozrachnyj-200ml-50sht-upak/next","/magazin/product/stakan-pet-prozrachnyj-200ml-50sht-upak/next","301","alias","","","","/magazin/product/stakan-bumazhnyj-chernyj-400-ml","","","","",,"","REVIEW","MegaGroup navigation alias currently redirects to /magazin/product/stakan-bumazhnyj-chernyj-400-ml; do not migrate automatically","REVIEW"
"https://cloverspb.ru/magazin/product/stakan-pet-prozrachnyj-500ml-50sht-upak/prev","/magazin/product/stakan-pet-prozrachnyj-500ml-50sht-upak/prev","301","alias","","","","/magazin/product/stakan-shejker-400-ml","","","","",,"","REVIEW","MegaGroup navigation alias currently redirects to /magazin/product/stakan-shejker-400-ml; do not migrate automatically","REVIEW"
"https://cloverspb.ru/magazin/product/stakan-pet-prozrachnyj-500ml-50sht-upak/next","/magazin/product/stakan-pet-prozrachnyj-500ml-50sht-upak/next","301","alias","","","","/magazin/product/stakan-plastikovyj-100ml-100sht-upak","","","","",,"","REVIEW","MegaGroup navigation alias currently redirects to /magazin/product/stakan-plastikovyj-100ml-100sht-upak; do not migrate automatically","REVIEW"
"https://cloverspb.ru/magazin/product/kryshka-kupolnaya-s-otverstiem-k-pet-stakanu-d95mm-50sht-upak/prev","/magazin/product/kryshka-kupolnaya-s-otverstiem-k-pet-stakanu-d95mm-50sht-upak/prev","301","alias","","","","/magazin/product/stakan-bumazhnyj-250ml-1-sl-d80mm","","","","",,"","REVIEW","MegaGroup navigation alias currently redirects to /magazin/product/stakan-bumazhnyj-250ml-1-sl-d80mm; do not migrate automatically","REVIEW"
"https://cloverspb.ru/magazin/product/kryshka-kupolnaya-s-otverstiem-k-pet-stakanu-d95mm-50sht-upak/next","/magazin/product/kryshka-kupolnaya-s-otverstiem-k-pet-stakanu-d95mm-50sht-upak/next","301","alias","","","","/magazin/product/stakan-bumazhnyj-pod-kofe-belyj-300-430ml-50sht-upak","","","","",,"","REVIEW","MegaGroup navigation alias currently redirects to /magazin/product/stakan-bumazhnyj-pod-kofe-belyj-300-430ml-50sht-upak; do not migrate automatically","REVIEW"
"https://cloverspb.ru/magazin/product/kryshka-ploskaya-k-pet-stakanu-d95mm-s-krest-otverstiem-50sht-upak/prev","/magazin/product/kryshka-ploskaya-k-pet-stakanu-d95mm-s-krest-otverstiem-50sht-upak/prev","301","alias","","","","/magazin/product/kryshka-belaya-plastikovaya-s-otverstiem-dlya-kofejnogo-stakanchika-90mm-100sht-upak","","","","",,"","REVIEW","MegaGroup navigation alias currently redirects to /magazin/product/kryshka-belaya-plastikovaya-s-otverstiem-dlya-kofejnogo-stakanchika-90mm-100sht-upak; do not migrate automatically","REVIEW"
"https://cloverspb.ru/magazin/product/kryshka-ploskaya-k-pet-stakanu-d95mm-s-krest-otverstiem-50sht-upak/next","/magazin/product/kryshka-ploskaya-k-pet-stakanu-d95mm-s-krest-otverstiem-50sht-upak/next","301","alias","","","","/magazin/product/stakan-pivnoj-plastikovyj-500ml","","","","",,"","REVIEW","MegaGroup navigation alias currently redirects to /magazin/product/stakan-pivnoj-plastikovyj-500ml; do not migrate automatically","REVIEW"
"https://cloverspb.ru/magazin/product/stakan-plastikovyj-100ml-100sht-upak/prev","/magazin/product/stakan-plastikovyj-100ml-100sht-upak/prev","301","alias","","","","/magazin/product/stakan-pet-prozrachnyj-500ml-50sht-upak","","","","",,"","REVIEW","MegaGroup navigation alias currently redirects to /magazin/product/stakan-pet-prozrachnyj-500ml-50sht-upak; do not migrate automatically","REVIEW"
"https://cloverspb.ru/magazin/product/stakan-plastikovyj-100ml-100sht-upak/next","/magazin/product/stakan-plastikovyj-100ml-100sht-upak/next","301","alias","","","","/magazin/product/stakan-plastikovyj-prozrachnyj-200ml-100sht-upak","","","","",,"","REVIEW","MegaGroup navigation alias currently redirects to /magazin/product/stakan-plastikovyj-prozrachnyj-200ml-100sht-upak; do not migrate automatically","REVIEW"
"https://cloverspb.ru/magazin/product/stakan-plastikovyj-prozrachnyj-200ml-100sht-upak/prev","/magazin/product/stakan-plastikovyj-prozrachnyj-200ml-100sht-upak/prev","301","alias","","","","/magazin/product/stakan-plastikovyj-100ml-100sht-upak","","","","",,"","REVIEW","MegaGroup navigation alias currently redirects to /magazin/product/stakan-plastikovyj-100ml-100sht-upak; do not migrate automatically","REVIEW"
"https://cloverspb.ru/magazin/product/stakan-plastikovyj-prozrachnyj-200ml-100sht-upak/next","/magazin/product/stakan-plastikovyj-prozrachnyj-200ml-100sht-upak/next","301","alias","","","","/magazin/product/kryshka-belaya-plastikovaya-s-otverstiem-dlya-kofejnogo-stakanchika-80mm-100sht-upak","","","","",,"","REVIEW","MegaGroup navigation alias currently redirects to /magazin/product/kryshka-belaya-plastikovaya-s-otverstiem-dlya-kofejnogo-stakanchika-80mm-100sht-upak; do not migrate automatically","REVIEW"
"https://cloverspb.ru/magazin/product/stakan-plastikovyj-330ml-100sht-upak/prev","/magazin/product/stakan-plastikovyj-330ml-100sht-upak/prev","301","alias","","","","/magazin/product/stakan-bumazhnyj-180-ml","","","","",,"","REVIEW","MegaGroup navigation alias currently redirects to /magazin/product/stakan-bumazhnyj-180-ml; do not migrate automatically","REVIEW"
"https://cloverspb.ru/magazin/product/stakan-plastikovyj-330ml-100sht-upak/next","/magazin/product/stakan-plastikovyj-330ml-100sht-upak/next","301","alias","","","","/magazin/product/stakan-bumazhnyj-pod-kofe-belyj-250-280ml-50sht-upak","","","","",,"","REVIEW","MegaGroup navigation alias currently redirects to /magazin/product/stakan-bumazhnyj-pod-kofe-belyj-250-280ml-50sht-upak; do not migrate automatically","REVIEW"
"https://cloverspb.ru/magazin/product/stakan-pivnoj-plastikovyj-500ml/prev","/magazin/product/stakan-pivnoj-plastikovyj-500ml/prev","301","alias","","","","/magazin/product/kryshka-ploskaya-k-pet-stakanu-d95mm-s-krest-otverstiem-50sht-upak","","","","",,"","REVIEW","MegaGroup navigation alias currently redirects to /magazin/product/kryshka-ploskaya-k-pet-stakanu-d95mm-s-krest-otverstiem-50sht-upak; do not migrate automatically","REVIEW"
"https://cloverspb.ru/magazin/product/stakan-pivnoj-plastikovyj-500ml/next","/magazin/product/stakan-pivnoj-plastikovyj-500ml/next","301","alias","","","","/magazin/product/stakan-bumazhnyj-180-ml","","","","",,"","REVIEW","MegaGroup navigation alias currently redirects to /magazin/product/stakan-bumazhnyj-180-ml; do not migrate automatically","REVIEW"
"https://cloverspb.ru/magazin/product/lotok-279-223-35-5-sekcij-chernyj-110-110-0055_00200/prev","/magazin/product/lotok-279-223-35-5-sekcij-chernyj-110-110-0055_00200/prev","301","alias","","","","/magazin/product/vedro-800-ml-s-kryshkoj","","","","",,"","REVIEW","MegaGroup navigation alias currently redirects to /magazin/product/vedro-800-ml-s-kryshkoj; do not migrate automatically","REVIEW"
"https://cloverspb.ru/magazin/product/lotok-279-223-35-5-sekcij-chernyj-110-110-0055_00200/next","/magazin/product/lotok-279-223-35-5-sekcij-chernyj-110-110-0055_00200/next","301","alias","","","","/magazin/product/lotok-kryshka-280-225-25mm-pet-110-110-0055_00201","","","","",,"","REVIEW","MegaGroup navigation alias currently redirects to /magazin/product/lotok-kryshka-280-225-25mm-pet-110-110-0055_00201; do not migrate automatically","REVIEW"
"https://cloverspb.ru/magazin/product/lotok-kryshka-280-225-25mm-pet-110-110-0055_00201/prev","/magazin/product/lotok-kryshka-280-225-25mm-pet-110-110-0055_00201/prev","301","alias","","","","/magazin/product/lotok-279-223-35-5-sekcij-chernyj-110-110-0055_00200","","","","",,"","REVIEW","MegaGroup navigation alias currently redirects to /magazin/product/lotok-279-223-35-5-sekcij-chernyj-110-110-0055_00200; do not migrate automatically","REVIEW"
"https://cloverspb.ru/magazin/product/lotok-kryshka-280-225-25mm-pet-110-110-0055_00201/next","/magazin/product/lotok-kryshka-280-225-25mm-pet-110-110-0055_00201/next","301","alias","","","","/magazin/product/vedro-1000-ml-s-kryshkoj","","","","",,"","REVIEW","MegaGroup navigation alias currently redirects to /magazin/product/vedro-1000-ml-s-kryshkoj; do not migrate automatically","REVIEW"
"https://cloverspb.ru/magazin/product/lanch-boks-spk-257-3-257h202h37mm-chernyj/prev","/magazin/product/lanch-boks-spk-257-3-257h202h37mm-chernyj/prev","301","alias","","","","/magazin/product/kontejner-spk-190d-750ml-kruglyj-chernyj-pet","","","","",,"","REVIEW","MegaGroup navigation alias currently redirects to /magazin/product/kontejner-spk-190d-750ml-kruglyj-chernyj-pet; do not migrate automatically","REVIEW"
"https://cloverspb.ru/magazin/product/lanch-boks-spk-257-3-257h202h37mm-chernyj/next","/magazin/product/lanch-boks-spk-257-3-257h202h37mm-chernyj/next","301","alias","","","","/magazin/product/kryshka-spk-257k-3-257h202h35mm","","","","",,"","REVIEW","MegaGroup navigation alias currently redirects to /magazin/product/kryshka-spk-257k-3-257h202h35mm; do not migrate automatically","REVIEW"
"https://cloverspb.ru/magazin/product/kryshka-spk-257k-3-257h202h35mm/prev","/magazin/product/kryshka-spk-257k-3-257h202h35mm/prev","301","alias","","","","/magazin/product/lanch-boks-spk-257-3-257h202h37mm-chernyj","","","","",,"","REVIEW","MegaGroup navigation alias currently redirects to /magazin/product/lanch-boks-spk-257-3-257h202h37mm-chernyj; do not migrate automatically","REVIEW"
"https://cloverspb.ru/magazin/product/kryshka-spk-257k-3-257h202h35mm/next","/magazin/product/kryshka-spk-257k-3-257h202h35mm/next","301","alias","","","","/magazin/product/vedro-800-ml-s-kryshkoj","","","","",,"","REVIEW","MegaGroup navigation alias currently redirects to /magazin/product/vedro-800-ml-s-kryshkoj; do not migrate automatically","REVIEW"
"https://cloverspb.ru/magazin/product/kontejner-pr-ms-350ml-kruglyj-chernyj-pp/prev","/magazin/product/kontejner-pr-ms-350ml-kruglyj-chernyj-pp/prev","301","alias","","","","/magazin/product/kontejner-pr-ms-500ml-kruglyj-chernyj-pp","","","","",,"","REVIEW","MegaGroup navigation alias currently redirects to /magazin/product/kontejner-pr-ms-500ml-kruglyj-chernyj-pp; do not migrate automatically","REVIEW"
"https://cloverspb.ru/magazin/product/kontejner-pr-ms-350ml-kruglyj-chernyj-pp/next","/magazin/product/kontejner-pr-ms-350ml-kruglyj-chernyj-pp/next","301","alias","","","","/magazin/product/kontejner-pryam-1000ml-179-132-prozr-pp-polier","","","","",,"","REVIEW","MegaGroup navigation alias currently redirects to /magazin/product/kontejner-pryam-1000ml-179-132-prozr-pp-polier; do not migrate automatically","REVIEW"
"https://cloverspb.ru/magazin/product/kontejner-pr-ms-500ml-kruglyj-chernyj-pp/prev","/magazin/product/kontejner-pr-ms-500ml-kruglyj-chernyj-pp/prev","301","alias","","","","/magazin/product/kontejner-pryamoug-750ml-179-130-52mm-prozr-pp-polier-500-500","","","","",,"","REVIEW","MegaGroup navigation alias currently redirects to /magazin/product/kontejner-pryamoug-750ml-179-130-52mm-prozr-pp-polier-500-500; do not migrate automatically","REVIEW"
"https://cloverspb.ru/magazin/product/kontejner-pr-ms-500ml-kruglyj-chernyj-pp/next","/magazin/product/kontejner-pr-ms-500ml-kruglyj-chernyj-pp/next","301","alias","","","","/magazin/product/kontejner-pr-ms-350ml-kruglyj-chernyj-pp","","","","",,"","REVIEW","MegaGroup navigation alias currently redirects to /magazin/product/kontejner-pr-ms-350ml-kruglyj-chernyj-pp; do not migrate automatically","REVIEW"
"https://cloverspb.ru/magazin/product/kontejner-500ml-d112-kruglyj-prochnyj-prozrachnyj-perint/prev","/magazin/product/kontejner-500ml-d112-kruglyj-prochnyj-prozrachnyj-perint/prev","301","alias","","","","/magazin/product/kontejner-pryamoug-500ml-179-130-35mm-prozr-pp-polier-500-500","","","","",,"","REVIEW","MegaGroup navigation alias currently redirects to /magazin/product/kontejner-pryamoug-500ml-179-130-35mm-prozr-pp-polier-500-500; do not migrate automatically","REVIEW"
"https://cloverspb.ru/magazin/product/kontejner-500ml-d112-kruglyj-prochnyj-prozrachnyj-perint/next","/magazin/product/kontejner-500ml-d112-kruglyj-prochnyj-prozrachnyj-perint/next","301","alias","","","","/magazin/product/kontejner-prozr-kruglyj-360ml-rr-bk-50-500-bez-kryshki","","","","",,"","REVIEW","MegaGroup navigation alias currently redirects to /magazin/product/kontejner-prozr-kruglyj-360ml-rr-bk-50-500-bez-kryshki; do not migrate automatically","REVIEW"
"https://cloverspb.ru/magazin/product/kontejner-500ml-d112-kruglyj-prozrachnyj-pp-60sht-s-kryshkoj/prev","/magazin/product/kontejner-500ml-d112-kruglyj-prozrachnyj-pp-60sht-s-kryshkoj/prev","301","alias","","","","/magazin/product/kontejner-pryamoug-1500ml-179-130-98-mm-prozr-pp-polier-500-500","","","","",,"","REVIEW","MegaGroup navigation alias currently redirects to /magazin/product/kontejner-pryamoug-1500ml-179-130-98-mm-prozr-pp-polier-500-500; do not migrate automatically","REVIEW"
"https://cloverspb.ru/magazin/product/kontejner-500ml-d112-kruglyj-prozrachnyj-pp-60sht-s-kryshkoj/next","/magazin/product/kontejner-500ml-d112-kruglyj-prozrachnyj-pp-60sht-s-kryshkoj/next","301","alias","","","","/magazin/product/kontejner-pryamoug-2000ml-179-130-123mm-prozr-pp-polier-500-500","","","","",,"","REVIEW","MegaGroup navigation alias currently redirects to /magazin/product/kontejner-pryamoug-2000ml-179-130-123mm-prozr-pp-polier-500-500; do not migrate automatically","REVIEW"
"https://cloverspb.ru/magazin/product/kryshka-k-kont-pr-ms-350-500ml-prozrachnaya-pp/prev","/magazin/product/kryshka-k-kont-pr-ms-350-500ml-prozrachnaya-pp/prev","301","alias","","","","/magazin/product/kontejner-pryamoug-750ml-139-102-86mm-prozr-pp-polier-500-500","","","","",,"","REVIEW","MegaGroup navigation alias currently redirects to /magazin/product/kontejner-pryamoug-750ml-139-102-86mm-prozr-pp-polier-500-500; do not migrate automatically","REVIEW"
"https://cloverspb.ru/magazin/product/kryshka-k-kont-pr-ms-350-500ml-prozrachnaya-pp/next","/magazin/product/kryshka-k-kont-pr-ms-350-500ml-prozrachnaya-pp/next","301","alias","","","","/magazin/product/kontejner-pryamoug-500ml-179-130-52mm-chernyj-pp-polier-500-500","","","","",,"","REVIEW","MegaGroup navigation alias currently redirects to /magazin/product/kontejner-pryamoug-500ml-179-130-52mm-chernyj-pp-polier-500-500; do not migrate automatically","REVIEW"
"https://cloverspb.ru/magazin/product/kryshka-k-kont-360-500-600ml-d112-200sht-up-perint/prev","/magazin/product/kryshka-k-kont-360-500-600ml-d112-200sht-up-perint/prev","301","alias","","","","/magazin/product/kontejner-pryamoug-500ml-prozr-139-102-56-bez-kryshki-pp-polier-50-500","","","","",,"","REVIEW","MegaGroup navigation alias currently redirects to /magazin/product/kontejner-pryamoug-500ml-prozr-139-102-56-bez-kryshki-pp-polier-50-500; do not migrate automatically","REVIEW"
"https://cloverspb.ru/magazin/product/kryshka-k-kont-360-500-600ml-d112-200sht-up-perint/next","/magazin/product/kryshka-k-kont-360-500-600ml-d112-200sht-up-perint/next","301","alias","","","","/magazin/product/kontejner-pryamoug-750ml-139-102-86mm-prozr-pp-polier-500-500","","","","",,"","REVIEW","MegaGroup navigation alias currently redirects to /magazin/product/kontejner-pryamoug-750ml-139-102-86mm-prozr-pp-polier-500-500; do not migrate automatically","REVIEW"
"https://cloverspb.ru/magazin/product/kontejner-spk-190d-750ml-kruglyj-chernyj-pet/prev","/magazin/product/kontejner-spk-190d-750ml-kruglyj-chernyj-pet/prev","301","alias","","","","/magazin/product/kryshka-k-kont-spk-190k-750ml-kruglaya-prozrachnaya-pet","","","","",,"","REVIEW","MegaGroup navigation alias currently redirects to /magazin/product/kryshka-k-kont-spk-190k-750ml-kruglaya-prozrachnaya-pet; do not migrate automatically","REVIEW"
"https://cloverspb.ru/magazin/product/kontejner-spk-190d-750ml-kruglyj-chernyj-pet/next","/magazin/product/kontejner-spk-190d-750ml-kruglyj-chernyj-pet/next","301","alias","","","","/magazin/product/lanch-boks-spk-257-3-257h202h37mm-chernyj","","","","",,"","REVIEW","MegaGroup navigation alias currently redirects to /magazin/product/lanch-boks-spk-257-3-257h202h37mm-chernyj; do not migrate automatically","REVIEW"
"https://cloverspb.ru/magazin/product/kryshka-k-kont-spk-190k-750ml-kruglaya-prozrachnaya-pet/prev","/magazin/product/kryshka-k-kont-spk-190k-750ml-kruglaya-prozrachnaya-pet/prev","301","alias","","","","/magazin/product/kontejner-pryamoug-2000ml-179-130-123mm-prozr-pp-polier-500-500","","","","",,"","REVIEW","MegaGroup navigation alias currently redirects to /magazin/product/kontejner-pryamoug-2000ml-179-130-123mm-prozr-pp-polier-500-500; do not migrate automatically","REVIEW"
"https://cloverspb.ru/magazin/product/kryshka-k-kont-spk-190k-750ml-kruglaya-prozrachnaya-pet/next","/magazin/product/kryshka-k-kont-spk-190k-750ml-kruglaya-prozrachnaya-pet/next","301","alias","","","","/magazin/product/kontejner-spk-190d-750ml-kruglyj-chernyj-pet","","","","",,"","REVIEW","MegaGroup navigation alias currently redirects to /magazin/product/kontejner-spk-190d-750ml-kruglyj-chernyj-pet; do not migrate automatically","REVIEW"
"https://cloverspb.ru/magazin/product/lanch-boks-pps-1-sekc-chernyj-100/prev","/magazin/product/lanch-boks-pps-1-sekc-chernyj-100/prev","301","alias","","","","/magazin/product/lanch-boks-pps-3-sekc-chernyj-100","","","","",,"","REVIEW","MegaGroup navigation alias currently redirects to /magazin/product/lanch-boks-pps-3-sekc-chernyj-100; do not migrate automatically","REVIEW"
"https://cloverspb.ru/magazin/product/lanch-boks-pps-1-sekc-chernyj-100/next","/magazin/product/lanch-boks-pps-1-sekc-chernyj-100/next","301","alias","","","","/magazin/product/lanch-boks-pps-2-sekc-chernyj-100","","","","",,"","REVIEW","MegaGroup navigation alias currently redirects to /magazin/product/lanch-boks-pps-2-sekc-chernyj-100; do not migrate automatically","REVIEW"
"https://cloverspb.ru/magazin/product/lanch-boks-pps-2-sekc-chernyj-100/prev","/magazin/product/lanch-boks-pps-2-sekc-chernyj-100/prev","301","alias","","","","/magazin/product/lanch-boks-pps-1-sekc-chernyj-100","","","","",,"","REVIEW","MegaGroup navigation alias currently redirects to /magazin/product/lanch-boks-pps-1-sekc-chernyj-100; do not migrate automatically","REVIEW"
"https://cloverspb.ru/magazin/product/lanch-boks-pps-2-sekc-chernyj-100/next","/magazin/product/lanch-boks-pps-2-sekc-chernyj-100/next","301","alias","","","","/magazin/product/lanchboks-2-sekcii-246h196h70-mm-belyj-vsp-50-200","","","","",,"","REVIEW","MegaGroup navigation alias currently redirects to /magazin/product/lanchboks-2-sekcii-246h196h70-mm-belyj-vsp-50-200; do not migrate automatically","REVIEW"
"https://cloverspb.ru/magazin/product/lanch-boks-pps-3-sekc-chernyj-100/prev","/magazin/product/lanch-boks-pps-3-sekc-chernyj-100/prev","301","alias","","","","/magazin/product/lanch-boks-3-sekcionnyj-belyj-premium","","","","",,"","REVIEW","MegaGroup navigation alias currently redirects to /magazin/product/lanch-boks-3-sekcionnyj-belyj-premium; do not migrate automatically","REVIEW"
"https://cloverspb.ru/magazin/product/lanch-boks-pps-3-sekc-chernyj-100/next","/magazin/product/lanch-boks-pps-3-sekc-chernyj-100/next","301","alias","","","","/magazin/product/lanch-boks-pps-1-sekc-chernyj-100","","","","",,"","REVIEW","MegaGroup navigation alias currently redirects to /magazin/product/lanch-boks-pps-1-sekc-chernyj-100; do not migrate automatically","REVIEW"
"https://cloverspb.ru/magazin/product/korobki-dlya-piccy-33-33sm-45mm-belyj-gofrokarton-50/prev","/magazin/product/korobki-dlya-piccy-33-33sm-45mm-belyj-gofrokarton-50/prev","301","alias","","","","/magazin/product/korobka-dlya-piccy-25sm-h-25sm-belyj-gofrokarton","","","","",,"","REVIEW","MegaGroup navigation alias currently redirects to /magazin/product/korobka-dlya-piccy-25sm-h-25sm-belyj-gofrokarton; do not migrate automatically","REVIEW"
"https://cloverspb.ru/magazin/product/korobki-dlya-piccy-33-33sm-45mm-belyj-gofrokarton-50/next","/magazin/product/korobki-dlya-piccy-33-33sm-45mm-belyj-gofrokarton-50/next","301","alias","","","","/magazin/product/korobka-dlya-piccy-piroga-hachapuri-280h180h50mm-buraya","","","","",,"","REVIEW","MegaGroup navigation alias currently redirects to /magazin/product/korobka-dlya-piccy-piroga-hachapuri-280h180h50mm-buraya; do not migrate automatically","REVIEW"
"https://cloverspb.ru/magazin/product/yat-400-g-stiralnyj-poroshok/prev","/magazin/product/yat-400-g-stiralnyj-poroshok/prev","301","alias","","","","/magazin/product/yat-400-g-stiralnyj-poroshok","","","","",,"","REVIEW","MegaGroup navigation alias currently redirects to /magazin/product/yat-400-g-stiralnyj-poroshok; do not migrate automatically","REVIEW"
"https://cloverspb.ru/magazin/product/yat-400-g-stiralnyj-poroshok/next","/magazin/product/yat-400-g-stiralnyj-poroshok/next","301","alias","","","","/magazin/product/yat-400-g-stiralnyj-poroshok","","","","",,"","REVIEW","MegaGroup navigation alias currently redirects to /magazin/product/yat-400-g-stiralnyj-poroshok; do not migrate automatically","REVIEW"
"https://cloverspb.ru/magazin/product/mennyj-ballon-airwick-freshmatic-250ml/prev","/magazin/product/mennyj-ballon-airwick-freshmatic-250ml/prev","301","alias","","","","/magazin/product/gold-wind-osvezhitel-vozduha-300ml","","","","",,"","REVIEW","MegaGroup navigation alias currently redirects to /magazin/product/gold-wind-osvezhitel-vozduha-300ml; do not migrate automatically","REVIEW"
"https://cloverspb.ru/magazin/product/mennyj-ballon-airwick-freshmatic-250ml/next","/magazin/product/mennyj-ballon-airwick-freshmatic-250ml/next","301","alias","","","","/magazin/product/gold-wind-osvezhitel-vozduha-300ml","","","","",,"","REVIEW","MegaGroup navigation alias currently redirects to /magazin/product/gold-wind-osvezhitel-vozduha-300ml; do not migrate automatically","REVIEW"
"https://cloverspb.ru/magazin/product/salfetki-stolovye-dlya-dispensera-lime-247100/prev","/magazin/product/salfetki-stolovye-dlya-dispensera-lime-247100/prev","301","alias","","","","/magazin/product/salfetki-bumazhnye-23-5-sm-h-23-5-sm-1-slojnye","","","","",,"","REVIEW","MegaGroup navigation alias currently redirects to /magazin/product/salfetki-bumazhnye-23-5-sm-h-23-5-sm-1-slojnye; do not migrate automatically","REVIEW"
"https://cloverspb.ru/magazin/product/salfetki-stolovye-dlya-dispensera-lime-247100/next","/magazin/product/salfetki-stolovye-dlya-dispensera-lime-247100/next","301","alias","","","","/magazin/product/salfetki-bumazhnye-pro-24-sm-h-24-sm-1-sl-500-listov","","","","",,"","REVIEW","MegaGroup navigation alias currently redirects to /magazin/product/salfetki-bumazhnye-pro-24-sm-h-24-sm-1-sl-500-listov; do not migrate automatically","REVIEW"
"https://cloverspb.ru/magazin/product/pilotka-bumazhnaya-belaya/prev","/magazin/product/pilotka-bumazhnaya-belaya/prev","301","alias","","","","/magazin/product/perednik-pnd-100sht-upak","","","","",,"","REVIEW","MegaGroup navigation alias currently redirects to /magazin/product/perednik-pnd-100sht-upak; do not migrate automatically","REVIEW"
"https://cloverspb.ru/magazin/product/pilotka-bumazhnaya-belaya/next","/magazin/product/pilotka-bumazhnaya-belaya/next","301","alias","","","","/magazin/product/halat-laboratornyj-belyj","","","","",,"","REVIEW","MegaGroup navigation alias currently redirects to /magazin/product/halat-laboratornyj-belyj; do not migrate automatically","REVIEW"
"https://cloverspb.ru/magazin/product/pemolyuks-chistyashchij-poroshok-400-gr/prev","/magazin/product/pemolyuks-chistyashchij-poroshok-400-gr/prev","301","alias","","","","/magazin/product/adriol-dlya-posudy-5l","","","","",,"","REVIEW","MegaGroup navigation alias currently redirects to /magazin/product/adriol-dlya-posudy-5l; do not migrate automatically","REVIEW"
"https://cloverspb.ru/magazin/product/pemolyuks-chistyashchij-poroshok-400-gr/next","/magazin/product/pemolyuks-chistyashchij-poroshok-400-gr/next","301","alias","","","","/magazin/product/raduga-dlya-posudy-5l","","","","",,"","REVIEW","MegaGroup navigation alias currently redirects to /magazin/product/raduga-dlya-posudy-5l; do not migrate automatically","REVIEW"
"https://cloverspb.ru/magazin/product/pasticciere-korob-kartonnyj-belyj-hrom-erzac-280h280h140mm-100sht-kor/prev","/magazin/product/pasticciere-korob-kartonnyj-belyj-hrom-erzac-280h280h140mm-100sht-kor/prev","301","alias","","","","/magazin/product/mochalka-metallicheskaya-maksi-40-gr-v-setke-30sht-kor","","","","",,"","REVIEW","MegaGroup navigation alias currently redirects to /magazin/product/mochalka-metallicheskaya-maksi-40-gr-v-setke-30sht-kor; do not migrate automatically","REVIEW"
"https://cloverspb.ru/magazin/product/pasticciere-korob-kartonnyj-belyj-hrom-erzac-280h280h140mm-100sht-kor/next","/magazin/product/pasticciere-korob-kartonnyj-belyj-hrom-erzac-280h280h140mm-100sht-kor/next","301","alias","","","","/magazin/product/paket-dlya-musora-pvd-rulon-30-l-50-sht","","","","",,"","REVIEW","MegaGroup navigation alias currently redirects to /magazin/product/paket-dlya-musora-pvd-rulon-30-l-50-sht; do not migrate automatically","REVIEW"
"https://cloverspb.ru/magazin/product/lanch-boks-odnosekcionnyj-belyj-premium/prev","/magazin/product/lanch-boks-odnosekcionnyj-belyj-premium/prev","301","alias","","","","/magazin/product/lanchboks-bez-sekcij-246h196h70-belyj-vsp-50-200","","","","",,"","REVIEW","MegaGroup navigation alias currently redirects to /magazin/product/lanchboks-bez-sekcij-246h196h70-belyj-vsp-50-200; do not migrate automatically","REVIEW"
"https://cloverspb.ru/magazin/product/lanch-boks-odnosekcionnyj-belyj-premium/next","/magazin/product/lanch-boks-odnosekcionnyj-belyj-premium/next","301","alias","","","","/magazin/product/lanch-boks-2-sekcionnyj-belyj-premium","","","","",,"","REVIEW","MegaGroup navigation alias currently redirects to /magazin/product/lanch-boks-2-sekcionnyj-belyj-premium; do not migrate automatically","REVIEW"
"https://cloverspb.ru/magazin/product/lanch-boks-2-sekcionnyj-belyj-premium/prev","/magazin/product/lanch-boks-2-sekcionnyj-belyj-premium/prev","301","alias","","","","/magazin/product/lanch-boks-odnosekcionnyj-belyj-premium","","","","",,"","REVIEW","MegaGroup navigation alias currently redirects to /magazin/product/lanch-boks-odnosekcionnyj-belyj-premium; do not migrate automatically","REVIEW"
"https://cloverspb.ru/magazin/product/lanch-boks-2-sekcionnyj-belyj-premium/next","/magazin/product/lanch-boks-2-sekcionnyj-belyj-premium/next","301","alias","","","","/magazin/product/lanch-boks-3-sekcionnyj-belyj-premium","","","","",,"","REVIEW","MegaGroup navigation alias currently redirects to /magazin/product/lanch-boks-3-sekcionnyj-belyj-premium; do not migrate automatically","REVIEW"
"https://cloverspb.ru/magazin/product/lanch-boks-3-sekcionnyj-belyj-premium/prev","/magazin/product/lanch-boks-3-sekcionnyj-belyj-premium/prev","301","alias","","","","/magazin/product/lanch-boks-2-sekcionnyj-belyj-premium","","","","",,"","REVIEW","MegaGroup navigation alias currently redirects to /magazin/product/lanch-boks-2-sekcionnyj-belyj-premium; do not migrate automatically","REVIEW"
"https://cloverspb.ru/magazin/product/lanch-boks-3-sekcionnyj-belyj-premium/next","/magazin/product/lanch-boks-3-sekcionnyj-belyj-premium/next","301","alias","","","","/magazin/product/lanch-boks-pps-3-sekc-chernyj-100","","","","",,"","REVIEW","MegaGroup navigation alias currently redirects to /magazin/product/lanch-boks-pps-3-sekc-chernyj-100; do not migrate automatically","REVIEW"
"https://cloverspb.ru/magazin/product/perchatki-rezinovye-usilennye-m-vileda/prev","/magazin/product/perchatki-rezinovye-usilennye-m-vileda/prev","301","alias","","","","/magazin/product/perchatki-rezinovye-sverhprochnye-krasno-belye-s","","","","",,"","REVIEW","MegaGroup navigation alias currently redirects to /magazin/product/perchatki-rezinovye-sverhprochnye-krasno-belye-s; do not migrate automatically","REVIEW"
"https://cloverspb.ru/magazin/product/perchatki-rezinovye-usilennye-m-vileda/next","/magazin/product/perchatki-rezinovye-usilennye-m-vileda/next","301","alias","","","","/magazin/product/perchatki-rezinovye-usilennye-l-vileda","","","","",,"","REVIEW","MegaGroup navigation alias currently redirects to /magazin/product/perchatki-rezinovye-usilennye-l-vileda; do not migrate automatically","REVIEW"
"https://cloverspb.ru/magazin/product/perchatki-rezinovye-usilennye-l-vileda/prev","/magazin/product/perchatki-rezinovye-usilennye-l-vileda/prev","301","alias","","","","/magazin/product/perchatki-rezinovye-usilennye-m-vileda","","","","",,"","REVIEW","MegaGroup navigation alias currently redirects to /magazin/product/perchatki-rezinovye-usilennye-m-vileda; do not migrate automatically","REVIEW"
"https://cloverspb.ru/magazin/product/perchatki-rezinovye-usilennye-l-vileda/next","/magazin/product/perchatki-rezinovye-usilennye-l-vileda/next","301","alias","","","","/magazin/product/stroitelnye-perchatki-s-pvh-chernye","","","","",,"","REVIEW","MegaGroup navigation alias currently redirects to /magazin/product/stroitelnye-perchatki-s-pvh-chernye; do not migrate automatically","REVIEW"
"https://cloverspb.ru/magazin/product/paket-fasovochnyj-30-sm-h-40-sm/prev","/magazin/product/paket-fasovochnyj-30-sm-h-40-sm/prev","301","alias","","","","/magazin/product/paket-fasovochnyj-25-sm-h-35-sm","","","","",,"","REVIEW","MegaGroup navigation alias currently redirects to /magazin/product/paket-fasovochnyj-25-sm-h-35-sm; do not migrate automatically","REVIEW"
"https://cloverspb.ru/magazin/product/paket-fasovochnyj-30-sm-h-40-sm/next","/magazin/product/paket-fasovochnyj-30-sm-h-40-sm/next","301","alias","","","","/magazin/product/paket-fasovochnyj-15-20sm-1000sht-upak","","","","",,"","REVIEW","MegaGroup navigation alias currently redirects to /magazin/product/paket-fasovochnyj-15-20sm-1000sht-upak; do not migrate automatically","REVIEW"
"https://cloverspb.ru/magazin/product/konditerskij-meshok-sinij-53-sm-75-mkm-100sht/prev","/magazin/product/konditerskij-meshok-sinij-53-sm-75-mkm-100sht/prev","301","alias","","","","/magazin/product/shpagat-dzhutovyj-100m","","","","",,"","REVIEW","MegaGroup navigation alias currently redirects to /magazin/product/shpagat-dzhutovyj-100m; do not migrate automatically","REVIEW"
"https://cloverspb.ru/magazin/product/konditerskij-meshok-sinij-53-sm-75-mkm-100sht/next","/magazin/product/konditerskij-meshok-sinij-53-sm-75-mkm-100sht/next","301","alias","","","","/magazin/product/shpagat-dzhutovyj-100m","","","","",,"","REVIEW","MegaGroup navigation alias currently redirects to /magazin/product/shpagat-dzhutovyj-100m; do not migrate automatically","REVIEW"
"https://cloverspb.ru/magazin/product/paket-dlya-musora-v-rulone-20-sht-60-litrov-osoboprochnye/prev","/magazin/product/paket-dlya-musora-v-rulone-20-sht-60-litrov-osoboprochnye/prev","301","alias","","","","/magazin/product/paket-dlya-musora-pvd-rulon-60-l-50-sht","","","","",,"","REVIEW","MegaGroup navigation alias currently redirects to /magazin/product/paket-dlya-musora-pvd-rulon-60-l-50-sht; do not migrate automatically","REVIEW"
"https://cloverspb.ru/magazin/product/paket-dlya-musora-v-rulone-20-sht-60-litrov-osoboprochnye/next","/magazin/product/paket-dlya-musora-v-rulone-20-sht-60-litrov-osoboprochnye/next","301","alias","","","","/magazin/product/paket-dlya-musora-v-rulone-10-sht-120-litrov","","","","",,"","REVIEW","MegaGroup navigation alias currently redirects to /magazin/product/paket-dlya-musora-v-rulone-10-sht-120-litrov; do not migrate automatically","REVIEW"
"https://cloverspb.ru/magazin/product/salfetki-bumazhnye-23-5-sm-h-23-5-sm-1-slojnye/prev","/magazin/product/salfetki-bumazhnye-23-5-sm-h-23-5-sm-1-slojnye/prev","301","alias","","","","/magazin/product/salfetki-bumazhnye-33-sm-h-33-sm-krasnye-200sht","","","","",,"","REVIEW","MegaGroup navigation alias currently redirects to /magazin/product/salfetki-bumazhnye-33-sm-h-33-sm-krasnye-200sht; do not migrate automatically","REVIEW"
"https://cloverspb.ru/magazin/product/salfetki-bumazhnye-23-5-sm-h-23-5-sm-1-slojnye/next","/magazin/product/salfetki-bumazhnye-23-5-sm-h-23-5-sm-1-slojnye/next","301","alias","","","","/magazin/product/salfetki-stolovye-dlya-dispensera-lime-247100","","","","",,"","REVIEW","MegaGroup navigation alias currently redirects to /magazin/product/salfetki-stolovye-dlya-dispensera-lime-247100; do not migrate automatically","REVIEW"
"https://cloverspb.ru/magazin/product/korobka-dlya-piccy-25sm-h-25sm-belyj-gofrokarton/prev","/magazin/product/korobka-dlya-piccy-25sm-h-25sm-belyj-gofrokarton/prev","301","alias","","","","/magazin/product/korobka-dlya-piccy-40-5sm-h-40-5sm-belyj-gofrokarton","","","","",,"","REVIEW","MegaGroup navigation alias currently redirects to /magazin/product/korobka-dlya-piccy-40-5sm-h-40-5sm-belyj-gofrokarton; do not migrate automatically","REVIEW"
"https://cloverspb.ru/magazin/product/korobka-dlya-piccy-25sm-h-25sm-belyj-gofrokarton/next","/magazin/product/korobka-dlya-piccy-25sm-h-25sm-belyj-gofrokarton/next","301","alias","","","","/magazin/product/korobki-dlya-piccy-33-33sm-45mm-belyj-gofrokarton-50","","","","",,"","REVIEW","MegaGroup navigation alias currently redirects to /magazin/product/korobki-dlya-piccy-33-33sm-45mm-belyj-gofrokarton-50; do not migrate automatically","REVIEW"
"https://cloverspb.ru/magazin/product/korobka-dlya-piccy-40-5sm-h-40-5sm-belyj-gofrokarton/prev","/magazin/product/korobka-dlya-piccy-40-5sm-h-40-5sm-belyj-gofrokarton/prev","301","alias","","","","/magazin/product/korobka-dlya-piccy-piroga-hachapuri-280h180h50mm-buraya","","","","",,"","REVIEW","MegaGroup navigation alias currently redirects to /magazin/product/korobka-dlya-piccy-piroga-hachapuri-280h180h50mm-buraya; do not migrate automatically","REVIEW"
"https://cloverspb.ru/magazin/product/korobka-dlya-piccy-40-5sm-h-40-5sm-belyj-gofrokarton/next","/magazin/product/korobka-dlya-piccy-40-5sm-h-40-5sm-belyj-gofrokarton/next","301","alias","","","","/magazin/product/korobka-dlya-piccy-25sm-h-25sm-belyj-gofrokarton","","","","",,"","REVIEW","MegaGroup navigation alias currently redirects to /magazin/product/korobka-dlya-piccy-25sm-h-25sm-belyj-gofrokarton; do not migrate automatically","REVIEW"
"https://cloverspb.ru/magazin/product/restorannyj-schet/prev","/magazin/product/restorannyj-schet/prev","301","alias","","","","/magazin/product/lenta-kassovaya-80-12mm-70m","","","","",,"","REVIEW","MegaGroup navigation alias currently redirects to /magazin/product/lenta-kassovaya-80-12mm-70m; do not migrate automatically","REVIEW"
"https://cloverspb.ru/magazin/product/restorannyj-schet/next","/magazin/product/restorannyj-schet/next","301","alias","","","","/magazin/product/bumaga-a4-80g-m2-500l-upak","","","","",,"","REVIEW","MegaGroup navigation alias currently redirects to /magazin/product/bumaga-a4-80g-m2-500l-upak; do not migrate automatically","REVIEW"
"https://cloverspb.ru/magazin/product/bloknot-a6/prev","/magazin/product/bloknot-a6/prev","301","alias","","","","/magazin/product/ruchka-sharikovaya","","","","",,"","REVIEW","MegaGroup navigation alias currently redirects to /magazin/product/ruchka-sharikovaya; do not migrate automatically","REVIEW"
"https://cloverspb.ru/magazin/product/bloknot-a6/next","/magazin/product/bloknot-a6/next","301","alias","","","","/magazin/product/marker-chernyj","","","","",,"","REVIEW","MegaGroup navigation alias currently redirects to /magazin/product/marker-chernyj; do not migrate automatically","REVIEW"
"https://cloverspb.ru/magazin/product/ruchka-sharikovaya/prev","/magazin/product/ruchka-sharikovaya/prev","301","alias","","","","/magazin/product/bumaga-a4-80g-m2-500l-upak","","","","",,"","REVIEW","MegaGroup navigation alias currently redirects to /magazin/product/bumaga-a4-80g-m2-500l-upak; do not migrate automatically","REVIEW"
"https://cloverspb.ru/magazin/product/ruchka-sharikovaya/next","/magazin/product/ruchka-sharikovaya/next","301","alias","","","","/magazin/product/bloknot-a6","","","","",,"","REVIEW","MegaGroup navigation alias currently redirects to /magazin/product/bloknot-a6; do not migrate automatically","REVIEW"
"https://cloverspb.ru/magazin/product/marker-chernyj/prev","/magazin/product/marker-chernyj/prev","301","alias","","","","/magazin/product/bloknot-a6","","","","",,"","REVIEW","MegaGroup navigation alias currently redirects to /magazin/product/bloknot-a6; do not migrate automatically","REVIEW"
"https://cloverspb.ru/magazin/product/marker-chernyj/next","/magazin/product/marker-chernyj/next","301","alias","","","","/magazin/product/lenta-kassovaya-57-12mm-17m","","","","",,"","REVIEW","MegaGroup navigation alias currently redirects to /magazin/product/lenta-kassovaya-57-12mm-17m; do not migrate automatically","REVIEW"
"https://cloverspb.ru/magazin/product/bumazhnoe-polotence-myagkij-znak/prev","/magazin/product/bumazhnoe-polotence-myagkij-znak/prev","301","alias","","","","/magazin/product/polotenca-focus-v-ukladka-1-slojnye-250-listov","","","","",,"","REVIEW","MegaGroup navigation alias currently redirects to /magazin/product/polotenca-focus-v-ukladka-1-slojnye-250-listov; do not migrate automatically","REVIEW"
"https://cloverspb.ru/magazin/product/bumazhnoe-polotence-myagkij-znak/next","/magazin/product/bumazhnoe-polotence-myagkij-znak/next","301","alias","","","","/magazin/product/polotenca-focus-z-ukladka-1-slojnye-200-listov","","","","",,"","REVIEW","MegaGroup navigation alias currently redirects to /magazin/product/polotenca-focus-z-ukladka-1-slojnye-200-listov; do not migrate automatically","REVIEW"
"https://cloverspb.ru/magazin/product/stakan-bumazhnyj-chernyj-400-ml/prev","/magazin/product/stakan-bumazhnyj-chernyj-400-ml/prev","301","alias","","","","/magazin/product/stakan-pet-prozrachnyj-200ml-50sht-upak","","","","",,"","REVIEW","MegaGroup navigation alias currently redirects to /magazin/product/stakan-pet-prozrachnyj-200ml-50sht-upak; do not migrate automatically","REVIEW"
"https://cloverspb.ru/magazin/product/stakan-bumazhnyj-chernyj-400-ml/next","/magazin/product/stakan-bumazhnyj-chernyj-400-ml/next","301","alias","","","","/magazin/product/derzhatel-dlya-4h-stakanov","","","","",,"","REVIEW","MegaGroup navigation alias currently redirects to /magazin/product/derzhatel-dlya-4h-stakanov; do not migrate automatically","REVIEW"
"https://cloverspb.ru/magazin/product/salfetki-bumazhnye-big-pak-33h33-1-sl-belye-300sht/prev","/magazin/product/salfetki-bumazhnye-big-pak-33h33-1-sl-belye-300sht/prev","301","alias","","","","/magazin/product/salfetki-bumazhnye-24-sm-h-24-sm-1-slojnye-krasnye-400sht","","","","",,"","REVIEW","MegaGroup navigation alias currently redirects to /magazin/product/salfetki-bumazhnye-24-sm-h-24-sm-1-slojnye-krasnye-400sht; do not migrate automatically","REVIEW"
"https://cloverspb.ru/magazin/product/salfetki-bumazhnye-big-pak-33h33-1-sl-belye-300sht/next","/magazin/product/salfetki-bumazhnye-big-pak-33h33-1-sl-belye-300sht/next","301","alias","","","","/magazin/product/salfetki-bumazhnye-24-sm-h-24-sm-2-sl-chernye-250-listov","","","","",,"","REVIEW","MegaGroup navigation alias currently redirects to /magazin/product/salfetki-bumazhnye-24-sm-h-24-sm-2-sl-chernye-250-listov; do not migrate automatically","REVIEW"
"https://cloverspb.ru/magazin/product/bumaga-tualetnaya-1-sl-svetlo-seraya-200m/prev","/magazin/product/bumaga-tualetnaya-1-sl-svetlo-seraya-200m/prev","301","alias","","","","/magazin/product/bumaga-tualetnaya-myagkij-znak-1-sl-belaya","","","","",,"","REVIEW","MegaGroup navigation alias currently redirects to /magazin/product/bumaga-tualetnaya-myagkij-znak-1-sl-belaya; do not migrate automatically","REVIEW"
"https://cloverspb.ru/magazin/product/bumaga-tualetnaya-1-sl-svetlo-seraya-200m/next","/magazin/product/bumaga-tualetnaya-1-sl-svetlo-seraya-200m/next","301","alias","","","","/magazin/product/bumaga-tualetnaya-myagkij-znak-bukvy-2-sl-belaya-4rul-up","","","","",,"","REVIEW","MegaGroup navigation alias currently redirects to /magazin/product/bumaga-tualetnaya-myagkij-znak-bukvy-2-sl-belaya-4rul-up; do not migrate automatically","REVIEW"
"https://cloverspb.ru/magazin/product/bumaga-tualetnaya-myagkij-znak-1-sl-belaya/prev","/magazin/product/bumaga-tualetnaya-myagkij-znak-1-sl-belaya/prev","301","alias","","","","/magazin/product/tualetnaya-bumaga-tork-t1-1-sl-525-metrov-120195","","","","",,"","REVIEW","MegaGroup navigation alias currently redirects to /magazin/product/tualetnaya-bumaga-tork-t1-1-sl-525-metrov-120195; do not migrate automatically","REVIEW"
"https://cloverspb.ru/magazin/product/bumaga-tualetnaya-myagkij-znak-1-sl-belaya/next","/magazin/product/bumaga-tualetnaya-myagkij-znak-1-sl-belaya/next","301","alias","","","","/magazin/product/bumaga-tualetnaya-1-sl-svetlo-seraya-200m","","","","",,"","REVIEW","MegaGroup navigation alias currently redirects to /magazin/product/bumaga-tualetnaya-1-sl-svetlo-seraya-200m; do not migrate automatically","REVIEW"
"https://cloverspb.ru/magazin/product/bumaga-tualetnaya-myagkij-znak-bukvy-2-sl-belaya-4rul-up/prev","/magazin/product/bumaga-tualetnaya-myagkij-znak-bukvy-2-sl-belaya-4rul-up/prev","301","alias","","","","/magazin/product/bumaga-tualetnaya-1-sl-svetlo-seraya-200m","","","","",,"","REVIEW","MegaGroup navigation alias currently redirects to /magazin/product/bumaga-tualetnaya-1-sl-svetlo-seraya-200m; do not migrate automatically","REVIEW"
"https://cloverspb.ru/magazin/product/bumaga-tualetnaya-myagkij-znak-bukvy-2-sl-belaya-4rul-up/next","/magazin/product/bumaga-tualetnaya-myagkij-znak-bukvy-2-sl-belaya-4rul-up/next","301","alias","","","","/magazin/product/tualetnaya-bumaga-focus-1-slojnaya-200-metrov","","","","",,"","REVIEW","MegaGroup navigation alias currently redirects to /magazin/product/tualetnaya-bumaga-focus-1-slojnaya-200-metrov; do not migrate automatically","REVIEW"
"https://cloverspb.ru/magazin/product/salatnik-s-prozrachnoj-kryshkoj-black-edition/prev","/magazin/product/salatnik-s-prozrachnoj-kryshkoj-black-edition/prev","301","alias","","","","/magazin/product/kontejner-kartonnyj-eco-opsalad-350ml-s-prozrachnoj-kryshkoj-121-106-55mm-osq-50-350","","","","",,"","REVIEW","MegaGroup navigation alias currently redirects to /magazin/product/kontejner-kartonnyj-eco-opsalad-350ml-s-prozrachnoj-kryshkoj-121-106-55mm-osq-50-350; do not migrate automatically","REVIEW"
"https://cloverspb.ru/magazin/product/salatnik-s-prozrachnoj-kryshkoj-black-edition/next","/magazin/product/salatnik-s-prozrachnoj-kryshkoj-black-edition/next","301","alias","","","","/magazin/product/kontejner-bumazhnyj-eco-opsalad-500-kraft-s-prozr-krysh","","","","",,"","REVIEW","MegaGroup navigation alias currently redirects to /magazin/product/kontejner-bumazhnyj-eco-opsalad-500-kraft-s-prozr-krysh; do not migrate automatically","REVIEW"
"https://cloverspb.ru/magazin/product/kontejner-pryamoug-750ml-179-130-52mm-chernyj-pp-polier-500-500/prev","/magazin/product/kontejner-pryamoug-750ml-179-130-52mm-chernyj-pp-polier-500-500/prev","301","alias","","","","/magazin/product/kontejner-prozr-kruglyj-360ml-rr-bk-50-500-bez-kryshki","","","","",,"","REVIEW","MegaGroup navigation alias currently redirects to /magazin/product/kontejner-prozr-kruglyj-360ml-rr-bk-50-500-bez-kryshki; do not migrate automatically","REVIEW"
"https://cloverspb.ru/magazin/product/kontejner-pryamoug-750ml-179-130-52mm-chernyj-pp-polier-500-500/next","/magazin/product/kontejner-pryamoug-750ml-179-130-52mm-chernyj-pp-polier-500-500/next","301","alias","","","","/magazin/product/kontejner-pryamoug-750ml-179-130-52mm-prozr-pp-polier-500-500","","","","",,"","REVIEW","MegaGroup navigation alias currently redirects to /magazin/product/kontejner-pryamoug-750ml-179-130-52mm-prozr-pp-polier-500-500; do not migrate automatically","REVIEW"
"https://cloverspb.ru/magazin/product/kontejner-pryamoug-750ml-179-130-52mm-prozr-pp-polier-500-500/prev","/magazin/product/kontejner-pryamoug-750ml-179-130-52mm-prozr-pp-polier-500-500/prev","301","alias","","","","/magazin/product/kontejner-pryamoug-750ml-179-130-52mm-chernyj-pp-polier-500-500","","","","",,"","REVIEW","MegaGroup navigation alias currently redirects to /magazin/product/kontejner-pryamoug-750ml-179-130-52mm-chernyj-pp-polier-500-500; do not migrate automatically","REVIEW"
"https://cloverspb.ru/magazin/product/kontejner-pryamoug-750ml-179-130-52mm-prozr-pp-polier-500-500/next","/magazin/product/kontejner-pryamoug-750ml-179-130-52mm-prozr-pp-polier-500-500/next","301","alias","","","","/magazin/product/kontejner-pr-ms-500ml-kruglyj-chernyj-pp","","","","",,"","REVIEW","MegaGroup navigation alias currently redirects to /magazin/product/kontejner-pr-ms-500ml-kruglyj-chernyj-pp; do not migrate automatically","REVIEW"
"https://cloverspb.ru/magazin/product/kontejner-pryamoug-750ml-139-102-86mm-prozr-pp-polier-500-500/prev","/magazin/product/kontejner-pryamoug-750ml-139-102-86mm-prozr-pp-polier-500-500/prev","301","alias","","","","/magazin/product/kryshka-k-kont-360-500-600ml-d112-200sht-up-perint","","","","",,"","REVIEW","MegaGroup navigation alias currently redirects to /magazin/product/kryshka-k-kont-360-500-600ml-d112-200sht-up-perint; do not migrate automatically","REVIEW"
"https://cloverspb.ru/magazin/product/kontejner-pryamoug-750ml-139-102-86mm-prozr-pp-polier-500-500/next","/magazin/product/kontejner-pryamoug-750ml-139-102-86mm-prozr-pp-polier-500-500/next","301","alias","","","","/magazin/product/kryshka-k-kont-pr-ms-350-500ml-prozrachnaya-pp","","","","",,"","REVIEW","MegaGroup navigation alias currently redirects to /magazin/product/kryshka-k-kont-pr-ms-350-500ml-prozrachnaya-pp; do not migrate automatically","REVIEW"
"https://cloverspb.ru/magazin/product/kontejner-pryamoug-500ml-prozr-139-102-56-bez-kryshki-pp-polier-50-500/prev","/magazin/product/kontejner-pryamoug-500ml-prozr-139-102-56-bez-kryshki-pp-polier-50-500/prev","301","alias","","","","/magazin/product/kontejner-pryamoug-bez-kryshki-500ml-108-82-100mm-pp-100-100","","","","",,"","REVIEW","MegaGroup navigation alias currently redirects to /magazin/product/kontejner-pryamoug-bez-kryshki-500ml-108-82-100mm-pp-100-100; do not migrate automatically","REVIEW"
"https://cloverspb.ru/magazin/product/kontejner-pryamoug-500ml-prozr-139-102-56-bez-kryshki-pp-polier-50-500/next","/magazin/product/kontejner-pryamoug-500ml-prozr-139-102-56-bez-kryshki-pp-polier-50-500/next","301","alias","","","","/magazin/product/kryshka-k-kont-360-500-600ml-d112-200sht-up-perint","","","","",,"","REVIEW","MegaGroup navigation alias currently redirects to /magazin/product/kryshka-k-kont-360-500-600ml-d112-200sht-up-perint; do not migrate automatically","REVIEW"
"https://cloverspb.ru/magazin/product/kontejner-pryamoug-500ml-179-130-52mm-chernyj-pp-polier-500-500/prev","/magazin/product/kontejner-pryamoug-500ml-179-130-52mm-chernyj-pp-polier-500-500/prev","301","alias","","","","/magazin/product/kryshka-k-kont-pr-ms-350-500ml-prozrachnaya-pp","","","","",,"","REVIEW","MegaGroup navigation alias currently redirects to /magazin/product/kryshka-k-kont-pr-ms-350-500ml-prozrachnaya-pp; do not migrate automatically","REVIEW"
"https://cloverspb.ru/magazin/product/kontejner-pryamoug-500ml-179-130-52mm-chernyj-pp-polier-500-500/next","/magazin/product/kontejner-pryamoug-500ml-179-130-52mm-chernyj-pp-polier-500-500/next","301","alias","","","","/magazin/product/kontejner-pryamoug-500ml-179-130-35mm-prozr-pp-polier-500-500","","","","",,"","REVIEW","MegaGroup navigation alias currently redirects to /magazin/product/kontejner-pryamoug-500ml-179-130-35mm-prozr-pp-polier-500-500; do not migrate automatically","REVIEW"
"https://cloverspb.ru/magazin/product/kontejner-pryamoug-500ml-179-130-35mm-prozr-pp-polier-500-500/prev","/magazin/product/kontejner-pryamoug-500ml-179-130-35mm-prozr-pp-polier-500-500/prev","301","alias","","","","/magazin/product/kontejner-pryamoug-500ml-179-130-52mm-chernyj-pp-polier-500-500","","","","",,"","REVIEW","MegaGroup navigation alias currently redirects to /magazin/product/kontejner-pryamoug-500ml-179-130-52mm-chernyj-pp-polier-500-500; do not migrate automatically","REVIEW"
"https://cloverspb.ru/magazin/product/kontejner-pryamoug-500ml-179-130-35mm-prozr-pp-polier-500-500/next","/magazin/product/kontejner-pryamoug-500ml-179-130-35mm-prozr-pp-polier-500-500/next","301","alias","","","","/magazin/product/kontejner-500ml-d112-kruglyj-prochnyj-prozrachnyj-perint","","","","",,"","REVIEW","MegaGroup navigation alias currently redirects to /magazin/product/kontejner-500ml-d112-kruglyj-prochnyj-prozrachnyj-perint; do not migrate automatically","REVIEW"
"https://cloverspb.ru/magazin/product/kontejner-pryamoug-2000ml-179-130-123mm-prozr-pp-polier-500-500/prev","/magazin/product/kontejner-pryamoug-2000ml-179-130-123mm-prozr-pp-polier-500-500/prev","301","alias","","","","/magazin/product/kontejner-500ml-d112-kruglyj-prozrachnyj-pp-60sht-s-kryshkoj","","","","",,"","REVIEW","MegaGroup navigation alias currently redirects to /magazin/product/kontejner-500ml-d112-kruglyj-prozrachnyj-pp-60sht-s-kryshkoj; do not migrate automatically","REVIEW"
"https://cloverspb.ru/magazin/product/kontejner-pryamoug-2000ml-179-130-123mm-prozr-pp-polier-500-500/next","/magazin/product/kontejner-pryamoug-2000ml-179-130-123mm-prozr-pp-polier-500-500/next","301","alias","","","","/magazin/product/kryshka-k-kont-spk-190k-750ml-kruglaya-prozrachnaya-pet","","","","",,"","REVIEW","MegaGroup navigation alias currently redirects to /magazin/product/kryshka-k-kont-spk-190k-750ml-kruglaya-prozrachnaya-pet; do not migrate automatically","REVIEW"
"https://cloverspb.ru/magazin/product/kontejner-pryamoug-1500ml-179-130-98-mm-prozr-pp-polier-500-500/prev","/magazin/product/kontejner-pryamoug-1500ml-179-130-98-mm-prozr-pp-polier-500-500/prev","301","alias","","","","/magazin/product/kontejner-pryam-1000ml-179-132-chernyj-pp-polier","","","","",,"","REVIEW","MegaGroup navigation alias currently redirects to /magazin/product/kontejner-pryam-1000ml-179-132-chernyj-pp-polier; do not migrate automatically","REVIEW"
"https://cloverspb.ru/magazin/product/kontejner-pryamoug-1500ml-179-130-98-mm-prozr-pp-polier-500-500/next","/magazin/product/kontejner-pryamoug-1500ml-179-130-98-mm-prozr-pp-polier-500-500/next","301","alias","","","","/magazin/product/kontejner-500ml-d112-kruglyj-prozrachnyj-pp-60sht-s-kryshkoj","","","","",,"","REVIEW","MegaGroup navigation alias currently redirects to /magazin/product/kontejner-500ml-d112-kruglyj-prozrachnyj-pp-60sht-s-kryshkoj; do not migrate automatically","REVIEW"
"https://cloverspb.ru/magazin/product/kontejner-pryam-1000ml-179-132-prozr-pp-polier/prev","/magazin/product/kontejner-pryam-1000ml-179-132-prozr-pp-polier/prev","301","alias","","","","/magazin/product/kontejner-pr-ms-350ml-kruglyj-chernyj-pp","","","","",,"","REVIEW","MegaGroup navigation alias currently redirects to /magazin/product/kontejner-pr-ms-350ml-kruglyj-chernyj-pp; do not migrate automatically","REVIEW"
"https://cloverspb.ru/magazin/product/kontejner-pryam-1000ml-179-132-prozr-pp-polier/next","/magazin/product/kontejner-pryam-1000ml-179-132-prozr-pp-polier/next","301","alias","","","","/magazin/product/kontejner-pryam-1000ml-179-132-chernyj-pp-polier","","","","",,"","REVIEW","MegaGroup navigation alias currently redirects to /magazin/product/kontejner-pryam-1000ml-179-132-chernyj-pp-polier; do not migrate automatically","REVIEW"
"https://cloverspb.ru/magazin/product/kontejner-pryam-1000ml-179-132-chernyj-pp-polier/prev","/magazin/product/kontejner-pryam-1000ml-179-132-chernyj-pp-polier/prev","301","alias","","","","/magazin/product/kontejner-pryam-1000ml-179-132-prozr-pp-polier","","","","",,"","REVIEW","MegaGroup navigation alias currently redirects to /magazin/product/kontejner-pryam-1000ml-179-132-prozr-pp-polier; do not migrate automatically","REVIEW"
"https://cloverspb.ru/magazin/product/kontejner-pryam-1000ml-179-132-chernyj-pp-polier/next","/magazin/product/kontejner-pryam-1000ml-179-132-chernyj-pp-polier/next","301","alias","","","","/magazin/product/kontejner-pryamoug-1500ml-179-130-98-mm-prozr-pp-polier-500-500","","","","",,"","REVIEW","MegaGroup navigation alias currently redirects to /magazin/product/kontejner-pryamoug-1500ml-179-130-98-mm-prozr-pp-polier-500-500; do not migrate automatically","REVIEW"
"https://cloverspb.ru/magazin/product/kontejner-pryam-350ml-prozr-139-102-39ml-bez-kryshki-pp-polier-50-50/prev","/magazin/product/kontejner-pryam-350ml-prozr-139-102-39ml-bez-kryshki-pp-polier-50-50/prev","301","alias","","","","/magazin/product/kontejner-pryamoug-250ml-108-82-48mm-bez-kryshki100-1000","","","","",,"","REVIEW","MegaGroup navigation alias currently redirects to /magazin/product/kontejner-pryamoug-250ml-108-82-48mm-bez-kryshki100-1000; do not migrate automatically","REVIEW"
"https://cloverspb.ru/magazin/product/kontejner-pryam-350ml-prozr-139-102-39ml-bez-kryshki-pp-polier-50-50/next","/magazin/product/kontejner-pryam-350ml-prozr-139-102-39ml-bez-kryshki-pp-polier-50-50/next","301","alias","","","","/magazin/product/kontejner-pryamoug-bez-kryshki-500ml-108-82-100mm-pp-100-100","","","","",,"","REVIEW","MegaGroup navigation alias currently redirects to /magazin/product/kontejner-pryamoug-bez-kryshki-500ml-108-82-100mm-pp-100-100; do not migrate automatically","REVIEW"
"https://cloverspb.ru/magazin/product/kontejner-pryamoug-250ml-108-82-48mm-bez-kryshki100-1000/prev","/magazin/product/kontejner-pryamoug-250ml-108-82-48mm-bez-kryshki100-1000/prev","301","alias","","","","/magazin/product/kryshka-alyum-kart-cr28l-140x155mm-k-forme-alyum-rn28l","","","","",,"","REVIEW","MegaGroup navigation alias currently redirects to /magazin/product/kryshka-alyum-kart-cr28l-140x155mm-k-forme-alyum-rn28l; do not migrate automatically","REVIEW"
"https://cloverspb.ru/magazin/product/kontejner-pryamoug-250ml-108-82-48mm-bez-kryshki100-1000/next","/magazin/product/kontejner-pryamoug-250ml-108-82-48mm-bez-kryshki100-1000/next","301","alias","","","","/magazin/product/kontejner-pryam-350ml-prozr-139-102-39ml-bez-kryshki-pp-polier-50-50","","","","",,"","REVIEW","MegaGroup navigation alias currently redirects to /magazin/product/kontejner-pryam-350ml-prozr-139-102-39ml-bez-kryshki-pp-polier-50-50; do not migrate automatically","REVIEW"
"https://cloverspb.ru/magazin/product/kontejner-pryamoug-125ml-108-82-25mm-b-kryshki-prozr-pp-polier-100-100/prev","/magazin/product/kontejner-pryamoug-125ml-108-82-25mm-b-kryshki-prozr-pp-polier-100-100/prev","301","alias","","","","/magazin/product/vedro-5000-ml-s-kryshkoj","","","","",,"","REVIEW","MegaGroup navigation alias currently redirects to /magazin/product/vedro-5000-ml-s-kryshkoj; do not migrate automatically","REVIEW"
"https://cloverspb.ru/magazin/product/kontejner-pryamoug-125ml-108-82-25mm-b-kryshki-prozr-pp-polier-100-100/next","/magazin/product/kontejner-pryamoug-125ml-108-82-25mm-b-kryshki-prozr-pp-polier-100-100/next","301","alias","","","","/magazin/product/kryshka-alyum-kart-cr28l-140x155mm-k-forme-alyum-rn28l","","","","",,"","REVIEW","MegaGroup navigation alias currently redirects to /magazin/product/kryshka-alyum-kart-cr28l-140x155mm-k-forme-alyum-rn28l; do not migrate automatically","REVIEW"
"https://cloverspb.ru/magazin/product/kontejner-pryamoug-bez-kryshki-500ml-108-82-100mm-pp-100-100/prev","/magazin/product/kontejner-pryamoug-bez-kryshki-500ml-108-82-100mm-pp-100-100/prev","301","alias","","","","/magazin/product/kontejner-pryam-350ml-prozr-139-102-39ml-bez-kryshki-pp-polier-50-50","","","","",,"","REVIEW","MegaGroup navigation alias currently redirects to /magazin/product/kontejner-pryam-350ml-prozr-139-102-39ml-bez-kryshki-pp-polier-50-50; do not migrate automatically","REVIEW"
"https://cloverspb.ru/magazin/product/kontejner-pryamoug-bez-kryshki-500ml-108-82-100mm-pp-100-100/next","/magazin/product/kontejner-pryamoug-bez-kryshki-500ml-108-82-100mm-pp-100-100/next","301","alias","","","","/magazin/product/kontejner-pryamoug-500ml-prozr-139-102-56-bez-kryshki-pp-polier-50-500","","","","",,"","REVIEW","MegaGroup navigation alias currently redirects to /magazin/product/kontejner-pryamoug-500ml-prozr-139-102-56-bez-kryshki-pp-polier-50-500; do not migrate automatically","REVIEW"
"https://cloverspb.ru/magazin/product/kontejner-prozr-kruglyj-360ml-rr-bk-50-500-bez-kryshki/prev","/magazin/product/kontejner-prozr-kruglyj-360ml-rr-bk-50-500-bez-kryshki/prev","301","alias","","","","/magazin/product/kontejner-500ml-d112-kruglyj-prochnyj-prozrachnyj-perint","","","","",,"","REVIEW","MegaGroup navigation alias currently redirects to /magazin/product/kontejner-500ml-d112-kruglyj-prochnyj-prozrachnyj-perint; do not migrate automatically","REVIEW"
"https://cloverspb.ru/magazin/product/kontejner-prozr-kruglyj-360ml-rr-bk-50-500-bez-kryshki/next","/magazin/product/kontejner-prozr-kruglyj-360ml-rr-bk-50-500-bez-kryshki/next","301","alias","","","","/magazin/product/kontejner-pryamoug-750ml-179-130-52mm-chernyj-pp-polier-500-500","","","","",,"","REVIEW","MegaGroup navigation alias currently redirects to /magazin/product/kontejner-pryamoug-750ml-179-130-52mm-chernyj-pp-polier-500-500; do not migrate automatically","REVIEW"
"https://cloverspb.ru/magazin/product/lanchboks-2-sekcii-246h196h70-mm-belyj-vsp-50-200/prev","/magazin/product/lanchboks-2-sekcii-246h196h70-mm-belyj-vsp-50-200/prev","301","alias","","","","/magazin/product/lanch-boks-pps-2-sekc-chernyj-100","","","","",,"","REVIEW","MegaGroup navigation alias currently redirects to /magazin/product/lanch-boks-pps-2-sekc-chernyj-100; do not migrate automatically","REVIEW"
"https://cloverspb.ru/magazin/product/lanchboks-2-sekcii-246h196h70-mm-belyj-vsp-50-200/next","/magazin/product/lanchboks-2-sekcii-246h196h70-mm-belyj-vsp-50-200/next","301","alias","","","","/magazin/product/lanchboks-3-sekcii-246h196h70-mm-belyj-vsp-50-200","","","","",,"","REVIEW","MegaGroup navigation alias currently redirects to /magazin/product/lanchboks-3-sekcii-246h196h70-mm-belyj-vsp-50-200; do not migrate automatically","REVIEW"
"https://cloverspb.ru/magazin/product/lanchboks-3-sekcii-246h196h70-mm-belyj-vsp-50-200/prev","/magazin/product/lanchboks-3-sekcii-246h196h70-mm-belyj-vsp-50-200/prev","301","alias","","","","/magazin/product/lanchboks-2-sekcii-246h196h70-mm-belyj-vsp-50-200","","","","",,"","REVIEW","MegaGroup navigation alias currently redirects to /magazin/product/lanchboks-2-sekcii-246h196h70-mm-belyj-vsp-50-200; do not migrate automatically","REVIEW"
"https://cloverspb.ru/magazin/product/lanchboks-3-sekcii-246h196h70-mm-belyj-vsp-50-200/next","/magazin/product/lanchboks-3-sekcii-246h196h70-mm-belyj-vsp-50-200/next","301","alias","","","","/magazin/product/lanchboks-bez-sekcij-246h196h70-belyj-vsp-50-200","","","","",,"","REVIEW","MegaGroup navigation alias currently redirects to /magazin/product/lanchboks-bez-sekcij-246h196h70-belyj-vsp-50-200; do not migrate automatically","REVIEW"
"https://cloverspb.ru/magazin/product/lanchboks-bez-sekcij-246h196h70-belyj-vsp-50-200/prev","/magazin/product/lanchboks-bez-sekcij-246h196h70-belyj-vsp-50-200/prev","301","alias","","","","/magazin/product/lanchboks-3-sekcii-246h196h70-mm-belyj-vsp-50-200","","","","",,"","REVIEW","MegaGroup navigation alias currently redirects to /magazin/product/lanchboks-3-sekcii-246h196h70-mm-belyj-vsp-50-200; do not migrate automatically","REVIEW"
"https://cloverspb.ru/magazin/product/lanchboks-bez-sekcij-246h196h70-belyj-vsp-50-200/next","/magazin/product/lanchboks-bez-sekcij-246h196h70-belyj-vsp-50-200/next","301","alias","","","","/magazin/product/lanch-boks-odnosekcionnyj-belyj-premium","","","","",,"","REVIEW","MegaGroup navigation alias currently redirects to /magazin/product/lanch-boks-odnosekcionnyj-belyj-premium; do not migrate automatically","REVIEW"
"https://cloverspb.ru/magazin/product/sousnik-30ml-80sht-upak/prev","/magazin/product/sousnik-30ml-80sht-upak/prev","301","alias","","","","/magazin/product/sousnik-s-kryshkoj-30-ml-pokrov-chernyj","","","","",,"","REVIEW","MegaGroup navigation alias currently redirects to /magazin/product/sousnik-s-kryshkoj-30-ml-pokrov-chernyj; do not migrate automatically","REVIEW"
"https://cloverspb.ru/magazin/product/sousnik-30ml-80sht-upak/next","/magazin/product/sousnik-30ml-80sht-upak/next","301","alias","","","","/magazin/product/sousnik-s-kryshkoj-50-ml-pokrov-chernyj","","","","",,"","REVIEW","MegaGroup navigation alias currently redirects to /magazin/product/sousnik-s-kryshkoj-50-ml-pokrov-chernyj; do not migrate automatically","REVIEW"
"https://cloverspb.ru/magazin/product/sousnik-50ml-80sht-upak/prev","/magazin/product/sousnik-50ml-80sht-upak/prev","301","alias","","","","/magazin/product/sousnik-s-kryshkoj-50-ml-pokrov-chernyj","","","","",,"","REVIEW","MegaGroup navigation alias currently redirects to /magazin/product/sousnik-s-kryshkoj-50-ml-pokrov-chernyj; do not migrate automatically","REVIEW"
"https://cloverspb.ru/magazin/product/sousnik-50ml-80sht-upak/next","/magazin/product/sousnik-50ml-80sht-upak/next","301","alias","","","","/magazin/product/sousnik-80ml-80sht-upak","","","","",,"","REVIEW","MegaGroup navigation alias currently redirects to /magazin/product/sousnik-80ml-80sht-upak; do not migrate automatically","REVIEW"
"https://cloverspb.ru/magazin/product/sousnik-80ml-80sht-upak/prev","/magazin/product/sousnik-80ml-80sht-upak/prev","301","alias","","","","/magazin/product/sousnik-50ml-80sht-upak","","","","",,"","REVIEW","MegaGroup navigation alias currently redirects to /magazin/product/sousnik-50ml-80sht-upak; do not migrate automatically","REVIEW"
"https://cloverspb.ru/magazin/product/sousnik-80ml-80sht-upak/next","/magazin/product/sousnik-80ml-80sht-upak/next","301","alias","","","","/magazin/product/kryshka-k-sousniku-s11-117h85-prozrachnaya","","","","",,"","REVIEW","MegaGroup navigation alias currently redirects to /magazin/product/kryshka-k-sousniku-s11-117h85-prozrachnaya; do not migrate automatically","REVIEW"
"https://cloverspb.ru/magazin/product/tarelka-odnorazovaya-175-mm-belaya-kartonnaya-pavlovsk-1000-1000/prev","/magazin/product/tarelka-odnorazovaya-175-mm-belaya-kartonnaya-pavlovsk-1000-1000/prev","301","alias","","","","/magazin/product/tarelka-22-sm-bez-sekcij-plastikovaya-belaya","","","","",,"","REVIEW","MegaGroup navigation alias currently redirects to /magazin/product/tarelka-22-sm-bez-sekcij-plastikovaya-belaya; do not migrate automatically","REVIEW"
"https://cloverspb.ru/magazin/product/tarelka-odnorazovaya-175-mm-belaya-kartonnaya-pavlovsk-1000-1000/next","/magazin/product/tarelka-odnorazovaya-175-mm-belaya-kartonnaya-pavlovsk-1000-1000/next","301","alias","","","","/magazin/product/tarelka-odnorazovaya-205mm-3-h-sekcionnaya-belaya-ps-polier-100-1800","","","","",,"","REVIEW","MegaGroup navigation alias currently redirects to /magazin/product/tarelka-odnorazovaya-205mm-3-h-sekcionnaya-belaya-ps-polier-100-1800; do not migrate automatically","REVIEW"
"https://cloverspb.ru/magazin/product/tarelka-odnorazovaya-205mm-3-h-sekcionnaya-belaya-ps-polier-100-1800/prev","/magazin/product/tarelka-odnorazovaya-205mm-3-h-sekcionnaya-belaya-ps-polier-100-1800/prev","301","alias","","","","/magazin/product/tarelka-odnorazovaya-175-mm-belaya-kartonnaya-pavlovsk-1000-1000","","","","",,"","REVIEW","MegaGroup navigation alias currently redirects to /magazin/product/tarelka-odnorazovaya-175-mm-belaya-kartonnaya-pavlovsk-1000-1000; do not migrate automatically","REVIEW"
"https://cloverspb.ru/magazin/product/tarelka-odnorazovaya-205mm-3-h-sekcionnaya-belaya-ps-polier-100-1800/next","/magazin/product/tarelka-odnorazovaya-205mm-3-h-sekcionnaya-belaya-ps-polier-100-1800/next","301","alias","","","","/magazin/product/tarelka-22-sm-bez-sekcij-plastikovaya-belaya","","","","",,"","REVIEW","MegaGroup navigation alias currently redirects to /magazin/product/tarelka-22-sm-bez-sekcij-plastikovaya-belaya; do not migrate automatically","REVIEW"
"https://cloverspb.ru/magazin/product/vilka-odn-165-mm-belaya-ps-rts-100-2000/prev","/magazin/product/vilka-odn-165-mm-belaya-ps-rts-100-2000/prev","301","alias","","","","/magazin/product/lozhka-chajnaya-odn-125-mm-bel-ps-rts-100-4000","","","","",,"","REVIEW","MegaGroup navigation alias currently redirects to /magazin/product/lozhka-chajnaya-odn-125-mm-bel-ps-rts-100-4000; do not migrate automatically","REVIEW"
"https://cloverspb.ru/magazin/product/vilka-odn-165-mm-belaya-ps-rts-100-2000/next","/magazin/product/vilka-odn-165-mm-belaya-ps-rts-100-2000/next","301","alias","","","","/magazin/product/lozhka-stolovaya-odn-165mm-bel-ps-rts-100-2000","","","","",,"","REVIEW","MegaGroup navigation alias currently redirects to /magazin/product/lozhka-stolovaya-odn-165mm-bel-ps-rts-100-2000; do not migrate automatically","REVIEW"
"https://cloverspb.ru/magazin/product/vilka-odn-180-mm-prozr-ps-pokrov-50-2000/prev","/magazin/product/vilka-odn-180-mm-prozr-ps-pokrov-50-2000/prev","301","alias","","","","/magazin/product/lozhka-plastikovaya-prozrachnaya-premium","","","","",,"","REVIEW","MegaGroup navigation alias currently redirects to /magazin/product/lozhka-plastikovaya-prozrachnaya-premium; do not migrate automatically","REVIEW"
"https://cloverspb.ru/magazin/product/vilka-odn-180-mm-prozr-ps-pokrov-50-2000/next","/magazin/product/vilka-odn-180-mm-prozr-ps-pokrov-50-2000/next","301","alias","","","","/magazin/product/nozh-plastikovyj-prozrachnyj-premium","","","","",,"","REVIEW","MegaGroup navigation alias currently redirects to /magazin/product/nozh-plastikovyj-prozrachnyj-premium; do not migrate automatically","REVIEW"
"https://cloverspb.ru/magazin/product/lozhka-stolovaya-odn-165mm-bel-ps-rts-100-2000/prev","/magazin/product/lozhka-stolovaya-odn-165mm-bel-ps-rts-100-2000/prev","301","alias","","","","/magazin/product/vilka-odn-165-mm-belaya-ps-rts-100-2000","","","","",,"","REVIEW","MegaGroup navigation alias currently redirects to /magazin/product/vilka-odn-165-mm-belaya-ps-rts-100-2000; do not migrate automatically","REVIEW"
"https://cloverspb.ru/magazin/product/lozhka-stolovaya-odn-165mm-bel-ps-rts-100-2000/next","/magazin/product/lozhka-stolovaya-odn-165mm-bel-ps-rts-100-2000/next","301","alias","","","","/magazin/product/nozh-odn-165-mm-belyj-ps-200-5000","","","","",,"","REVIEW","MegaGroup navigation alias currently redirects to /magazin/product/nozh-odn-165-mm-belyj-ps-200-5000; do not migrate automatically","REVIEW"
"https://cloverspb.ru/magazin/product/lozhka-chajnaya-odn-125-mm-bel-ps-rts-100-4000/prev","/magazin/product/lozhka-chajnaya-odn-125-mm-bel-ps-rts-100-4000/prev","301","alias","","","","/magazin/product/nozh-plastikovyj-prozrachnyj-premium","","","","",,"","REVIEW","MegaGroup navigation alias currently redirects to /magazin/product/nozh-plastikovyj-prozrachnyj-premium; do not migrate automatically","REVIEW"
"https://cloverspb.ru/magazin/product/lozhka-chajnaya-odn-125-mm-bel-ps-rts-100-4000/next","/magazin/product/lozhka-chajnaya-odn-125-mm-bel-ps-rts-100-4000/next","301","alias","","","","/magazin/product/vilka-odn-165-mm-belaya-ps-rts-100-2000","","","","",,"","REVIEW","MegaGroup navigation alias currently redirects to /magazin/product/vilka-odn-165-mm-belaya-ps-rts-100-2000; do not migrate automatically","REVIEW"
"https://cloverspb.ru/magazin/product/nozh-odn-165-mm-belyj-ps-200-5000/prev","/magazin/product/nozh-odn-165-mm-belyj-ps-200-5000/prev","301","alias","","","","/magazin/product/lozhka-stolovaya-odn-165mm-bel-ps-rts-100-2000","","","","",,"","REVIEW","MegaGroup navigation alias currently redirects to /magazin/product/lozhka-stolovaya-odn-165mm-bel-ps-rts-100-2000; do not migrate automatically","REVIEW"
"https://cloverspb.ru/magazin/product/nozh-odn-165-mm-belyj-ps-200-5000/next","/magazin/product/nozh-odn-165-mm-belyj-ps-200-5000/next","301","alias","","","","/magazin/product/lozhka-stolovaya-plastikovaya-chernaya-premium","","","","",,"","REVIEW","MegaGroup navigation alias currently redirects to /magazin/product/lozhka-stolovaya-plastikovaya-chernaya-premium; do not migrate automatically","REVIEW"
"https://cloverspb.ru/magazin/product/lozhka-stolovaya-plastikovaya-chernaya-premium/prev","/magazin/product/lozhka-stolovaya-plastikovaya-chernaya-premium/prev","301","alias","","","","/magazin/product/nozh-odn-165-mm-belyj-ps-200-5000","","","","",,"","REVIEW","MegaGroup navigation alias currently redirects to /magazin/product/nozh-odn-165-mm-belyj-ps-200-5000; do not migrate automatically","REVIEW"
"https://cloverspb.ru/magazin/product/lozhka-stolovaya-plastikovaya-chernaya-premium/next","/magazin/product/lozhka-stolovaya-plastikovaya-chernaya-premium/next","301","alias","","","","/magazin/product/vilka-plastikovaya-chernaya-premium","","","","",,"","REVIEW","MegaGroup navigation alias currently redirects to /magazin/product/vilka-plastikovaya-chernaya-premium; do not migrate automatically","REVIEW"
"https://cloverspb.ru/magazin/product/vilka-plastikovaya-chernaya-premium/prev","/magazin/product/vilka-plastikovaya-chernaya-premium/prev","301","alias","","","","/magazin/product/lozhka-stolovaya-plastikovaya-chernaya-premium","","","","",,"","REVIEW","MegaGroup navigation alias currently redirects to /magazin/product/lozhka-stolovaya-plastikovaya-chernaya-premium; do not migrate automatically","REVIEW"
"https://cloverspb.ru/magazin/product/vilka-plastikovaya-chernaya-premium/next","/magazin/product/vilka-plastikovaya-chernaya-premium/next","301","alias","","","","/magazin/product/lozhka-plastikovaya-prozrachnaya-premium","","","","",,"","REVIEW","MegaGroup navigation alias currently redirects to /magazin/product/lozhka-plastikovaya-prozrachnaya-premium; do not migrate automatically","REVIEW"
"https://cloverspb.ru/magazin/product/lozhka-plastikovaya-prozrachnaya-premium/prev","/magazin/product/lozhka-plastikovaya-prozrachnaya-premium/prev","301","alias","","","","/magazin/product/vilka-plastikovaya-chernaya-premium","","","","",,"","REVIEW","MegaGroup navigation alias currently redirects to /magazin/product/vilka-plastikovaya-chernaya-premium; do not migrate automatically","REVIEW"
"https://cloverspb.ru/magazin/product/lozhka-plastikovaya-prozrachnaya-premium/next","/magazin/product/lozhka-plastikovaya-prozrachnaya-premium/next","301","alias","","","","/magazin/product/vilka-odn-180-mm-prozr-ps-pokrov-50-2000","","","","",,"","REVIEW","MegaGroup navigation alias currently redirects to /magazin/product/vilka-odn-180-mm-prozr-ps-pokrov-50-2000; do not migrate automatically","REVIEW"
"https://cloverspb.ru/magazin/product/nozh-plastikovyj-prozrachnyj-premium/prev","/magazin/product/nozh-plastikovyj-prozrachnyj-premium/prev","301","alias","","","","/magazin/product/vilka-odn-180-mm-prozr-ps-pokrov-50-2000","","","","",,"","REVIEW","MegaGroup navigation alias currently redirects to /magazin/product/vilka-odn-180-mm-prozr-ps-pokrov-50-2000; do not migrate automatically","REVIEW"
"https://cloverspb.ru/magazin/product/nozh-plastikovyj-prozrachnyj-premium/next","/magazin/product/nozh-plastikovyj-prozrachnyj-premium/next","301","alias","","","","/magazin/product/lozhka-chajnaya-odn-125-mm-bel-ps-rts-100-4000","","","","",,"","REVIEW","MegaGroup navigation alias currently redirects to /magazin/product/lozhka-chajnaya-odn-125-mm-bel-ps-rts-100-4000; do not migrate automatically","REVIEW"
"https://cloverspb.ru/magazin/product/palochki-dlya-edy-23-sm-kruglye-s-zubochistkoj-v-pe-upakovke/prev","/magazin/product/palochki-dlya-edy-23-sm-kruglye-s-zubochistkoj-v-pe-upakovke/prev","301","alias","","","","/magazin/product/zubochistki-v-individ-p-e-upakovke-mentol-500sht-upak","","","","",,"","REVIEW","MegaGroup navigation alias currently redirects to /magazin/product/zubochistki-v-individ-p-e-upakovke-mentol-500sht-upak; do not migrate automatically","REVIEW"
"https://cloverspb.ru/magazin/product/palochki-dlya-edy-23-sm-kruglye-s-zubochistkoj-v-pe-upakovke/next","/magazin/product/palochki-dlya-edy-23-sm-kruglye-s-zubochistkoj-v-pe-upakovke/next","301","alias","","","","/magazin/product/palochki-dlya-shashlyka-20sm-100sht-upak","","","","",,"","REVIEW","MegaGroup navigation alias currently redirects to /magazin/product/palochki-dlya-shashlyka-20sm-100sht-upak; do not migrate automatically","REVIEW"
"https://cloverspb.ru/magazin/product/palochki-dlya-shashlyka-20sm-100sht-upak/prev","/magazin/product/palochki-dlya-shashlyka-20sm-100sht-upak/prev","301","alias","","","","/magazin/product/palochki-dlya-edy-23-sm-kruglye-s-zubochistkoj-v-pe-upakovke","","","","",,"","REVIEW","MegaGroup navigation alias currently redirects to /magazin/product/palochki-dlya-edy-23-sm-kruglye-s-zubochistkoj-v-pe-upakovke; do not migrate automatically","REVIEW"
"https://cloverspb.ru/magazin/product/palochki-dlya-shashlyka-20sm-100sht-upak/next","/magazin/product/palochki-dlya-shashlyka-20sm-100sht-upak/next","301","alias","","","","/magazin/product/palochki-dlya-shashlyka-25sm-100sht-upak","","","","",,"","REVIEW","MegaGroup navigation alias currently redirects to /magazin/product/palochki-dlya-shashlyka-25sm-100sht-upak; do not migrate automatically","REVIEW"
"https://cloverspb.ru/magazin/product/palochki-dlya-shashlyka-25sm-100sht-upak/prev","/magazin/product/palochki-dlya-shashlyka-25sm-100sht-upak/prev","301","alias","","","","/magazin/product/palochki-dlya-shashlyka-20sm-100sht-upak","","","","",,"","REVIEW","MegaGroup navigation alias currently redirects to /magazin/product/palochki-dlya-shashlyka-20sm-100sht-upak; do not migrate automatically","REVIEW"
"https://cloverspb.ru/magazin/product/palochki-dlya-shashlyka-25sm-100sht-upak/next","/magazin/product/palochki-dlya-shashlyka-25sm-100sht-upak/next","301","alias","","","","/magazin/product/zubochistki-v-individ-p-e-upakovke-1000sht-upak","","","","",,"","REVIEW","MegaGroup navigation alias currently redirects to /magazin/product/zubochistki-v-individ-p-e-upakovke-1000sht-upak; do not migrate automatically","REVIEW"
"https://cloverspb.ru/magazin/product/zubochistki-v-individ-p-e-upakovke-1000sht-upak/prev","/magazin/product/zubochistki-v-individ-p-e-upakovke-1000sht-upak/prev","301","alias","","","","/magazin/product/palochki-dlya-shashlyka-25sm-100sht-upak","","","","",,"","REVIEW","MegaGroup navigation alias currently redirects to /magazin/product/palochki-dlya-shashlyka-25sm-100sht-upak; do not migrate automatically","REVIEW"
"https://cloverspb.ru/magazin/product/zubochistki-v-individ-p-e-upakovke-1000sht-upak/next","/magazin/product/zubochistki-v-individ-p-e-upakovke-1000sht-upak/next","301","alias","","","","/magazin/product/zubochistki-v-individ-p-e-upakovke-mentol-500sht-upak","","","","",,"","REVIEW","MegaGroup navigation alias currently redirects to /magazin/product/zubochistki-v-individ-p-e-upakovke-mentol-500sht-upak; do not migrate automatically","REVIEW"
"https://cloverspb.ru/magazin/product/zubochistki-v-individ-p-e-upakovke-mentol-500sht-upak/prev","/magazin/product/zubochistki-v-individ-p-e-upakovke-mentol-500sht-upak/prev","301","alias","","","","/magazin/product/zubochistki-v-individ-p-e-upakovke-1000sht-upak","","","","",,"","REVIEW","MegaGroup navigation alias currently redirects to /magazin/product/zubochistki-v-individ-p-e-upakovke-1000sht-upak; do not migrate automatically","REVIEW"
"https://cloverspb.ru/magazin/product/zubochistki-v-individ-p-e-upakovke-mentol-500sht-upak/next","/magazin/product/zubochistki-v-individ-p-e-upakovke-mentol-500sht-upak/next","301","alias","","","","/magazin/product/palochki-dlya-edy-23-sm-kruglye-s-zubochistkoj-v-pe-upakovke","","","","",,"","REVIEW","MegaGroup navigation alias currently redirects to /magazin/product/palochki-dlya-edy-23-sm-kruglye-s-zubochistkoj-v-pe-upakovke; do not migrate automatically","REVIEW"
"https://cloverspb.ru/magazin/product/pika-uzelok-bambuk-6sm-100sht-upak/prev","/magazin/product/pika-uzelok-bambuk-6sm-100sht-upak/prev","301","alias","","","","/magazin/product/trubochki-chernye-pryamye-8-240mm","","","","",,"","REVIEW","MegaGroup navigation alias currently redirects to /magazin/product/trubochki-chernye-pryamye-8-240mm; do not migrate automatically","REVIEW"
"https://cloverspb.ru/magazin/product/pika-uzelok-bambuk-6sm-100sht-upak/next","/magazin/product/pika-uzelok-bambuk-6sm-100sht-upak/next","301","alias","","","","/magazin/product/pika-uzelok-bambuk-10sm-100sht-upak","","","","",,"","REVIEW","MegaGroup navigation alias currently redirects to /magazin/product/pika-uzelok-bambuk-10sm-100sht-upak; do not migrate automatically","REVIEW"
"https://cloverspb.ru/magazin/product/pika-uzelok-bambuk-10sm-100sht-upak/prev","/magazin/product/pika-uzelok-bambuk-10sm-100sht-upak/prev","301","alias","","","","/magazin/product/pika-uzelok-bambuk-6sm-100sht-upak","","","","",,"","REVIEW","MegaGroup navigation alias currently redirects to /magazin/product/pika-uzelok-bambuk-6sm-100sht-upak; do not migrate automatically","REVIEW"
"https://cloverspb.ru/magazin/product/pika-uzelok-bambuk-10sm-100sht-upak/next","/magazin/product/pika-uzelok-bambuk-10sm-100sht-upak/next","301","alias","","","","/magazin/product/pika-mech-ps-cvetn-70mm-500sht-up-rossiya","","","","",,"","REVIEW","MegaGroup navigation alias currently redirects to /magazin/product/pika-mech-ps-cvetn-70mm-500sht-up-rossiya; do not migrate automatically","REVIEW"
"https://cloverspb.ru/magazin/product/pika-mech-ps-cvetn-70mm-500sht-up-rossiya/prev","/magazin/product/pika-mech-ps-cvetn-70mm-500sht-up-rossiya/prev","301","alias","","","","/magazin/product/pika-uzelok-bambuk-10sm-100sht-upak","","","","",,"","REVIEW","MegaGroup navigation alias currently redirects to /magazin/product/pika-uzelok-bambuk-10sm-100sht-upak; do not migrate automatically","REVIEW"
"https://cloverspb.ru/magazin/product/pika-mech-ps-cvetn-70mm-500sht-up-rossiya/next","/magazin/product/pika-mech-ps-cvetn-70mm-500sht-up-rossiya/next","301","alias","","","","/magazin/product/trubochki-cvetnye-gofra-5-210mm-1000sht-upak","","","","",,"","REVIEW","MegaGroup navigation alias currently redirects to /magazin/product/trubochki-cvetnye-gofra-5-210mm-1000sht-upak; do not migrate automatically","REVIEW"
"https://cloverspb.ru/magazin/product/trubochki-cvetnye-gofra-5-210mm-1000sht-upak/prev","/magazin/product/trubochki-cvetnye-gofra-5-210mm-1000sht-upak/prev","301","alias","","","","/magazin/product/pika-mech-ps-cvetn-70mm-500sht-up-rossiya","","","","",,"","REVIEW","MegaGroup navigation alias currently redirects to /magazin/product/pika-mech-ps-cvetn-70mm-500sht-up-rossiya; do not migrate automatically","REVIEW"
"https://cloverspb.ru/magazin/product/trubochki-cvetnye-gofra-5-210mm-1000sht-upak/next","/magazin/product/trubochki-cvetnye-gofra-5-210mm-1000sht-upak/next","301","alias","","","","/magazin/product/trubochki-chernye-5-125mm","","","","",,"","REVIEW","MegaGroup navigation alias currently redirects to /magazin/product/trubochki-chernye-5-125mm; do not migrate automatically","REVIEW"
"https://cloverspb.ru/magazin/product/trubochki-chernye-pryamye-8-240mm/prev","/magazin/product/trubochki-chernye-pryamye-8-240mm/prev","301","alias","","","","/magazin/product/trubochki-chernye-5-125mm","","","","",,"","REVIEW","MegaGroup navigation alias currently redirects to /magazin/product/trubochki-chernye-5-125mm; do not migrate automatically","REVIEW"
"https://cloverspb.ru/magazin/product/trubochki-chernye-pryamye-8-240mm/next","/magazin/product/trubochki-chernye-pryamye-8-240mm/next","301","alias","","","","/magazin/product/pika-uzelok-bambuk-6sm-100sht-upak","","","","",,"","REVIEW","MegaGroup navigation alias currently redirects to /magazin/product/pika-uzelok-bambuk-6sm-100sht-upak; do not migrate automatically","REVIEW"
"https://cloverspb.ru/magazin/product/trubochki-chernye-5-125mm/prev","/magazin/product/trubochki-chernye-5-125mm/prev","301","alias","","","","/magazin/product/trubochki-cvetnye-gofra-5-210mm-1000sht-upak","","","","",,"","REVIEW","MegaGroup navigation alias currently redirects to /magazin/product/trubochki-cvetnye-gofra-5-210mm-1000sht-upak; do not migrate automatically","REVIEW"
"https://cloverspb.ru/magazin/product/trubochki-chernye-5-125mm/next","/magazin/product/trubochki-chernye-5-125mm/next","301","alias","","","","/magazin/product/trubochki-chernye-pryamye-8-240mm","","","","",,"","REVIEW","MegaGroup navigation alias currently redirects to /magazin/product/trubochki-chernye-pryamye-8-240mm; do not migrate automatically","REVIEW"
"https://cloverspb.ru/magazin/product/butylka-pet-0-5l-gaz-prozrachnaya-s-chernoj-probkoj-100sht-upak/prev","/magazin/product/butylka-pet-0-5l-gaz-prozrachnaya-s-chernoj-probkoj-100sht-upak/prev","301","alias","","","","/magazin/product/butylka-prozrachnaya-kvadratnaya-s-probkoj-1000-ml","","","","",,"","REVIEW","MegaGroup navigation alias currently redirects to /magazin/product/butylka-prozrachnaya-kvadratnaya-s-probkoj-1000-ml; do not migrate automatically","REVIEW"
"https://cloverspb.ru/magazin/product/butylka-pet-0-5l-gaz-prozrachnaya-s-chernoj-probkoj-100sht-upak/next","/magazin/product/butylka-pet-0-5l-gaz-prozrachnaya-s-chernoj-probkoj-100sht-upak/next","301","alias","","","","/magazin/product/butylka-prozrachnaya-kruglaya-s-probkoj-250-ml","","","","",,"","REVIEW","MegaGroup navigation alias currently redirects to /magazin/product/butylka-prozrachnaya-kruglaya-s-probkoj-250-ml; do not migrate automatically","REVIEW"
"https://cloverspb.ru/magazin/product/butylka-pet-1l-gaz-prozrachnaya-s-chernoj-probkoj/prev","/magazin/product/butylka-pet-1l-gaz-prozrachnaya-s-chernoj-probkoj/prev","301","alias","","","","/magazin/product/butylka-prozrachnaya-kruglaya-s-probkoj-100-ml","","","","",,"","REVIEW","MegaGroup navigation alias currently redirects to /magazin/product/butylka-prozrachnaya-kruglaya-s-probkoj-100-ml; do not migrate automatically","REVIEW"
"https://cloverspb.ru/magazin/product/butylka-pet-1l-gaz-prozrachnaya-s-chernoj-probkoj/next","/magazin/product/butylka-pet-1l-gaz-prozrachnaya-s-chernoj-probkoj/next","301","alias","","","","/magazin/product/butylka-prozrachnaya-kvadratnaya-s-probkoj-300-ml","","","","",,"","REVIEW","MegaGroup navigation alias currently redirects to /magazin/product/butylka-prozrachnaya-kvadratnaya-s-probkoj-300-ml; do not migrate automatically","REVIEW"
"https://cloverspb.ru/magazin/product/unicum-gold-zhiroudalitel-s-triggerom-500ml/prev","/magazin/product/unicum-gold-zhiroudalitel-s-triggerom-500ml/prev","301","alias","","","","/magazin/product/grass-azelit-anti-zhir-600-ml","","","","",,"","REVIEW","MegaGroup navigation alias currently redirects to /magazin/product/grass-azelit-anti-zhir-600-ml; do not migrate automatically","REVIEW"
"https://cloverspb.ru/magazin/product/unicum-gold-zhiroudalitel-s-triggerom-500ml/next","/magazin/product/unicum-gold-zhiroudalitel-s-triggerom-500ml/next","301","alias","","","","/magazin/product/shumanit-antizhir-bagi-400-ml","","","","",,"","REVIEW","MegaGroup navigation alias currently redirects to /magazin/product/shumanit-antizhir-bagi-400-ml; do not migrate automatically","REVIEW"
"https://cloverspb.ru/magazin/product/unicum-gold-zhiroudalitel-3l/prev","/magazin/product/unicum-gold-zhiroudalitel-3l/prev","301","alias","","","","/magazin/product/adriel-dlya-udaleniya-zhira-5l","","","","",,"","REVIEW","MegaGroup navigation alias currently redirects to /magazin/product/adriel-dlya-udaleniya-zhira-5l; do not migrate automatically","REVIEW"
"https://cloverspb.ru/magazin/product/unicum-gold-zhiroudalitel-3l/next","/magazin/product/unicum-gold-zhiroudalitel-3l/next","301","alias","","","","/magazin/product/shumanit-antizhir-bagi-3-l","","","","",,"","REVIEW","MegaGroup navigation alias currently redirects to /magazin/product/shumanit-antizhir-bagi-3-l; do not migrate automatically","REVIEW"
"https://cloverspb.ru/magazin/product/adriel-dlya-plit-850ml/prev","/magazin/product/adriel-dlya-plit-850ml/prev","301","alias","","","","/magazin/product/shumanit-antizhir-bagi-3-l","","","","",,"","REVIEW","MegaGroup navigation alias currently redirects to /magazin/product/shumanit-antizhir-bagi-3-l; do not migrate automatically","REVIEW"
"https://cloverspb.ru/magazin/product/adriel-dlya-plit-850ml/next","/magazin/product/adriel-dlya-plit-850ml/next","301","alias","","","","/magazin/product/grass-azelit-anti-zhir-600-ml","","","","",,"","REVIEW","MegaGroup navigation alias currently redirects to /magazin/product/grass-azelit-anti-zhir-600-ml; do not migrate automatically","REVIEW"
"https://cloverspb.ru/magazin/product/adriel-dlya-udaleniya-zhira-5l/prev","/magazin/product/adriel-dlya-udaleniya-zhira-5l/prev","301","alias","","","","/magazin/product/sredstvo-zhiroudalitel-hot-clean-pro-vv-5-l-4","","","","",,"","REVIEW","MegaGroup navigation alias currently redirects to /magazin/product/sredstvo-zhiroudalitel-hot-clean-pro-vv-5-l-4; do not migrate automatically","REVIEW"
"https://cloverspb.ru/magazin/product/adriel-dlya-udaleniya-zhira-5l/next","/magazin/product/adriel-dlya-udaleniya-zhira-5l/next","301","alias","","","","/magazin/product/unicum-gold-zhiroudalitel-3l","","","","",,"","REVIEW","MegaGroup navigation alias currently redirects to /magazin/product/unicum-gold-zhiroudalitel-3l; do not migrate automatically","REVIEW"
"https://cloverspb.ru/magazin/product/raduga-dlya-posudy-5l/prev","/magazin/product/raduga-dlya-posudy-5l/prev","301","alias","","","","/magazin/product/pemolyuks-chistyashchij-poroshok-400-gr","","","","",,"","REVIEW","MegaGroup navigation alias currently redirects to /magazin/product/pemolyuks-chistyashchij-poroshok-400-gr; do not migrate automatically","REVIEW"
"https://cloverspb.ru/magazin/product/raduga-dlya-posudy-5l/next","/magazin/product/raduga-dlya-posudy-5l/next","301","alias","","","","/magazin/product/sredstvo-dlya-mytya-posudy-help-5-l","","","","",,"","REVIEW","MegaGroup navigation alias currently redirects to /magazin/product/sredstvo-dlya-mytya-posudy-help-5-l; do not migrate automatically","REVIEW"
"https://cloverspb.ru/magazin/product/adriol-dlya-posudy-5l/prev","/magazin/product/adriol-dlya-posudy-5l/prev","301","alias","","","","/magazin/product/sredstvo-dlya-mytya-posudy-purity-new-vv-5l-4","","","","",,"","REVIEW","MegaGroup navigation alias currently redirects to /magazin/product/sredstvo-dlya-mytya-posudy-purity-new-vv-5l-4; do not migrate automatically","REVIEW"
"https://cloverspb.ru/magazin/product/adriol-dlya-posudy-5l/next","/magazin/product/adriol-dlya-posudy-5l/next","301","alias","","","","/magazin/product/pemolyuks-chistyashchij-poroshok-400-gr","","","","",,"","REVIEW","MegaGroup navigation alias currently redirects to /magazin/product/pemolyuks-chistyashchij-poroshok-400-gr; do not migrate automatically","REVIEW"
"https://cloverspb.ru/magazin/product/mister-proper-univ-moyushchee-sr-vo-5l/prev","/magazin/product/mister-proper-univ-moyushchee-sr-vo-5l/prev","301","alias","","","","/magazin/product/yut-sredstvo-moyushchee-dlya-pola-5l","","","","",,"","REVIEW","MegaGroup navigation alias currently redirects to /magazin/product/yut-sredstvo-moyushchee-dlya-pola-5l; do not migrate automatically","REVIEW"
"https://cloverspb.ru/magazin/product/mister-proper-univ-moyushchee-sr-vo-5l/next","/magazin/product/mister-proper-univ-moyushchee-sr-vo-5l/next","301","alias","","","","/magazin/product/sredstvo-dlya-mytya-pola-floor-wash-vv-5-l-4","","","","",,"","REVIEW","MegaGroup navigation alias currently redirects to /magazin/product/sredstvo-dlya-mytya-pola-floor-wash-vv-5-l-4; do not migrate automatically","REVIEW"
"https://cloverspb.ru/magazin/product/yut-sredstvo-moyushchee-dlya-pola-5l/prev","/magazin/product/yut-sredstvo-moyushchee-dlya-pola-5l/prev","301","alias","","","","/magazin/product/sredstvo-dlya-mytya-pola-floor-wash-vv-5-l-4","","","","",,"","REVIEW","MegaGroup navigation alias currently redirects to /magazin/product/sredstvo-dlya-mytya-pola-floor-wash-vv-5-l-4; do not migrate automatically","REVIEW"
"https://cloverspb.ru/magazin/product/yut-sredstvo-moyushchee-dlya-pola-5l/next","/magazin/product/yut-sredstvo-moyushchee-dlya-pola-5l/next","301","alias","","","","/magazin/product/mister-proper-univ-moyushchee-sr-vo-5l","","","","",,"","REVIEW","MegaGroup navigation alias currently redirects to /magazin/product/mister-proper-univ-moyushchee-sr-vo-5l; do not migrate automatically","REVIEW"
"https://cloverspb.ru/magazin/product/sanoks-chistyashchaya-zhidkost-5l/prev","/magazin/product/sanoks-chistyashchaya-zhidkost-5l/prev","301","alias","","","","/magazin/product/rail-sredstvo-dlya-kuhni-i-plit-500-ml","","","","",,"","REVIEW","MegaGroup navigation alias currently redirects to /magazin/product/rail-sredstvo-dlya-kuhni-i-plit-500-ml; do not migrate automatically","REVIEW"
"https://cloverspb.ru/magazin/product/sanoks-chistyashchaya-zhidkost-5l/next","/magazin/product/sanoks-chistyashchaya-zhidkost-5l/next","301","alias","","","","/magazin/product/adrilan-dlya-santehniki-5l","","","","",,"","REVIEW","MegaGroup navigation alias currently redirects to /magazin/product/adrilan-dlya-santehniki-5l; do not migrate automatically","REVIEW"
"https://cloverspb.ru/magazin/product/sanoks-chistyashchaya-zhidkost-750ml/prev","/magazin/product/sanoks-chistyashchaya-zhidkost-750ml/prev","301","alias","","","","/magazin/product/adrilan-dlya-santehniki-5l","","","","",,"","REVIEW","MegaGroup navigation alias currently redirects to /magazin/product/adrilan-dlya-santehniki-5l; do not migrate automatically","REVIEW"
"https://cloverspb.ru/magazin/product/sanoks-chistyashchaya-zhidkost-750ml/next","/magazin/product/sanoks-chistyashchaya-zhidkost-750ml/next","301","alias","","","","/magazin/product/rail-sredstvo-dlya-kuhni-i-plit-500-ml","","","","",,"","REVIEW","MegaGroup navigation alias currently redirects to /magazin/product/rail-sredstvo-dlya-kuhni-i-plit-500-ml; do not migrate automatically","REVIEW"
"https://cloverspb.ru/magazin/product/adrilan-dlya-santehniki-5l/prev","/magazin/product/adrilan-dlya-santehniki-5l/prev","301","alias","","","","/magazin/product/sanoks-chistyashchaya-zhidkost-5l","","","","",,"","REVIEW","MegaGroup navigation alias currently redirects to /magazin/product/sanoks-chistyashchaya-zhidkost-5l; do not migrate automatically","REVIEW"
"https://cloverspb.ru/magazin/product/adrilan-dlya-santehniki-5l/next","/magazin/product/adrilan-dlya-santehniki-5l/next","301","alias","","","","/magazin/product/sanoks-chistyashchaya-zhidkost-750ml","","","","",,"","REVIEW","MegaGroup navigation alias currently redirects to /magazin/product/sanoks-chistyashchaya-zhidkost-750ml; do not migrate automatically","REVIEW"
"https://cloverspb.ru/magazin/product/mylo-hozyajstvennoe-aist-150gr/prev","/magazin/product/mylo-hozyajstvennoe-aist-150gr/prev","301","alias","","","","/magazin/product/zhidkoe-mylo-tork-s4","","","","",,"","REVIEW","MegaGroup navigation alias currently redirects to /magazin/product/zhidkoe-mylo-tork-s4; do not migrate automatically","REVIEW"
"https://cloverspb.ru/magazin/product/mylo-hozyajstvennoe-aist-150gr/next","/magazin/product/mylo-hozyajstvennoe-aist-150gr/next","301","alias","","","","/magazin/product/mylo-krem-s-perlamutrom-5-l","","","","",,"","REVIEW","MegaGroup navigation alias currently redirects to /magazin/product/mylo-krem-s-perlamutrom-5-l; do not migrate automatically","REVIEW"
"https://cloverspb.ru/magazin/product/mylo-krem-s-perlamutrom-5-l/prev","/magazin/product/mylo-krem-s-perlamutrom-5-l/prev","301","alias","","","","/magazin/product/mylo-hozyajstvennoe-aist-150gr","","","","",,"","REVIEW","MegaGroup navigation alias currently redirects to /magazin/product/mylo-hozyajstvennoe-aist-150gr; do not migrate automatically","REVIEW"
"https://cloverspb.ru/magazin/product/mylo-krem-s-perlamutrom-5-l/next","/magazin/product/mylo-krem-s-perlamutrom-5-l/next","301","alias","","","","/magazin/product/zhidkoe-mylo-tork-s4","","","","",,"","REVIEW","MegaGroup navigation alias currently redirects to /magazin/product/zhidkoe-mylo-tork-s4; do not migrate automatically","REVIEW"
"https://cloverspb.ru/magazin/product/krot-specialist-sredstvo-dlya-ustraneniya-zasorov-1l/prev","/magazin/product/krot-specialist-sredstvo-dlya-ustraneniya-zasorov-1l/prev","301","alias","","","","/magazin/product/krot-specialist-sredstvo-dlya-ustraneniya-zasorov-1l","","","","",,"","REVIEW","MegaGroup navigation alias currently redirects to /magazin/product/krot-specialist-sredstvo-dlya-ustraneniya-zasorov-1l; do not migrate automatically","REVIEW"
"https://cloverspb.ru/magazin/product/krot-specialist-sredstvo-dlya-ustraneniya-zasorov-1l/next","/magazin/product/krot-specialist-sredstvo-dlya-ustraneniya-zasorov-1l/next","301","alias","","","","/magazin/product/krot-specialist-sredstvo-dlya-ustraneniya-zasorov-1l","","","","",,"","REVIEW","MegaGroup navigation alias currently redirects to /magazin/product/krot-specialist-sredstvo-dlya-ustraneniya-zasorov-1l; do not migrate automatically","REVIEW"
"https://cloverspb.ru/magazin/product/gold-wind-osvezhitel-vozduha-300ml/prev","/magazin/product/gold-wind-osvezhitel-vozduha-300ml/prev","301","alias","","","","/magazin/product/mennyj-ballon-airwick-freshmatic-250ml","","","","",,"","REVIEW","MegaGroup navigation alias currently redirects to /magazin/product/mennyj-ballon-airwick-freshmatic-250ml; do not migrate automatically","REVIEW"
"https://cloverspb.ru/magazin/product/gold-wind-osvezhitel-vozduha-300ml/next","/magazin/product/gold-wind-osvezhitel-vozduha-300ml/next","301","alias","","","","/magazin/product/mennyj-ballon-airwick-freshmatic-250ml","","","","",,"","REVIEW","MegaGroup navigation alias currently redirects to /magazin/product/mennyj-ballon-airwick-freshmatic-250ml; do not migrate automatically","REVIEW"
"https://cloverspb.ru/magazin/product/perchatki-pnd-razmery-v-assortimente/prev","/magazin/product/perchatki-pnd-razmery-v-assortimente/prev","301","alias","","","","/magazin/product/perchatki-odnorazovye-lateks-opudr-medic-hl-100sht-upak","","","","",,"","REVIEW","MegaGroup navigation alias currently redirects to /magazin/product/perchatki-odnorazovye-lateks-opudr-medic-hl-100sht-upak; do not migrate automatically","REVIEW"
"https://cloverspb.ru/magazin/product/perchatki-pnd-razmery-v-assortimente/next","/magazin/product/perchatki-pnd-razmery-v-assortimente/next","301","alias","","","","/magazin/product/perchatki-vinilovye-neopudr-s-100sht-upak","","","","",,"","REVIEW","MegaGroup navigation alias currently redirects to /magazin/product/perchatki-vinilovye-neopudr-s-100sht-upak; do not migrate automatically","REVIEW"
"https://cloverspb.ru/magazin/product/perchatki-nitrilovye-s-100sht-upak/prev","/magazin/product/perchatki-nitrilovye-s-100sht-upak/prev","301","alias","","","","/magazin/product/perchatki-vinilovye-neopudr-hl-100sht-upak","","","","",,"","REVIEW","MegaGroup navigation alias currently redirects to /magazin/product/perchatki-vinilovye-neopudr-hl-100sht-upak; do not migrate automatically","REVIEW"
"https://cloverspb.ru/magazin/product/perchatki-nitrilovye-s-100sht-upak/next","/magazin/product/perchatki-nitrilovye-s-100sht-upak/next","301","alias","","","","/magazin/product/perchatki-nitrilovye-m-100sht-upak","","","","",,"","REVIEW","MegaGroup navigation alias currently redirects to /magazin/product/perchatki-nitrilovye-m-100sht-upak; do not migrate automatically","REVIEW"
"https://cloverspb.ru/magazin/product/perchatki-nitrilovye-m-100sht-upak/prev","/magazin/product/perchatki-nitrilovye-m-100sht-upak/prev","301","alias","","","","/magazin/product/perchatki-nitrilovye-s-100sht-upak","","","","",,"","REVIEW","MegaGroup navigation alias currently redirects to /magazin/product/perchatki-nitrilovye-s-100sht-upak; do not migrate automatically","REVIEW"
"https://cloverspb.ru/magazin/product/perchatki-nitrilovye-m-100sht-upak/next","/magazin/product/perchatki-nitrilovye-m-100sht-upak/next","301","alias","","","","/magazin/product/perchatki-nitrilovye-l-100sht-upak","","","","",,"","REVIEW","MegaGroup navigation alias currently redirects to /magazin/product/perchatki-nitrilovye-l-100sht-upak; do not migrate automatically","REVIEW"
"https://cloverspb.ru/magazin/product/perchatki-nitrilovye-l-100sht-upak/prev","/magazin/product/perchatki-nitrilovye-l-100sht-upak/prev","301","alias","","","","/magazin/product/perchatki-nitrilovye-m-100sht-upak","","","","",,"","REVIEW","MegaGroup navigation alias currently redirects to /magazin/product/perchatki-nitrilovye-m-100sht-upak; do not migrate automatically","REVIEW"
"https://cloverspb.ru/magazin/product/perchatki-nitrilovye-l-100sht-upak/next","/magazin/product/perchatki-nitrilovye-l-100sht-upak/next","301","alias","","","","/magazin/product/perchatki-nitrilovye-hl-100sht-upak","","","","",,"","REVIEW","MegaGroup navigation alias currently redirects to /magazin/product/perchatki-nitrilovye-hl-100sht-upak; do not migrate automatically","REVIEW"
"https://cloverspb.ru/magazin/product/perchatki-nitrilovye-hl-100sht-upak/prev","/magazin/product/perchatki-nitrilovye-hl-100sht-upak/prev","301","alias","","","","/magazin/product/perchatki-nitrilovye-l-100sht-upak","","","","",,"","REVIEW","MegaGroup navigation alias currently redirects to /magazin/product/perchatki-nitrilovye-l-100sht-upak; do not migrate automatically","REVIEW"
"https://cloverspb.ru/magazin/product/perchatki-nitrilovye-hl-100sht-upak/next","/magazin/product/perchatki-nitrilovye-hl-100sht-upak/next","301","alias","","","","/magazin/product/perchatki-odnorazovye-lateks-opudr-medic-l-100sht-upak","","","","",,"","REVIEW","MegaGroup navigation alias currently redirects to /magazin/product/perchatki-odnorazovye-lateks-opudr-medic-l-100sht-upak; do not migrate automatically","REVIEW"
"https://cloverspb.ru/magazin/product/perchatki-odnorazovye-lateks-opudr-medic-l-100sht-upak/prev","/magazin/product/perchatki-odnorazovye-lateks-opudr-medic-l-100sht-upak/prev","301","alias","","","","/magazin/product/perchatki-nitrilovye-hl-100sht-upak","","","","",,"","REVIEW","MegaGroup navigation alias currently redirects to /magazin/product/perchatki-nitrilovye-hl-100sht-upak; do not migrate automatically","REVIEW"
"https://cloverspb.ru/magazin/product/perchatki-odnorazovye-lateks-opudr-medic-l-100sht-upak/next","/magazin/product/perchatki-odnorazovye-lateks-opudr-medic-l-100sht-upak/next","301","alias","","","","/magazin/product/perchatki-odnorazovye-lateks-opudr-medic-m-100sht-upak","","","","",,"","REVIEW","MegaGroup navigation alias currently redirects to /magazin/product/perchatki-odnorazovye-lateks-opudr-medic-m-100sht-upak; do not migrate automatically","REVIEW"
"https://cloverspb.ru/magazin/product/perchatki-odnorazovye-lateks-opudr-medic-m-100sht-upak/prev","/magazin/product/perchatki-odnorazovye-lateks-opudr-medic-m-100sht-upak/prev","301","alias","","","","/magazin/product/perchatki-odnorazovye-lateks-opudr-medic-l-100sht-upak","","","","",,"","REVIEW","MegaGroup navigation alias currently redirects to /magazin/product/perchatki-odnorazovye-lateks-opudr-medic-l-100sht-upak; do not migrate automatically","REVIEW"
"https://cloverspb.ru/magazin/product/perchatki-odnorazovye-lateks-opudr-medic-m-100sht-upak/next","/magazin/product/perchatki-odnorazovye-lateks-opudr-medic-m-100sht-upak/next","301","alias","","","","/magazin/product/perchatki-odnorazovye-lateks-opudr-medic-s-100sht-upak","","","","",,"","REVIEW","MegaGroup navigation alias currently redirects to /magazin/product/perchatki-odnorazovye-lateks-opudr-medic-s-100sht-upak; do not migrate automatically","REVIEW"
"https://cloverspb.ru/magazin/product/perchatki-odnorazovye-lateks-opudr-medic-s-100sht-upak/prev","/magazin/product/perchatki-odnorazovye-lateks-opudr-medic-s-100sht-upak/prev","301","alias","","","","/magazin/product/perchatki-odnorazovye-lateks-opudr-medic-m-100sht-upak","","","","",,"","REVIEW","MegaGroup navigation alias currently redirects to /magazin/product/perchatki-odnorazovye-lateks-opudr-medic-m-100sht-upak; do not migrate automatically","REVIEW"
"https://cloverspb.ru/magazin/product/perchatki-odnorazovye-lateks-opudr-medic-s-100sht-upak/next","/magazin/product/perchatki-odnorazovye-lateks-opudr-medic-s-100sht-upak/next","301","alias","","","","/magazin/product/perchatki-odnorazovye-lateks-opudr-medic-hl-100sht-upak","","","","",,"","REVIEW","MegaGroup navigation alias currently redirects to /magazin/product/perchatki-odnorazovye-lateks-opudr-medic-hl-100sht-upak; do not migrate automatically","REVIEW"
"https://cloverspb.ru/magazin/product/perchatki-odnorazovye-lateks-opudr-medic-hl-100sht-upak/prev","/magazin/product/perchatki-odnorazovye-lateks-opudr-medic-hl-100sht-upak/prev","301","alias","","","","/magazin/product/perchatki-odnorazovye-lateks-opudr-medic-s-100sht-upak","","","","",,"","REVIEW","MegaGroup navigation alias currently redirects to /magazin/product/perchatki-odnorazovye-lateks-opudr-medic-s-100sht-upak; do not migrate automatically","REVIEW"
"https://cloverspb.ru/magazin/product/perchatki-odnorazovye-lateks-opudr-medic-hl-100sht-upak/next","/magazin/product/perchatki-odnorazovye-lateks-opudr-medic-hl-100sht-upak/next","301","alias","","","","/magazin/product/perchatki-pnd-razmery-v-assortimente","","","","",,"","REVIEW","MegaGroup navigation alias currently redirects to /magazin/product/perchatki-pnd-razmery-v-assortimente; do not migrate automatically","REVIEW"
"https://cloverspb.ru/magazin/product/perchatki-vinilovye-neopudr-s-100sht-upak/prev","/magazin/product/perchatki-vinilovye-neopudr-s-100sht-upak/prev","301","alias","","","","/magazin/product/perchatki-pnd-razmery-v-assortimente","","","","",,"","REVIEW","MegaGroup navigation alias currently redirects to /magazin/product/perchatki-pnd-razmery-v-assortimente; do not migrate automatically","REVIEW"
"https://cloverspb.ru/magazin/product/perchatki-vinilovye-neopudr-s-100sht-upak/next","/magazin/product/perchatki-vinilovye-neopudr-s-100sht-upak/next","301","alias","","","","/magazin/product/perchatki-vinilovye-neopudr-m-100sht-upak","","","","",,"","REVIEW","MegaGroup navigation alias currently redirects to /magazin/product/perchatki-vinilovye-neopudr-m-100sht-upak; do not migrate automatically","REVIEW"
"https://cloverspb.ru/magazin/product/perchatki-vinilovye-neopudr-m-100sht-upak/prev","/magazin/product/perchatki-vinilovye-neopudr-m-100sht-upak/prev","301","alias","","","","/magazin/product/perchatki-vinilovye-neopudr-s-100sht-upak","","","","",,"","REVIEW","MegaGroup navigation alias currently redirects to /magazin/product/perchatki-vinilovye-neopudr-s-100sht-upak; do not migrate automatically","REVIEW"
"https://cloverspb.ru/magazin/product/perchatki-vinilovye-neopudr-m-100sht-upak/next","/magazin/product/perchatki-vinilovye-neopudr-m-100sht-upak/next","301","alias","","","","/magazin/product/perchatki-vinilovye-neopudr-l-100sht-upak","","","","",,"","REVIEW","MegaGroup navigation alias currently redirects to /magazin/product/perchatki-vinilovye-neopudr-l-100sht-upak; do not migrate automatically","REVIEW"
"https://cloverspb.ru/magazin/product/perchatki-vinilovye-neopudr-l-100sht-upak/prev","/magazin/product/perchatki-vinilovye-neopudr-l-100sht-upak/prev","301","alias","","","","/magazin/product/perchatki-vinilovye-neopudr-m-100sht-upak","","","","",,"","REVIEW","MegaGroup navigation alias currently redirects to /magazin/product/perchatki-vinilovye-neopudr-m-100sht-upak; do not migrate automatically","REVIEW"
"https://cloverspb.ru/magazin/product/perchatki-vinilovye-neopudr-l-100sht-upak/next","/magazin/product/perchatki-vinilovye-neopudr-l-100sht-upak/next","301","alias","","","","/magazin/product/perchatki-vinilovye-neopudr-hl-100sht-upak","","","","",,"","REVIEW","MegaGroup navigation alias currently redirects to /magazin/product/perchatki-vinilovye-neopudr-hl-100sht-upak; do not migrate automatically","REVIEW"
"https://cloverspb.ru/magazin/product/perchatki-vinilovye-neopudr-hl-100sht-upak/prev","/magazin/product/perchatki-vinilovye-neopudr-hl-100sht-upak/prev","301","alias","","","","/magazin/product/perchatki-vinilovye-neopudr-l-100sht-upak","","","","",,"","REVIEW","MegaGroup navigation alias currently redirects to /magazin/product/perchatki-vinilovye-neopudr-l-100sht-upak; do not migrate automatically","REVIEW"
"https://cloverspb.ru/magazin/product/perchatki-vinilovye-neopudr-hl-100sht-upak/next","/magazin/product/perchatki-vinilovye-neopudr-hl-100sht-upak/next","301","alias","","","","/magazin/product/perchatki-nitrilovye-s-100sht-upak","","","","",,"","REVIEW","MegaGroup navigation alias currently redirects to /magazin/product/perchatki-nitrilovye-s-100sht-upak; do not migrate automatically","REVIEW"
"https://cloverspb.ru/magazin/product/stroitelnye-perchatki-s-pvh/prev","/magazin/product/stroitelnye-perchatki-s-pvh/prev","301","alias","","","","/magazin/product/stroitelnye-perchatki-s-pvh-chernye","","","","",,"","REVIEW","MegaGroup navigation alias currently redirects to /magazin/product/stroitelnye-perchatki-s-pvh-chernye; do not migrate automatically","REVIEW"
"https://cloverspb.ru/magazin/product/stroitelnye-perchatki-s-pvh/next","/magazin/product/stroitelnye-perchatki-s-pvh/next","301","alias","","","","/magazin/product/perchatki-rezinovye-sine-zheltye-s","","","","",,"","REVIEW","MegaGroup navigation alias currently redirects to /magazin/product/perchatki-rezinovye-sine-zheltye-s; do not migrate automatically","REVIEW"
"https://cloverspb.ru/magazin/product/akvalon-5l/prev","/magazin/product/akvalon-5l/prev","301","alias","","","","/magazin/product/sredstvo-dlya-mytya-posudy-help-5-l","","","","",,"","REVIEW","MegaGroup navigation alias currently redirects to /magazin/product/sredstvo-dlya-mytya-posudy-help-5-l; do not migrate automatically","REVIEW"
"https://cloverspb.ru/magazin/product/akvalon-5l/next","/magazin/product/akvalon-5l/next","301","alias","","","","/magazin/product/sredstvo-dlya-mytya-posudy-purity-new-vv-5l-4","","","","",,"","REVIEW","MegaGroup navigation alias currently redirects to /magazin/product/sredstvo-dlya-mytya-posudy-purity-new-vv-5l-4; do not migrate automatically","REVIEW"
"https://cloverspb.ru/magazin/product/perednik-pnd-100sht-upak/prev","/magazin/product/perednik-pnd-100sht-upak/prev","301","alias","","","","/magazin/product/shapochka-flizelinovaya-belaya-100sht-upak","","","","",,"","REVIEW","MegaGroup navigation alias currently redirects to /magazin/product/shapochka-flizelinovaya-belaya-100sht-upak; do not migrate automatically","REVIEW"
"https://cloverspb.ru/magazin/product/perednik-pnd-100sht-upak/next","/magazin/product/perednik-pnd-100sht-upak/next","301","alias","","","","/magazin/product/pilotka-bumazhnaya-belaya","","","","",,"","REVIEW","MegaGroup navigation alias currently redirects to /magazin/product/pilotka-bumazhnaya-belaya; do not migrate automatically","REVIEW"
"https://cloverspb.ru/magazin/product/halat-laboratornyj-belyj/prev","/magazin/product/halat-laboratornyj-belyj/prev","301","alias","","","","/magazin/product/pilotka-bumazhnaya-belaya","","","","",,"","REVIEW","MegaGroup navigation alias currently redirects to /magazin/product/pilotka-bumazhnaya-belaya; do not migrate automatically","REVIEW"
"https://cloverspb.ru/magazin/product/halat-laboratornyj-belyj/next","/magazin/product/halat-laboratornyj-belyj/next","301","alias","","","","/magazin/product/shapochka-flizelinovaya-belaya-100sht-upak","","","","",,"","REVIEW","MegaGroup navigation alias currently redirects to /magazin/product/shapochka-flizelinovaya-belaya-100sht-upak; do not migrate automatically","REVIEW"
"https://cloverspb.ru/magazin/product/shapochka-flizelinovaya-belaya-100sht-upak/prev","/magazin/product/shapochka-flizelinovaya-belaya-100sht-upak/prev","301","alias","","","","/magazin/product/halat-laboratornyj-belyj","","","","",,"","REVIEW","MegaGroup navigation alias currently redirects to /magazin/product/halat-laboratornyj-belyj; do not migrate automatically","REVIEW"
"https://cloverspb.ru/magazin/product/shapochka-flizelinovaya-belaya-100sht-upak/next","/magazin/product/shapochka-flizelinovaya-belaya-100sht-upak/next","301","alias","","","","/magazin/product/perednik-pnd-100sht-upak","","","","",,"","REVIEW","MegaGroup navigation alias currently redirects to /magazin/product/perednik-pnd-100sht-upak; do not migrate automatically","REVIEW"
"https://cloverspb.ru/magazin/product/paket-majka-pnd-belyj-30-60sm-100sht-upak/prev","/magazin/product/paket-majka-pnd-belyj-30-60sm-100sht-upak/prev","301","alias","","","","/magazin/product/paket-majka-pnd-chernyj-30-60sm-100sht-upak","","","","",,"","REVIEW","MegaGroup navigation alias currently redirects to /magazin/product/paket-majka-pnd-chernyj-30-60sm-100sht-upak; do not migrate automatically","REVIEW"
"https://cloverspb.ru/magazin/product/paket-majka-pnd-belyj-30-60sm-100sht-upak/next","/magazin/product/paket-majka-pnd-belyj-30-60sm-100sht-upak/next","301","alias","","","","/magazin/product/paket-majka-fa-chernyj-100sht","","","","",,"","REVIEW","MegaGroup navigation alias currently redirects to /magazin/product/paket-majka-fa-chernyj-100sht; do not migrate automatically","REVIEW"
"https://cloverspb.ru/magazin/product/paket-majka-pnd-chernyj-30-60sm-100sht-upak/prev","/magazin/product/paket-majka-pnd-chernyj-30-60sm-100sht-upak/prev","301","alias","","","","/magazin/product/paket-majka-pnd-24-44sm-100sht-upak","","","","",,"","REVIEW","MegaGroup navigation alias currently redirects to /magazin/product/paket-majka-pnd-24-44sm-100sht-upak; do not migrate automatically","REVIEW"
"https://cloverspb.ru/magazin/product/paket-majka-pnd-chernyj-30-60sm-100sht-upak/next","/magazin/product/paket-majka-pnd-chernyj-30-60sm-100sht-upak/next","301","alias","","","","/magazin/product/paket-majka-pnd-belyj-30-60sm-100sht-upak","","","","",,"","REVIEW","MegaGroup navigation alias currently redirects to /magazin/product/paket-majka-pnd-belyj-30-60sm-100sht-upak; do not migrate automatically","REVIEW"
"https://cloverspb.ru/magazin/product/paket-majka-36-65-polosa-belaya-100sht-upak/prev","/magazin/product/paket-majka-36-65-polosa-belaya-100sht-upak/prev","301","alias","","","","/magazin/product/paket-majka-fa-zelenyj-100sht","","","","",,"","REVIEW","MegaGroup navigation alias currently redirects to /magazin/product/paket-majka-fa-zelenyj-100sht; do not migrate automatically","REVIEW"
"https://cloverspb.ru/magazin/product/paket-majka-36-65-polosa-belaya-100sht-upak/next","/magazin/product/paket-majka-36-65-polosa-belaya-100sht-upak/next","301","alias","","","","/magazin/product/paket-majka-pnd-24-44sm-100sht-upak","","","","",,"","REVIEW","MegaGroup navigation alias currently redirects to /magazin/product/paket-majka-pnd-24-44sm-100sht-upak; do not migrate automatically","REVIEW"
"https://cloverspb.ru/magazin/product/paket-majka-pnd-24-44sm-100sht-upak/prev","/magazin/product/paket-majka-pnd-24-44sm-100sht-upak/prev","301","alias","","","","/magazin/product/paket-majka-36-65-polosa-belaya-100sht-upak","","","","",,"","REVIEW","MegaGroup navigation alias currently redirects to /magazin/product/paket-majka-36-65-polosa-belaya-100sht-upak; do not migrate automatically","REVIEW"
"https://cloverspb.ru/magazin/product/paket-majka-pnd-24-44sm-100sht-upak/next","/magazin/product/paket-majka-pnd-24-44sm-100sht-upak/next","301","alias","","","","/magazin/product/paket-majka-pnd-chernyj-30-60sm-100sht-upak","","","","",,"","REVIEW","MegaGroup navigation alias currently redirects to /magazin/product/paket-majka-pnd-chernyj-30-60sm-100sht-upak; do not migrate automatically","REVIEW"
"https://cloverspb.ru/magazin/product/paket-fasovochnyj-15-20sm-1000sht-upak/prev","/magazin/product/paket-fasovochnyj-15-20sm-1000sht-upak/prev","301","alias","","","","/magazin/product/paket-fasovochnyj-30-sm-h-40-sm","","","","",,"","REVIEW","MegaGroup navigation alias currently redirects to /magazin/product/paket-fasovochnyj-30-sm-h-40-sm; do not migrate automatically","REVIEW"
"https://cloverspb.ru/magazin/product/paket-fasovochnyj-15-20sm-1000sht-upak/next","/magazin/product/paket-fasovochnyj-15-20sm-1000sht-upak/next","301","alias","","","","/magazin/product/paket-fasovochnyj-30-40sm-1000sht-upak","","","","",,"","REVIEW","MegaGroup navigation alias currently redirects to /magazin/product/paket-fasovochnyj-30-40sm-1000sht-upak; do not migrate automatically","REVIEW"
"https://cloverspb.ru/magazin/product/paket-fasovochnyj-30-40sm-1000sht-upak/prev","/magazin/product/paket-fasovochnyj-30-40sm-1000sht-upak/prev","301","alias","","","","/magazin/product/paket-fasovochnyj-15-20sm-1000sht-upak","","","","",,"","REVIEW","MegaGroup navigation alias currently redirects to /magazin/product/paket-fasovochnyj-15-20sm-1000sht-upak; do not migrate automatically","REVIEW"
"https://cloverspb.ru/magazin/product/paket-fasovochnyj-30-40sm-1000sht-upak/next","/magazin/product/paket-fasovochnyj-30-40sm-1000sht-upak/next","301","alias","","","","/magazin/product/fasovochnyj-paket-25-sm-h-45-sm-v-rulone","","","","",,"","REVIEW","MegaGroup navigation alias currently redirects to /magazin/product/fasovochnyj-paket-25-sm-h-45-sm-v-rulone; do not migrate automatically","REVIEW"
"https://cloverspb.ru/magazin/product/paket-vakuumnyj-11-16sm-60mkm-100sht-upak/prev","/magazin/product/paket-vakuumnyj-11-16sm-60mkm-100sht-upak/prev","301","alias","","","","/magazin/product/paket-dlya-vakuumirovaniya-300-mm-h-400-mm-60-mkm","","","","",,"","REVIEW","MegaGroup navigation alias currently redirects to /magazin/product/paket-dlya-vakuumirovaniya-300-mm-h-400-mm-60-mkm; do not migrate automatically","REVIEW"
"https://cloverspb.ru/magazin/product/paket-vakuumnyj-11-16sm-60mkm-100sht-upak/next","/magazin/product/paket-vakuumnyj-11-16sm-60mkm-100sht-upak/next","301","alias","","","","/magazin/product/paket-dlya-vakuumirovaniya-160-mm-h-210-mm-60-mkm","","","","",,"","REVIEW","MegaGroup navigation alias currently redirects to /magazin/product/paket-dlya-vakuumirovaniya-160-mm-h-210-mm-60-mkm; do not migrate automatically","REVIEW"
"https://cloverspb.ru/magazin/product/paket-vakuumnyj-16-25sm-60mkm-100sht-upak/prev","/magazin/product/paket-vakuumnyj-16-25sm-60mkm-100sht-upak/prev","301","alias","","","","/magazin/product/paket-dlya-vakuumirovaniya-150-mm-h-300-mm-60-mkm","","","","",,"","REVIEW","MegaGroup navigation alias currently redirects to /magazin/product/paket-dlya-vakuumirovaniya-150-mm-h-300-mm-60-mkm; do not migrate automatically","REVIEW"
"https://cloverspb.ru/magazin/product/paket-vakuumnyj-16-25sm-60mkm-100sht-upak/next","/magazin/product/paket-vakuumnyj-16-25sm-60mkm-100sht-upak/next","301","alias","","","","/magazin/product/paket-dlya-vakuumirovaniya-150-mm-h-200-mm-60-mkm","","","","",,"","REVIEW","MegaGroup navigation alias currently redirects to /magazin/product/paket-dlya-vakuumirovaniya-150-mm-h-200-mm-60-mkm; do not migrate automatically","REVIEW"
"https://cloverspb.ru/magazin/product/paket-vakuumnyj-20-30sm-60mkm-100sht-upak/prev","/magazin/product/paket-vakuumnyj-20-30sm-60mkm-100sht-upak/prev","301","alias","","","","/magazin/product/paket-dlya-vakuumirovaniya-150-mm-h-200-mm-60-mkm","","","","",,"","REVIEW","MegaGroup navigation alias currently redirects to /magazin/product/paket-dlya-vakuumirovaniya-150-mm-h-200-mm-60-mkm; do not migrate automatically","REVIEW"
"https://cloverspb.ru/magazin/product/paket-vakuumnyj-20-30sm-60mkm-100sht-upak/next","/magazin/product/paket-vakuumnyj-20-30sm-60mkm-100sht-upak/next","301","alias","","","","/magazin/product/paket-dlya-vakuumirovaniya-200-mm-h-250-mm-60-mkm","","","","",,"","REVIEW","MegaGroup navigation alias currently redirects to /magazin/product/paket-dlya-vakuumirovaniya-200-mm-h-250-mm-60-mkm; do not migrate automatically","REVIEW"
"https://cloverspb.ru/magazin/product/paket-pvd-s-zamkom-15-10/prev","/magazin/product/paket-pvd-s-zamkom-15-10/prev","301","alias","","","","/magazin/product/paket-vakuumnyj-11-16sm-60mkm-100sht-upak","","","","",,"","REVIEW","MegaGroup navigation alias currently redirects to /magazin/product/paket-vakuumnyj-11-16sm-60mkm-100sht-upak; do not migrate automatically","REVIEW"
"https://cloverspb.ru/magazin/product/paket-pvd-s-zamkom-15-10/next","/magazin/product/paket-pvd-s-zamkom-15-10/next","301","alias","","","","/magazin/product/kryshka-belaya-plastikovaya-s-otverstiem-dlya-kofejnogo-stakanchika-80mm-100sht-upak","","","","",,"","REVIEW","MegaGroup navigation alias currently redirects to /magazin/product/kryshka-belaya-plastikovaya-s-otverstiem-dlya-kofejnogo-stakanchika-80mm-100sht-upak; do not migrate automatically","REVIEW"
"https://cloverspb.ru/magazin/product/shpagat-dzhutovyj-100m/prev","/magazin/product/shpagat-dzhutovyj-100m/prev","301","alias","","","","/magazin/product/konditerskij-meshok-sinij-53-sm-75-mkm-100sht","","","","",,"","REVIEW","MegaGroup navigation alias currently redirects to /magazin/product/konditerskij-meshok-sinij-53-sm-75-mkm-100sht; do not migrate automatically","REVIEW"
"https://cloverspb.ru/magazin/product/shpagat-dzhutovyj-100m/next","/magazin/product/shpagat-dzhutovyj-100m/next","301","alias","","","","/magazin/product/konditerskij-meshok-sinij-53-sm-75-mkm-100sht","","","","",,"","REVIEW","MegaGroup navigation alias currently redirects to /magazin/product/konditerskij-meshok-sinij-53-sm-75-mkm-100sht; do not migrate automatically","REVIEW"
"https://cloverspb.ru/magazin/product/paket-s-kr-ruch-b-p-240h140h280-kraft/prev","/magazin/product/paket-s-kr-ruch-b-p-240h140h280-kraft/prev","301","alias","","","","/magazin/product/paket-s-kr-ruch-b-p-320h200h370-kraft","","","","",,"","REVIEW","MegaGroup navigation alias currently redirects to /magazin/product/paket-s-kr-ruch-b-p-320h200h370-kraft; do not migrate automatically","REVIEW"
"https://cloverspb.ru/magazin/product/paket-s-kr-ruch-b-p-240h140h280-kraft/next","/magazin/product/paket-s-kr-ruch-b-p-240h140h280-kraft/next","301","alias","","","","/magazin/product/paket-s-kr-ruch-b-p-320h200h370-kraft","","","","",,"","REVIEW","MegaGroup navigation alias currently redirects to /magazin/product/paket-s-kr-ruch-b-p-320h200h370-kraft; do not migrate automatically","REVIEW"
"https://cloverspb.ru/magazin/product/paket-s-kr-ruch-b-p-320h200h370-kraft/prev","/magazin/product/paket-s-kr-ruch-b-p-320h200h370-kraft/prev","301","alias","","","","/magazin/product/paket-s-kr-ruch-b-p-240h140h280-kraft","","","","",,"","REVIEW","MegaGroup navigation alias currently redirects to /magazin/product/paket-s-kr-ruch-b-p-240h140h280-kraft; do not migrate automatically","REVIEW"
"https://cloverspb.ru/magazin/product/paket-s-kr-ruch-b-p-320h200h370-kraft/next","/magazin/product/paket-s-kr-ruch-b-p-320h200h370-kraft/next","301","alias","","","","/magazin/product/paket-s-kr-ruch-b-p-240h140h280-kraft","","","","",,"","REVIEW","MegaGroup navigation alias currently redirects to /magazin/product/paket-s-kr-ruch-b-p-240h140h280-kraft; do not migrate automatically","REVIEW"
"https://cloverspb.ru/magazin/product/vafelnoe-polotno-40-sm-otbelennoe-plotn-110-50-m/prev","/magazin/product/vafelnoe-polotno-40-sm-otbelennoe-plotn-110-50-m/prev","301","alias","","","","/magazin/product/vafelnoe-polotno-metrovoe","","","","",,"","REVIEW","MegaGroup navigation alias currently redirects to /magazin/product/vafelnoe-polotno-metrovoe; do not migrate automatically","REVIEW"
"https://cloverspb.ru/magazin/product/vafelnoe-polotno-40-sm-otbelennoe-plotn-110-50-m/next","/magazin/product/vafelnoe-polotno-40-sm-otbelennoe-plotn-110-50-m/next","301","alias","","","","/magazin/product/vafelnoe-polotno-45-sm-otbelennoe-plotn-125-50-m","","","","",,"","REVIEW","MegaGroup navigation alias currently redirects to /magazin/product/vafelnoe-polotno-45-sm-otbelennoe-plotn-125-50-m; do not migrate automatically","REVIEW"
"https://cloverspb.ru/magazin/product/vafelnoe-polotno-45-sm-otbelennoe-plotn-125-50-m/prev","/magazin/product/vafelnoe-polotno-45-sm-otbelennoe-plotn-125-50-m/prev","301","alias","","","","/magazin/product/vafelnoe-polotno-40-sm-otbelennoe-plotn-110-50-m","","","","",,"","REVIEW","MegaGroup navigation alias currently redirects to /magazin/product/vafelnoe-polotno-40-sm-otbelennoe-plotn-110-50-m; do not migrate automatically","REVIEW"
"https://cloverspb.ru/magazin/product/vafelnoe-polotno-45-sm-otbelennoe-plotn-125-50-m/next","/magazin/product/vafelnoe-polotno-45-sm-otbelennoe-plotn-125-50-m/next","301","alias","","","","/magazin/product/vafelnoe-polotno-metrovoe","","","","",,"","REVIEW","MegaGroup navigation alias currently redirects to /magazin/product/vafelnoe-polotno-metrovoe; do not migrate automatically","REVIEW"
"https://cloverspb.ru/magazin/product/plenka-strejch-500-h-17-mkm-ves-netto-2-0-kg/prev","/magazin/product/plenka-strejch-500-h-17-mkm-ves-netto-2-0-kg/prev","301","alias","","","","/magazin/product/folga-30-sm-100-metrov","","","","",,"","REVIEW","MegaGroup navigation alias currently redirects to /magazin/product/folga-30-sm-100-metrov; do not migrate automatically","REVIEW"
"https://cloverspb.ru/magazin/product/plenka-strejch-500-h-17-mkm-ves-netto-2-0-kg/next","/magazin/product/plenka-strejch-500-h-17-mkm-ves-netto-2-0-kg/next","301","alias","","","","/magazin/product/folga-45-sm-100-metrov","","","","",,"","REVIEW","MegaGroup navigation alias currently redirects to /magazin/product/folga-45-sm-100-metrov; do not migrate automatically","REVIEW"
"https://cloverspb.ru/magazin/product/paket-dlya-musora-70h110-pvd-60-mkm-v-400-120-l/prev","/magazin/product/paket-dlya-musora-70h110-pvd-60-mkm-v-400-120-l/prev","301","alias","","","","/magazin/product/paket-dlya-musora-v-rulone-10-sht-120-litrov","","","","",,"","REVIEW","MegaGroup navigation alias currently redirects to /magazin/product/paket-dlya-musora-v-rulone-10-sht-120-litrov; do not migrate automatically","REVIEW"
"https://cloverspb.ru/magazin/product/paket-dlya-musora-70h110-pvd-60-mkm-v-400-120-l/next","/magazin/product/paket-dlya-musora-70h110-pvd-60-mkm-v-400-120-l/next","301","alias","","","","/magazin/product/paket-dlya-musora-90h110-pvd-60-mkm-v-300-160-l","","","","",,"","REVIEW","MegaGroup navigation alias currently redirects to /magazin/product/paket-dlya-musora-90h110-pvd-60-mkm-v-300-160-l; do not migrate automatically","REVIEW"
"https://cloverspb.ru/magazin/product/paket-dlya-musora-90h110-pvd-60-mkm-v-300-160-l/prev","/magazin/product/paket-dlya-musora-90h110-pvd-60-mkm-v-300-160-l/prev","301","alias","","","","/magazin/product/paket-dlya-musora-70h110-pvd-60-mkm-v-400-120-l","","","","",,"","REVIEW","MegaGroup navigation alias currently redirects to /magazin/product/paket-dlya-musora-70h110-pvd-60-mkm-v-400-120-l; do not migrate automatically","REVIEW"
"https://cloverspb.ru/magazin/product/paket-dlya-musora-90h110-pvd-60-mkm-v-300-160-l/next","/magazin/product/paket-dlya-musora-90h110-pvd-60-mkm-v-300-160-l/next","301","alias","","","","/magazin/product/paket-dlya-musora-90h140-pvd-60-mkm-v-240-l","","","","",,"","REVIEW","MegaGroup navigation alias currently redirects to /magazin/product/paket-dlya-musora-90h140-pvd-60-mkm-v-240-l; do not migrate automatically","REVIEW"
"https://cloverspb.ru/magazin/product/paket-dlya-musora-90h140-pvd-60-mkm-v-240-l/prev","/magazin/product/paket-dlya-musora-90h140-pvd-60-mkm-v-240-l/prev","301","alias","","","","/magazin/product/paket-dlya-musora-90h110-pvd-60-mkm-v-300-160-l","","","","",,"","REVIEW","MegaGroup navigation alias currently redirects to /magazin/product/paket-dlya-musora-90h110-pvd-60-mkm-v-300-160-l; do not migrate automatically","REVIEW"
"https://cloverspb.ru/magazin/product/paket-dlya-musora-90h140-pvd-60-mkm-v-240-l/next","/magazin/product/paket-dlya-musora-90h140-pvd-60-mkm-v-240-l/next","301","alias","","","","/magazin/product/paket-dlya-musora-pvd-rulon-30-l-50-sht","","","","",,"","REVIEW","MegaGroup navigation alias currently redirects to /magazin/product/paket-dlya-musora-pvd-rulon-30-l-50-sht; do not migrate automatically","REVIEW"
"https://cloverspb.ru/magazin/product/paket-dlya-musora-pvd-rulon-30-l-50-sht/prev","/magazin/product/paket-dlya-musora-pvd-rulon-30-l-50-sht/prev","301","alias","","","","/magazin/product/paket-dlya-musora-90h140-pvd-60-mkm-v-240-l","","","","",,"","REVIEW","MegaGroup navigation alias currently redirects to /magazin/product/paket-dlya-musora-90h140-pvd-60-mkm-v-240-l; do not migrate automatically","REVIEW"
"https://cloverspb.ru/magazin/product/paket-dlya-musora-pvd-rulon-30-l-50-sht/next","/magazin/product/paket-dlya-musora-pvd-rulon-30-l-50-sht/next","301","alias","","","","/magazin/product/paket-dlya-musora-pvd-rulon-60-l-50-sht","","","","",,"","REVIEW","MegaGroup navigation alias currently redirects to /magazin/product/paket-dlya-musora-pvd-rulon-60-l-50-sht; do not migrate automatically","REVIEW"
"https://cloverspb.ru/magazin/product/paket-dlya-musora-pvd-rulon-60-l-50-sht/prev","/magazin/product/paket-dlya-musora-pvd-rulon-60-l-50-sht/prev","301","alias","","","","/magazin/product/paket-dlya-musora-pvd-rulon-30-l-50-sht","","","","",,"","REVIEW","MegaGroup navigation alias currently redirects to /magazin/product/paket-dlya-musora-pvd-rulon-30-l-50-sht; do not migrate automatically","REVIEW"
"https://cloverspb.ru/magazin/product/paket-dlya-musora-pvd-rulon-60-l-50-sht/next","/magazin/product/paket-dlya-musora-pvd-rulon-60-l-50-sht/next","301","alias","","","","/magazin/product/paket-dlya-musora-v-rulone-20-sht-60-litrov-osoboprochnye","","","","",,"","REVIEW","MegaGroup navigation alias currently redirects to /magazin/product/paket-dlya-musora-v-rulone-20-sht-60-litrov-osoboprochnye; do not migrate automatically","REVIEW"
"https://cloverspb.ru/magazin/product/gubka-dlya-posudy-5-sht-mega-10h6-5h4-sm-15up-kor/prev","/magazin/product/gubka-dlya-posudy-5-sht-mega-10h6-5h4-sm-15up-kor/prev","301","alias","","","","/magazin/product/mochalka-metallicheskaya-maksi-40-gr-v-setke-30sht-kor","","","","",,"","REVIEW","MegaGroup navigation alias currently redirects to /magazin/product/mochalka-metallicheskaya-maksi-40-gr-v-setke-30sht-kor; do not migrate automatically","REVIEW"
"https://cloverspb.ru/magazin/product/gubka-dlya-posudy-5-sht-mega-10h6-5h4-sm-15up-kor/next","/magazin/product/gubka-dlya-posudy-5-sht-mega-10h6-5h4-sm-15up-kor/next","301","alias","","","","/magazin/product/mochalka-dlya-posudy-metall-pletenaya-v-setke-140-gr-10-sht","","","","",,"","REVIEW","MegaGroup navigation alias currently redirects to /magazin/product/mochalka-dlya-posudy-metall-pletenaya-v-setke-140-gr-10-sht; do not migrate automatically","REVIEW"
"https://cloverspb.ru/magazin/product/mochalka-metallicheskaya-3-sht-v-setke/prev","/magazin/product/mochalka-metallicheskaya-3-sht-v-setke/prev","301","alias","","","","/magazin/product/mochalka-dlya-posudy-metall-pletenaya-v-setke-140-gr-10-sht","","","","",,"","REVIEW","MegaGroup navigation alias currently redirects to /magazin/product/mochalka-dlya-posudy-metall-pletenaya-v-setke-140-gr-10-sht; do not migrate automatically","REVIEW"
"https://cloverspb.ru/magazin/product/mochalka-metallicheskaya-3-sht-v-setke/next","/magazin/product/mochalka-metallicheskaya-3-sht-v-setke/next","301","alias","","","","/magazin/product/mochalka-metallicheskaya-maksi-40-gr-v-setke-30sht-kor","","","","",,"","REVIEW","MegaGroup navigation alias currently redirects to /magazin/product/mochalka-metallicheskaya-maksi-40-gr-v-setke-30sht-kor; do not migrate automatically","REVIEW"
"https://cloverspb.ru/magazin/product/mochalka-metallicheskaya-maksi-40-gr-v-setke-30sht-kor/prev","/magazin/product/mochalka-metallicheskaya-maksi-40-gr-v-setke-30sht-kor/prev","301","alias","","","","/magazin/product/mochalka-metallicheskaya-3-sht-v-setke","","","","",,"","REVIEW","MegaGroup navigation alias currently redirects to /magazin/product/mochalka-metallicheskaya-3-sht-v-setke; do not migrate automatically","REVIEW"
"https://cloverspb.ru/magazin/product/mochalka-metallicheskaya-maksi-40-gr-v-setke-30sht-kor/next","/magazin/product/mochalka-metallicheskaya-maksi-40-gr-v-setke-30sht-kor/next","301","alias","","","","/magazin/product/gubka-dlya-posudy-5-sht-mega-10h6-5h4-sm-15up-kor","","","","",,"","REVIEW","MegaGroup navigation alias currently redirects to /magazin/product/gubka-dlya-posudy-5-sht-mega-10h6-5h4-sm-15up-kor; do not migrate automatically","REVIEW"
"https://cloverspb.ru/magazin/product/mochalka-dlya-posudy-metall-pletenaya-v-setke-140-gr-10-sht/prev","/magazin/product/mochalka-dlya-posudy-metall-pletenaya-v-setke-140-gr-10-sht/prev","301","alias","","","","/magazin/product/gubka-dlya-posudy-5-sht-mega-10h6-5h4-sm-15up-kor","","","","",,"","REVIEW","MegaGroup navigation alias currently redirects to /magazin/product/gubka-dlya-posudy-5-sht-mega-10h6-5h4-sm-15up-kor; do not migrate automatically","REVIEW"
"https://cloverspb.ru/magazin/product/mochalka-dlya-posudy-metall-pletenaya-v-setke-140-gr-10-sht/next","/magazin/product/mochalka-dlya-posudy-metall-pletenaya-v-setke-140-gr-10-sht/next","301","alias","","","","/magazin/product/mochalka-metallicheskaya-3-sht-v-setke","","","","",,"","REVIEW","MegaGroup navigation alias currently redirects to /magazin/product/mochalka-metallicheskaya-3-sht-v-setke; do not migrate automatically","REVIEW"
"https://cloverspb.ru/magazin/product/forma-alyum-r28l-430ml-144h119hh40mm/prev","/magazin/product/forma-alyum-r28l-430ml-144h119hh40mm/prev","301","alias","","","","/magazin/product/kontejner-pryamoug-750ml-179-130-52mm-chernyj-pp-polier-500-500","","","","",,"","REVIEW","MegaGroup navigation alias currently redirects to /magazin/product/kontejner-pryamoug-750ml-179-130-52mm-chernyj-pp-polier-500-500; do not migrate automatically","REVIEW"
"https://cloverspb.ru/magazin/product/forma-alyum-r28l-430ml-144h119hh40mm/next","/magazin/product/forma-alyum-r28l-430ml-144h119hh40mm/next","301","alias","","","","/magazin/product/stakan-shejker-400-ml","","","","",,"","REVIEW","MegaGroup navigation alias currently redirects to /magazin/product/stakan-shejker-400-ml; do not migrate automatically","REVIEW"
"https://cloverspb.ru/magazin/product/forma-alyum-r44-r14l-900ml-220h115hh55mm/prev","/magazin/product/forma-alyum-r44-r14l-900ml-220h115hh55mm/prev","301","alias","","","","/magazin/product/paket-dlya-musora-90h110-pvd-60-mkm-v-300-160-l","","","","",,"","REVIEW","MegaGroup navigation alias currently redirects to /magazin/product/paket-dlya-musora-90h110-pvd-60-mkm-v-300-160-l; do not migrate automatically","REVIEW"
"https://cloverspb.ru/magazin/product/forma-alyum-r44-r14l-900ml-220h115hh55mm/next","/magazin/product/forma-alyum-r44-r14l-900ml-220h115hh55mm/next","301","alias","","","","/magazin/product/kontejner-kartonnyj-eco-opsalad-350ml-chernyj-s-prozrachnoj-kryshkoj-121-106-55mm-osq-50-350","","","","",,"","REVIEW","MegaGroup navigation alias currently redirects to /magazin/product/kontejner-kartonnyj-eco-opsalad-350ml-chernyj-s-prozrachnoj-kryshkoj-121-106-55mm-osq-50-350; do not migrate automatically","REVIEW"
"https://cloverspb.ru/magazin/product/kryshka-alyum-kart-cr28l-140x155mm-k-forme-alyum-rn28l/prev","/magazin/product/kryshka-alyum-kart-cr28l-140x155mm-k-forme-alyum-rn28l/prev","301","alias","","","","/magazin/product/kontejner-pryamoug-125ml-108-82-25mm-b-kryshki-prozr-pp-polier-100-100","","","","",,"","REVIEW","MegaGroup navigation alias currently redirects to /magazin/product/kontejner-pryamoug-125ml-108-82-25mm-b-kryshki-prozr-pp-polier-100-100; do not migrate automatically","REVIEW"
"https://cloverspb.ru/magazin/product/kryshka-alyum-kart-cr28l-140x155mm-k-forme-alyum-rn28l/next","/magazin/product/kryshka-alyum-kart-cr28l-140x155mm-k-forme-alyum-rn28l/next","301","alias","","","","/magazin/product/kontejner-pryamoug-250ml-108-82-48mm-bez-kryshki100-1000","","","","",,"","REVIEW","MegaGroup navigation alias currently redirects to /magazin/product/kontejner-pryamoug-250ml-108-82-48mm-bez-kryshki100-1000; do not migrate automatically","REVIEW"
"https://cloverspb.ru/magazin/product/kryshka-alyum-kart-cr14l-r15l-62-217x112mm-k-forme-r14l-62l/prev","/magazin/product/kryshka-alyum-kart-cr14l-r15l-62-217x112mm-k-forme-r14l-62l/prev","301","alias","","","","/magazin/product/kryshka-alyum-kart-cr28l-140x155mm-k-forme-alyum-rn28l","","","","",,"","REVIEW","MegaGroup navigation alias currently redirects to /magazin/product/kryshka-alyum-kart-cr28l-140x155mm-k-forme-alyum-rn28l; do not migrate automatically","REVIEW"
"https://cloverspb.ru/magazin/product/kryshka-alyum-kart-cr14l-r15l-62-217x112mm-k-forme-r14l-62l/next","/magazin/product/kryshka-alyum-kart-cr14l-r15l-62-217x112mm-k-forme-r14l-62l/next","301","alias","","","","/magazin/product/paket-dlya-vakuumirovaniya-160-mm-h-210-mm-60-mkm","","","","",,"","REVIEW","MegaGroup navigation alias currently redirects to /magazin/product/paket-dlya-vakuumirovaniya-160-mm-h-210-mm-60-mkm; do not migrate automatically","REVIEW"
"https://cloverspb.ru/magazin/product/salfetka-cellyuloznaya-14h16-sm-3-sht-50sht-kor/prev","/magazin/product/salfetka-cellyuloznaya-14h16-sm-3-sht-50sht-kor/prev","301","alias","","","","/magazin/product/salfetka-viskoznaya-30-sm-h-30-sm-3sht","","","","",,"","REVIEW","MegaGroup navigation alias currently redirects to /magazin/product/salfetka-viskoznaya-30-sm-h-30-sm-3sht; do not migrate automatically","REVIEW"
"https://cloverspb.ru/magazin/product/salfetka-cellyuloznaya-14h16-sm-3-sht-50sht-kor/next","/magazin/product/salfetka-cellyuloznaya-14h16-sm-3-sht-50sht-kor/next","301","alias","","","","/magazin/product/salfetka-iz-mikrofibry-30-sm-h-30-sm","","","","",,"","REVIEW","MegaGroup navigation alias currently redirects to /magazin/product/salfetka-iz-mikrofibry-30-sm-h-30-sm; do not migrate automatically","REVIEW"
"https://cloverspb.ru/magazin/product/tryapka-dlya-pola-hpp-80h100-sm-25sht-kor/prev","/magazin/product/tryapka-dlya-pola-hpp-80h100-sm-25sht-kor/prev","301","alias","","","","/magazin/product/tryapka-netkol-hlopkovaya-60-80sm-3-sl","","","","",,"","REVIEW","MegaGroup navigation alias currently redirects to /magazin/product/tryapka-netkol-hlopkovaya-60-80sm-3-sl; do not migrate automatically","REVIEW"
"https://cloverspb.ru/magazin/product/tryapka-dlya-pola-hpp-80h100-sm-25sht-kor/next","/magazin/product/tryapka-dlya-pola-hpp-80h100-sm-25sht-kor/next","301","alias","","","","/magazin/product/tryapka-netkol-hlopkovaya-50-80sm-2-sl","","","","",,"","REVIEW","MegaGroup navigation alias currently redirects to /magazin/product/tryapka-netkol-hlopkovaya-50-80sm-2-sl; do not migrate automatically","REVIEW"
"https://cloverspb.ru/magazin/product/tryapka-netkol-hlopkovaya-50-80sm-2-sl/prev","/magazin/product/tryapka-netkol-hlopkovaya-50-80sm-2-sl/prev","301","alias","","","","/magazin/product/tryapka-dlya-pola-hpp-80h100-sm-25sht-kor","","","","",,"","REVIEW","MegaGroup navigation alias currently redirects to /magazin/product/tryapka-dlya-pola-hpp-80h100-sm-25sht-kor; do not migrate automatically","REVIEW"
"https://cloverspb.ru/magazin/product/tryapka-netkol-hlopkovaya-50-80sm-2-sl/next","/magazin/product/tryapka-netkol-hlopkovaya-50-80sm-2-sl/next","301","alias","","","","/magazin/product/tryapka-netkol-hlopkovaya-60-80sm-3-sl","","","","",,"","REVIEW","MegaGroup navigation alias currently redirects to /magazin/product/tryapka-netkol-hlopkovaya-60-80sm-3-sl; do not migrate automatically","REVIEW"
"https://cloverspb.ru/magazin/product/tryapka-netkol-hlopkovaya-60-80sm-3-sl/prev","/magazin/product/tryapka-netkol-hlopkovaya-60-80sm-3-sl/prev","301","alias","","","","/magazin/product/tryapka-netkol-hlopkovaya-50-80sm-2-sl","","","","",,"","REVIEW","MegaGroup navigation alias currently redirects to /magazin/product/tryapka-netkol-hlopkovaya-50-80sm-2-sl; do not migrate automatically","REVIEW"
"https://cloverspb.ru/magazin/product/tryapka-netkol-hlopkovaya-60-80sm-3-sl/next","/magazin/product/tryapka-netkol-hlopkovaya-60-80sm-3-sl/next","301","alias","","","","/magazin/product/tryapka-dlya-pola-hpp-80h100-sm-25sht-kor","","","","",,"","REVIEW","MegaGroup navigation alias currently redirects to /magazin/product/tryapka-dlya-pola-hpp-80h100-sm-25sht-kor; do not migrate automatically","REVIEW"
"https://cloverspb.ru/magazin/product/bumaga-a4-80g-m2-500l-upak/prev","/magazin/product/bumaga-a4-80g-m2-500l-upak/prev","301","alias","","","","/magazin/product/restorannyj-schet","","","","",,"","REVIEW","MegaGroup navigation alias currently redirects to /magazin/product/restorannyj-schet; do not migrate automatically","REVIEW"
"https://cloverspb.ru/magazin/product/bumaga-a4-80g-m2-500l-upak/next","/magazin/product/bumaga-a4-80g-m2-500l-upak/next","301","alias","","","","/magazin/product/ruchka-sharikovaya","","","","",,"","REVIEW","MegaGroup navigation alias currently redirects to /magazin/product/ruchka-sharikovaya; do not migrate automatically","REVIEW"
"https://cloverspb.ru/magazin/product/lenta-kassovaya-57-12mm-17m/prev","/magazin/product/lenta-kassovaya-57-12mm-17m/prev","301","alias","","","","/magazin/product/marker-chernyj","","","","",,"","REVIEW","MegaGroup navigation alias currently redirects to /magazin/product/marker-chernyj; do not migrate automatically","REVIEW"
"https://cloverspb.ru/magazin/product/lenta-kassovaya-57-12mm-17m/next","/magazin/product/lenta-kassovaya-57-12mm-17m/next","301","alias","","","","/magazin/product/lenta-kassovaya-57-12mm-40m","","","","",,"","REVIEW","MegaGroup navigation alias currently redirects to /magazin/product/lenta-kassovaya-57-12mm-40m; do not migrate automatically","REVIEW"
"https://cloverspb.ru/magazin/product/lenta-kassovaya-57-12mm-40m/prev","/magazin/product/lenta-kassovaya-57-12mm-40m/prev","301","alias","","","","/magazin/product/lenta-kassovaya-57-12mm-17m","","","","",,"","REVIEW","MegaGroup navigation alias currently redirects to /magazin/product/lenta-kassovaya-57-12mm-17m; do not migrate automatically","REVIEW"
"https://cloverspb.ru/magazin/product/lenta-kassovaya-57-12mm-40m/next","/magazin/product/lenta-kassovaya-57-12mm-40m/next","301","alias","","","","/magazin/product/lenta-kassovaya-80-12mm-70m","","","","",,"","REVIEW","MegaGroup navigation alias currently redirects to /magazin/product/lenta-kassovaya-80-12mm-70m; do not migrate automatically","REVIEW"
"https://cloverspb.ru/magazin/product/lenta-kassovaya-80-12mm-70m/prev","/magazin/product/lenta-kassovaya-80-12mm-70m/prev","301","alias","","","","/magazin/product/lenta-kassovaya-57-12mm-40m","","","","",,"","REVIEW","MegaGroup navigation alias currently redirects to /magazin/product/lenta-kassovaya-57-12mm-40m; do not migrate automatically","REVIEW"
"https://cloverspb.ru/magazin/product/lenta-kassovaya-80-12mm-70m/next","/magazin/product/lenta-kassovaya-80-12mm-70m/next","301","alias","","","","/magazin/product/restorannyj-schet","","","","",,"","REVIEW","MegaGroup navigation alias currently redirects to /magazin/product/restorannyj-schet; do not migrate automatically","REVIEW"
"https://cloverspb.ru/magazin/product/kontejner-bumazhnyj-eco-opsalad-500-kraft-s-prozr-krysh/prev","/magazin/product/kontejner-bumazhnyj-eco-opsalad-500-kraft-s-prozr-krysh/prev","301","alias","","","","/magazin/product/salatnik-s-prozrachnoj-kryshkoj-black-edition","","","","",,"","REVIEW","MegaGroup navigation alias currently redirects to /magazin/product/salatnik-s-prozrachnoj-kryshkoj-black-edition; do not migrate automatically","REVIEW"
"https://cloverspb.ru/magazin/product/kontejner-bumazhnyj-eco-opsalad-500-kraft-s-prozr-krysh/next","/magazin/product/kontejner-bumazhnyj-eco-opsalad-500-kraft-s-prozr-krysh/next","301","alias","","","","/magazin/product/kontejner-bumazhnyj-eco-opsalad-900-kraft-s-prozr-krysh","","","","",,"","REVIEW","MegaGroup navigation alias currently redirects to /magazin/product/kontejner-bumazhnyj-eco-opsalad-900-kraft-s-prozr-krysh; do not migrate automatically","REVIEW"
"https://cloverspb.ru/magazin/product/kontejner-bumazhnyj-eco-opsalad-800-kraft-s-prozr-krysh/prev","/magazin/product/kontejner-bumazhnyj-eco-opsalad-800-kraft-s-prozr-krysh/prev","301","alias","","","","/magazin/product/kontejner-bumazhnyj-eco-opsalad-900-kraft-s-prozr-krysh","","","","",,"","REVIEW","MegaGroup navigation alias currently redirects to /magazin/product/kontejner-bumazhnyj-eco-opsalad-900-kraft-s-prozr-krysh; do not migrate automatically","REVIEW"
"https://cloverspb.ru/magazin/product/kontejner-bumazhnyj-eco-opsalad-800-kraft-s-prozr-krysh/next","/magazin/product/kontejner-bumazhnyj-eco-opsalad-800-kraft-s-prozr-krysh/next","301","alias","","","","/magazin/product/kontejner-bumazhnyj-eco-opsalad-800-black-edition-chernyj-s-prozr-krysh","","","","",,"","REVIEW","MegaGroup navigation alias currently redirects to /magazin/product/kontejner-bumazhnyj-eco-opsalad-800-black-edition-chernyj-s-prozr-krysh; do not migrate automatically","REVIEW"
"https://cloverspb.ru/magazin/product/kontejner-bumazhnyj-eco-opsalad-900-kraft-s-prozr-krysh/prev","/magazin/product/kontejner-bumazhnyj-eco-opsalad-900-kraft-s-prozr-krysh/prev","301","alias","","","","/magazin/product/kontejner-bumazhnyj-eco-opsalad-500-kraft-s-prozr-krysh","","","","",,"","REVIEW","MegaGroup navigation alias currently redirects to /magazin/product/kontejner-bumazhnyj-eco-opsalad-500-kraft-s-prozr-krysh; do not migrate automatically","REVIEW"
"https://cloverspb.ru/magazin/product/kontejner-bumazhnyj-eco-opsalad-900-kraft-s-prozr-krysh/next","/magazin/product/kontejner-bumazhnyj-eco-opsalad-900-kraft-s-prozr-krysh/next","301","alias","","","","/magazin/product/kontejner-bumazhnyj-eco-opsalad-800-kraft-s-prozr-krysh","","","","",,"","REVIEW","MegaGroup navigation alias currently redirects to /magazin/product/kontejner-bumazhnyj-eco-opsalad-800-kraft-s-prozr-krysh; do not migrate automatically","REVIEW"
"https://cloverspb.ru/magazin/product/kontejner-bumazhnyj-eco-opsalad-800-black-edition-chernyj-s-prozr-krysh/prev","/magazin/product/kontejner-bumazhnyj-eco-opsalad-800-black-edition-chernyj-s-prozr-krysh/prev","301","alias","","","","/magazin/product/kontejner-bumazhnyj-eco-opsalad-800-kraft-s-prozr-krysh","","","","",,"","REVIEW","MegaGroup navigation alias currently redirects to /magazin/product/kontejner-bumazhnyj-eco-opsalad-800-kraft-s-prozr-krysh; do not migrate automatically","REVIEW"
"https://cloverspb.ru/magazin/product/kontejner-bumazhnyj-eco-opsalad-800-black-edition-chernyj-s-prozr-krysh/next","/magazin/product/kontejner-bumazhnyj-eco-opsalad-800-black-edition-chernyj-s-prozr-krysh/next","301","alias","","","","/magazin/product/kontejner-bumazhnyj-eco-opsalad-1000-ml-kraft-s-kryshkoj","","","","",,"","REVIEW","MegaGroup navigation alias currently redirects to /magazin/product/kontejner-bumazhnyj-eco-opsalad-1000-ml-kraft-s-kryshkoj; do not migrate automatically","REVIEW"
"https://cloverspb.ru/magazin/product/belizna/prev","/magazin/product/belizna/prev","301","alias","","","","/magazin/product/nika-2","","","","",,"","REVIEW","MegaGroup navigation alias currently redirects to /magazin/product/nika-2; do not migrate automatically","REVIEW"
"https://cloverspb.ru/magazin/product/belizna/next","/magazin/product/belizna/next","301","alias","","","","/magazin/product/belizna-gel-1l","","","","",,"","REVIEW","MegaGroup navigation alias currently redirects to /magazin/product/belizna-gel-1l; do not migrate automatically","REVIEW"
"https://cloverspb.ru/magazin/product/belizna-gel-1l/prev","/magazin/product/belizna-gel-1l/prev","301","alias","","","","/magazin/product/belizna","","","","",,"","REVIEW","MegaGroup navigation alias currently redirects to /magazin/product/belizna; do not migrate automatically","REVIEW"
"https://cloverspb.ru/magazin/product/belizna-gel-1l/next","/magazin/product/belizna-gel-1l/next","301","alias","","","","/magazin/product/nika-2","","","","",,"","REVIEW","MegaGroup navigation alias currently redirects to /magazin/product/nika-2; do not migrate automatically","REVIEW"
"https://cloverspb.ru/magazin/product/kontejner-kartonnyj-eco-opsalad-350ml-chernyj-s-prozrachnoj-kryshkoj-121-106-55mm-osq-50-350/prev","/magazin/product/kontejner-kartonnyj-eco-opsalad-350ml-chernyj-s-prozrachnoj-kryshkoj-121-106-55mm-osq-50-350/prev","301","alias","","","","/magazin/product/kontejner-bumazhnyj-eco-opsalad-400-ml-chernyj-s-kryshkoj","","","","",,"","REVIEW","MegaGroup navigation alias currently redirects to /magazin/product/kontejner-bumazhnyj-eco-opsalad-400-ml-chernyj-s-kryshkoj; do not migrate automatically","REVIEW"
"https://cloverspb.ru/magazin/product/kontejner-kartonnyj-eco-opsalad-350ml-chernyj-s-prozrachnoj-kryshkoj-121-106-55mm-osq-50-350/next","/magazin/product/kontejner-kartonnyj-eco-opsalad-350ml-chernyj-s-prozrachnoj-kryshkoj-121-106-55mm-osq-50-350/next","301","alias","","","","/magazin/product/kontejner-kartonnyj-eco-opsalad-350ml-s-prozrachnoj-kryshkoj-121-106-55mm-osq-50-350","","","","",,"","REVIEW","MegaGroup navigation alias currently redirects to /magazin/product/kontejner-kartonnyj-eco-opsalad-350ml-s-prozrachnoj-kryshkoj-121-106-55mm-osq-50-350; do not migrate automatically","REVIEW"
"https://cloverspb.ru/magazin/product/kontejner-kartonnyj-eco-opsalad-350ml-s-prozrachnoj-kryshkoj-121-106-55mm-osq-50-350/prev","/magazin/product/kontejner-kartonnyj-eco-opsalad-350ml-s-prozrachnoj-kryshkoj-121-106-55mm-osq-50-350/prev","301","alias","","","","/magazin/product/kontejner-kartonnyj-eco-opsalad-350ml-chernyj-s-prozrachnoj-kryshkoj-121-106-55mm-osq-50-350","","","","",,"","REVIEW","MegaGroup navigation alias currently redirects to /magazin/product/kontejner-kartonnyj-eco-opsalad-350ml-chernyj-s-prozrachnoj-kryshkoj-121-106-55mm-osq-50-350; do not migrate automatically","REVIEW"
"https://cloverspb.ru/magazin/product/kontejner-kartonnyj-eco-opsalad-350ml-s-prozrachnoj-kryshkoj-121-106-55mm-osq-50-350/next","/magazin/product/kontejner-kartonnyj-eco-opsalad-350ml-s-prozrachnoj-kryshkoj-121-106-55mm-osq-50-350/next","301","alias","","","","/magazin/product/salatnik-s-prozrachnoj-kryshkoj-black-edition","","","","",,"","REVIEW","MegaGroup navigation alias currently redirects to /magazin/product/salatnik-s-prozrachnoj-kryshkoj-black-edition; do not migrate automatically","REVIEW"
"https://cloverspb.ru/magazin/product/kontejner-bumazhnyj-eco-opsalad-400-ml-chernyj-s-kryshkoj/prev","/magazin/product/kontejner-bumazhnyj-eco-opsalad-400-ml-chernyj-s-kryshkoj/prev","301","alias","","","","/magazin/product/kontejner-bumazhnyj-eco-opsalad-1000-ml-chernyj-s-kryshkoj","","","","",,"","REVIEW","MegaGroup navigation alias currently redirects to /magazin/product/kontejner-bumazhnyj-eco-opsalad-1000-ml-chernyj-s-kryshkoj; do not migrate automatically","REVIEW"
"https://cloverspb.ru/magazin/product/kontejner-bumazhnyj-eco-opsalad-400-ml-chernyj-s-kryshkoj/next","/magazin/product/kontejner-bumazhnyj-eco-opsalad-400-ml-chernyj-s-kryshkoj/next","301","alias","","","","/magazin/product/kontejner-kartonnyj-eco-opsalad-350ml-chernyj-s-prozrachnoj-kryshkoj-121-106-55mm-osq-50-350","","","","",,"","REVIEW","MegaGroup navigation alias currently redirects to /magazin/product/kontejner-kartonnyj-eco-opsalad-350ml-chernyj-s-prozrachnoj-kryshkoj-121-106-55mm-osq-50-350; do not migrate automatically","REVIEW"
"https://cloverspb.ru/magazin/product/kontejner-bumazhnyj-eco-opsalad-1000-ml-kraft-s-kryshkoj/prev","/magazin/product/kontejner-bumazhnyj-eco-opsalad-1000-ml-kraft-s-kryshkoj/prev","301","alias","","","","/magazin/product/kontejner-bumazhnyj-eco-opsalad-800-black-edition-chernyj-s-prozr-krysh","","","","",,"","REVIEW","MegaGroup navigation alias currently redirects to /magazin/product/kontejner-bumazhnyj-eco-opsalad-800-black-edition-chernyj-s-prozr-krysh; do not migrate automatically","REVIEW"
"https://cloverspb.ru/magazin/product/kontejner-bumazhnyj-eco-opsalad-1000-ml-kraft-s-kryshkoj/next","/magazin/product/kontejner-bumazhnyj-eco-opsalad-1000-ml-kraft-s-kryshkoj/next","301","alias","","","","/magazin/product/kontejner-bumazhnyj-eco-opsalad-1000-ml-chernyj-s-kryshkoj","","","","",,"","REVIEW","MegaGroup navigation alias currently redirects to /magazin/product/kontejner-bumazhnyj-eco-opsalad-1000-ml-chernyj-s-kryshkoj; do not migrate automatically","REVIEW"
"https://cloverspb.ru/magazin/product/kontejner-bumazhnyj-eco-opsalad-1000-ml-chernyj-s-kryshkoj/prev","/magazin/product/kontejner-bumazhnyj-eco-opsalad-1000-ml-chernyj-s-kryshkoj/prev","301","alias","","","","/magazin/product/kontejner-bumazhnyj-eco-opsalad-1000-ml-kraft-s-kryshkoj","","","","",,"","REVIEW","MegaGroup navigation alias currently redirects to /magazin/product/kontejner-bumazhnyj-eco-opsalad-1000-ml-kraft-s-kryshkoj; do not migrate automatically","REVIEW"
"https://cloverspb.ru/magazin/product/kontejner-bumazhnyj-eco-opsalad-1000-ml-chernyj-s-kryshkoj/next","/magazin/product/kontejner-bumazhnyj-eco-opsalad-1000-ml-chernyj-s-kryshkoj/next","301","alias","","","","/magazin/product/kontejner-bumazhnyj-eco-opsalad-400-ml-chernyj-s-kryshkoj","","","","",,"","REVIEW","MegaGroup navigation alias currently redirects to /magazin/product/kontejner-bumazhnyj-eco-opsalad-400-ml-chernyj-s-kryshkoj; do not migrate automatically","REVIEW"
"https://cloverspb.ru/magazin/product/paket-dlya-vakuumirovaniya-300-mm-h-400-mm-60-mkm/prev","/magazin/product/paket-dlya-vakuumirovaniya-300-mm-h-400-mm-60-mkm/prev","301","alias","","","","/magazin/product/paket-dlya-vakuumirovaniya-250-mm-h-350-mm-60-mkm","","","","",,"","REVIEW","MegaGroup navigation alias currently redirects to /magazin/product/paket-dlya-vakuumirovaniya-250-mm-h-350-mm-60-mkm; do not migrate automatically","REVIEW"
"https://cloverspb.ru/magazin/product/paket-dlya-vakuumirovaniya-300-mm-h-400-mm-60-mkm/next","/magazin/product/paket-dlya-vakuumirovaniya-300-mm-h-400-mm-60-mkm/next","301","alias","","","","/magazin/product/paket-vakuumnyj-11-16sm-60mkm-100sht-upak","","","","",,"","REVIEW","MegaGroup navigation alias currently redirects to /magazin/product/paket-vakuumnyj-11-16sm-60mkm-100sht-upak; do not migrate automatically","REVIEW"
"https://cloverspb.ru/magazin/product/paket-dlya-vakuumirovaniya-250-mm-h-350-mm-60-mkm/prev","/magazin/product/paket-dlya-vakuumirovaniya-250-mm-h-350-mm-60-mkm/prev","301","alias","","","","/magazin/product/paket-dlya-vakuumirovaniya-200-mm-h-250-mm-60-mkm","","","","",,"","REVIEW","MegaGroup navigation alias currently redirects to /magazin/product/paket-dlya-vakuumirovaniya-200-mm-h-250-mm-60-mkm; do not migrate automatically","REVIEW"
"https://cloverspb.ru/magazin/product/paket-dlya-vakuumirovaniya-250-mm-h-350-mm-60-mkm/next","/magazin/product/paket-dlya-vakuumirovaniya-250-mm-h-350-mm-60-mkm/next","301","alias","","","","/magazin/product/paket-dlya-vakuumirovaniya-300-mm-h-400-mm-60-mkm","","","","",,"","REVIEW","MegaGroup navigation alias currently redirects to /magazin/product/paket-dlya-vakuumirovaniya-300-mm-h-400-mm-60-mkm; do not migrate automatically","REVIEW"
"https://cloverspb.ru/magazin/product/paket-dlya-vakuumirovaniya-200-mm-h-250-mm-60-mkm/prev","/magazin/product/paket-dlya-vakuumirovaniya-200-mm-h-250-mm-60-mkm/prev","301","alias","","","","/magazin/product/paket-vakuumnyj-20-30sm-60mkm-100sht-upak","","","","",,"","REVIEW","MegaGroup navigation alias currently redirects to /magazin/product/paket-vakuumnyj-20-30sm-60mkm-100sht-upak; do not migrate automatically","REVIEW"
"https://cloverspb.ru/magazin/product/paket-dlya-vakuumirovaniya-200-mm-h-250-mm-60-mkm/next","/magazin/product/paket-dlya-vakuumirovaniya-200-mm-h-250-mm-60-mkm/next","301","alias","","","","/magazin/product/paket-dlya-vakuumirovaniya-250-mm-h-350-mm-60-mkm","","","","",,"","REVIEW","MegaGroup navigation alias currently redirects to /magazin/product/paket-dlya-vakuumirovaniya-250-mm-h-350-mm-60-mkm; do not migrate automatically","REVIEW"
"https://cloverspb.ru/magazin/product/paket-dlya-vakuumirovaniya-160-mm-h-210-mm-60-mkm/prev","/magazin/product/paket-dlya-vakuumirovaniya-160-mm-h-210-mm-60-mkm/prev","301","alias","","","","/magazin/product/paket-vakuumnyj-11-16sm-60mkm-100sht-upak","","","","",,"","REVIEW","MegaGroup navigation alias currently redirects to /magazin/product/paket-vakuumnyj-11-16sm-60mkm-100sht-upak; do not migrate automatically","REVIEW"
"https://cloverspb.ru/magazin/product/paket-dlya-vakuumirovaniya-160-mm-h-210-mm-60-mkm/next","/magazin/product/paket-dlya-vakuumirovaniya-160-mm-h-210-mm-60-mkm/next","301","alias","","","","/magazin/product/paket-dlya-vakuumirovaniya-150-mm-h-300-mm-60-mkm","","","","",,"","REVIEW","MegaGroup navigation alias currently redirects to /magazin/product/paket-dlya-vakuumirovaniya-150-mm-h-300-mm-60-mkm; do not migrate automatically","REVIEW"
"https://cloverspb.ru/magazin/product/paket-dlya-vakuumirovaniya-150-mm-h-300-mm-60-mkm/prev","/magazin/product/paket-dlya-vakuumirovaniya-150-mm-h-300-mm-60-mkm/prev","301","alias","","","","/magazin/product/paket-dlya-vakuumirovaniya-160-mm-h-210-mm-60-mkm","","","","",,"","REVIEW","MegaGroup navigation alias currently redirects to /magazin/product/paket-dlya-vakuumirovaniya-160-mm-h-210-mm-60-mkm; do not migrate automatically","REVIEW"
"https://cloverspb.ru/magazin/product/paket-dlya-vakuumirovaniya-150-mm-h-300-mm-60-mkm/next","/magazin/product/paket-dlya-vakuumirovaniya-150-mm-h-300-mm-60-mkm/next","301","alias","","","","/magazin/product/paket-vakuumnyj-16-25sm-60mkm-100sht-upak","","","","",,"","REVIEW","MegaGroup navigation alias currently redirects to /magazin/product/paket-vakuumnyj-16-25sm-60mkm-100sht-upak; do not migrate automatically","REVIEW"
"https://cloverspb.ru/magazin/product/paket-dlya-vakuumirovaniya-150-mm-h-200-mm-60-mkm/prev","/magazin/product/paket-dlya-vakuumirovaniya-150-mm-h-200-mm-60-mkm/prev","301","alias","","","","/magazin/product/paket-vakuumnyj-16-25sm-60mkm-100sht-upak","","","","",,"","REVIEW","MegaGroup navigation alias currently redirects to /magazin/product/paket-vakuumnyj-16-25sm-60mkm-100sht-upak; do not migrate automatically","REVIEW"
"https://cloverspb.ru/magazin/product/paket-dlya-vakuumirovaniya-150-mm-h-200-mm-60-mkm/next","/magazin/product/paket-dlya-vakuumirovaniya-150-mm-h-200-mm-60-mkm/next","301","alias","","","","/magazin/product/paket-vakuumnyj-20-30sm-60mkm-100sht-upak","","","","",,"","REVIEW","MegaGroup navigation alias currently redirects to /magazin/product/paket-vakuumnyj-20-30sm-60mkm-100sht-upak; do not migrate automatically","REVIEW"
"https://cloverspb.ru/magazin/product/tarelka-plastikovaya-16-5-sm-bez-sekcij/prev","/magazin/product/tarelka-plastikovaya-16-5-sm-bez-sekcij/prev","301","alias","","","","/magazin/product/polotenca-tork-h1-120067","","","","",,"","REVIEW","MegaGroup navigation alias currently redirects to /magazin/product/polotenca-tork-h1-120067; do not migrate automatically","REVIEW"
"https://cloverspb.ru/magazin/product/tarelka-plastikovaya-16-5-sm-bez-sekcij/next","/magazin/product/tarelka-plastikovaya-16-5-sm-bez-sekcij/next","301","alias","","","","/magazin/product/salfetki-bumazhnye-23-5-sm-h-23-5-sm-1-slojnye","","","","",,"","REVIEW","MegaGroup navigation alias currently redirects to /magazin/product/salfetki-bumazhnye-23-5-sm-h-23-5-sm-1-slojnye; do not migrate automatically","REVIEW"
"https://cloverspb.ru/magazin/product/help-sredstvo-dlya-mytya-stekol-i-zerkal-750-ml/prev","/magazin/product/help-sredstvo-dlya-mytya-stekol-i-zerkal-750-ml/prev","301","alias","","","","/magazin/product/help-sredstvo-dlya-mytya-stekol-i-zerkal-750-ml","","","","",,"","REVIEW","MegaGroup navigation alias currently redirects to /magazin/product/help-sredstvo-dlya-mytya-stekol-i-zerkal-750-ml; do not migrate automatically","REVIEW"
"https://cloverspb.ru/magazin/product/help-sredstvo-dlya-mytya-stekol-i-zerkal-750-ml/next","/magazin/product/help-sredstvo-dlya-mytya-stekol-i-zerkal-750-ml/next","301","alias","","","","/magazin/product/help-sredstvo-dlya-mytya-stekol-i-zerkal-750-ml","","","","",,"","REVIEW","MegaGroup navigation alias currently redirects to /magazin/product/help-sredstvo-dlya-mytya-stekol-i-zerkal-750-ml; do not migrate automatically","REVIEW"
"https://cloverspb.ru/magazin/product/rail-sredstvo-dlya-kuhni-i-plit-500-ml/prev","/magazin/product/rail-sredstvo-dlya-kuhni-i-plit-500-ml/prev","301","alias","","","","/magazin/product/sanoks-chistyashchaya-zhidkost-750ml","","","","",,"","REVIEW","MegaGroup navigation alias currently redirects to /magazin/product/sanoks-chistyashchaya-zhidkost-750ml; do not migrate automatically","REVIEW"
"https://cloverspb.ru/magazin/product/rail-sredstvo-dlya-kuhni-i-plit-500-ml/next","/magazin/product/rail-sredstvo-dlya-kuhni-i-plit-500-ml/next","301","alias","","","","/magazin/product/sanoks-chistyashchaya-zhidkost-5l","","","","",,"","REVIEW","MegaGroup navigation alias currently redirects to /magazin/product/sanoks-chistyashchaya-zhidkost-5l; do not migrate automatically","REVIEW"
"https://cloverspb.ru/magazin/product/sredstvo-dlya-mytya-posudy-purity-new-vv-5l-4/prev","/magazin/product/sredstvo-dlya-mytya-posudy-purity-new-vv-5l-4/prev","301","alias","","","","/magazin/product/akvalon-5l","","","","",,"","REVIEW","MegaGroup navigation alias currently redirects to /magazin/product/akvalon-5l; do not migrate automatically","REVIEW"
"https://cloverspb.ru/magazin/product/sredstvo-dlya-mytya-posudy-purity-new-vv-5l-4/next","/magazin/product/sredstvo-dlya-mytya-posudy-purity-new-vv-5l-4/next","301","alias","","","","/magazin/product/adriol-dlya-posudy-5l","","","","",,"","REVIEW","MegaGroup navigation alias currently redirects to /magazin/product/adriol-dlya-posudy-5l; do not migrate automatically","REVIEW"
"https://cloverspb.ru/magazin/product/sredstvo-dlya-mytya-pola-floor-wash-vv-5-l-4/prev","/magazin/product/sredstvo-dlya-mytya-pola-floor-wash-vv-5-l-4/prev","301","alias","","","","/magazin/product/mister-proper-univ-moyushchee-sr-vo-5l","","","","",,"","REVIEW","MegaGroup navigation alias currently redirects to /magazin/product/mister-proper-univ-moyushchee-sr-vo-5l; do not migrate automatically","REVIEW"
"https://cloverspb.ru/magazin/product/sredstvo-dlya-mytya-pola-floor-wash-vv-5-l-4/next","/magazin/product/sredstvo-dlya-mytya-pola-floor-wash-vv-5-l-4/next","301","alias","","","","/magazin/product/yut-sredstvo-moyushchee-dlya-pola-5l","","","","",,"","REVIEW","MegaGroup navigation alias currently redirects to /magazin/product/yut-sredstvo-moyushchee-dlya-pola-5l; do not migrate automatically","REVIEW"
"https://cloverspb.ru/magazin/product/sredstvo-zhiroudalitel-hot-clean-pro-vv-5-l-4/prev","/magazin/product/sredstvo-zhiroudalitel-hot-clean-pro-vv-5-l-4/prev","301","alias","","","","/magazin/product/shumanit-antizhir-bagi-400-ml","","","","",,"","REVIEW","MegaGroup navigation alias currently redirects to /magazin/product/shumanit-antizhir-bagi-400-ml; do not migrate automatically","REVIEW"
"https://cloverspb.ru/magazin/product/sredstvo-zhiroudalitel-hot-clean-pro-vv-5-l-4/next","/magazin/product/sredstvo-zhiroudalitel-hot-clean-pro-vv-5-l-4/next","301","alias","","","","/magazin/product/adriel-dlya-udaleniya-zhira-5l","","","","",,"","REVIEW","MegaGroup navigation alias currently redirects to /magazin/product/adriel-dlya-udaleniya-zhira-5l; do not migrate automatically","REVIEW"
"https://cloverspb.ru/magazin/product/stakan-bumazhnyj-180-ml/prev","/magazin/product/stakan-bumazhnyj-180-ml/prev","301","alias","","","","/magazin/product/stakan-pivnoj-plastikovyj-500ml","","","","",,"","REVIEW","MegaGroup navigation alias currently redirects to /magazin/product/stakan-pivnoj-plastikovyj-500ml; do not migrate automatically","REVIEW"
"https://cloverspb.ru/magazin/product/stakan-bumazhnyj-180-ml/next","/magazin/product/stakan-bumazhnyj-180-ml/next","301","alias","","","","/magazin/product/stakan-plastikovyj-330ml-100sht-upak","","","","",,"","REVIEW","MegaGroup navigation alias currently redirects to /magazin/product/stakan-plastikovyj-330ml-100sht-upak; do not migrate automatically","REVIEW"
"https://cloverspb.ru/magazin/product/stakan-shejker-400-ml/prev","/magazin/product/stakan-shejker-400-ml/prev","301","alias","","","","/magazin/product/derzhatel-dlya-4h-stakanov","","","","",,"","REVIEW","MegaGroup navigation alias currently redirects to /magazin/product/derzhatel-dlya-4h-stakanov; do not migrate automatically","REVIEW"
"https://cloverspb.ru/magazin/product/stakan-shejker-400-ml/next","/magazin/product/stakan-shejker-400-ml/next","301","alias","","","","/magazin/product/stakan-pet-prozrachnyj-500ml-50sht-upak","","","","",,"","REVIEW","MegaGroup navigation alias currently redirects to /magazin/product/stakan-pet-prozrachnyj-500ml-50sht-upak; do not migrate automatically","REVIEW"
"https://cloverspb.ru/magazin/product/tarelka-22-sm-bez-sekcij-plastikovaya-belaya/prev","/magazin/product/tarelka-22-sm-bez-sekcij-plastikovaya-belaya/prev","301","alias","","","","/magazin/product/tarelka-odnorazovaya-205mm-3-h-sekcionnaya-belaya-ps-polier-100-1800","","","","",,"","REVIEW","MegaGroup navigation alias currently redirects to /magazin/product/tarelka-odnorazovaya-205mm-3-h-sekcionnaya-belaya-ps-polier-100-1800; do not migrate automatically","REVIEW"
"https://cloverspb.ru/magazin/product/tarelka-22-sm-bez-sekcij-plastikovaya-belaya/next","/magazin/product/tarelka-22-sm-bez-sekcij-plastikovaya-belaya/next","301","alias","","","","/magazin/product/tarelka-odnorazovaya-175-mm-belaya-kartonnaya-pavlovsk-1000-1000","","","","",,"","REVIEW","MegaGroup navigation alias currently redirects to /magazin/product/tarelka-odnorazovaya-175-mm-belaya-kartonnaya-pavlovsk-1000-1000; do not migrate automatically","REVIEW"
"https://cloverspb.ru/magazin/product/vedro-800-ml-s-kryshkoj/prev","/magazin/product/vedro-800-ml-s-kryshkoj/prev","301","alias","","","","/magazin/product/kryshka-spk-257k-3-257h202h35mm","","","","",,"","REVIEW","MegaGroup navigation alias currently redirects to /magazin/product/kryshka-spk-257k-3-257h202h35mm; do not migrate automatically","REVIEW"
"https://cloverspb.ru/magazin/product/vedro-800-ml-s-kryshkoj/next","/magazin/product/vedro-800-ml-s-kryshkoj/next","301","alias","","","","/magazin/product/lotok-279-223-35-5-sekcij-chernyj-110-110-0055_00200","","","","",,"","REVIEW","MegaGroup navigation alias currently redirects to /magazin/product/lotok-279-223-35-5-sekcij-chernyj-110-110-0055_00200; do not migrate automatically","REVIEW"
"https://cloverspb.ru/magazin/product/vedro-1000-ml-s-kryshkoj/prev","/magazin/product/vedro-1000-ml-s-kryshkoj/prev","301","alias","","","","/magazin/product/lotok-kryshka-280-225-25mm-pet-110-110-0055_00201","","","","",,"","REVIEW","MegaGroup navigation alias currently redirects to /magazin/product/lotok-kryshka-280-225-25mm-pet-110-110-0055_00201; do not migrate automatically","REVIEW"
"https://cloverspb.ru/magazin/product/vedro-1000-ml-s-kryshkoj/next","/magazin/product/vedro-1000-ml-s-kryshkoj/next","301","alias","","","","/magazin/product/kontejner-530-ml-kruglyj-chernyj-s-prozrachnoj-kryshkoj","","","","",,"","REVIEW","MegaGroup navigation alias currently redirects to /magazin/product/kontejner-530-ml-kruglyj-chernyj-s-prozrachnoj-kryshkoj; do not migrate automatically","REVIEW"
"https://cloverspb.ru/magazin/product/vedro-1500-ml-s-kryshkoj/prev","/magazin/product/vedro-1500-ml-s-kryshkoj/prev","301","alias","","","","/magazin/product/kontejner-950-ml-kruglyj-chernyj-s-prozrachnoj-kryshkoj","","","","",,"","REVIEW","MegaGroup navigation alias currently redirects to /magazin/product/kontejner-950-ml-kruglyj-chernyj-s-prozrachnoj-kryshkoj; do not migrate automatically","REVIEW"
"https://cloverspb.ru/magazin/product/vedro-1500-ml-s-kryshkoj/next","/magazin/product/vedro-1500-ml-s-kryshkoj/next","301","alias","","","","/magazin/product/vedro-2250-ml-s-kryshkoj","","","","",,"","REVIEW","MegaGroup navigation alias currently redirects to /magazin/product/vedro-2250-ml-s-kryshkoj; do not migrate automatically","REVIEW"
"https://cloverspb.ru/magazin/product/vedro-2000-ml-s-kryshkoj/prev","/magazin/product/vedro-2000-ml-s-kryshkoj/prev","301","alias","","","","/magazin/product/vedro-1500-ml-s-kryshkoj","","","","",,"","REVIEW","MegaGroup navigation alias currently redirects to /magazin/product/vedro-1500-ml-s-kryshkoj; do not migrate automatically","REVIEW"
"https://cloverspb.ru/magazin/product/vedro-2000-ml-s-kryshkoj/next","/magazin/product/vedro-2000-ml-s-kryshkoj/next","301","alias","","","","/magazin/product/tryapka-dlya-pola-hpp-80h100-sm-25sht-kor","","","","",,"","REVIEW","MegaGroup navigation alias currently redirects to /magazin/product/tryapka-dlya-pola-hpp-80h100-sm-25sht-kor; do not migrate automatically","REVIEW"
"https://cloverspb.ru/magazin/product/vedro-2250-ml-s-kryshkoj/prev","/magazin/product/vedro-2250-ml-s-kryshkoj/prev","301","alias","","","","/magazin/product/vedro-1500-ml-s-kryshkoj","","","","",,"","REVIEW","MegaGroup navigation alias currently redirects to /magazin/product/vedro-1500-ml-s-kryshkoj; do not migrate automatically","REVIEW"
"https://cloverspb.ru/magazin/product/vedro-2250-ml-s-kryshkoj/next","/magazin/product/vedro-2250-ml-s-kryshkoj/next","301","alias","","","","/magazin/product/trubochki-cvetnye-gofra-5-210mm-1000sht-upak","","","","",,"","REVIEW","MegaGroup navigation alias currently redirects to /magazin/product/trubochki-cvetnye-gofra-5-210mm-1000sht-upak; do not migrate automatically","REVIEW"
"https://cloverspb.ru/magazin/product/vedro-3300-ml-s-kryshkoj/prev","/magazin/product/vedro-3300-ml-s-kryshkoj/prev","301","alias","","","","/magazin/product/vedro-2250-ml-s-kryshkoj","","","","",,"","REVIEW","MegaGroup navigation alias currently redirects to /magazin/product/vedro-2250-ml-s-kryshkoj; do not migrate automatically","REVIEW"
"https://cloverspb.ru/magazin/product/vedro-3300-ml-s-kryshkoj/next","/magazin/product/vedro-3300-ml-s-kryshkoj/next","301","alias","","","","/magazin/product/vedro-5000-ml-s-kryshkoj","","","","",,"","REVIEW","MegaGroup navigation alias currently redirects to /magazin/product/vedro-5000-ml-s-kryshkoj; do not migrate automatically","REVIEW"
"https://cloverspb.ru/magazin/product/vedro-5000-ml-s-kryshkoj/prev","/magazin/product/vedro-5000-ml-s-kryshkoj/prev","301","alias","","","","/magazin/product/vedro-3300-ml-s-kryshkoj","","","","",,"","REVIEW","MegaGroup navigation alias currently redirects to /magazin/product/vedro-3300-ml-s-kryshkoj; do not migrate automatically","REVIEW"
"https://cloverspb.ru/magazin/product/vedro-5000-ml-s-kryshkoj/next","/magazin/product/vedro-5000-ml-s-kryshkoj/next","301","alias","","","","/magazin/product/kontejner-pryamoug-125ml-108-82-25mm-b-kryshki-prozr-pp-polier-100-100","","","","",,"","REVIEW","MegaGroup navigation alias currently redirects to /magazin/product/kontejner-pryamoug-125ml-108-82-25mm-b-kryshki-prozr-pp-polier-100-100; do not migrate automatically","REVIEW"
"https://cloverspb.ru/magazin/product/butylka-prozrachnaya-kruglaya-s-probkoj-100-ml/prev","/magazin/product/butylka-prozrachnaya-kruglaya-s-probkoj-100-ml/prev","301","alias","","","","/magazin/product/butylka-prozrachnaya-kruglaya-s-probkoj-250-ml","","","","",,"","REVIEW","MegaGroup navigation alias currently redirects to /magazin/product/butylka-prozrachnaya-kruglaya-s-probkoj-250-ml; do not migrate automatically","REVIEW"
"https://cloverspb.ru/magazin/product/butylka-prozrachnaya-kruglaya-s-probkoj-100-ml/next","/magazin/product/butylka-prozrachnaya-kruglaya-s-probkoj-100-ml/next","301","alias","","","","/magazin/product/butylka-pet-1l-gaz-prozrachnaya-s-chernoj-probkoj","","","","",,"","REVIEW","MegaGroup navigation alias currently redirects to /magazin/product/butylka-pet-1l-gaz-prozrachnaya-s-chernoj-probkoj; do not migrate automatically","REVIEW"
"https://cloverspb.ru/magazin/product/butylka-prozrachnaya-kruglaya-s-probkoj-250-ml/prev","/magazin/product/butylka-prozrachnaya-kruglaya-s-probkoj-250-ml/prev","301","alias","","","","/magazin/product/butylka-pet-0-5l-gaz-prozrachnaya-s-chernoj-probkoj-100sht-upak","","","","",,"","REVIEW","MegaGroup navigation alias currently redirects to /magazin/product/butylka-pet-0-5l-gaz-prozrachnaya-s-chernoj-probkoj-100sht-upak; do not migrate automatically","REVIEW"
"https://cloverspb.ru/magazin/product/butylka-prozrachnaya-kruglaya-s-probkoj-250-ml/next","/magazin/product/butylka-prozrachnaya-kruglaya-s-probkoj-250-ml/next","301","alias","","","","/magazin/product/butylka-prozrachnaya-kruglaya-s-probkoj-100-ml","","","","",,"","REVIEW","MegaGroup navigation alias currently redirects to /magazin/product/butylka-prozrachnaya-kruglaya-s-probkoj-100-ml; do not migrate automatically","REVIEW"
"https://cloverspb.ru/magazin/product/butylka-prozrachnaya-kvadratnaya-s-probkoj-300-ml/prev","/magazin/product/butylka-prozrachnaya-kvadratnaya-s-probkoj-300-ml/prev","301","alias","","","","/magazin/product/butylka-pet-1l-gaz-prozrachnaya-s-chernoj-probkoj","","","","",,"","REVIEW","MegaGroup navigation alias currently redirects to /magazin/product/butylka-pet-1l-gaz-prozrachnaya-s-chernoj-probkoj; do not migrate automatically","REVIEW"
"https://cloverspb.ru/magazin/product/butylka-prozrachnaya-kvadratnaya-s-probkoj-300-ml/next","/magazin/product/butylka-prozrachnaya-kvadratnaya-s-probkoj-300-ml/next","301","alias","","","","/magazin/product/butylka-prozrachnaya-kvadratnaya-s-probkoj-500-ml","","","","",,"","REVIEW","MegaGroup navigation alias currently redirects to /magazin/product/butylka-prozrachnaya-kvadratnaya-s-probkoj-500-ml; do not migrate automatically","REVIEW"
"https://cloverspb.ru/magazin/product/butylka-prozrachnaya-kvadratnaya-s-probkoj-500-ml/prev","/magazin/product/butylka-prozrachnaya-kvadratnaya-s-probkoj-500-ml/prev","301","alias","","","","/magazin/product/butylka-prozrachnaya-kvadratnaya-s-probkoj-300-ml","","","","",,"","REVIEW","MegaGroup navigation alias currently redirects to /magazin/product/butylka-prozrachnaya-kvadratnaya-s-probkoj-300-ml; do not migrate automatically","REVIEW"
"https://cloverspb.ru/magazin/product/butylka-prozrachnaya-kvadratnaya-s-probkoj-500-ml/next","/magazin/product/butylka-prozrachnaya-kvadratnaya-s-probkoj-500-ml/next","301","alias","","","","/magazin/product/butylka-prozrachnaya-kvadratnaya-s-probkoj-1000-ml","","","","",,"","REVIEW","MegaGroup navigation alias currently redirects to /magazin/product/butylka-prozrachnaya-kvadratnaya-s-probkoj-1000-ml; do not migrate automatically","REVIEW"
"https://cloverspb.ru/magazin/product/butylka-prozrachnaya-kvadratnaya-s-probkoj-1000-ml/prev","/magazin/product/butylka-prozrachnaya-kvadratnaya-s-probkoj-1000-ml/prev","301","alias","","","","/magazin/product/butylka-prozrachnaya-kvadratnaya-s-probkoj-500-ml","","","","",,"","REVIEW","MegaGroup navigation alias currently redirects to /magazin/product/butylka-prozrachnaya-kvadratnaya-s-probkoj-500-ml; do not migrate automatically","REVIEW"
"https://cloverspb.ru/magazin/product/butylka-prozrachnaya-kvadratnaya-s-probkoj-1000-ml/next","/magazin/product/butylka-prozrachnaya-kvadratnaya-s-probkoj-1000-ml/next","301","alias","","","","/magazin/product/butylka-pet-0-5l-gaz-prozrachnaya-s-chernoj-probkoj-100sht-upak","","","","",,"","REVIEW","MegaGroup navigation alias currently redirects to /magazin/product/butylka-pet-0-5l-gaz-prozrachnaya-s-chernoj-probkoj-100sht-upak; do not migrate automatically","REVIEW"
"https://cloverspb.ru/magazin/product/sousnik-s11s2-2-sekc-117h85h30-prozrachnyj/prev","/magazin/product/sousnik-s11s2-2-sekc-117h85h30-prozrachnyj/prev","301","alias","","","","/magazin/product/kryshka-k-sousniku-s11-117h85-prozrachnaya","","","","",,"","REVIEW","MegaGroup navigation alias currently redirects to /magazin/product/kryshka-k-sousniku-s11-117h85-prozrachnaya; do not migrate automatically","REVIEW"
"https://cloverspb.ru/magazin/product/sousnik-s11s2-2-sekc-117h85h30-prozrachnyj/next","/magazin/product/sousnik-s11s2-2-sekc-117h85h30-prozrachnyj/next","301","alias","","","","/magazin/product/stakan-bumazhnyj-pod-kofe-belyj-250-280ml-50sht-upak","","","","",,"","REVIEW","MegaGroup navigation alias currently redirects to /magazin/product/stakan-bumazhnyj-pod-kofe-belyj-250-280ml-50sht-upak; do not migrate automatically","REVIEW"
"https://cloverspb.ru/magazin/product/kryshka-k-sousniku-s11-117h85-prozrachnaya/prev","/magazin/product/kryshka-k-sousniku-s11-117h85-prozrachnaya/prev","301","alias","","","","/magazin/product/sousnik-80ml-80sht-upak","","","","",,"","REVIEW","MegaGroup navigation alias currently redirects to /magazin/product/sousnik-80ml-80sht-upak; do not migrate automatically","REVIEW"
"https://cloverspb.ru/magazin/product/kryshka-k-sousniku-s11-117h85-prozrachnaya/next","/magazin/product/kryshka-k-sousniku-s11-117h85-prozrachnaya/next","301","alias","","","","/magazin/product/sousnik-s-kryshkoj-30-ml-pokrov-chernyj","","","","",,"","REVIEW","MegaGroup navigation alias currently redirects to /magazin/product/sousnik-s-kryshkoj-30-ml-pokrov-chernyj; do not migrate automatically","REVIEW"
"https://cloverspb.ru/magazin/product/sousnik-s-kryshkoj-30-ml-pokrov-chernyj/prev","/magazin/product/sousnik-s-kryshkoj-30-ml-pokrov-chernyj/prev","301","alias","","","","/magazin/product/kontejner-pryamoug-125ml-108-82-25mm-b-kryshki-prozr-pp-polier-100-100","","","","",,"","REVIEW","MegaGroup navigation alias currently redirects to /magazin/product/kontejner-pryamoug-125ml-108-82-25mm-b-kryshki-prozr-pp-polier-100-100; do not migrate automatically","REVIEW"
"https://cloverspb.ru/magazin/product/sousnik-s-kryshkoj-30-ml-pokrov-chernyj/next","/magazin/product/sousnik-s-kryshkoj-30-ml-pokrov-chernyj/next","301","alias","","","","/magazin/product/stakan-pivnoj-plastikovyj-500ml","","","","",,"","REVIEW","MegaGroup navigation alias currently redirects to /magazin/product/stakan-pivnoj-plastikovyj-500ml; do not migrate automatically","REVIEW"
"https://cloverspb.ru/magazin/product/sousnik-s-kryshkoj-50-ml-pokrov-chernyj/prev","/magazin/product/sousnik-s-kryshkoj-50-ml-pokrov-chernyj/prev","301","alias","","","","/magazin/product/sousnik-30ml-80sht-upak","","","","",,"","REVIEW","MegaGroup navigation alias currently redirects to /magazin/product/sousnik-30ml-80sht-upak; do not migrate automatically","REVIEW"
"https://cloverspb.ru/magazin/product/sousnik-s-kryshkoj-50-ml-pokrov-chernyj/next","/magazin/product/sousnik-s-kryshkoj-50-ml-pokrov-chernyj/next","301","alias","","","","/magazin/product/sousnik-50ml-80sht-upak","","","","",,"","REVIEW","MegaGroup navigation alias currently redirects to /magazin/product/sousnik-50ml-80sht-upak; do not migrate automatically","REVIEW"
"https://cloverspb.ru/magazin/product/kontejner-530-ml-kruglyj-chernyj-s-prozrachnoj-kryshkoj/prev","/magazin/product/kontejner-530-ml-kruglyj-chernyj-s-prozrachnoj-kryshkoj/prev","301","alias","","","","/magazin/product/vedro-1000-ml-s-kryshkoj","","","","",,"","REVIEW","MegaGroup navigation alias currently redirects to /magazin/product/vedro-1000-ml-s-kryshkoj; do not migrate automatically","REVIEW"
"https://cloverspb.ru/magazin/product/kontejner-530-ml-kruglyj-chernyj-s-prozrachnoj-kryshkoj/next","/magazin/product/kontejner-530-ml-kruglyj-chernyj-s-prozrachnoj-kryshkoj/next","301","alias","","","","/magazin/product/kontejner-950-ml-kruglyj-chernyj-s-prozrachnoj-kryshkoj","","","","",,"","REVIEW","MegaGroup navigation alias currently redirects to /magazin/product/kontejner-950-ml-kruglyj-chernyj-s-prozrachnoj-kryshkoj; do not migrate automatically","REVIEW"
"https://cloverspb.ru/magazin/product/kontejner-950-ml-kruglyj-chernyj-s-prozrachnoj-kryshkoj/prev","/magazin/product/kontejner-950-ml-kruglyj-chernyj-s-prozrachnoj-kryshkoj/prev","301","alias","","","","/magazin/product/kontejner-530-ml-kruglyj-chernyj-s-prozrachnoj-kryshkoj","","","","",,"","REVIEW","MegaGroup navigation alias currently redirects to /magazin/product/kontejner-530-ml-kruglyj-chernyj-s-prozrachnoj-kryshkoj; do not migrate automatically","REVIEW"
"https://cloverspb.ru/magazin/product/kontejner-950-ml-kruglyj-chernyj-s-prozrachnoj-kryshkoj/next","/magazin/product/kontejner-950-ml-kruglyj-chernyj-s-prozrachnoj-kryshkoj/next","301","alias","","","","/magazin/product/vedro-1500-ml-s-kryshkoj","","","","",,"","REVIEW","MegaGroup navigation alias currently redirects to /magazin/product/vedro-1500-ml-s-kryshkoj; do not migrate automatically","REVIEW"
"https://cloverspb.ru/magazin/product/bumazhnaya-salfetka-100l","/magazin/product/bumazhnaya-salfetka-100l","404","product","Страница не найдена","Страница не найдена","","","Текст","","","",,"","NO_MATCH","Старый URL сейчас отвечает 404","404"
"https://cloverspb.ru/magazin/folder/odnorazovaya-posuda/p/3","/magazin/folder/odnorazovaya-posuda/p/3","200","index_page","Одноразовая посуда стр.4","Одноразовая посуда","https://cloverspb.ru/magazin/folder/odnorazovaya-posuda","","","","","",,"","NO_MATCH","Индексный/вариантный URL требует отдельной ручной оценки query-семантики","REVIEW"
"https://cloverspb.ru/magazin/folder/odnorazovaya-posuda/p/6","/magazin/folder/odnorazovaya-posuda/p/6","200","index_page","Одноразовая посуда стр.7","Одноразовая посуда","https://cloverspb.ru/magazin/folder/odnorazovaya-posuda","","","","","",,"","NO_MATCH","Индексный/вариантный URL требует отдельной ручной оценки query-семантики","REVIEW"
"https://cloverspb.ru/magazin/folder/odnorazovaya-posuda/p/5","/magazin/folder/odnorazovaya-posuda/p/5","200","index_page","Одноразовая посуда стр.6","Одноразовая посуда","https://cloverspb.ru/magazin/folder/odnorazovaya-posuda","","","","","",,"","NO_MATCH","Индексный/вариантный URL требует отдельной ручной оценки query-семантики","REVIEW"
"https://cloverspb.ru/magazin/folder/odnorazovaya-posuda/p/4","/magazin/folder/odnorazovaya-posuda/p/4","200","index_page","Одноразовая посуда стр.5","Одноразовая посуда","https://cloverspb.ru/magazin/folder/odnorazovaya-posuda","","","","","",,"","NO_MATCH","Индексный/вариантный URL требует отдельной ручной оценки query-семантики","REVIEW"
