"new_url","new_path","status","current_location","canonical","title","h1","raw_title","raw_h1","type","product_or_category_name","public_code","public_one_c_name","public_one_c_code","category","subcategory","facet","source","metadata_basis"
"https://clover-spb.ru/","/","200","","","Хозтовары, упаковка и химия для HoReCa | КЛЕВЕР","","Хозтовары, упаковка и химия для HoReCa | КЛЕВЕР","","homepage","",,,,,,,"sitemap","sitemap plus direct route GET; title/canonical from raw HTML; h1 falls back to route identity when absent"
"https://clover-spb.ru/catalog","/catalog","200","","","Хозтовары, упаковка и химия для HoReCa | КЛЕВЕР","Каталог","Хозтовары, упаковка и химия для HoReCa | КЛЕВЕР","","catalog","Каталог",,,,,,,"sitemap","sitemap plus direct route GET; title/canonical from raw HTML; h1 falls back to route identity when absent"
"https://clover-spb.ru/contacts","/contacts","200","","","Хозтовары, упаковка и химия для HoReCa | КЛЕВЕР","Контакты","Хозтовары, упаковка и химия для HoReCa | КЛЕВЕР","","info","Контакты",,,,,,,"sitemap","sitemap plus direct route GET; title/canonical from raw HTML; h1 falls back to route identity when absent"
"https://clover-spb.ru/catalog/%D0%9E%D0%B4%D0%BD%D0%BE%D1%80%D0%B0%D0%B7%D0%BE%D0%B2%D0%B0%D1%8F%20%D0%BF%D0%BE%D1%81%D1%83%D0%B4%D0%B0","/catalog/%D0%9E%D0%B4%D0%BD%D0%BE%D1%80%D0%B0%D0%B7%D0%BE%D0%B2%D0%B0%D1%8F%20%D0%BF%D0%BE%D1%81%D1%83%D0%B4%D0%B0","200","","","Хозтовары, упаковка и химия для HoReCa | КЛЕВЕР","Одноразовая посуда","Хозтовары, упаковка и химия для HoReCa | КЛЕВЕР","","category","Одноразовая посуда",,,,"Одноразовая посуда",,,"public_api_hierarchy","direct route GET for HTTP status/location/title/raw h1/canonical; hierarchy from public API; h1 falls back to hierarchy when absent"
"https://clover-spb.ru/catalog/%D0%A5%D0%BE%D0%B7%D1%8F%D0%B9%D1%81%D1%82%D0%B2%D0%B5%D0%BD%D0%BD%D1%8B%D0%B5%20%D1%82%D0%BE%D0%B2%D0%B0%D1%80%D1%8B","/catalog/%D0%A5%D0%BE%D0%B7%D1%8F%D0%B9%D1%81%D1%82%D0%B2%D0%B5%D0%BD%D0%BD%D1%8B%D0%B5%20%D1%82%D0%BE%D0%B2%D0%B0%D1%80%D1%8B","200","","","Хозтовары, упаковка и химия для HoReCa | КЛЕВЕР","Хозяйственные товары","Хозтовары, упаковка и химия для HoReCa | КЛЕВЕР","","category","Хозяйственные товары",,,,"Хозяйственные товары",,,"public_api_hierarchy","direct route GET for HTTP status/location/title/raw h1/canonical; hierarchy from public API; h1 falls back to hierarchy when absent"
"https://clover-spb.ru/catalog/%D0%A5%D0%B8%D0%BC%D0%B8%D1%8F%2C%20%D1%87%D0%B8%D1%81%D1%82%D1%8F%D1%89%D0%B8%D0%B5%20%D1%81%D1%80%D0%B5%D0%B4%D1%81%D1%82%D0%B2%D0%B0","/catalog/%D0%A5%D0%B8%D0%BC%D0%B8%D1%8F%2C%20%D1%87%D0%B8%D1%81%D1%82%D1%8F%D1%89%D0%B8%D0%B5%20%D1%81%D1%80%D0%B5%D0%B4%D1%81%D1%82%D0%B2%D0%B0","200","","","Хозтовары, упаковка и химия для HoReCa | КЛЕВЕР","Химия, чистящие средства","Хозтовары, упаковка и химия для HoReCa | КЛЕВЕР","","category","Химия, чистящие средства",,,,"Химия, чистящие средства",,,"public_api_hierarchy","direct route GET for HTTP status/location/title/raw h1/canonical; hierarchy from public API; h1 falls back to hierarchy when absent"
"https://clover-spb.ru/catalog/%D0%91%D1%83%D0%BC%D0%B0%D0%B6%D0%BD%D0%B0%D1%8F%20%D0%BF%D1%80%D0%BE%D0%B4%D1%83%D0%BA%D1%86%D0%B8%D1%8F","/catalog/%D0%91%D1%83%D0%BC%D0%B0%D0%B6%D0%BD%D0%B0%D1%8F%20%D0%BF%D1%80%D0%BE%D0%B4%D1%83%D0%BA%D1%86%D0%B8%D1%8F","200","","","Хозтовары, упаковка и химия для HoReCa | КЛЕВЕР","Бумажная продукция","Хозтовары, упаковка и химия для HoReCa | КЛЕВЕР","","category","Бумажная продукция",,,,"Бумажная продукция",,,"public_api_hierarchy","direct route GET for HTTP status/location/title/raw h1/canonical; hierarchy from public API; h1 falls back to hierarchy when absent"
"https://clover-spb.ru/catalog/%D0%9F%D0%B0%D0%BA%D0%B5%D1%82%D1%8B%2C%20%D1%83%D0%BF%D0%B0%D0%BA%D0%BE%D0%B2%D0%BE%D1%87%D0%BD%D1%8B%D0%B5%20%D0%BC%D0%B0%D1%82%D0%B5%D1%80%D0%B8%D0%B0%D0%BB%D1%8B","/catalog/%D0%9F%D0%B0%D0%BA%D0%B5%D1%82%D1%8B%2C%20%D1%83%D0%BF%D0%B0%D0%BA%D0%BE%D0%B2%D0%BE%D1%87%D0%BD%D1%8B%D0%B5%20%D0%BC%D0%B0%D1%82%D0%B5%D1%80%D0%B8%D0%B0%D0%BB%D1%8B","200","","","Хозтовары, упаковка и химия для HoReCa | КЛЕВЕР","Пакеты, упаковочные материалы","Хозтовары, упаковка и химия для HoReCa | КЛЕВЕР","","category","Пакеты, упаковочные материалы",,,,"Пакеты, упаковочные материалы",,,"public_api_hierarchy","direct route GET for HTTP status/location/title/raw h1/canonical; hierarchy from public API; h1 falls back to hierarchy when absent"
"https://clover-spb.ru/catalog/%D0%91%D0%B0%D1%80%D0%BD%D1%8B%D0%B5%20%D0%B0%D0%BA%D1%81%D0%B5%D1%81%D1%81%D1%83%D0%B0%D1%80%D1%8B","/catalog/%D0%91%D0%B0%D1%80%D0%BD%D1%8B%D0%B5%20%D0%B0%D0%BA%D1%81%D0%B5%D1%81%D1%81%D1%83%D0%B0%D1%80%D1%8B","200","","","Хозтовары, упаковка и химия для HoReCa | КЛЕВЕР","Барные аксессуары","Хозтовары, упаковка и химия для HoReCa | КЛЕВЕР","","category","Барные аксессуары",,,,"Барные аксессуары",,,"public_api_hierarchy","direct route GET for HTTP status/location/title/raw h1/canonical; hierarchy from public API; h1 falls back to hierarchy when absent"
"https://clover-spb.ru/catalog/%D0%9A%D0%B0%D0%BD%D1%86%D0%B5%D0%BB%D1%8F%D1%80%D1%81%D0%BA%D0%B8%D0%B5%20%D1%82%D0%BE%D0%B2%D0%B0%D1%80%D1%8B","/catalog/%D0%9A%D0%B0%D0%BD%D1%86%D0%B5%D0%BB%D1%8F%D1%80%D1%81%D0%BA%D0%B8%D0%B5%20%D1%82%D0%BE%D0%B2%D0%B0%D1%80%D1%8B","200","","","Хозтовары, упаковка и химия для HoReCa | КЛЕВЕР","Канцелярские товары","Хозтовары, упаковка и химия для HoReCa | КЛЕВЕР","","category","Канцелярские товары",,,,"Канцелярские товары",,,"public_api_hierarchy","direct route GET for HTTP status/location/title/raw h1/canonical; hierarchy from public API; h1 falls back to hierarchy when absent"
"https://clover-spb.ru/catalog/%D0%9F%D1%80%D0%BE%D1%87%D0%B5%D0%B5","/catalog/%D0%9F%D1%80%D0%BE%D1%87%D0%B5%D0%B5","200","","","Хозтовары, упаковка и химия для HoReCa | КЛЕВЕР","Прочее","Хозтовары, упаковка и химия для HoReCa | КЛЕВЕР","","category","Прочее",,,,"Прочее","","","public_api_hierarchy","direct route GET for HTTP status/location/title/raw h1/canonical; hierarchy from public API; h1 falls back to hierarchy when absent"
"https://clover-spb.ru/product/%D0%9D%D0%A4-00002710","/product/%D0%9D%D0%A4-00002710","200","","","Мешок кондитерский прозрачный 55 см 100шт","Мешок кондитерский прозрачный 55 см 100шт","Хозтовары, упаковка и химия для HoReCa | КЛЕВЕР","","product","Мешок кондитерский прозрачный 55 см 100шт","НФ-00002710","Мешок кондитерский ПРОЗРАЧНЫЙ 55 см (100шт)","НФ-00002710","Пакеты, упаковочные материалы","Прочее","","public_api","direct route GET for HTTP status/location/raw metadata/canonical; identity, hierarchy, title and h1 from public API"
"https://clover-spb.ru/product/%D0%9D%D0%A4-00000928","/product/%D0%9D%D0%A4-00000928","200","","","Ведро 3300мл прозрачное прямоугольное с крышкой ПП","Ведро 3300мл прозрачное прямоугольное с крышкой ПП","Хозтовары, упаковка и химия для HoReCa | КЛЕВЕР","","product","Ведро 3300мл прозрачное прямоугольное с крышкой ПП","НФ-00000928","Ведро 3300мл прозрачное прямоугольное с крышкой ПП (10/70)","НФ-00000928","Одноразовая посуда","Ведра","","public_api","direct route GET for HTTP status/location/raw metadata/canonical; identity, hierarchy, title and h1 from public API"
"https://clover-spb.ru/product/%D0%9D%D0%A4-00002632","/product/%D0%9D%D0%A4-00002632","200","","","Резинки канцелярские 50мм 100гр","Резинки канцелярские 50мм 100гр","Хозтовары, упаковка и химия для HoReCa | КЛЕВЕР","","product","Резинки канцелярские 50мм 100гр","НФ-00002632","Резинки канцелярские 50мм 100гр","НФ-00002632","Канцелярские товары","","","public_api","direct route GET for HTTP status/location/raw metadata/canonical; identity, hierarchy, title and h1 from public API"
"https://clover-spb.ru/product/%D0%9D%D0%A4-00002854","/product/%D0%9D%D0%A4-00002854","200","","","Салфетки косметические в коробке 2-сл. Tellus Премиум 100шт","Салфетки косметические в коробке 2-сл. Tellus Премиум 100шт","Хозтовары, упаковка и химия для HoReCa | КЛЕВЕР","","product","Салфетки косметические в коробке 2-сл. Tellus Премиум 100шт","НФ-00002854","Салфетки для лица косметические в коробке 2-сл. Tellus Премиум F1 (100шт)","НФ-00002854","Бумажная продукция","Салфетки","","public_api","direct route GET for HTTP status/location/raw metadata/canonical; identity, hierarchy, title and h1 from public API"
"https://clover-spb.ru/product/%D0%9D%D0%A4-00002081","/product/%D0%9D%D0%A4-00002081","200","","","Бумага оберточная 305 мм х 305 мм ""Газета""","Бумага оберточная 305 мм х 305 мм ""Газета""","Хозтовары, упаковка и химия для HoReCa | КЛЕВЕР","","product","Бумага оберточная 305 мм х 305 мм ""Газета""","НФ-00002081","Бумага оберточная 305 мм х 305 мм ""Газета"" (500)","НФ-00002081","Пакеты, упаковочные материалы","Прочее","","public_api","direct route GET for HTTP status/location/raw metadata/canonical; identity, hierarchy, title and h1 from public API"
"https://clover-spb.ru/product/%D0%9D%D0%A4-00003583","/product/%D0%9D%D0%A4-00003583","200","","","Емкость для соуса 700 мл красная","Емкость для соуса 700 мл красная","Хозтовары, упаковка и химия для HoReCa | КЛЕВЕР","","product","Емкость для соуса 700 мл красная","НФ-00003583","Емкость для соуса 700 мл красная","НФ-00003583","Прочее","","","public_api","direct route GET for HTTP status/location/raw metadata/canonical; identity, hierarchy, title and h1 from public API"
"https://clover-spb.ru/product/%D0%9D%D0%A4-00000705","/product/%D0%9D%D0%A4-00000705","200","","","Емкость для соуса 700 мл желтая","Емкость для соуса 700 мл желтая","Хозтовары, упаковка и химия для HoReCa | КЛЕВЕР","","product","Емкость для соуса 700 мл желтая","НФ-00000705","Емкость для соуса 700 мл желтая","НФ-00000705","Прочее","","","public_api","direct route GET for HTTP status/location/raw metadata/canonical; identity, hierarchy, title and h1 from public API"
"https://clover-spb.ru/product/%D0%9D%D0%A4-00003678","/product/%D0%9D%D0%A4-00003678","200","","","Освежитель воздуха Airwick зап. блок 250мл лимон и имбирь","Освежитель воздуха Airwick зап. блок 250мл лимон и имбирь","Хозтовары, упаковка и химия для HoReCa | КЛЕВЕР","","product","Освежитель воздуха Airwick зап. блок 250мл лимон и имбирь","НФ-00003678","Освежитель воздуха Airwick зап. блок 250мл (6) лимон и имбирь","НФ-00003678","Химия, чистящие средства","Прочее","","public_api","direct route GET for HTTP status/location/raw metadata/canonical; identity, hierarchy, title and h1 from public API"
"https://clover-spb.ru/product/%D0%9D%D0%A4-00003677","/product/%D0%9D%D0%A4-00003677","200","","","Освежитель воздуха Airwick зап. блок 250мл лимон и женьшень","Освежитель воздуха Airwick зап. блок 250мл лимон и женьшень","Хозтовары, упаковка и химия для HoReCa | КЛЕВЕР","","product","Освежитель воздуха Airwick зап. блок 250мл лимон и женьшень","НФ-00003677","Освежитель воздуха Airwick зап. блок 250мл (6) лимон и женьшень","НФ-00003677","Химия, чистящие средства","Прочее","","public_api","direct route GET for HTTP status/location/raw metadata/canonical; identity, hierarchy, title and h1 from public API"
"https://clover-spb.ru/product/%D0%9D%D0%A4-00003675","/product/%D0%9D%D0%A4-00003675","200","","","Освежитель воздуха Airwick зап. блок 250мл сочный манго","Освежитель воздуха Airwick зап. блок 250мл сочный манго","Хозтовары, упаковка и химия для HoReCa | КЛЕВЕР","","product","Освежитель воздуха Airwick зап. блок 250мл сочный манго","НФ-00003675","Освежитель воздуха Airwick зап. блок 250мл (6) сочный манго","НФ-00003675","Химия, чистящие средства","Прочее","","public_api","direct route GET for HTTP status/location/raw metadata/canonical; identity, hierarchy, title and h1 from public API"
"https://clover-spb.ru/product/%D0%9D%D0%A4-00003676","/product/%D0%9D%D0%A4-00003676","200","","","Освежитель воздуха Airwick зап. блок 250мл яблочный пирог","Освежитель воздуха Airwick зап. блок 250мл яблочный пирог","Хозтовары, упаковка и химия для HoReCa | КЛЕВЕР","","product","Освежитель воздуха Airwick зап. блок 250мл яблочный пирог","НФ-00003676","Освежитель воздуха Airwick зап. блок 250мл (6) яблочный пирог","НФ-00003676","Химия, чистящие средства","Прочее","","public_api","direct route GET for HTTP status/location/raw metadata/canonical; identity, hierarchy, title and h1 from public API"
"https://clover-spb.ru/product/%D0%9D%D0%A4-00003674","/product/%D0%9D%D0%A4-00003674","200","","","Освежитель воздуха Airwick зап. блок 250мл апельсин и грейпфрут","Освежитель воздуха Airwick зап. блок 250мл апельсин и грейпфрут","Хозтовары, упаковка и химия для HoReCa | КЛЕВЕР","","product","Освежитель воздуха Airwick зап. блок 250мл апельсин и грейпфрут","НФ-00003674","Освежитель воздуха Airwick зап. блок 250мл (6) апельсин и грейпфрут","НФ-00003674","Химия, чистящие средства","Прочее","","public_api","direct route GET for HTTP status/location/raw metadata/canonical; identity, hierarchy, title and h1 from public API"
"https://clover-spb.ru/product/%D0%9D%D0%A4-00003456","/product/%D0%9D%D0%A4-00003456","200","","","Перчатки полиэтиленовые ПНД М 100шт","Перчатки полиэтиленовые ПНД М 100шт","Хозтовары, упаковка и химия для HoReCa | КЛЕВЕР","","product","Перчатки полиэтиленовые ПНД М 100шт","НФ-00003456","Перчатки полиэтиленовые ПНД Optiline М (100шт)","НФ-00003456","Хозяйственные товары","Перчатки","","public_api","direct route GET for HTTP status/location/raw metadata/canonical; identity, hierarchy, title and h1 from public API"
"https://clover-spb.ru/product/%D0%9D%D0%A4-00003468","/product/%D0%9D%D0%A4-00003468","200","","","Перчатки Виниловые черные S 100шт","Перчатки Виниловые черные S 100шт","Хозтовары, упаковка и химия для HoReCa | КЛЕВЕР","","product","Перчатки Виниловые черные S 100шт","НФ-00003468","Перчатки КОНТИНЕНТпак Виниловые ЧЕРНЫЕ S (100шт)","НФ-00003468","Хозяйственные товары","Перчатки","","public_api","direct route GET for HTTP status/location/raw metadata/canonical; identity, hierarchy, title and h1 from public API"
"https://clover-spb.ru/product/%D0%9D%D0%A4-00003643","/product/%D0%9D%D0%A4-00003643","200","","","Перчатки Виниловые черные XL 100шт","Перчатки Виниловые черные XL 100шт","Хозтовары, упаковка и химия для HoReCa | КЛЕВЕР","","product","Перчатки Виниловые черные XL 100шт","НФ-00003643","Перчатки SAF&TY Виниловые ЧЕРНЫЕ XL (100шт)","НФ-00003643","Хозяйственные товары","Перчатки","","public_api","direct route GET for HTTP status/location/raw metadata/canonical; identity, hierarchy, title and h1 from public API"
"https://clover-spb.ru/product/%D0%9D%D0%A4-00003672","/product/%D0%9D%D0%A4-00003672","200","","","Перчатки Виниловые черные М 100шт","Перчатки Виниловые черные М 100шт","Хозтовары, упаковка и химия для HoReCa | КЛЕВЕР","","product","Перчатки Виниловые черные М 100шт","НФ-00003672","Перчатки BEN FATTO Виниловые ЧЕРНЫЕ М (100шт)","НФ-00003672","Хозяйственные товары","Перчатки","","public_api","direct route GET for HTTP status/location/raw metadata/canonical; identity, hierarchy, title and h1 from public API"
"https://clover-spb.ru/product/%D0%9D%D0%A4-00003628","/product/%D0%9D%D0%A4-00003628","200","","","Перчатки Виниловые черные L 100шт","Перчатки Виниловые черные L 100шт","Хозтовары, упаковка и химия для HoReCa | КЛЕВЕР","","product","Перчатки Виниловые черные L 100шт","НФ-00003628","Перчатки BEN FATTO Виниловые ЧЕРНЫЕ L (100шт)","НФ-00003628","Хозяйственные товары","Перчатки","","public_api","direct route GET for HTTP status/location/raw metadata/canonical; identity, hierarchy, title and h1 from public API"
"https://clover-spb.ru/product/%D0%9D%D0%A4-00003408","/product/%D0%9D%D0%A4-00003408","200","","","Перчатки Виниловые прозрачные L 100шт","Перчатки Виниловые прозрачные L 100шт","Хозтовары, упаковка и химия для HoReCa | КЛЕВЕР","","product","Перчатки Виниловые прозрачные L 100шт","НФ-00003408","Перчатки АВИОРА Виниловые прозрачные L (100шт)","НФ-00003408","Хозяйственные товары","Перчатки","","public_api","direct route GET for HTTP status/location/raw metadata/canonical; identity, hierarchy, title and h1 from public API"
"https://clover-spb.ru/product/%D0%9D%D0%A4-00000609","/product/%D0%9D%D0%A4-00000609","200","","","Перчатки Виниловые прозрачные М 100шт","Перчатки Виниловые прозрачные М 100шт","Хозтовары, упаковка и химия для HoReCa | КЛЕВЕР","","product","Перчатки Виниловые прозрачные М 100шт","НФ-00000609","Перчатки КОНТИНЕНТпак Виниловые прозрачные М (100шт)","НФ-00000609","Хозяйственные товары","Перчатки","","public_api","direct route GET for HTTP status/location/raw metadata/canonical; identity, hierarchy, title and h1 from public API"
"https://clover-spb.ru/product/%D0%9D%D0%A4-00003661","/product/%D0%9D%D0%A4-00003661","200","","","Перчатки Виниловые прозрачные S 100шт","Перчатки Виниловые прозрачные S 100шт","Хозтовары, упаковка и химия для HoReCa | КЛЕВЕР","","product","Перчатки Виниловые прозрачные S 100шт","НФ-00003661","Перчатки SAF&TY Виниловые прозрачные S (100шт)","НФ-00003661","Хозяйственные товары","Перчатки","","public_api","direct route GET for HTTP status/location/raw metadata/canonical; identity, hierarchy, title and h1 from public API"
"https://clover-spb.ru/product/%D0%9D%D0%A4-00003404","/product/%D0%9D%D0%A4-00003404","200","","","Перчатки Виниловые прозрачные XL 100шт","Перчатки Виниловые прозрачные XL 100шт","Хозтовары, упаковка и химия для HoReCa | КЛЕВЕР","","product","Перчатки Виниловые прозрачные XL 100шт","НФ-00003404","Перчатки Benovy Виниловые прозрачные XL (100шт)","НФ-00003404","Хозяйственные товары","Перчатки","","public_api","direct route GET for HTTP status/location/raw metadata/canonical; identity, hierarchy, title and h1 from public API"
"https://clover-spb.ru/product/%D0%9D%D0%A4-00003665","/product/%D0%9D%D0%A4-00003665","200","","","Перчатки FOXY Нитриловые черные XL 100шт","Перчатки FOXY Нитриловые черные XL 100шт","Хозтовары, упаковка и химия для HoReCa | КЛЕВЕР","","product","Перчатки FOXY Нитриловые черные XL 100шт","НФ-00003665","Перчатки FOXY Нитриловые черные XL (100шт)","НФ-00003665","Хозяйственные товары","Перчатки","","public_api","direct route GET for HTTP status/location/raw metadata/canonical; identity, hierarchy, title and h1 from public API"
"https://clover-spb.ru/product/%D0%9D%D0%A4-00000745","/product/%D0%9D%D0%A4-00000745","200","","","Перчатки FOXY Нитриловые черные S 100шт","Перчатки FOXY Нитриловые черные S 100шт","Хозтовары, упаковка и химия для HoReCa | КЛЕВЕР","","product","Перчатки FOXY Нитриловые черные S 100шт","НФ-00000745","Перчатки FOXY Нитриловые черные S (100шт)","НФ-00000745","Хозяйственные товары","Перчатки","","public_api","direct route GET for HTTP status/location/raw metadata/canonical; identity, hierarchy, title and h1 from public API"
"https://clover-spb.ru/product/%D0%9D%D0%A4-00000820","/product/%D0%9D%D0%A4-00000820","200","","","Перчатки FOXY Нитриловые черные L 100шт","Перчатки FOXY Нитриловые черные L 100шт","Хозтовары, упаковка и химия для HoReCa | КЛЕВЕР","","product","Перчатки FOXY Нитриловые черные L 100шт","НФ-00000820","Перчатки FOXY Нитриловые черные L (100шт)","НФ-00000820","Хозяйственные товары","Перчатки","","public_api","direct route GET for HTTP status/location/raw metadata/canonical; identity, hierarchy, title and h1 from public API"
"https://clover-spb.ru/product/%D0%9D%D0%A4-00000738","/product/%D0%9D%D0%A4-00000738","200","","","Перчатки FOXY Нитриловые черные М 100шт","Перчатки FOXY Нитриловые черные М 100шт","Хозтовары, упаковка и химия для HoReCa | КЛЕВЕР","","product","Перчатки FOXY Нитриловые черные М 100шт","НФ-00000738","Перчатки FOXY Нитриловые черные М (100шт)","НФ-00000738","Хозяйственные товары","Перчатки","","public_api","direct route GET for HTTP status/location/raw metadata/canonical; identity, hierarchy, title and h1 from public API"
"https://clover-spb.ru/product/%D0%9D%D0%A4-00001089","/product/%D0%9D%D0%A4-00001089","200","","","Салфетка для стекол Эксперт 35х40см HQ","Салфетка для стекол Эксперт 35х40см HQ","Хозтовары, упаковка и химия для HoReCa | КЛЕВЕР","","product","Салфетка для стекол Эксперт 35х40см HQ","НФ-00001089","Салфетка для стекол Эксперт 35х40см HQ","НФ-00001089","Хозяйственные товары","Тряпки, мопы, полотенца","","public_api","direct route GET for HTTP status/location/raw metadata/canonical; identity, hierarchy, title and h1 from public API"
"https://clover-spb.ru/product/%D0%9D%D0%A4-00000174","/product/%D0%9D%D0%A4-00000174","200","","","Перчатки резиновые Bicolor S сине-желтые","Перчатки резиновые Bicolor S сине-желтые","Хозтовары, упаковка и химия для HoReCa | КЛЕВЕР","","product","Перчатки резиновые Bicolor S сине-желтые","НФ-00000174","Перчатки резиновые Bicolor S сине-желтые (12)","НФ-00000174","Хозяйственные товары","Перчатки","","public_api","direct route GET for HTTP status/location/raw metadata/canonical; identity, hierarchy, title and h1 from public API"
"https://clover-spb.ru/product/%D0%9D%D0%A4-00003659","/product/%D0%9D%D0%A4-00003659","200","","","Перчатки KOMFI резиновые сверхпрочные красно-белые XL","Перчатки KOMFI резиновые сверхпрочные красно-белые XL","Хозтовары, упаковка и химия для HoReCa | КЛЕВЕР","","product","Перчатки KOMFI резиновые сверхпрочные красно-белые XL","НФ-00003659","Перчатки KOMFI резиновые сверхпрочные красно-белые XL (12/144)","НФ-00003659","Хозяйственные товары","Перчатки","","public_api","direct route GET for HTTP status/location/raw metadata/canonical; identity, hierarchy, title and h1 from public API"
"https://clover-spb.ru/product/%D0%9D%D0%A4-00001371","/product/%D0%9D%D0%A4-00001371","200","","","Перчатки Laima резиновые особопрочные зеленые L","Перчатки Laima резиновые особопрочные зеленые L","Хозтовары, упаковка и химия для HoReCa | КЛЕВЕР","","product","Перчатки Laima резиновые особопрочные зеленые L","НФ-00001371","Перчатки Laima резиновые особопрочные зеленые L (12/144)","НФ-00001371","Хозяйственные товары","Перчатки","","public_api","direct route GET for HTTP status/location/raw metadata/canonical; identity, hierarchy, title and h1 from public API"
"https://clover-spb.ru/product/%D0%9D%D0%A4-00001411","/product/%D0%9D%D0%A4-00001411","200","","","Перчатки Laima резиновые особопрочные зеленые М","Перчатки Laima резиновые особопрочные зеленые М","Хозтовары, упаковка и химия для HoReCa | КЛЕВЕР","","product","Перчатки Laima резиновые особопрочные зеленые М","НФ-00001411","Перчатки Laima резиновые особопрочные зеленые М (12/144)","НФ-00001411","Хозяйственные товары","Перчатки","","public_api","direct route GET for HTTP status/location/raw metadata/canonical; identity, hierarchy, title and h1 from public API"
"https://clover-spb.ru/product/%D0%9D%D0%A4-00000068","/product/%D0%9D%D0%A4-00000068","200","","","ЮТ - средство для мытья пола 5 л","ЮТ - средство для мытья пола 5 л","Хозтовары, упаковка и химия для HoReCa | КЛЕВЕР","","product","ЮТ - средство для мытья пола 5 л","НФ-00000068","ЮТ - средство для мытья пола 5 л (3)","НФ-00000068","Химия, чистящие средства","Для полов","","public_api","direct route GET for HTTP status/location/raw metadata/canonical; identity, hierarchy, title and h1 from public API"
"https://clover-spb.ru/product/%D0%9D%D0%A4-00002375","/product/%D0%9D%D0%A4-00002375","200","","","Этикет - пистолет 26 мм х 16 мм двухстрочный","Этикет - пистолет 26 мм х 16 мм двухстрочный","Хозтовары, упаковка и химия для HoReCa | КЛЕВЕР","","product","Этикет - пистолет 26 мм х 16 мм двухстрочный","НФ-00002375","Этикет - пистолет 26 мм х 16 мм двухстрочный МХ-2616","НФ-00002375","Канцелярские товары","","","public_api","direct route GET for HTTP status/location/raw metadata/canonical; identity, hierarchy, title and h1 from public API"
"https://clover-spb.ru/product/%D0%9D%D0%A4-00001410","/product/%D0%9D%D0%A4-00001410","200","","","Этикет - пистолет 21,5 мм х 12 мм однострочный","Этикет - пистолет 21,5 мм х 12 мм однострочный","Хозтовары, упаковка и химия для HoReCa | КЛЕВЕР","","product","Этикет - пистолет 21,5 мм х 12 мм однострочный","НФ-00001410","Этикет - пистолет 21,5 мм х 12 мм однострочный","НФ-00001410","Канцелярские товары","","","public_api","direct route GET for HTTP status/location/raw metadata/canonical; identity, hierarchy, title and h1 from public API"
"https://clover-spb.ru/product/%D0%9D%D0%A4-00002997","/product/%D0%9D%D0%A4-00002997","200","","","Этикет - лента 26 мм х 16 мм оранжевая","Этикет - лента 26 мм х 16 мм оранжевая","Хозтовары, упаковка и химия для HoReCa | КЛЕВЕР","","product","Этикет - лента 26 мм х 16 мм оранжевая","НФ-00002997","Этикет - лента 26 мм х 16 мм прямая ОРАНЖЕВАЯ (10шт)","НФ-00002997","Канцелярские товары","","","public_api","direct route GET for HTTP status/location/raw metadata/canonical; identity, hierarchy, title and h1 from public API"
"https://clover-spb.ru/product/%D0%9D%D0%A4-00003008","/product/%D0%9D%D0%A4-00003008","200","","","Этикет - лента 26 мм х 16 мм прямая зеленая","Этикет - лента 26 мм х 16 мм прямая зеленая","Хозтовары, упаковка и химия для HoReCa | КЛЕВЕР","","product","Этикет - лента 26 мм х 16 мм прямая зеленая","НФ-00003008","Этикет - лента 26 мм х 16 мм прямая ЗЕЛЕНАЯ (10шт)","НФ-00003008","Канцелярские товары","","","public_api","direct route GET for HTTP status/location/raw metadata/canonical; identity, hierarchy, title and h1 from public API"
"https://clover-spb.ru/product/%D0%9D%D0%A4-00002209","/product/%D0%9D%D0%A4-00002209","200","","","Этикет - лента 26 мм х 16 мм белая","Этикет - лента 26 мм х 16 мм белая","Хозтовары, упаковка и химия для HoReCa | КЛЕВЕР","","product","Этикет - лента 26 мм х 16 мм белая","НФ-00002209","Этикет - лента 26 мм х 16 мм TOVEL белая 700эт (10рул)","НФ-00002209","Канцелярские товары","","","public_api","direct route GET for HTTP status/location/raw metadata/canonical; identity, hierarchy, title and h1 from public API"
"https://clover-spb.ru/product/%D0%9D%D0%A4-00001930","/product/%D0%9D%D0%A4-00001930","200","","","Этикет - лента 21 мм х 12 мм белая с красной полосой","Этикет - лента 21 мм х 12 мм белая с красной полосой","Хозтовары, упаковка и химия для HoReCa | КЛЕВЕР","","product","Этикет - лента 21 мм х 12 мм белая с красной полосой","НФ-00001930","Этикет - лента 21 мм х 12 мм белая с КРАСНОЙ полосой (10шт)","НФ-00001930","Канцелярские товары","","","public_api","direct route GET for HTTP status/location/raw metadata/canonical; identity, hierarchy, title and h1 from public API"
"https://clover-spb.ru/product/%D0%9D%D0%A4-00000871","/product/%D0%9D%D0%A4-00000871","200","","","Эконобель - ополаскиватель для ПММ 5 л","Эконобель - ополаскиватель для ПММ 5 л","Хозтовары, упаковка и химия для HoReCa | КЛЕВЕР","","product","Эконобель - ополаскиватель для ПММ 5 л","НФ-00000871","Эконобель - ополаскиватель для ПММ 5 л","НФ-00000871","Химия, чистящие средства","Для посудомоечных машин","","public_api","direct route GET for HTTP status/location/raw metadata/canonical; identity, hierarchy, title and h1 from public API"
"https://clover-spb.ru/product/%D0%9D%D0%A4-00001343","/product/%D0%9D%D0%A4-00001343","200","","","Эконобель - моющее средство для ПММ 5 л","Эконобель - моющее средство для ПММ 5 л","Хозтовары, упаковка и химия для HoReCa | КЛЕВЕР","","product","Эконобель - моющее средство для ПММ 5 л","НФ-00001343","Эконобель - моющее средство для ПММ 5 л","НФ-00001343","Химия, чистящие средства","Для посудомоечных машин","","public_api","direct route GET for HTTP status/location/raw metadata/canonical; identity, hierarchy, title and h1 from public API"
"https://clover-spb.ru/product/%D0%9D%D0%A4-00003224","/product/%D0%9D%D0%A4-00003224","200","","","ЭКО МОП белый 40 см х 13 см","ЭКО МОП белый 40 см х 13 см","Хозтовары, упаковка и химия для HoReCa | КЛЕВЕР","","product","ЭКО МОП белый 40 см х 13 см","НФ-00003224","ЭКО МОП белый 40 см х 13 см","НФ-00003224","Хозяйственные товары","Тряпки, мопы, полотенца","","public_api","direct route GET for HTTP status/location/raw metadata/canonical; identity, hierarchy, title and h1 from public API"
"https://clover-spb.ru/product/%D0%9D%D0%A4-00002647","/product/%D0%9D%D0%A4-00002647","200","","","Щетка для пола с пластиковым черенком ""Фанго""","Щетка для пола с пластиковым черенком ""Фанго""","Хозтовары, упаковка и химия для HoReCa | КЛЕВЕР","","product","Щетка для пола с пластиковым черенком ""Фанго""","НФ-00002647","Щетка для пола с пластиковым черенком ""Фанго""","НФ-00002647","Хозяйственные товары","Швабры, щетки","","public_api","direct route GET for HTTP status/location/raw metadata/canonical; identity, hierarchy, title and h1 from public API"
"https://clover-spb.ru/product/%D0%9D%D0%A4-00000303","/product/%D0%9D%D0%A4-00000303","200","","","Щетка для мытья посуды с длинной ручкой","Щетка для мытья посуды с длинной ручкой","Хозтовары, упаковка и химия для HoReCa | КЛЕВЕР","","product","Щетка для мытья посуды с длинной ручкой","НФ-00000303","Щетка для мытья посуды с длинной ручкой","НФ-00000303","Химия, чистящие средства","Для мытья посуды","","public_api","direct route GET for HTTP status/location/raw metadata/canonical; identity, hierarchy, title and h1 from public API"
"https://clover-spb.ru/product/%D0%9D%D0%A4-00001140","/product/%D0%9D%D0%A4-00001140","200","","","Щетка - утюжок Миди 115х80х60","Щетка - утюжок Миди 115х80х60","Хозтовары, упаковка и химия для HoReCa | КЛЕВЕР","","product","Щетка - утюжок Миди 115х80х60","НФ-00001140","Щетка - утюжок Миди 115х80х60","НФ-00001140","Хозяйственные товары","Швабры, щетки","","public_api","direct route GET for HTTP status/location/raw metadata/canonical; identity, hierarchy, title and h1 from public API"
"https://clover-spb.ru/product/%D0%9D%D0%A4-00002431","/product/%D0%9D%D0%A4-00002431","200","","","Шуманит BAGI - жироудалитель спрей 400 мл","Шуманит BAGI - жироудалитель спрей 400 мл","Хозтовары, упаковка и химия для HoReCa | КЛЕВЕР","","product","Шуманит BAGI - жироудалитель спрей 400 мл","НФ-00002431","Шуманит BAGI - жироудалитель спрей 400 мл (12)","НФ-00002431","Химия, чистящие средства","Жироудалители","","public_api","direct route GET for HTTP status/location/raw metadata/canonical; identity, hierarchy, title and h1 from public API"
"https://clover-spb.ru/product/%D0%9D%D0%A4-00000059","/product/%D0%9D%D0%A4-00000059","200","","","Шуманит BAGI - жироудалитель 3 л","Шуманит BAGI - жироудалитель 3 л","Хозтовары, упаковка и химия для HoReCa | КЛЕВЕР","","product","Шуманит BAGI - жироудалитель 3 л","НФ-00000059","Шуманит BAGI - жироудалитель КАНИСТРА 3 л (6)","НФ-00000059","Химия, чистящие средства","Жироудалители","","public_api","direct route GET for HTTP status/location/raw metadata/canonical; identity, hierarchy, title and h1 from public API"
"https://clover-spb.ru/product/%D0%9D%D0%A4-00001183","/product/%D0%9D%D0%A4-00001183","200","","","Штемпельная краска для печати синяя Workmate 50мл","Штемпельная краска для печати синяя Workmate 50мл","Хозтовары, упаковка и химия для HoReCa | КЛЕВЕР","","product","Штемпельная краска для печати синяя Workmate 50мл","НФ-00001183","Штемпельная краска синяя Workmate 50мл","НФ-00001183","Канцелярские товары","","","public_api","direct route GET for HTTP status/location/raw metadata/canonical; identity, hierarchy, title and h1 from public API"
"https://clover-spb.ru/product/%D0%9D%D0%A4-00002579","/product/%D0%9D%D0%A4-00002579","200","","","Шпагат джутовый 100 метров","Шпагат джутовый 100 метров","Хозтовары, упаковка и химия для HoReCa | КЛЕВЕР","","product","Шпагат джутовый 100 метров","НФ-00002579","Шпагат джутовый 100 метров","НФ-00002579","Прочее","","","public_api","direct route GET for HTTP status/location/raw metadata/canonical; identity, hierarchy, title and h1 from public API"
"https://clover-spb.ru/product/%D0%9D%D0%A4-00002556","/product/%D0%9D%D0%A4-00002556","200","","","Шило с крючком с прорезиненной ручкой STAFF Soft Grip","Шило с крючком с прорезиненной ручкой STAFF Soft Grip","Хозтовары, упаковка и химия для HoReCa | КЛЕВЕР","","product","Шило с крючком с прорезиненной ручкой STAFF Soft Grip","НФ-00002556","Шило с крючком с прорезиненной ручкой STAFF Soft Grip","НФ-00002556","Канцелярские товары","","","public_api","direct route GET for HTTP status/location/raw metadata/canonical; identity, hierarchy, title and h1 from public API"
"https://clover-spb.ru/product/%D0%9D%D0%A4-00000537","/product/%D0%9D%D0%A4-00000537","200","","","Швабра для уборки: держатель 50 см + рукоять 140 см","Швабра для уборки: держатель 50 см + рукоять 140 см","Хозтовары, упаковка и химия для HoReCa | КЛЕВЕР","","product","Швабра для уборки: держатель 50 см + рукоять 140 см","НФ-00000537","Швабра для уборки держатель 50 см + рукоять 140 см","НФ-00000537","Хозяйственные товары","Швабры, щетки","","public_api","direct route GET for HTTP status/location/raw metadata/canonical; identity, hierarchy, title and h1 from public API"
"https://clover-spb.ru/product/%D0%9D%D0%A4-00001134","/product/%D0%9D%D0%A4-00001134","200","","","Швабра для уборки: держатель 40 см + рукоять 140 см","Швабра для уборки: держатель 40 см + рукоять 140 см","Хозтовары, упаковка и химия для HoReCa | КЛЕВЕР","","product","Швабра для уборки: держатель 40 см + рукоять 140 см","НФ-00001134","Швабра для уборки - рукоять 130 см + держатель мопов 40х11см пластик с карманами арт. 636234","НФ-00001134","Хозяйственные товары","Швабры, щетки","","public_api","direct route GET for HTTP status/location/raw metadata/canonical; identity, hierarchy, title and h1 from public API"
"https://clover-spb.ru/product/%D0%9D%D0%A4-00000271","/product/%D0%9D%D0%A4-00000271","200","","","Швабра деревянная ""Коммунист""","Швабра деревянная ""Коммунист""","Хозтовары, упаковка и химия для HoReCa | КЛЕВЕР","","product","Швабра деревянная ""Коммунист""","НФ-00000271","Швабра деревянная ""Коммунист""","НФ-00000271","Хозяйственные товары","Швабры, щетки","","public_api","direct route GET for HTTP status/location/raw metadata/canonical; identity, hierarchy, title and h1 from public API"
"https://clover-spb.ru/product/%D0%9D%D0%A4-00000802","/product/%D0%9D%D0%A4-00000802","200","","","Шапочка ""Шарлотта"" черная сетка 100шт","Шапочка ""Шарлотта"" черная сетка 100шт","Хозтовары, упаковка и химия для HoReCa | КЛЕВЕР","","product","Шапочка ""Шарлотта"" черная сетка 100шт","НФ-00000802","Шапочка ""Шарлотта"" черная СЕТКА (100шт)","НФ-00000802","Хозяйственные товары","Одноразовая одежда","","public_api","direct route GET for HTTP status/location/raw metadata/canonical; identity, hierarchy, title and h1 from public API"
"https://clover-spb.ru/product/%D0%9D%D0%A4-00000683","/product/%D0%9D%D0%A4-00000683","200","","","Шапочка ""Шарлотта"" синяя 100шт","Шапочка ""Шарлотта"" синяя 100шт","Хозтовары, упаковка и химия для HoReCa | КЛЕВЕР","","product","Шапочка ""Шарлотта"" синяя 100шт","НФ-00000683","Шапочка ""Шарлотта"" синяя (100шт)","НФ-00000683","Хозяйственные товары","Одноразовая одежда","","public_api","direct route GET for HTTP status/location/raw metadata/canonical; identity, hierarchy, title and h1 from public API"
"https://clover-spb.ru/product/%D0%9D%D0%A4-00000256","/product/%D0%9D%D0%A4-00000256","200","","","Шапочка ""Шарлотта"" белая 100шт","Шапочка ""Шарлотта"" белая 100шт","Хозтовары, упаковка и химия для HoReCa | КЛЕВЕР","","product","Шапочка ""Шарлотта"" белая 100шт","НФ-00000256","Шапочка ""Шарлотта"" белая (100шт) (10)","НФ-00000256","Хозяйственные товары","Одноразовая одежда","","public_api","direct route GET for HTTP status/location/raw metadata/canonical; identity, hierarchy, title and h1 from public API"
"https://clover-spb.ru/product/%D0%9D%D0%A4-00000065","/product/%D0%9D%D0%A4-00000065","200","","","Чистящее средство ПЕМОЛЮКС 480гр","Чистящее средство ПЕМОЛЮКС 480гр","Хозтовары, упаковка и химия для HoReCa | КЛЕВЕР","","product","Чистящее средство ПЕМОЛЮКС 480гр","НФ-00000065","Чистящее средство ""ПЕМОЛЮКС"" 480 гр (16)","НФ-00000065","Химия, чистящие средства","Порошки","","public_api","direct route GET for HTTP status/location/raw metadata/canonical; identity, hierarchy, title and h1 from public API"
"https://clover-spb.ru/product/%D0%9D%D0%A4-00003572","/product/%D0%9D%D0%A4-00003572","200","","","Цветные карандаши QREDO 18шт","Цветные карандаши QREDO 18шт","Хозтовары, упаковка и химия для HoReCa | КЛЕВЕР","","product","Цветные карандаши QREDO 18шт","НФ-00003572","Цветные карандаши 18 цветов QREDO (18шт)","НФ-00003572","Канцелярские товары","","","public_api","direct route GET for HTTP status/location/raw metadata/canonical; identity, hierarchy, title and h1 from public API"
"https://clover-spb.ru/product/%D0%9D%D0%A4-00001260","/product/%D0%9D%D0%A4-00001260","200","","","Хозяйственное мыло 200гр","Хозяйственное мыло 200гр","Хозтовары, упаковка и химия для HoReCa | КЛЕВЕР","","product","Хозяйственное мыло 200гр","НФ-00001260","Хозяйственное мыло 200гр","НФ-00001260","Химия, чистящие средства","Мыло","","public_api","direct route GET for HTTP status/location/raw metadata/canonical; identity, hierarchy, title and h1 from public API"
"https://clover-spb.ru/product/%D0%9D%D0%A4-00000261","/product/%D0%9D%D0%A4-00000261","200","","","Химитек Пенапол-Профи щелочное средство для уборки полов 5 л","Химитек Пенапол-Профи щелочное средство для уборки полов 5 л","Хозтовары, упаковка и химия для HoReCa | КЛЕВЕР","","product","Химитек Пенапол-Профи щелочное средство для уборки полов 5 л","НФ-00000261","Химитек Пенапол-Профи щелочное средство для уборки полов 5 л","НФ-00000261","Химия, чистящие средства","Для полов","","public_api","direct route GET for HTTP status/location/raw metadata/canonical; identity, hierarchy, title and h1 from public API"
"https://clover-spb.ru/product/%D0%9D%D0%A4-00001146","/product/%D0%9D%D0%A4-00001146","200","","","Хелп - средство для стекол 750 мл","Хелп - средство для стекол 750 мл","Хозтовары, упаковка и химия для HoReCa | КЛЕВЕР","","product","Хелп - средство для стекол 750 мл","НФ-00001146","Хелп - средство для стекол 750 мл (12)","НФ-00001146","Химия, чистящие средства","Для окон","","public_api","direct route GET for HTTP status/location/raw metadata/canonical; identity, hierarchy, title and h1 from public API"
"https://clover-spb.ru/product/%D0%9D%D0%A4-00000629","/product/%D0%9D%D0%A4-00000629","200","","","ХЕЛП - средство для мытья посуды 5 л","ХЕЛП - средство для мытья посуды 5 л","Хозтовары, упаковка и химия для HoReCa | КЛЕВЕР","","product","ХЕЛП - средство для мытья посуды 5 л","НФ-00000629","ХЕЛП - средство для мытья посуды 5 л (4)","НФ-00000629","Химия, чистящие средства","Для мытья посуды","","public_api","direct route GET for HTTP status/location/raw metadata/canonical; identity, hierarchy, title and h1 from public API"
"https://clover-spb.ru/product/%D0%9D%D0%A4-00000056","/product/%D0%9D%D0%A4-00000056","200","","","ХЕЛП - средство для мытья пола 5 л","ХЕЛП - средство для мытья пола 5 л","Хозтовары, упаковка и химия для HoReCa | КЛЕВЕР","","product","ХЕЛП - средство для мытья пола 5 л","НФ-00000056","ХЕЛП - средство для мытья пола 5 л (4)","НФ-00000056","Химия, чистящие средства","Для полов","","public_api","direct route GET for HTTP status/location/raw metadata/canonical; identity, hierarchy, title and h1 from public API"
"https://clover-spb.ru/product/%D0%9D%D0%A4-00000440","/product/%D0%9D%D0%A4-00000440","200","","","Халат одноразовый белый на липучках","Халат одноразовый белый на липучках","Хозтовары, упаковка и химия для HoReCa | КЛЕВЕР","","product","Халат одноразовый белый на липучках","НФ-00000440","Халат одноразовый белый на липучках (10шт)","НФ-00000440","Хозяйственные товары","Одноразовая одежда","","public_api","direct route GET for HTTP status/location/raw metadata/canonical; identity, hierarchy, title and h1 from public API"
"https://clover-spb.ru/product/%D0%9D%D0%A4-00000484","/product/%D0%9D%D0%A4-00000484","200","","","Форма алюминиевая 900 мл 218x113х54 (крышка арт. 0480)","Форма алюминиевая 900 мл 218x113х54 (крышка арт. 0480)","Хозтовары, упаковка и химия для HoReCa | КЛЕВЕР","","product","Форма алюминиевая 900 мл 218x113х54 (крышка арт. 0480)","НФ-00000484","Форма алюминиевая 900 мл 218x113х54 (100/1200)","НФ-00000484","Одноразовая посуда","Формы алюминиевые","","public_api","direct route GET for HTTP status/location/raw metadata/canonical; identity, hierarchy, title and h1 from public API"
"https://clover-spb.ru/product/%D0%9D%D0%A4-00001264","/product/%D0%9D%D0%A4-00001264","200","","","Форма алюминиевая 880 мл 218х155х40 (крышка арт. 1265)","Форма алюминиевая 880 мл 218х155х40 (крышка арт. 1265)","Хозтовары, упаковка и химия для HoReCa | КЛЕВЕР","","product","Форма алюминиевая 880 мл 218х155х40 (крышка арт. 1265)","НФ-00001264","Форма алюминиевая 880 мл 218х155х40 (100/1000)","НФ-00001264","Одноразовая посуда","Формы алюминиевые","","public_api","direct route GET for HTTP status/location/raw metadata/canonical; identity, hierarchy, title and h1 from public API"
"https://clover-spb.ru/product/%D0%9D%D0%A4-00000463","/product/%D0%9D%D0%A4-00000463","200","","","Форма алюминиевая 660 мл 205х110х56мм (крышка арт. 2685)","Форма алюминиевая 660 мл 205х110х56мм (крышка арт. 2685)","Хозтовары, упаковка и химия для HoReCa | КЛЕВЕР","","product","Форма алюминиевая 660 мл 205х110х56мм (крышка арт. 2685)","НФ-00000463","Форма алюминиевая 660 мл 205х110х56мм (100/1000)","НФ-00000463","Одноразовая посуда","Формы алюминиевые","","public_api","direct route GET for HTTP status/location/raw metadata/canonical; identity, hierarchy, title and h1 from public API"
"https://clover-spb.ru/product/%D0%9D%D0%A4-00003232","/product/%D0%9D%D0%A4-00003232","200","","","Форма алюминиевая 450мл 144х119х40мм (крышка арт. 3476)","Форма алюминиевая 450мл 144х119х40мм (крышка арт. 3476)","Хозтовары, упаковка и химия для HoReCa | КЛЕВЕР","","product","Форма алюминиевая 450мл 144х119х40мм (крышка арт. 3476)","НФ-00003232","Форма алюминиевая 450мл 144х119х40мм (50/1200)","НФ-00003232","Одноразовая посуда","Формы алюминиевые","","public_api","direct route GET for HTTP status/location/raw metadata/canonical; identity, hierarchy, title and h1 from public API"
"https://clover-spb.ru/product/%D0%9D%D0%A4-00001239","/product/%D0%9D%D0%A4-00001239","200","","","Форма алюминиевая 3180 мл 322х255х51 (крышка арт. 1240)","Форма алюминиевая 3180 мл 322х255х51 (крышка арт. 1240)","Хозтовары, упаковка и химия для HoReCa | КЛЕВЕР","","product","Форма алюминиевая 3180 мл 322х255х51 (крышка арт. 1240)","НФ-00001239","Форма алюминиевая 3180 мл 322х255х51 (25/200)","НФ-00001239","Одноразовая посуда","Формы алюминиевые","","public_api","direct route GET for HTTP status/location/raw metadata/canonical; identity, hierarchy, title and h1 from public API"
"https://clover-spb.ru/product/%D0%9D%D0%A4-00000483","/product/%D0%9D%D0%A4-00000483","200","","","Форма алюминиевая 1900 мл 259х188х59 (крышка арт. 0482)","Форма алюминиевая 1900 мл 259х188х59 (крышка арт. 0482)","Хозтовары, упаковка и химия для HoReCa | КЛЕВЕР","","product","Форма алюминиевая 1900 мл 259х188х59 (крышка арт. 0482)","НФ-00000483","Форма алюминиевая 1900 мл 259х188х59 (100/300)","НФ-00000483","Одноразовая посуда","Формы алюминиевые","","public_api","direct route GET for HTTP status/location/raw metadata/canonical; identity, hierarchy, title and h1 from public API"
"https://clover-spb.ru/product/%D0%9D%D0%A4-00002309","/product/%D0%9D%D0%A4-00002309","200","","","Форма алюминиевая 1500 мл 251х136х75 (крышка арт. 2310)","Форма алюминиевая 1500 мл 251х136х75 (крышка арт. 2310)","Хозтовары, упаковка и химия для HoReCa | КЛЕВЕР","","product","Форма алюминиевая 1500 мл 251х136х75 (крышка арт. 2310)","НФ-00002309","Форма алюминиевая 1500 мл 251х136х75 (100)","НФ-00002309","Одноразовая посуда","Формы алюминиевые","","public_api","direct route GET for HTTP status/location/raw metadata/canonical; identity, hierarchy, title and h1 from public API"
"https://clover-spb.ru/product/%D0%9D%D0%A4-00002388","/product/%D0%9D%D0%A4-00002388","200","","","Форма алюминиевая 1040 мл 230х180х43 (крышка арт. 2389)","Форма алюминиевая 1040 мл 230х180х43 (крышка арт. 2389)","Хозтовары, упаковка и химия для HoReCa | КЛЕВЕР","","product","Форма алюминиевая 1040 мл 230х180х43 (крышка арт. 2389)","НФ-00002388","Форма алюминиевая 1040 мл 230х180х43 (50/400)","НФ-00002388","Одноразовая посуда","Формы алюминиевые","","public_api","direct route GET for HTTP status/location/raw metadata/canonical; identity, hierarchy, title and h1 from public API"
"https://clover-spb.ru/product/%D0%9D%D0%A4-00000460","/product/%D0%9D%D0%A4-00000460","200","","","Фольга 45 см х 100 м 9 мкм","Фольга 45 см х 100 м 9 мкм","Хозтовары, упаковка и химия для HoReCa | КЛЕВЕР","","product","Фольга 45 см х 100 м 9 мкм","НФ-00000460","Фольга 45 см х 100 м 9 мкм (15)","НФ-00000460","Хозяйственные товары","Фольга, пленка, пергамент","","public_api","direct route GET for HTTP status/location/raw metadata/canonical; identity, hierarchy, title and h1 from public API"
"https://clover-spb.ru/product/%D0%9D%D0%A4-00003303","/product/%D0%9D%D0%A4-00003303","200","","","Фольга 45 см х 100 м 11 мкм","Фольга 45 см х 100 м 11 мкм","Хозтовары, упаковка и химия для HoReCa | КЛЕВЕР","","product","Фольга 45 см х 100 м 11 мкм","НФ-00003303","Фольга 45 см х 100 м 11 мкм (12)","НФ-00003303","Хозяйственные товары","Фольга, пленка, пергамент","","public_api","direct route GET for HTTP status/location/raw metadata/canonical; identity, hierarchy, title and h1 from public API"
"https://clover-spb.ru/product/%D0%9D%D0%A4-00001191","/product/%D0%9D%D0%A4-00001191","200","","","Фольга 30 см х 100 м 9 мкм","Фольга 30 см х 100 м 9 мкм","Хозтовары, упаковка и химия для HoReCa | КЛЕВЕР","","product","Фольга 30 см х 100 м 9 мкм","НФ-00001191","Фольга 30 см х 100 м 9 мкм (16)","НФ-00001191","Хозяйственные товары","Фольга, пленка, пергамент","","public_api","direct route GET for HTTP status/location/raw metadata/canonical; identity, hierarchy, title and h1 from public API"
"https://clover-spb.ru/product/%D0%9D%D0%A4-00003210","/product/%D0%9D%D0%A4-00003210","200","","","Фольга 30 см х 100 м 11 мкм","Фольга 30 см х 100 м 11 мкм","Хозтовары, упаковка и химия для HoReCa | КЛЕВЕР","","product","Фольга 30 см х 100 м 11 мкм","НФ-00003210","Фольга 30 см х 100 м 11 мкм (12)","НФ-00003210","Хозяйственные товары","Фольга, пленка, пергамент","","public_api","direct route GET for HTTP status/location/raw metadata/canonical; identity, hierarchy, title and h1 from public API"
"https://clover-spb.ru/product/%D0%9D%D0%A4-00001214","/product/%D0%9D%D0%A4-00001214","200","","","Фильтр-пакеты для чая 100шт","Фильтр-пакеты для чая 100шт","Хозтовары, упаковка и химия для HoReCa | КЛЕВЕР","","product","Фильтр-пакеты для чая 100шт","НФ-00001214","Фильтр-пакеты для чая (100шт)","НФ-00001214","Пакеты, упаковочные материалы","Прочее","","public_api","direct route GET for HTTP status/location/raw metadata/canonical; identity, hierarchy, title and h1 from public API"
"https://clover-spb.ru/product/%D0%9D%D0%A4-00000295","/product/%D0%9D%D0%A4-00000295","200","","","Файл - вкладыш прозрачный А4 30 мкм 100шт","Файл - вкладыш прозрачный А4 30 мкм 100шт","Хозтовары, упаковка и химия для HoReCa | КЛЕВЕР","","product","Файл - вкладыш прозрачный А4 30 мкм 100шт","НФ-00000295","Файл - вкладыш прозрачный А4 30 мкм (100шт)","НФ-00000295","Канцелярские товары","","","public_api","direct route GET for HTTP status/location/raw metadata/canonical; identity, hierarchy, title and h1 from public API"
"https://clover-spb.ru/product/%D0%9D%D0%A4-00001110","/product/%D0%9D%D0%A4-00001110","200","","","Упаковка ЕСО OpSalad 350 черный 121х106х55мм с прозрачной крышкой","Упаковка ЕСО OpSalad 350 черный 121х106х55мм с прозрачной крышкой","Хозтовары, упаковка и химия для HoReCa | КЛЕВЕР","","product","Упаковка ЕСО OpSalad 350 черный 121х106х55мм с прозрачной крышкой","НФ-00001110","Упаковка ЕСО OpSalad 350 черный с проз. крышкой (50/900)","НФ-00001110","Одноразовая посуда","Бумажная упаковка","","public_api","direct route GET for HTTP status/location/raw metadata/canonical; identity, hierarchy, title and h1 from public API"
"https://clover-spb.ru/product/%D0%9D%D0%A4-00000854","/product/%D0%9D%D0%A4-00000854","200","","","Упаковка для роллов ECO PILLOW 200х70х55мм","Упаковка для роллов ECO PILLOW 200х70х55мм","Хозтовары, упаковка и химия для HoReCa | КЛЕВЕР","","product","Упаковка для роллов ECO PILLOW 200х70х55мм","НФ-00000854","Упаковка для роллов ECO PILLOW 200х70х55мм (50шт/700шт)","НФ-00000854","Одноразовая посуда","Для суши и лапши","","public_api","direct route GET for HTTP status/location/raw metadata/canonical; identity, hierarchy, title and h1 from public API"
"https://clover-spb.ru/product/%D0%9D%D0%A4-00002260","/product/%D0%9D%D0%A4-00002260","200","","","Упаковка для наггетсов Eco Fast Food Box S 350 115х75х45мм","Упаковка для наггетсов Eco Fast Food Box S 350 115х75х45мм","Хозтовары, упаковка и химия для HoReCa | КЛЕВЕР","","product","Упаковка для наггетсов Eco Fast Food Box S 350 115х75х45мм","НФ-00002260","Упаковка для наггетсов Eco Fast Food Box S 350 115х75х45мм (25/600)","НФ-00002260","Одноразовая посуда","Бумажная упаковка","","public_api","direct route GET for HTTP status/location/raw metadata/canonical; identity, hierarchy, title and h1 from public API"
"https://clover-spb.ru/product/%D0%9D%D0%A4-00002127","/product/%D0%9D%D0%A4-00002127","200","","","Упаковка для наггетсов Eco Fast Food Box L 900 150х91х70мм","Упаковка для наггетсов Eco Fast Food Box L 900 150х91х70мм","Хозтовары, упаковка и химия для HoReCa | КЛЕВЕР","","product","Упаковка для наггетсов Eco Fast Food Box L 900 150х91х70мм","НФ-00002127","Упаковка для наггетсов Eco Fast Food Box L 900 150х91х70мм (25/500)","НФ-00002127","Одноразовая посуда","Бумажная упаковка","","public_api","direct route GET for HTTP status/location/raw metadata/canonical; identity, hierarchy, title and h1 from public API"
"https://clover-spb.ru/product/%D0%9D%D0%A4-00000473","/product/%D0%9D%D0%A4-00000473","200","","","Упаковка ECO TABOX 500 крафт с окном 170х70х40мм","Упаковка ECO TABOX 500 крафт с окном 170х70х40мм","Хозтовары, упаковка и химия для HoReCa | КЛЕВЕР","","product","Упаковка ECO TABOX 500 крафт с окном 170х70х40мм","НФ-00000473","Упаковка ECO TABOX 500 крафт с окном (25/500)","НФ-00000473","Одноразовая посуда","Бумажная упаковка","","public_api","direct route GET for HTTP status/location/raw metadata/canonical; identity, hierarchy, title and h1 from public API"
"https://clover-spb.ru/product/%D0%9D%D0%A4-00001251","/product/%D0%9D%D0%A4-00001251","200","","","Упаковка ECO TABOX 1500 крафт с окном 200х200х45мм","Упаковка ECO TABOX 1500 крафт с окном 200х200х45мм","Хозтовары, упаковка и химия для HoReCa | КЛЕВЕР","","product","Упаковка ECO TABOX 1500 крафт с окном 200х200х45мм","НФ-00001251","Упаковка ECO TABOX 1500 крафт с окном (25/225)","НФ-00001251","Одноразовая посуда","Бумажная упаковка","","public_api","direct route GET for HTTP status/location/raw metadata/canonical; identity, hierarchy, title and h1 from public API"
"https://clover-spb.ru/product/%D0%9D%D0%A4-00002177","/product/%D0%9D%D0%A4-00002177","200","","","Упаковка ECO TABOX 1450 крафт с окном  260х150х40мм","Упаковка ECO TABOX 1450 крафт с окном  260х150х40мм","Хозтовары, упаковка и химия для HoReCa | КЛЕВЕР","","product","Упаковка ECO TABOX 1450 крафт с окном  260х150х40мм","НФ-00002177","Упаковка ECO TABOX 1450 крафт с окном (25/200)","НФ-00002177","Одноразовая посуда","Бумажная упаковка","","public_api","direct route GET for HTTP status/location/raw metadata/canonical; identity, hierarchy, title and h1 from public API"
"https://clover-spb.ru/product/%D0%9D%D0%A4-00001174","/product/%D0%9D%D0%A4-00001174","200","","","Упаковка ECO TABOX 1000 крафт с окном 200х120х40мм","Упаковка ECO TABOX 1000 крафт с окном 200х120х40мм","Хозтовары, упаковка и химия для HoReCa | КЛЕВЕР","","product","Упаковка ECO TABOX 1000 крафт с окном 200х120х40мм","НФ-00001174","Упаковка ECO TABOX 1000 крафт с окном (25/225)","НФ-00001174","Одноразовая посуда","Бумажная упаковка","","public_api","direct route GET for HTTP status/location/raw metadata/canonical; identity, hierarchy, title and h1 from public API"
"https://clover-spb.ru/product/%D0%9D%D0%A4-00001021","/product/%D0%9D%D0%A4-00001021","200","","","Упаковка ECO SANDWICH 60 крафт 130х130х60мм","Упаковка ECO SANDWICH 60 крафт 130х130х60мм","Хозтовары, упаковка и химия для HoReCa | КЛЕВЕР","","product","Упаковка ECO SANDWICH 60 крафт 130х130х60мм","НФ-00001021","Упаковка ECO SANDWICH 60 (800шт)","НФ-00001021","Одноразовая посуда","Бумажная упаковка","","public_api","direct route GET for HTTP status/location/raw metadata/canonical; identity, hierarchy, title and h1 from public API"
"https://clover-spb.ru/product/%D0%9D%D0%A4-00001152","/product/%D0%9D%D0%A4-00001152","200","","","Упаковка ECO OpSalad 800 черный 209х127х55мм  (крышка арт. 1047)","Упаковка ECO OpSalad 800 черный 209х127х55мм  (крышка арт. 1047)","Хозтовары, упаковка и химия для HoReCa | КЛЕВЕР","","product","Упаковка ECO OpSalad 800 черный 209х127х55мм  (крышка арт. 1047)","НФ-00001152","Упаковка ECO OpSalad 800 ЧЕРНЫЙ ДНО (50/400)","НФ-00001152","Одноразовая посуда","Бумажная упаковка","","public_api","direct route GET for HTTP status/location/raw metadata/canonical; identity, hierarchy, title and h1 from public API"
"https://clover-spb.ru/product/%D0%9D%D0%A4-00000518","/product/%D0%9D%D0%A4-00000518","200","","","Упаковка ECO OpSalad 800 крафт 209х127х55мм  (крышка арт. 1047)","Упаковка ECO OpSalad 800 крафт 209х127х55мм  (крышка арт. 1047)","Хозтовары, упаковка и химия для HoReCa | КЛЕВЕР","","product","Упаковка ECO OpSalad 800 крафт 209х127х55мм  (крышка арт. 1047)","НФ-00000518","Упаковка ECO OpSalad 800 КРАФТ ДНО (50/400)","НФ-00000518","Одноразовая посуда","Бумажная упаковка","","public_api","direct route GET for HTTP status/location/raw metadata/canonical; identity, hierarchy, title and h1 from public API"
"https://clover-spb.ru/product/%D0%9D%D0%A4-00001153","/product/%D0%9D%D0%A4-00001153","200","","","Упаковка ECO OpSalad 500 черный 164х115х45мм (крышка арт. 3214)","Упаковка ECO OpSalad 500 черный 164х115х45мм (крышка арт. 3214)","Хозтовары, упаковка и химия для HoReCa | КЛЕВЕР","","product","Упаковка ECO OpSalad 500 черный 164х115х45мм (крышка арт. 3214)","НФ-00001153","Упаковка ECO OpSalad 500 ЧЕРНЫЙ ДНО (50/600)","НФ-00001153","Одноразовая посуда","Бумажная упаковка","","public_api","direct route GET for HTTP status/location/raw metadata/canonical; identity, hierarchy, title and h1 from public API"
"https://clover-spb.ru/product/%D0%9D%D0%A4-00000477","/product/%D0%9D%D0%A4-00000477","200","","","Упаковка ECO OpSalad 500 крафт 164х115х45мм (крышка арт. 3214)","Упаковка ECO OpSalad 500 крафт 164х115х45мм (крышка арт. 3214)","Хозтовары, упаковка и химия для HoReCa | КЛЕВЕР","","product","Упаковка ECO OpSalad 500 крафт 164х115х45мм (крышка арт. 3214)","НФ-00000477","Упаковка ECO OpSalad 500 КРАФТ ДНО (50/600)","НФ-00000477","Одноразовая посуда","Бумажная упаковка","","public_api","direct route GET for HTTP status/location/raw metadata/canonical; identity, hierarchy, title and h1 from public API"
"https://clover-spb.ru/product/%D0%9D%D0%A4-00001281","/product/%D0%9D%D0%A4-00001281","200","","","Упаковка ECO OpSalad 1200 крафт 167х167х63мм (крышка арт. 3627)","Упаковка ECO OpSalad 1200 крафт 167х167х63мм (крышка арт. 3627)","Хозтовары, упаковка и химия для HoReCa | КЛЕВЕР","","product","Упаковка ECO OpSalad 1200 крафт 167х167х63мм (крышка арт. 3627)","НФ-00001281","Упаковка ECO OpSalad 1200 КРАФТ ДНО (50/300)","НФ-00001281","Одноразовая посуда","Бумажная упаковка","","public_api","direct route GET for HTTP status/location/raw metadata/canonical; identity, hierarchy, title and h1 from public API"
"https://clover-spb.ru/product/%D0%9D%D0%A4-00001170","/product/%D0%9D%D0%A4-00001170","200","","","Упаковка для вока ECO NOODLES 700","Упаковка для вока ECO NOODLES 700","Хозтовары, упаковка и химия для HoReCa | КЛЕВЕР","","product","Упаковка для вока ECO NOODLES 700","НФ-00001170","Упаковка ECO NOODLES 700 (30/360)","НФ-00001170","Одноразовая посуда","Для суши и лапши","","public_api","direct route GET for HTTP status/location/raw metadata/canonical; identity, hierarchy, title and h1 from public API"
"https://clover-spb.ru/product/%D0%9D%D0%A4-00001150","/product/%D0%9D%D0%A4-00001150","200","","","Упаковка для вока ECO NOODLES 560","Упаковка для вока ECO NOODLES 560","Хозтовары, упаковка и химия для HoReCa | КЛЕВЕР","","product","Упаковка для вока ECO NOODLES 560","НФ-00001150","Упаковка ECO NOODLES 560, дно 75мм х 75мм, высота 100мм (35/420)","НФ-00001150","Одноразовая посуда","Для суши и лапши","","public_api","direct route GET for HTTP status/location/raw metadata/canonical; identity, hierarchy, title and h1 from public API"
"https://clover-spb.ru/product/%D0%9D%D0%A4-00000696","/product/%D0%9D%D0%A4-00000696","200","","","Упаковка для вока ECO NOODLES 460","Упаковка для вока ECO NOODLES 460","Хозтовары, упаковка и химия для HoReCa | КЛЕВЕР","","product","Упаковка для вока ECO NOODLES 460","НФ-00000696","Упаковка ECO NOODLES 460 (35шт/560шт)","НФ-00000696","Одноразовая посуда","Для суши и лапши","","public_api","direct route GET for HTTP status/location/raw metadata/canonical; identity, hierarchy, title and h1 from public API"
"https://clover-spb.ru/product/%D0%9D%D0%A4-00002130","/product/%D0%9D%D0%A4-00002130","200","","","Упаковка Eco Fold Box 600 113х130мм/90х105мм h64мм","Упаковка Eco Fold Box 600 113х130мм/90х105мм h64мм","Хозтовары, упаковка и химия для HoReCa | КЛЕВЕР","","product","Упаковка Eco Fold Box 600 113х130мм/90х105мм h64мм","НФ-00002130","Упаковка Eco Fold Box 600 130х105х64мм (50/450)","НФ-00002130","Одноразовая посуда","Бумажная упаковка","","public_api","direct route GET for HTTP status/location/raw metadata/canonical; identity, hierarchy, title and h1 from public API"
"https://clover-spb.ru/product/%D0%9D%D0%A4-00000215","/product/%D0%9D%D0%A4-00000215","200","","","УниХлор - моющее средство 5 л","УниХлор - моющее средство 5 л","Хозтовары, упаковка и химия для HoReCa | КЛЕВЕР","","product","УниХлор - моющее средство 5 л","НФ-00000215","УниХлор - моющее средство 5 л","НФ-00000215","Химия, чистящие средства","Универсальные","","public_api","direct route GET for HTTP status/location/raw metadata/canonical; identity, hierarchy, title and h1 from public API"
"https://clover-spb.ru/product/%D0%9D%D0%A4-00000058","/product/%D0%9D%D0%A4-00000058","200","","","Уникум Голд - жироудалитель спрей 500 мл","Уникум Голд - жироудалитель спрей 500 мл","Хозтовары, упаковка и химия для HoReCa | КЛЕВЕР","","product","Уникум Голд - жироудалитель спрей 500 мл","НФ-00000058","Уникум Голд - жироудалитель спрей 500 мл (12)","НФ-00000058","Химия, чистящие средства","Жироудалители","","public_api","direct route GET for HTTP status/location/raw metadata/canonical; identity, hierarchy, title and h1 from public API"
"https://clover-spb.ru/product/%D0%9D%D0%A4-00000055","/product/%D0%9D%D0%A4-00000055","200","","","Уникум Голд - жироудалитель 3 л","Уникум Голд - жироудалитель 3 л","Хозтовары, упаковка и химия для HoReCa | КЛЕВЕР","","product","Уникум Голд - жироудалитель 3 л","НФ-00000055","Уникум Голд - жироудалитель КАНИСТРА 3 л (6)","НФ-00000055","Химия, чистящие средства","Жироудалители","","public_api","direct route GET for HTTP status/location/raw metadata/canonical; identity, hierarchy, title and h1 from public API"
"https://clover-spb.ru/product/%D0%9D%D0%A4-00003152","/product/%D0%9D%D0%A4-00003152","200","","","Универсальный очиститель WELL 500 мл","Универсальный очиститель WELL 500 мл","Хозтовары, упаковка и химия для HoReCa | КЛЕВЕР","","product","Универсальный очиститель WELL 500 мл","НФ-00003152","Универсальный очиститель WELL 500 мл (18)","НФ-00003152","Химия, чистящие средства","Универсальные","","public_api","direct route GET for HTTP status/location/raw metadata/canonical; identity, hierarchy, title and h1 from public API"
"https://clover-spb.ru/product/%D0%9D%D0%A4-00003151","/product/%D0%9D%D0%A4-00003151","200","","","Универсальное моющее средство Prosept Universal Spray 500 мл","Универсальное моющее средство Prosept Universal Spray 500 мл","Хозтовары, упаковка и химия для HoReCa | КЛЕВЕР","","product","Универсальное моющее средство Prosept Universal Spray 500 мл","НФ-00003151","Универсальное моющее средство Prosept Universal Spray 500 мл (12)","НФ-00003151","Химия, чистящие средства","Универсальные","","public_api","direct route GET for HTTP status/location/raw metadata/canonical; identity, hierarchy, title and h1 from public API"
"https://clover-spb.ru/product/%D0%9D%D0%A4-00001408","/product/%D0%9D%D0%A4-00001408","200","","","Уголь 45 литров","Уголь 45 литров","Хозтовары, упаковка и химия для HoReCa | КЛЕВЕР","","product","Уголь 45 литров","НФ-00001408","Уголь 45 литров","НФ-00001408","Прочее","","","public_api","direct route GET for HTTP status/location/raw metadata/canonical; identity, hierarchy, title and h1 from public API"
"https://clover-spb.ru/product/%D0%9D%D0%A4-00000488","/product/%D0%9D%D0%A4-00000488","200","","","Уголок бумажный 175 мм х 175 мм белый","Уголок бумажный 175 мм х 175 мм белый","Хозтовары, упаковка и химия для HoReCa | КЛЕВЕР","","product","Уголок бумажный 175 мм х 175 мм белый","НФ-00000488","Уголок бумажный 175 мм х 175 мм белый (2500)","НФ-00000488","Пакеты, упаковочные материалы","Бумажные пакеты без ручки","","public_api","direct route GET for HTTP status/location/raw metadata/canonical; identity, hierarchy, title and h1 from public API"
"https://clover-spb.ru/product/%D0%9D%D0%A4-00003238","/product/%D0%9D%D0%A4-00003238","200","","","Уголок бумажный 170 мм х 170 мм крафт","Уголок бумажный 170 мм х 170 мм крафт","Хозтовары, упаковка и химия для HoReCa | КЛЕВЕР","","product","Уголок бумажный 170 мм х 170 мм крафт","НФ-00003238","Уголок бумажный 170 мм х 170 мм крафт (100/3000)","НФ-00003238","Пакеты, упаковочные материалы","Бумажные пакеты без ручки","","public_api","direct route GET for HTTP status/location/raw metadata/canonical; identity, hierarchy, title and h1 from public API"
"https://clover-spb.ru/product/%D0%9D%D0%A4-00002220","/product/%D0%9D%D0%A4-00002220","200","","","Уголок бумажный 150 х 175 мм ""Приятного аппетита""","Уголок бумажный 150 х 175 мм ""Приятного аппетита""","Хозтовары, упаковка и химия для HoReCa | КЛЕВЕР","","product","Уголок бумажный 150 х 175 мм ""Приятного аппетита""","НФ-00002220","Уголок бумажный 150 х 175 мм ""Приятного аппетита"" (100/3500)","НФ-00002220","Пакеты, упаковочные материалы","Бумажные пакеты без ручки","","public_api","direct route GET for HTTP status/location/raw metadata/canonical; identity, hierarchy, title and h1 from public API"
"https://clover-spb.ru/product/%D0%9D%D0%A4-00002313","/product/%D0%9D%D0%A4-00002313","200","","","Уголок бумажный 150 х 170 мм крафт","Уголок бумажный 150 х 170 мм крафт","Хозтовары, упаковка и химия для HoReCa | КЛЕВЕР","","product","Уголок бумажный 150 х 170 мм крафт","НФ-00002313","Уголок бумажный 150 х 170 мм крафт (100/2000)","НФ-00002313","Пакеты, упаковочные материалы","Бумажные пакеты без ручки","","public_api","direct route GET for HTTP status/location/raw metadata/canonical; identity, hierarchy, title and h1 from public API"
"https://clover-spb.ru/product/%D0%9D%D0%A4-00001064","/product/%D0%9D%D0%A4-00001064","200","","","Уголок бумажный 140 мм х 160 мм белый","Уголок бумажный 140 мм х 160 мм белый","Хозтовары, упаковка и химия для HoReCa | КЛЕВЕР","","product","Уголок бумажный 140 мм х 160 мм белый","НФ-00001064","Уголок бумажный 140 мм х 160 мм белый 40гр (100/2500)","НФ-00001064","Пакеты, упаковочные материалы","Бумажные пакеты без ручки","","public_api","direct route GET for HTTP status/location/raw metadata/canonical; identity, hierarchy, title and h1 from public API"
"https://clover-spb.ru/product/%D0%9D%D0%A4-00001963","/product/%D0%9D%D0%A4-00001963","200","","","Туалетное мыло ""Дивный сад"" 90гр","Туалетное мыло ""Дивный сад"" 90гр","Хозтовары, упаковка и химия для HoReCa | КЛЕВЕР","","product","Туалетное мыло ""Дивный сад"" 90гр","НФ-00001963","Туалетное мыло ""Дивный сад"" 90гр (6)","НФ-00001963","Химия, чистящие средства","Мыло","","public_api","direct route GET for HTTP status/location/raw metadata/canonical; identity, hierarchy, title and h1 from public API"
"https://clover-spb.ru/product/%D0%9D%D0%A4-00000885","/product/%D0%9D%D0%A4-00000885","200","","","Туалетная бумага Focus 2-сл. 170м","Туалетная бумага Focus 2-сл. 170м","Хозтовары, упаковка и химия для HoReCa | КЛЕВЕР","","product","Туалетная бумага Focus 2-сл. 170м","НФ-00000885","Туалетная бумага ФОКУС 2-сл. 170м (12)","НФ-00000885","Бумажная продукция","Туалетная бумага","","public_api","direct route GET for HTTP status/location/raw metadata/canonical; identity, hierarchy, title and h1 from public API"
"https://clover-spb.ru/product/%D0%9D%D0%A4-00001018","/product/%D0%9D%D0%A4-00001018","200","","","Туалетная бумага Focus 1-сл. 200м","Туалетная бумага Focus 1-сл. 200м","Хозтовары, упаковка и химия для HoReCa | КЛЕВЕР","","product","Туалетная бумага Focus 1-сл. 200м","НФ-00001018","Туалетная бумага ФОКУС 1-сл. 200м (12)","НФ-00001018","Бумажная продукция","Туалетная бумага","","public_api","direct route GET for HTTP status/location/raw metadata/canonical; identity, hierarchy, title and h1 from public API"
"https://clover-spb.ru/product/%D0%9D%D0%A4-00000645","/product/%D0%9D%D0%A4-00000645","200","","","Туалетная бумага ТОРК - TELLUS Т1 1-сл. 525м 120195","Туалетная бумага ТОРК - TELLUS Т1 1-сл. 525м 120195","Хозтовары, упаковка и химия для HoReCa | КЛЕВЕР","","product","Туалетная бумага ТОРК - TELLUS Т1 1-сл. 525м 120195","НФ-00000645","Туалетная бумага ТОРК Т1 1-сл. 525 м 120195 (6)","НФ-00000645","Бумажная продукция","Туалетная бумага","","public_api","direct route GET for HTTP status/location/raw metadata/canonical; identity, hierarchy, title and h1 from public API"
"https://clover-spb.ru/product/%D0%9D%D0%A4-00001247","/product/%D0%9D%D0%A4-00001247","200","","","Туалетная бумага серая 1-сл. 151200 200м","Туалетная бумага серая 1-сл. 151200 200м","Хозтовары, упаковка и химия для HoReCa | КЛЕВЕР","","product","Туалетная бумага серая 1-сл. 151200 200м","НФ-00001247","Туалетная бумага в рулоне 1-сл. 151200 200м (12)","НФ-00001247","Бумажная продукция","Туалетная бумага","","public_api","direct route GET for HTTP status/location/raw metadata/canonical; identity, hierarchy, title and h1 from public API"
"https://clover-spb.ru/product/%D0%9D%D0%A4-00002668","/product/%D0%9D%D0%A4-00002668","200","","","Туалетная бумага Tork SmartOne Т9 Advanced 472193","Туалетная бумага Tork SmartOne Т9 Advanced 472193","Хозтовары, упаковка и химия для HoReCa | КЛЕВЕР","","product","Туалетная бумага Tork SmartOne Т9 Advanced 472193","НФ-00002668","Туалетная бумага Tork SmartOne Т9 Advanced 472193 (12шт/уп)","НФ-00002668","Бумажная продукция","Туалетная бумага","","public_api","direct route GET for HTTP status/location/raw metadata/canonical; identity, hierarchy, title and h1 from public API"
"https://clover-spb.ru/product/%D0%9D%D0%A4-00002405","/product/%D0%9D%D0%A4-00002405","200","","","Туалетная бумага Familia Трио Natural 3-сл. 8рул","Туалетная бумага Familia Трио Natural 3-сл. 8рул","Хозтовары, упаковка и химия для HoReCa | КЛЕВЕР","","product","Туалетная бумага Familia Трио Natural 3-сл. 8рул","НФ-00002405","Туалетная бумага Familia Трио Natural 3-сл. 8рул (7)","НФ-00002405","Бумажная продукция","Туалетная бумага","","public_api","direct route GET for HTTP status/location/raw metadata/canonical; identity, hierarchy, title and h1 from public API"
"https://clover-spb.ru/product/%D0%9D%D0%A4-00002395","/product/%D0%9D%D0%A4-00002395","200","","","Туалетная бумага PRO C-231  1-сл. 200м","Туалетная бумага PRO C-231  1-сл. 200м","Хозтовары, упаковка и химия для HoReCa | КЛЕВЕР","","product","Туалетная бумага PRO C-231  1-сл. 200м","НФ-00002395","Туалетная бумага C-231 RRO 1-сл. 200м (12)","НФ-00002395","Бумажная продукция","Туалетная бумага","","public_api","direct route GET for HTTP status/location/raw metadata/canonical; identity, hierarchy, title and h1 from public API"
"https://clover-spb.ru/product/%D0%9D%D0%A4-00001246","/product/%D0%9D%D0%A4-00001246","200","","","Туалетная бумага PRO C-191 2-сл. 170м","Туалетная бумага PRO C-191 2-сл. 170м","Хозтовары, упаковка и химия для HoReCa | КЛЕВЕР","","product","Туалетная бумага PRO C-191 2-сл. 170м","НФ-00001246","Туалетная бумага C-191 RRO 2-сл. 170м (12)","НФ-00001246","Бумажная продукция","Туалетная бумага","","public_api","direct route GET for HTTP status/location/raw metadata/canonical; identity, hierarchy, title and h1 from public API"
"https://clover-spb.ru/product/%D0%9D%D0%A4-00000207","/product/%D0%9D%D0%A4-00000207","200","","","Туалетная бумага ""Мягкий знак"" 54м","Туалетная бумага ""Мягкий знак"" 54м","Хозтовары, упаковка и химия для HoReCa | КЛЕВЕР","","product","Туалетная бумага ""Мягкий знак"" 54м","НФ-00000207","Туалетная бумага ""Ь"" знак 54 метра (72)","НФ-00000207","Бумажная продукция","Туалетная бумага","","public_api","direct route GET for HTTP status/location/raw metadata/canonical; identity, hierarchy, title and h1 from public API"
"https://clover-spb.ru/product/%D0%9D%D0%A4-00000125","/product/%D0%9D%D0%A4-00000125","200","","","Туалетная бумага ""Мягкий Знак"" 2-сл. 4рул","Туалетная бумага ""Мягкий Знак"" 2-сл. 4рул","Хозтовары, упаковка и химия для HoReCa | КЛЕВЕР","","product","Туалетная бумага ""Мягкий Знак"" 2-сл. 4рул","НФ-00000125","Туалетная бумага ""Мягкий Знак"" 2-сл. (4рул) (24)","НФ-00000125","Бумажная продукция","Туалетная бумага","","public_api","direct route GET for HTTP status/location/raw metadata/canonical; identity, hierarchy, title and h1 from public API"
"https://clover-spb.ru/product/%D0%9D%D0%A4-00000121","/product/%D0%9D%D0%A4-00000121","200","","","Тряпка для пола ХПП 80 см х 100 см","Тряпка для пола ХПП 80 см х 100 см","Хозтовары, упаковка и химия для HoReCa | КЛЕВЕР","","product","Тряпка для пола ХПП 80 см х 100 см","НФ-00000121","Тряпка для пола ХПП 80 см х 100 см (25)","НФ-00000121","Хозяйственные товары","Тряпки, мопы, полотенца","","public_api","direct route GET for HTTP status/location/raw metadata/canonical; identity, hierarchy, title and h1 from public API"
"https://clover-spb.ru/product/%D0%9D%D0%A4-00002494","/product/%D0%9D%D0%A4-00002494","200","","","Тряпка для пола из микрофибры черная 60 см х 80 см","Тряпка для пола из микрофибры черная 60 см х 80 см","Хозтовары, упаковка и химия для HoReCa | КЛЕВЕР","","product","Тряпка для пола из микрофибры черная 60 см х 80 см","НФ-00002494","Тряпка для пола из микрофибры ЧЕРНАЯ 60 см х 80 см","НФ-00002494","Хозяйственные товары","Тряпки, мопы, полотенца","","public_api","direct route GET for HTTP status/location/raw metadata/canonical; identity, hierarchy, title and h1 from public API"
"https://clover-spb.ru/product/%D0%9D%D0%A4-00000124","/product/%D0%9D%D0%A4-00000124","200","","","Тряпка для пола из микрофибры фиолетовая 60 см х 80 см","Тряпка для пола из микрофибры фиолетовая 60 см х 80 см","Хозтовары, упаковка и химия для HoReCa | КЛЕВЕР","","product","Тряпка для пола из микрофибры фиолетовая 60 см х 80 см","НФ-00000124","Тряпка для пола из микрофибры ФИОЛЕТОВАЯ 60 см х 80 см","НФ-00000124","Хозяйственные товары","Тряпки, мопы, полотенца","","public_api","direct route GET for HTTP status/location/raw metadata/canonical; identity, hierarchy, title and h1 from public API"
"https://clover-spb.ru/product/%D0%9D%D0%A4-00003040","/product/%D0%9D%D0%A4-00003040","200","","","Тряпка для пола из микрофибры серая 60 см х 80 см","Тряпка для пола из микрофибры серая 60 см х 80 см","Хозтовары, упаковка и химия для HoReCa | КЛЕВЕР","","product","Тряпка для пола из микрофибры серая 60 см х 80 см","НФ-00003040","Тряпка для пола из микрофибры СЕРАЯ 60 см х 80 см","НФ-00003040","Хозяйственные товары","Тряпки, мопы, полотенца","","public_api","direct route GET for HTTP status/location/raw metadata/canonical; identity, hierarchy, title and h1 from public API"
"https://clover-spb.ru/product/%D0%9D%D0%A4-00000757","/product/%D0%9D%D0%A4-00000757","200","","","Тряпка для пола 60 см х 80 см неткол 3-сл.","Тряпка для пола 60 см х 80 см неткол 3-сл.","Хозтовары, упаковка и химия для HoReCa | КЛЕВЕР","","product","Тряпка для пола 60 см х 80 см неткол 3-сл.","НФ-00000757","Тряпка для пола 60х80 неткол 3-слойная (40)","НФ-00000757","Хозяйственные товары","Тряпки, мопы, полотенца","","public_api","direct route GET for HTTP status/location/raw metadata/canonical; identity, hierarchy, title and h1 from public API"
"https://clover-spb.ru/product/%D0%9D%D0%A4-00000756","/product/%D0%9D%D0%A4-00000756","200","","","Тряпка для пола 50 см х 80 см неткол 2-сл.","Тряпка для пола 50 см х 80 см неткол 2-сл.","Хозтовары, упаковка и химия для HoReCa | КЛЕВЕР","","product","Тряпка для пола 50 см х 80 см неткол 2-сл.","НФ-00000756","Тряпка для пола 50х80 неткол 2-слойная (50)","НФ-00000756","Хозяйственные товары","Тряпки, мопы, полотенца","","public_api","direct route GET for HTTP status/location/raw metadata/canonical; identity, hierarchy, title and h1 from public API"
"https://clover-spb.ru/product/%D0%9D%D0%A4-00000131","/product/%D0%9D%D0%A4-00000131","200","","","Трубочки для мартини черные 5 х 125 мм 400шт","Трубочки для мартини черные 5 х 125 мм 400шт","Хозтовары, упаковка и химия для HoReCa | КЛЕВЕР","","product","Трубочки для мартини черные 5 х 125 мм 400шт","НФ-00000131","Трубочки для мартини черные 5 х 125 мм (400шт)","НФ-00000131","Барные аксессуары","","","public_api","direct route GET for HTTP status/location/raw metadata/canonical; identity, hierarchy, title and h1 from public API"
"https://clover-spb.ru/product/%D0%9D%D0%A4-00001177","/product/%D0%9D%D0%A4-00001177","200","","","Трубочки для мартини цветные 5 х 125 мм 400шт","Трубочки для мартини цветные 5 х 125 мм 400шт","Хозтовары, упаковка и химия для HoReCa | КЛЕВЕР","","product","Трубочки для мартини цветные 5 х 125 мм 400шт","НФ-00001177","Трубочки для мартини цветные 5 х 125 мм (400шт)","НФ-00001177","Барные аксессуары","","","public_api","direct route GET for HTTP status/location/raw metadata/canonical; identity, hierarchy, title and h1 from public API"
"https://clover-spb.ru/product/%D0%9D%D0%A4-00002624","/product/%D0%9D%D0%A4-00002624","200","","","Трубочки для мартини прозрачные 5 х 125 мм 400шт","Трубочки для мартини прозрачные 5 х 125 мм 400шт","Хозтовары, упаковка и химия для HoReCa | КЛЕВЕР","","product","Трубочки для мартини прозрачные 5 х 125 мм 400шт","НФ-00002624","Трубочки для мартини прозрачные 5 х 125 мм (400шт)","НФ-00002624","Барные аксессуары","","","public_api","direct route GET for HTTP status/location/raw metadata/canonical; identity, hierarchy, title and h1 from public API"
"https://clover-spb.ru/product/%D0%9D%D0%A4-00000130","/product/%D0%9D%D0%A4-00000130","200","","","Трубочки для коктейля прямые черные 8 х 240 мм 250шт","Трубочки для коктейля прямые черные 8 х 240 мм 250шт","Хозтовары, упаковка и химия для HoReCa | КЛЕВЕР","","product","Трубочки для коктейля прямые черные 8 х 240 мм 250шт","НФ-00000130","Трубочки для коктейля ТОЛСТЫЕ черные 8 х 240 мм (250шт) (23)","НФ-00000130","Барные аксессуары","","","public_api","direct route GET for HTTP status/location/raw metadata/canonical; identity, hierarchy, title and h1 from public API"
"https://clover-spb.ru/product/%D0%9D%D0%A4-00000620","/product/%D0%9D%D0%A4-00000620","200","","","Трубочки для коктейля прямые цветные 8 х 240 мм 250шт","Трубочки для коктейля прямые цветные 8 х 240 мм 250шт","Хозтовары, упаковка и химия для HoReCa | КЛЕВЕР","","product","Трубочки для коктейля прямые цветные 8 х 240 мм 250шт","НФ-00000620","Трубочки для коктейля ТОЛСТЫЕ цветные 8 х 240 мм (250шт)","НФ-00000620","Барные аксессуары","","","public_api","direct route GET for HTTP status/location/raw metadata/canonical; identity, hierarchy, title and h1 from public API"
"https://clover-spb.ru/product/%D0%9D%D0%A4-00000129","/product/%D0%9D%D0%A4-00000129","200","","","Трубочки для коктейля с изгибом 5 х 210 мм черные 250шт","Трубочки для коктейля с изгибом 5 х 210 мм черные 250шт","Хозтовары, упаковка и химия для HoReCa | КЛЕВЕР","","product","Трубочки для коктейля с изгибом 5 х 210 мм черные 250шт","НФ-00000129","Трубочки для коктейля с ИЗГИБом 5 х 210 мм черные (250шт)","НФ-00000129","Барные аксессуары","","","public_api","direct route GET for HTTP status/location/raw metadata/canonical; identity, hierarchy, title and h1 from public API"
"https://clover-spb.ru/product/%D0%9D%D0%A4-00000621","/product/%D0%9D%D0%A4-00000621","200","","","Трубочки для коктейля с изгибом 5 х 210 мм цветные 250шт","Трубочки для коктейля с изгибом 5 х 210 мм цветные 250шт","Хозтовары, упаковка и химия для HoReCa | КЛЕВЕР","","product","Трубочки для коктейля с изгибом 5 х 210 мм цветные 250шт","НФ-00000621","Трубочки для коктейля с ИЗГИБом 5 х 210 мм цветные (250шт)","НФ-00000621","Барные аксессуары","","","public_api","direct route GET for HTTP status/location/raw metadata/canonical; identity, hierarchy, title and h1 from public API"
"https://clover-spb.ru/product/%D0%9D%D0%A4-00001151","/product/%D0%9D%D0%A4-00001151","200","","","Трубочки для коктейля с изгибом 5 х 210 мм прозрачные 250шт","Трубочки для коктейля с изгибом 5 х 210 мм прозрачные 250шт","Хозтовары, упаковка и химия для HoReCa | КЛЕВЕР","","product","Трубочки для коктейля с изгибом 5 х 210 мм прозрачные 250шт","НФ-00001151","Трубочки для коктейля с ИЗГИБом 5 х 210 мм прозрачные (250шт)","НФ-00001151","Барные аксессуары","","","public_api","direct route GET for HTTP status/location/raw metadata/canonical; identity, hierarchy, title and h1 from public API"
"https://clover-spb.ru/product/%D0%9D%D0%A4-00001105","/product/%D0%9D%D0%A4-00001105","200","","","Трубочки для коктейля без изгиба в инд. бум. упаковке черные 8х240мм 250шт","Трубочки для коктейля без изгиба в инд. бум. упаковке черные 8х240мм 250шт","Хозтовары, упаковка и химия для HoReCa | КЛЕВЕР","","product","Трубочки для коктейля без изгиба в инд. бум. упаковке черные 8х240мм 250шт","НФ-00001105","Трубочки для коктейля без изгиба в индивидуальной бумажной упаковке черные 8х240мм (250шт)","НФ-00001105","Барные аксессуары","","","public_api","direct route GET for HTTP status/location/raw metadata/canonical; identity, hierarchy, title and h1 from public API"
"https://clover-spb.ru/product/%D0%9D%D0%A4-00002381","/product/%D0%9D%D0%A4-00002381","200","","","Трубочки для густых коктейлей в инд. упаковке прозрачные 240 мм х 12 мм 250шт","Трубочки для густых коктейлей в инд. упаковке прозрачные 240 мм х 12 мм 250шт","Хозтовары, упаковка и химия для HoReCa | КЛЕВЕР","","product","Трубочки для густых коктейлей в инд. упаковке прозрачные 240 мм х 12 мм 250шт","НФ-00002381","Трубочки для густых коктейлей в инд. упаковке прозрачные 240 мм х 12 мм (250шт)","НФ-00002381","Барные аксессуары","","","public_api","direct route GET for HTTP status/location/raw metadata/canonical; identity, hierarchy, title and h1 from public API"
"https://clover-spb.ru/product/%D0%9D%D0%A4-00002302","/product/%D0%9D%D0%A4-00002302","200","","","Термоэтикетки 58 х 60 500шт","Термоэтикетки 58 х 60 500шт","Хозтовары, упаковка и химия для HoReCa | КЛЕВЕР","","product","Термоэтикетки 58 х 60 500шт","НФ-00002302","Термоэтикетки 58 х 60 500шт/рул (60)","НФ-00002302","Канцелярские товары","","","public_api","direct route GET for HTTP status/location/raw metadata/canonical; identity, hierarchy, title and h1 from public API"
"https://clover-spb.ru/product/%D0%9D%D0%A4-00003604","/product/%D0%9D%D0%A4-00003604","200","","","Термоэтикетки 58 х 40 500шт","Термоэтикетки 58 х 40 500шт","Хозтовары, упаковка и химия для HoReCa | КЛЕВЕР","","product","Термоэтикетки 58 х 40 500шт","НФ-00003604","Термоэтикетки 58 х 40 500шт (72)","НФ-00003604","Канцелярские товары","","","public_api","direct route GET for HTTP status/location/raw metadata/canonical; identity, hierarchy, title and h1 from public API"
"https://clover-spb.ru/product/%D0%9D%D0%A4-00003142","/product/%D0%9D%D0%A4-00003142","200","","","Термоэтикетки 75 х 120 250шт","Термоэтикетки 75 х 120 250шт","Хозтовары, упаковка и химия для HoReCa | КЛЕВЕР","","product","Термоэтикетки 75 х 120 250шт","НФ-00003142","Термоэтикетка 75 х 120 250шт (36)","НФ-00003142","Канцелярские товары","","","public_api","direct route GET for HTTP status/location/raw metadata/canonical; identity, hierarchy, title and h1 from public API"
"https://clover-spb.ru/product/%D0%9D%D0%A4-00002193","/product/%D0%9D%D0%A4-00002193","200","","","Тарталетка круглая белая 50 мм х 30 мм 1000шт","Тарталетка круглая белая 50 мм х 30 мм 1000шт","Хозтовары, упаковка и химия для HoReCa | КЛЕВЕР","","product","Тарталетка круглая белая 50 мм х 30 мм 1000шт","НФ-00002193","Тарталетка круглая белая 50 мм х 30 мм (1000шт)","НФ-00002193","Одноразовая посуда","Для кондитерских изделий","","public_api","direct route GET for HTTP status/location/raw metadata/canonical; identity, hierarchy, title and h1 from public API"
"https://clover-spb.ru/product/%D0%9D%D0%A4-00002490","/product/%D0%9D%D0%A4-00002490","200","","","Тарелка бумажная белая прямоугольная 20 см х 13 см","Тарелка бумажная белая прямоугольная 20 см х 13 см","Хозтовары, упаковка и химия для HoReCa | КЛЕВЕР","","product","Тарелка бумажная белая прямоугольная 20 см х 13 см","НФ-00002490","Тарелка прямоугольная 20 см х 13 см БЕЛАЯ (1800)","НФ-00002490","Одноразовая посуда","Тарелки, миски","","public_api","direct route GET for HTTP status/location/raw metadata/canonical; identity, hierarchy, title and h1 from public API"
"https://clover-spb.ru/product/%D0%9D%D0%A4-00000633","/product/%D0%9D%D0%A4-00000633","200","","","Тарелка пластиковая черная 26 см 3-секц.","Тарелка пластиковая черная 26 см 3-секц.","Хозтовары, упаковка и химия для HoReCa | КЛЕВЕР","","product","Тарелка пластиковая черная 26 см 3-секц.","НФ-00000633","Тарелка пластиковая черная 26 см 3-секционная (50/500)","НФ-00000633","Одноразовая посуда","Тарелки, миски","","public_api","direct route GET for HTTP status/location/raw metadata/canonical; identity, hierarchy, title and h1 from public API"
"https://clover-spb.ru/product/%D0%9D%D0%A4-00000015","/product/%D0%9D%D0%A4-00000015","200","","","Тарелка пластиковая черная 22 см без секций","Тарелка пластиковая черная 22 см без секций","Хозтовары, упаковка и химия для HoReCa | КЛЕВЕР","","product","Тарелка пластиковая черная 22 см без секций","НФ-00000015","Тарелка пластиковая ЧЕРНАЯ 22 см без секций (50/750)","НФ-00000015","Одноразовая посуда","Тарелки, миски","","public_api","direct route GET for HTTP status/location/raw metadata/canonical; identity, hierarchy, title and h1 from public API"
"https://clover-spb.ru/product/%D0%9D%D0%A4-00000011","/product/%D0%9D%D0%A4-00000011","200","","","Тарелка пластиковая белая 20,5 см без секций","Тарелка пластиковая белая 20,5 см без секций","Хозтовары, упаковка и химия для HoReCa | КЛЕВЕР","","product","Тарелка пластиковая белая 20,5 см без секций","НФ-00000011","Тарелка пластиковая белая 20,5 см без секций (100/1600)","НФ-00000011","Одноразовая посуда","Тарелки, миски","","public_api","direct route GET for HTTP status/location/raw metadata/canonical; identity, hierarchy, title and h1 from public API"
"https://clover-spb.ru/product/%D0%9D%D0%A4-00000013","/product/%D0%9D%D0%A4-00000013","200","","","Тарелка пластиковая белая 20,5 см 3-х секц.","Тарелка пластиковая белая 20,5 см 3-х секц.","Хозтовары, упаковка и химия для HoReCa | КЛЕВЕР","","product","Тарелка пластиковая белая 20,5 см 3-х секц.","НФ-00000013","Тарелка пластиковая белая 20,5 см 3-х секционная (100шт)","НФ-00000013","Одноразовая посуда","Тарелки, миски","","public_api","direct route GET for HTTP status/location/raw metadata/canonical; identity, hierarchy, title and h1 from public API"
"https://clover-spb.ru/product/%D0%9D%D0%A4-00000012","/product/%D0%9D%D0%A4-00000012","200","","","Тарелка пластиковая белая 20,5 см 2-х секц.","Тарелка пластиковая белая 20,5 см 2-х секц.","Хозтовары, упаковка и химия для HoReCa | КЛЕВЕР","","product","Тарелка пластиковая белая 20,5 см 2-х секц.","НФ-00000012","Тарелка пластиковая белая 20,5 см 2-х секционная (100/1400)","НФ-00000012","Одноразовая посуда","Тарелки, миски","","public_api","direct route GET for HTTP status/location/raw metadata/canonical; identity, hierarchy, title and h1 from public API"
"https://clover-spb.ru/product/%D0%9D%D0%A4-00000615","/product/%D0%9D%D0%A4-00000615","200","","","Тарелка пластиковая белая 170 мм","Тарелка пластиковая белая 170 мм","Хозтовары, упаковка и химия для HoReCa | КЛЕВЕР","","product","Тарелка пластиковая белая 170 мм","НФ-00000615","Тарелка пластиковая белая 170 мм (100/2700)","НФ-00000615","Одноразовая посуда","Тарелки, миски","","public_api","direct route GET for HTTP status/location/raw metadata/canonical; identity, hierarchy, title and h1 from public API"
"https://clover-spb.ru/product/%D0%9D%D0%A4-00003304","/product/%D0%9D%D0%A4-00003304","200","","","Тарелка одноразовая черная 165 мм","Тарелка одноразовая черная 165 мм","Хозтовары, упаковка и химия для HoReCa | КЛЕВЕР","","product","Тарелка одноразовая черная 165 мм","НФ-00003304","Тарелка одноразовая черная 165 мм (100/1400)","НФ-00003304","Одноразовая посуда","Тарелки, миски","","public_api","direct route GET for HTTP status/location/raw metadata/canonical; identity, hierarchy, title and h1 from public API"
"https://clover-spb.ru/product/%D0%9D%D0%A4-00002339","/product/%D0%9D%D0%A4-00002339","200","","","Тарелка бумажная ECO PLATE 230 WB круглая белая","Тарелка бумажная ECO PLATE 230 WB круглая белая","Хозтовары, упаковка и химия для HoReCa | КЛЕВЕР","","product","Тарелка бумажная ECO PLATE 230 WB круглая белая","НФ-00002339","Тарелка бумажная ECO PLATE 230 WB круглая белая (100шт/600шт)","НФ-00002339","Одноразовая посуда","Тарелки, миски","","public_api","direct route GET for HTTP status/location/raw metadata/canonical; identity, hierarchy, title and h1 from public API"
"https://clover-spb.ru/product/%D0%9D%D0%A4-00003060","/product/%D0%9D%D0%A4-00003060","200","","","Тарелка бумажная 235 мм круглая светлый крафт","Тарелка бумажная 235 мм круглая светлый крафт","Хозтовары, упаковка и химия для HoReCa | КЛЕВЕР","","product","Тарелка бумажная 235 мм круглая светлый крафт","НФ-00003060","Тарелка бумажная 235 мм круглая светлый крафт (100/600)","НФ-00003060","Одноразовая посуда","Тарелки, миски","","public_api","direct route GET for HTTP status/location/raw metadata/canonical; identity, hierarchy, title and h1 from public API"
"https://clover-spb.ru/product/%D0%9D%D0%A4-00002585","/product/%D0%9D%D0%A4-00002585","200","","","Тарелка 23 см белая круглая сахарный тростник","Тарелка 23 см белая круглая сахарный тростник","Хозтовары, упаковка и химия для HoReCa | КЛЕВЕР","","product","Тарелка 23 см белая круглая сахарный тростник","НФ-00002585","Тарелка 23 см белая круглая сахарный тростник (50/500)","НФ-00002585","Одноразовая посуда","Тарелки, миски","","public_api","direct route GET for HTTP status/location/raw metadata/canonical; identity, hierarchy, title and h1 from public API"
"https://clover-spb.ru/product/%D0%9D%D0%A4-00000016","/product/%D0%9D%D0%A4-00000016","200","","","Тарелка 17,5 см картон","Тарелка 17,5 см картон","Хозтовары, упаковка и химия для HoReCa | КЛЕВЕР","","product","Тарелка 17,5 см картон","НФ-00000016","Тарелка 17,5 см картон (100/1000)","НФ-00000016","Одноразовая посуда","Тарелки, миски","","public_api","direct route GET for HTTP status/location/raw metadata/canonical; identity, hierarchy, title and h1 from public API"
"https://clover-spb.ru/product/%D0%9D%D0%A4-00000346","/product/%D0%9D%D0%A4-00000346","200","","","Супер клей STAFF","Супер клей STAFF","Хозтовары, упаковка и химия для HoReCa | КЛЕВЕР","","product","Супер клей STAFF","НФ-00000346","Супер клей STAFF (12шт)","НФ-00000346","Канцелярские товары","","","public_api","direct route GET for HTTP status/location/raw metadata/canonical; identity, hierarchy, title and h1 from public API"
"https://clover-spb.ru/product/%D0%9D%D0%A4-00001027","/product/%D0%9D%D0%A4-00001027","200","","","Стрейч строительный прозрачный 2,2 кг","Стрейч строительный прозрачный 2,2 кг","Хозтовары, упаковка и химия для HoReCa | КЛЕВЕР","","product","Стрейч строительный прозрачный 2,2 кг","НФ-00001027","Стрейч строительный прозрачный 2,2 кг (6)","НФ-00001027","Хозяйственные товары","Фольга, пленка, пергамент","","public_api","direct route GET for HTTP status/location/raw metadata/canonical; identity, hierarchy, title and h1 from public API"
"https://clover-spb.ru/product/%D0%9D%D0%A4-00003026","/product/%D0%9D%D0%A4-00003026","200","","","Стиральный порошок VIKSAN автомат 6 кг","Стиральный порошок VIKSAN автомат 6 кг","Хозтовары, упаковка и химия для HoReCa | КЛЕВЕР","","product","Стиральный порошок VIKSAN автомат 6 кг","НФ-00003026","Стиральный порошок VIKSAN автомат 6 кг","НФ-00003026","Химия, чистящие средства","Порошки","","public_api","direct route GET for HTTP status/location/raw metadata/canonical; identity, hierarchy, title and h1 from public API"
"https://clover-spb.ru/product/%D0%9D%D0%A4-00003513","/product/%D0%9D%D0%A4-00003513","200","","","Стиральный порошок VIKSAN автомат 3 кг","Стиральный порошок VIKSAN автомат 3 кг","Хозтовары, упаковка и химия для HoReCa | КЛЕВЕР","","product","Стиральный порошок VIKSAN автомат 3 кг","НФ-00003513","Стиральный порошок VIKSAN автомат 3 кг","НФ-00003513","Химия, чистящие средства","Порошки","","public_api","direct route GET for HTTP status/location/raw metadata/canonical; identity, hierarchy, title and h1 from public API"
"https://clover-spb.ru/product/%D0%9D%D0%A4-00000076","/product/%D0%9D%D0%A4-00000076","200","","","Стиральный порошок ЯТЬ ручная стирка 400гр","Стиральный порошок ЯТЬ ручная стирка 400гр","Хозтовары, упаковка и химия для HoReCa | КЛЕВЕР","","product","Стиральный порошок ЯТЬ ручная стирка 400гр","НФ-00000076","Стиральный порошок ""Ять"" ручная стирка 400гр (30)","НФ-00000076","Химия, чистящие средства","Порошки","","public_api","direct route GET for HTTP status/location/raw metadata/canonical; identity, hierarchy, title and h1 from public API"
"https://clover-spb.ru/product/%D0%9D%D0%A4-00000919","/product/%D0%9D%D0%A4-00000919","200","","","Стикер для записей с липким слоем 76 мм х 76 мм Attache","Стикер для записей с липким слоем 76 мм х 76 мм Attache","Хозтовары, упаковка и химия для HoReCa | КЛЕВЕР","","product","Стикер для записей с липким слоем 76 мм х 76 мм Attache","НФ-00000919","Стикер для записей с липким слоем 76 мм х 76 мм Attache (12)","НФ-00000919","Канцелярские товары","","","public_api","direct route GET for HTTP status/location/raw metadata/canonical; identity, hierarchy, title and h1 from public API"
"https://clover-spb.ru/product/%D0%9D%D0%A4-00000529","/product/%D0%9D%D0%A4-00000529","200","","","Степлер № 24/6","Степлер № 24/6","Хозтовары, упаковка и химия для HoReCa | КЛЕВЕР","","product","Степлер № 24/6","НФ-00000529","Степлер № 24/6","НФ-00000529","Канцелярские товары","","","public_api","direct route GET for HTTP status/location/raw metadata/canonical; identity, hierarchy, title and h1 from public API"
"https://clover-spb.ru/product/%D0%9D%D0%A4-00002846","/product/%D0%9D%D0%A4-00002846","200","","","Степлер № 10","Степлер № 10","Хозтовары, упаковка и химия для HoReCa | КЛЕВЕР","","product","Степлер № 10","НФ-00002846","Степлер № 10","НФ-00002846","Канцелярские товары","","","public_api","direct route GET for HTTP status/location/raw metadata/canonical; identity, hierarchy, title and h1 from public API"
"https://clover-spb.ru/product/%D0%9D%D0%A4-00001390","/product/%D0%9D%D0%A4-00001390","200","","","Стакан прозрачный 500 мл Интеко","Стакан прозрачный 500 мл Интеко","Хозтовары, упаковка и химия для HoReCa | КЛЕВЕР","","product","Стакан прозрачный 500 мл Интеко","НФ-00001390","Стакан прозрачный 500 мл Интеко (50/1200)","НФ-00001390","Одноразовая посуда","Стаканы","","public_api","direct route GET for HTTP status/location/raw metadata/canonical; identity, hierarchy, title and h1 from public API"
"https://clover-spb.ru/product/%D0%9D%D0%A4-00003212","/product/%D0%9D%D0%A4-00003212","200","","","Стакан прозрачный 500 мл Д-Полимер","Стакан прозрачный 500 мл Д-Полимер","Хозтовары, упаковка и химия для HoReCa | КЛЕВЕР","","product","Стакан прозрачный 500 мл Д-Полимер","НФ-00003212","Стакан прозрачный 500 мл Д-Полимер (50/1000)","НФ-00003212","Одноразовая посуда","Стаканы","","public_api","direct route GET for HTTP status/location/raw metadata/canonical; identity, hierarchy, title and h1 from public API"
"https://clover-spb.ru/product/%D0%9D%D0%A4-00000563","/product/%D0%9D%D0%A4-00000563","200","","","Стакан прозрачный 330 мл Интеко","Стакан прозрачный 330 мл Интеко","Хозтовары, упаковка и химия для HoReCa | КЛЕВЕР","","product","Стакан прозрачный 330 мл Интеко","НФ-00000563","Стакан прозрачный 330 мл Интеко (50/3000)","НФ-00000563","Одноразовая посуда","Стаканы","","public_api","direct route GET for HTTP status/location/raw metadata/canonical; identity, hierarchy, title and h1 from public API"
"https://clover-spb.ru/product/%D0%9D%D0%A4-00002677","/product/%D0%9D%D0%A4-00002677","200","","","Стакан прозрачный 330 мл Упакс-Юнити","Стакан прозрачный 330 мл Упакс-Юнити","Хозтовары, упаковка и химия для HoReCa | КЛЕВЕР","","product","Стакан прозрачный 330 мл Упакс-Юнити","НФ-00002677","Стакан прозрачный 330 мл ""Упакс-Юнити"" (50/1000)","НФ-00002677","Одноразовая посуда","Стаканы","","public_api","direct route GET for HTTP status/location/raw metadata/canonical; identity, hierarchy, title and h1 from public API"
"https://clover-spb.ru/product/%D0%9D%D0%A4-00002852","/product/%D0%9D%D0%A4-00002852","200","","","Стакан прозрачный 200 мл Кристалл","Стакан прозрачный 200 мл Кристалл","Хозтовары, упаковка и химия для HoReCa | КЛЕВЕР","","product","Стакан прозрачный 200 мл Кристалл","НФ-00002852","Стакан прозрачный 200 мл Кристалл (50/1000)","НФ-00002852","Одноразовая посуда","Стаканы","","public_api","direct route GET for HTTP status/location/raw metadata/canonical; identity, hierarchy, title and h1 from public API"
"https://clover-spb.ru/product/%D0%9D%D0%A4-00001406","/product/%D0%9D%D0%A4-00001406","200","","","Стакан прозрачный 200 мл Интеко","Стакан прозрачный 200 мл Интеко","Хозтовары, упаковка и химия для HoReCa | КЛЕВЕР","","product","Стакан прозрачный 200 мл Интеко","НФ-00001406","Стакан прозрачный 200 мл Интеко (200/4000)","НФ-00001406","Одноразовая посуда","Стаканы","","public_api","direct route GET for HTTP status/location/raw metadata/canonical; identity, hierarchy, title and h1 from public API"
"https://clover-spb.ru/product/%D0%9D%D0%A4-00003191","/product/%D0%9D%D0%A4-00003191","200","","","Стакан одноразовый пластиковый 500мл Bubble Cup матовый","Стакан одноразовый пластиковый 500мл Bubble Cup матовый","Хозтовары, упаковка и химия для HoReCa | КЛЕВЕР","","product","Стакан одноразовый пластиковый 500мл Bubble Cup матовый","НФ-00003191","Стакан одноразовый пластиковый 500мл Bubble Cup матовый (20/400)","НФ-00003191","Одноразовая посуда","Стаканы","","public_api","direct route GET for HTTP status/location/raw metadata/canonical; identity, hierarchy, title and h1 from public API"
"https://clover-spb.ru/product/%D0%9D%D0%A4-00002923","/product/%D0%9D%D0%A4-00002923","200","","","Стакан одноразовый пластиковый 375мл Bubble Cup матовый","Стакан одноразовый пластиковый 375мл Bubble Cup матовый","Хозтовары, упаковка и химия для HoReCa | КЛЕВЕР","","product","Стакан одноразовый пластиковый 375мл Bubble Cup матовый","НФ-00002923","Стакан одноразовый пластиковый 375мл Bubble Cup матовый (25/300)","НФ-00002923","Одноразовая посуда","Стаканы","","public_api","direct route GET for HTTP status/location/raw metadata/canonical; identity, hierarchy, title and h1 from public API"
"https://clover-spb.ru/product/%D0%9D%D0%A4-00000335","/product/%D0%9D%D0%A4-00000335","200","","","Стакан шейкер ПЭТ 500 мл СТП","Стакан шейкер ПЭТ 500 мл СТП","Хозтовары, упаковка и химия для HoReCa | КЛЕВЕР","","product","Стакан шейкер ПЭТ 500 мл СТП","НФ-00000335","Стакан для шейкера ПЭТ 500 мл СТП (50/1000)","НФ-00000335","Одноразовая посуда","Стаканы","","public_api","direct route GET for HTTP status/location/raw metadata/canonical; identity, hierarchy, title and h1 from public API"
"https://clover-spb.ru/product/%D0%9D%D0%A4-00000329","/product/%D0%9D%D0%A4-00000329","200","","","Стакан шейкер ПЭТ 400 мл СТП","Стакан шейкер ПЭТ 400 мл СТП","Хозтовары, упаковка и химия для HoReCa | КЛЕВЕР","","product","Стакан шейкер ПЭТ 400 мл СТП","НФ-00000329","Стакан для шейкера ПЭТ 400 мл СТП (50/1000)","НФ-00000329","Одноразовая посуда","Стаканы","","public_api","direct route GET for HTTP status/location/raw metadata/canonical; identity, hierarchy, title and h1 from public API"
"https://clover-spb.ru/product/%D0%9D%D0%A4-00000230","/product/%D0%9D%D0%A4-00000230","200","","","Стакан шейкер ПЭТ 300 мл СТП","Стакан шейкер ПЭТ 300 мл СТП","Хозтовары, упаковка и химия для HoReCa | КЛЕВЕР","","product","Стакан шейкер ПЭТ 300 мл СТП","НФ-00000230","Стакан для шейкера ПЭТ 300 мл СТП (50/1000)","НФ-00000230","Одноразовая посуда","Стаканы","","public_api","direct route GET for HTTP status/location/raw metadata/canonical; identity, hierarchy, title and h1 from public API"
"https://clover-spb.ru/product/%D0%9D%D0%A4-00000227","/product/%D0%9D%D0%A4-00000227","200","","","Стакан шейкер ПЭТ 200 мл СТП","Стакан шейкер ПЭТ 200 мл СТП","Хозтовары, упаковка и химия для HoReCa | КЛЕВЕР","","product","Стакан шейкер ПЭТ 200 мл СТП","НФ-00000227","Стакан для шейкера ПЭТ 200 мл СТП (50/1000)","НФ-00000227","Одноразовая посуда","Стаканы","","public_api","direct route GET for HTTP status/location/raw metadata/canonical; identity, hierarchy, title and h1 from public API"
"https://clover-spb.ru/product/%D0%9D%D0%A4-00003128","/product/%D0%9D%D0%A4-00003128","200","","","Стакан бумажный черный 400 мл","Стакан бумажный черный 400 мл","Хозтовары, упаковка и химия для HoReCa | КЛЕВЕР","","product","Стакан бумажный черный 400 мл","НФ-00003128","Стакан бумажный ЧЕРНЫЙ 400 мл (50/800)","НФ-00003128","Одноразовая посуда","Стаканы","","public_api","direct route GET for HTTP status/location/raw metadata/canonical; identity, hierarchy, title and h1 from public API"
"https://clover-spb.ru/product/%D0%9D%D0%A4-00000952","/product/%D0%9D%D0%A4-00000952","200","","","Стакан бумажный черный 350 мл","Стакан бумажный черный 350 мл","Хозтовары, упаковка и химия для HoReCa | КЛЕВЕР","","product","Стакан бумажный черный 350 мл","НФ-00000952","Стакан бумажный ЧЕРНЫЙ 350 мл (50/1000)","НФ-00000952","Одноразовая посуда","Стаканы","","public_api","direct route GET for HTTP status/location/raw metadata/canonical; identity, hierarchy, title and h1 from public API"
"https://clover-spb.ru/product/%D0%9D%D0%A4-00002610","/product/%D0%9D%D0%A4-00002610","200","","","Стакан бумажный черный 250 мл","Стакан бумажный черный 250 мл","Хозтовары, упаковка и химия для HoReCa | КЛЕВЕР","","product","Стакан бумажный черный 250 мл","НФ-00002610","Стакан бумажный ЧЕРНЫЙ 250 мл (50/1000)","НФ-00002610","Одноразовая посуда","Стаканы","","public_api","direct route GET for HTTP status/location/raw metadata/canonical; identity, hierarchy, title and h1 from public API"
"https://clover-spb.ru/product/%D0%9D%D0%A4-00001057","/product/%D0%9D%D0%A4-00001057","200","","","Стакан бумажный черный 100 мл","Стакан бумажный черный 100 мл","Хозтовары, упаковка и химия для HoReCa | КЛЕВЕР","","product","Стакан бумажный черный 100 мл","НФ-00001057","Стакан бумажный черный 100 мл (50/1000)","НФ-00001057","Одноразовая посуда","Стаканы","","public_api","direct route GET for HTTP status/location/raw metadata/canonical; identity, hierarchy, title and h1 from public API"
"https://clover-spb.ru/product/%D0%9D%D0%A4-00000265","/product/%D0%9D%D0%A4-00000265","200","","","Стакан бумажный фуксия 250 мл","Стакан бумажный фуксия 250 мл","Хозтовары, упаковка и химия для HoReCa | КЛЕВЕР","","product","Стакан бумажный фуксия 250 мл","НФ-00000265","Стакан бумажный ФУКСИЯ 250 мл (50/1000)","НФ-00000265","Одноразовая посуда","Стаканы","","public_api","direct route GET for HTTP status/location/raw metadata/canonical; identity, hierarchy, title and h1 from public API"
"https://clover-spb.ru/product/%D0%9D%D0%A4-00000343","/product/%D0%9D%D0%A4-00000343","200","","","Стакан бумажный розовый 250 мл","Стакан бумажный розовый 250 мл","Хозтовары, упаковка и химия для HoReCa | КЛЕВЕР","","product","Стакан бумажный розовый 250 мл","НФ-00000343","Стакан бумажный РОЗОВЫЙ 250 мл (50/1000)","НФ-00000343","Одноразовая посуда","Стаканы","","public_api","direct route GET for HTTP status/location/raw metadata/canonical; identity, hierarchy, title and h1 from public API"
"https://clover-spb.ru/product/%D0%9D%D0%A4-00003079","/product/%D0%9D%D0%A4-00003079","200","","","Стакан бумажный мятный 250 мл","Стакан бумажный мятный 250 мл","Хозтовары, упаковка и химия для HoReCa | КЛЕВЕР","","product","Стакан бумажный мятный 250 мл","НФ-00003079","Стакан бумажный МЯТНЫЙ 250 мл (50/1000)","НФ-00003079","Одноразовая посуда","Стаканы","","public_api","direct route GET for HTTP status/location/raw metadata/canonical; identity, hierarchy, title and h1 from public API"
"https://clover-spb.ru/product/%D0%9D%D0%A4-00000009","/product/%D0%9D%D0%A4-00000009","200","","","Стакан бумажный крафт 350 мл","Стакан бумажный крафт 350 мл","Хозтовары, упаковка и химия для HoReCa | КЛЕВЕР","","product","Стакан бумажный крафт 350 мл","НФ-00000009","Стакан бумажный КРАФТ 350 мл (50/1000)","НФ-00000009","Одноразовая посуда","Стаканы","","public_api","direct route GET for HTTP status/location/raw metadata/canonical; identity, hierarchy, title and h1 from public API"
"https://clover-spb.ru/product/%D0%9D%D0%A4-00003084","/product/%D0%9D%D0%A4-00003084","200","","","Стакан бумажный крафт 250 мл","Стакан бумажный крафт 250 мл","Хозтовары, упаковка и химия для HoReCa | КЛЕВЕР","","product","Стакан бумажный крафт 250 мл","НФ-00003084","Стакан бумажный КРАФТ 250 мл (50/1000)","НФ-00003084","Одноразовая посуда","Стаканы","","public_api","direct route GET for HTTP status/location/raw metadata/canonical; identity, hierarchy, title and h1 from public API"
"https://clover-spb.ru/product/%D0%9D%D0%A4-00003127","/product/%D0%9D%D0%A4-00003127","200","","","Стакан бумажный красный 400 мл","Стакан бумажный красный 400 мл","Хозтовары, упаковка и химия для HoReCa | КЛЕВЕР","","product","Стакан бумажный красный 400 мл","НФ-00003127","Стакан бумажный КРАСНЫЙ 400 мл (50/1000)","НФ-00003127","Одноразовая посуда","Стаканы","","public_api","direct route GET for HTTP status/location/raw metadata/canonical; identity, hierarchy, title and h1 from public API"
"https://clover-spb.ru/product/%D0%9D%D0%A4-00003336","/product/%D0%9D%D0%A4-00003336","200","","","Стакан бумажный красный 300 мл","Стакан бумажный красный 300 мл","Хозтовары, упаковка и химия для HoReCa | КЛЕВЕР","","product","Стакан бумажный красный 300 мл","НФ-00003336","Стакан бумажный КРАСНЫЙ 300 мл (50/800)","НФ-00003336","Одноразовая посуда","Стаканы","","public_api","direct route GET for HTTP status/location/raw metadata/canonical; identity, hierarchy, title and h1 from public API"
"https://clover-spb.ru/product/%D0%9D%D0%A4-00003080","/product/%D0%9D%D0%A4-00003080","200","","","Стакан бумажный голубой 300 мл","Стакан бумажный голубой 300 мл","Хозтовары, упаковка и химия для HoReCa | КЛЕВЕР","","product","Стакан бумажный голубой 300 мл","НФ-00003080","Стакан бумажный ГОЛУБОЙ 300 мл (50/800)","НФ-00003080","Одноразовая посуда","Стаканы","","public_api","direct route GET for HTTP status/location/raw metadata/canonical; identity, hierarchy, title and h1 from public API"
"https://clover-spb.ru/product/%D0%9D%D0%A4-00001341","/product/%D0%9D%D0%A4-00001341","200","","","Стакан бумажный белый 400 мл","Стакан бумажный белый 400 мл","Хозтовары, упаковка и химия для HoReCa | КЛЕВЕР","","product","Стакан бумажный белый 400 мл","НФ-00001341","Стакан бумажный БЕЛЫЙ 400 мл (50/1000)","НФ-00001341","Одноразовая посуда","Стаканы","","public_api","direct route GET for HTTP status/location/raw metadata/canonical; identity, hierarchy, title and h1 from public API"
"https://clover-spb.ru/product/%D0%9D%D0%A4-00001193","/product/%D0%9D%D0%A4-00001193","200","","","Стакан бумажный белый 350 мл","Стакан бумажный белый 350 мл","Хозтовары, упаковка и химия для HoReCa | КЛЕВЕР","","product","Стакан бумажный белый 350 мл","НФ-00001193","Стакан бумажный БЕЛЫЙ 350 мл (50/1000)","НФ-00001193","Одноразовая посуда","Стаканы","","public_api","direct route GET for HTTP status/location/raw metadata/canonical; identity, hierarchy, title and h1 from public API"
"https://clover-spb.ru/product/%D0%9D%D0%A4-00001041","/product/%D0%9D%D0%A4-00001041","200","","","Стакан бумажный белый 250 мл","Стакан бумажный белый 250 мл","Хозтовары, упаковка и химия для HoReCa | КЛЕВЕР","","product","Стакан бумажный белый 250 мл","НФ-00001041","Стакан бумажный БЕЛЫЙ 250 мл (50/1000)","НФ-00001041","Одноразовая посуда","Стаканы","","public_api","direct route GET for HTTP status/location/raw metadata/canonical; identity, hierarchy, title and h1 from public API"
"https://clover-spb.ru/product/%D0%9D%D0%A4-00002362","/product/%D0%9D%D0%A4-00002362","200","","","Стакан бумажный крафт 400мл 2-сл","Стакан бумажный крафт 400мл 2-сл","Хозтовары, упаковка и химия для HoReCa | КЛЕВЕР","","product","Стакан бумажный крафт 400мл 2-сл","НФ-00002362","Стакан бумажный 400мл 2-сл крафт (18/432)","НФ-00002362","Одноразовая посуда","Стаканы","","public_api","direct route GET for HTTP status/location/raw metadata/canonical; identity, hierarchy, title and h1 from public API"
"https://clover-spb.ru/product/%D0%9D%D0%A4-00000648","/product/%D0%9D%D0%A4-00000648","200","","","Стакан бумажный крафт 350мл 2-сл.","Стакан бумажный крафт 350мл 2-сл.","Хозтовары, упаковка и химия для HoReCa | КЛЕВЕР","","product","Стакан бумажный крафт 350мл 2-сл.","НФ-00000648","Стакан бумажный 350мл 2-сл крафт (20/400) !","НФ-00000648","Одноразовая посуда","Стаканы","","public_api","direct route GET for HTTP status/location/raw metadata/canonical; identity, hierarchy, title and h1 from public API"
"https://clover-spb.ru/product/%D0%9D%D0%A4-00003329","/product/%D0%9D%D0%A4-00003329","200","","","Стакан бумажный белый 300 мл 2-сл.","Стакан бумажный белый 300 мл 2-сл.","Хозтовары, упаковка и химия для HoReCa | КЛЕВЕР","","product","Стакан бумажный белый 300 мл 2-сл.","НФ-00003329","Стакан бумажный 2-сл. БЕЛЫЙ 300 мл Huhtamaki (25/600)","НФ-00003329","Одноразовая посуда","Стаканы","","public_api","direct route GET for HTTP status/location/raw metadata/canonical; identity, hierarchy, title and h1 from public API"
"https://clover-spb.ru/product/%D0%9D%D0%A4-00003302","/product/%D0%9D%D0%A4-00003302","200","","","Стакан бумажный белый 250 мл 2-сл.","Стакан бумажный белый 250 мл 2-сл.","Хозтовары, упаковка и химия для HoReCa | КЛЕВЕР","","product","Стакан бумажный белый 250 мл 2-сл.","НФ-00003302","Стакан бумажный 2-сл. БЕЛЫЙ 250 мл (25/500)","НФ-00003302","Одноразовая посуда","Стаканы","","public_api","direct route GET for HTTP status/location/raw metadata/canonical; identity, hierarchy, title and h1 from public API"
"https://clover-spb.ru/product/%D0%9D%D0%A4-00002363","/product/%D0%9D%D0%A4-00002363","200","","","Стакан бумажный крафт 250мл 2-сл.","Стакан бумажный крафт 250мл 2-сл.","Хозтовары, упаковка и химия для HoReCa | КЛЕВЕР","","product","Стакан бумажный крафт 250мл 2-сл.","НФ-00002363","Стакан бумажный 250мл 2-сл. крафт (20/500) !","НФ-00002363","Одноразовая посуда","Стаканы","","public_api","direct route GET for HTTP status/location/raw metadata/canonical; identity, hierarchy, title and h1 from public API"
"https://clover-spb.ru/product/%D0%9D%D0%A4-00001189","/product/%D0%9D%D0%A4-00001189","200","","","Стакан бумажный 180 мл","Стакан бумажный 180 мл","Хозтовары, упаковка и химия для HoReCa | КЛЕВЕР","","product","Стакан бумажный 180 мл","НФ-00001189","Стакан бумажный 180 мл в ассортименте (50/1500)","НФ-00001189","Одноразовая посуда","Стаканы","","public_api","direct route GET for HTTP status/location/raw metadata/canonical; identity, hierarchy, title and h1 from public API"
"https://clover-spb.ru/product/%D0%9D%D0%A4-00002353","/product/%D0%9D%D0%A4-00002353","200","","","Стакан бумажный белый 100 мл","Стакан бумажный белый 100 мл","Хозтовары, упаковка и химия для HoReCa | КЛЕВЕР","","product","Стакан бумажный белый 100 мл","НФ-00002353","Стакан бумажный 100 мл d 62мм белый (60/2520)","НФ-00002353","Одноразовая посуда","Стаканы","","public_api","direct route GET for HTTP status/location/raw metadata/canonical; identity, hierarchy, title and h1 from public API"
"https://clover-spb.ru/product/%D0%9D%D0%A4-00000004","/product/%D0%9D%D0%A4-00000004","200","","","Стакан 200 мл пластиковый прозрачный","Стакан 200 мл пластиковый прозрачный","Хозтовары, упаковка и химия для HoReCa | КЛЕВЕР","","product","Стакан 200 мл пластиковый прозрачный","НФ-00000004","Стакан 200 мл пластиковый прозрачный (100/3000)","НФ-00000004","Одноразовая посуда","Стаканы","","public_api","direct route GET for HTTP status/location/raw metadata/canonical; identity, hierarchy, title and h1 from public API"
"https://clover-spb.ru/product/%D0%9D%D0%A4-00003228","/product/%D0%9D%D0%A4-00003228","200","","","Средство жироудалитель Hot Clean Pro ВВ 5 л","Средство жироудалитель Hot Clean Pro ВВ 5 л","Хозтовары, упаковка и химия для HoReCa | КЛЕВЕР","","product","Средство жироудалитель Hot Clean Pro ВВ 5 л","НФ-00003228","Средство жироудалитель Hot Clean Pro ВВ 5 л (4)","НФ-00003228","Химия, чистящие средства","Жироудалители","","public_api","direct route GET for HTTP status/location/raw metadata/canonical; identity, hierarchy, title and h1 from public API"
"https://clover-spb.ru/product/%D0%9D%D0%A4-00003444","/product/%D0%9D%D0%A4-00003444","200","","","Средство для унитаза ""Санокс"" Spray WC 500 мл","Средство для унитаза ""Санокс"" Spray WC 500 мл","Хозтовары, упаковка и химия для HoReCa | КЛЕВЕР","","product","Средство для унитаза ""Санокс"" Spray WC 500 мл","НФ-00003444","Средство для унитаза ""Санокс"" Spray WC 500 мл","НФ-00003444","Химия, чистящие средства","Для сантехники","","public_api","direct route GET for HTTP status/location/raw metadata/canonical; identity, hierarchy, title and h1 from public API"
"https://clover-spb.ru/product/%D0%9D%D0%A4-00001305","/product/%D0%9D%D0%A4-00001305","200","","","Средство для ручной мойки посуды PROF DW Лимон 5 л","Средство для ручной мойки посуды PROF DW Лимон 5 л","Хозтовары, упаковка и химия для HoReCa | КЛЕВЕР","","product","Средство для ручной мойки посуды PROF DW Лимон 5 л","НФ-00001305","Средство для ручной мойки посуды PROF DW Лимон 5 л","НФ-00001305","Химия, чистящие средства","Для мытья посуды","","public_api","direct route GET for HTTP status/location/raw metadata/canonical; identity, hierarchy, title and h1 from public API"
"https://clover-spb.ru/product/%D0%9D%D0%A4-00002609","/product/%D0%9D%D0%A4-00002609","200","","","Средство для мытья посуды Purity new ВВ 5л","Средство для мытья посуды Purity new ВВ 5л","Хозтовары, упаковка и химия для HoReCa | КЛЕВЕР","","product","Средство для мытья посуды Purity new ВВ 5л","НФ-00002609","Средство для мытья посуды Purity new ВВ 5л (4)","НФ-00002609","Химия, чистящие средства","Для мытья посуды","","public_api","direct route GET for HTTP status/location/raw metadata/canonical; identity, hierarchy, title and h1 from public API"
"https://clover-spb.ru/product/%D0%9D%D0%A4-00000236","/product/%D0%9D%D0%A4-00000236","200","","","Средство для мытья пола Floor Wash ВВ 5 л","Средство для мытья пола Floor Wash ВВ 5 л","Хозтовары, упаковка и химия для HoReCa | КЛЕВЕР","","product","Средство для мытья пола Floor Wash ВВ 5 л","НФ-00000236","Средство для мытья пола Floor Wash ВВ 5 л (4)","НФ-00000236","Химия, чистящие средства","Для полов","","public_api","direct route GET for HTTP status/location/raw metadata/canonical; identity, hierarchy, title and h1 from public API"
"https://clover-spb.ru/product/%D0%9D%D0%A4-00000654","/product/%D0%9D%D0%A4-00000654","200","","","Средство для кухни и плит Rail спрей 500 мл","Средство для кухни и плит Rail спрей 500 мл","Хозтовары, упаковка и химия для HoReCa | КЛЕВЕР","","product","Средство для кухни и плит Rail спрей 500 мл","НФ-00000654","Средство для кухни и плит ЖЕЛТЫЙ Rail спрей 500 мл (16)","НФ-00000654","Химия, чистящие средства","Жироудалители","","public_api","direct route GET for HTTP status/location/raw metadata/canonical; identity, hierarchy, title and h1 from public API"
"https://clover-spb.ru/product/%D0%9D%D0%A4-00000879","/product/%D0%9D%D0%A4-00000879","200","","","СПК 257 на 3 секции черный контейнер (крышка арт. 0899)","СПК 257 на 3 секции черный контейнер (крышка арт. 0899)","Хозтовары, упаковка и химия для HoReCa | КЛЕВЕР","","product","СПК 257 на 3 секции черный контейнер (крышка арт. 0899)","НФ-00000879","СПК 257 на 3 секции черный контейнер дно (30/300)","НФ-00000879","Одноразовая посуда","Контейнеры под запайку","","public_api","direct route GET for HTTP status/location/raw metadata/canonical; identity, hierarchy, title and h1 from public API"
"https://clover-spb.ru/product/%D0%9D%D0%A4-00001031","/product/%D0%9D%D0%A4-00001031","200","","","СПК 257 на 2 секции черный контейнер (крышка арт. 1032)","СПК 257 на 2 секции черный контейнер (крышка арт. 1032)","Хозтовары, упаковка и химия для HoReCa | КЛЕВЕР","","product","СПК 257 на 2 секции черный контейнер (крышка арт. 1032)","НФ-00001031","СПК 257 на 2 секции черный контейнер дно (30/300)","НФ-00001031","Одноразовая посуда","Контейнеры под запайку","","public_api","direct route GET for HTTP status/location/raw metadata/canonical; identity, hierarchy, title and h1 from public API"
"https://clover-spb.ru/product/%D0%9D%D0%A4-00000899","/product/%D0%9D%D0%A4-00000899","200","","","СПК 257 крышка прозрачная к 3-секц. контейнеру","СПК 257 крышка прозрачная к 3-секц. контейнеру","Хозтовары, упаковка и химия для HoReCa | КЛЕВЕР","","product","СПК 257 крышка прозрачная к 3-секц. контейнеру","НФ-00000899","СПК 257 крышка прозрачная к 3-секционному контейнеру (30/300)","НФ-00000899","Одноразовая посуда","Коробки для пиццы","","public_api","direct route GET for HTTP status/location/raw metadata/canonical; identity, hierarchy, title and h1 from public API"
"https://clover-spb.ru/product/%D0%9D%D0%A4-00001032","/product/%D0%9D%D0%A4-00001032","200","","","СПК 257 крышка прозрачная к 2-секц. контейнеру","СПК 257 крышка прозрачная к 2-секц. контейнеру","Хозтовары, упаковка и химия для HoReCa | КЛЕВЕР","","product","СПК 257 крышка прозрачная к 2-секц. контейнеру","НФ-00001032","СПК 257 крышка прозрачная к 2-секционному контейнеру (30/300)","НФ-00001032","Одноразовая посуда","Стаканы","","public_api","direct route GET for HTTP status/location/raw metadata/canonical; identity, hierarchy, title and h1 from public API"
"https://clover-spb.ru/product/%D0%9D%D0%A4-00000328","/product/%D0%9D%D0%A4-00000328","200","","","СПК 190 черный контейнер 750мл (крышка арт. 0431)","СПК 190 черный контейнер 750мл (крышка арт. 0431)","Хозтовары, упаковка и химия для HoReCa | КЛЕВЕР","","product","СПК 190 черный контейнер 750мл (крышка арт. 0431)","НФ-00000328","СПК 190 чёрное дно 750 мл (75/300)","НФ-00000328","Одноразовая посуда","Формы алюминиевые","","public_api","direct route GET for HTTP status/location/raw metadata/canonical; identity, hierarchy, title and h1 from public API"
"https://clover-spb.ru/product/%D0%9D%D0%A4-00000431","/product/%D0%9D%D0%A4-00000431","200","","","СПК 190 крышка к контейнеру прозрачная","СПК 190 крышка к контейнеру прозрачная","Хозтовары, упаковка и химия для HoReCa | КЛЕВЕР","","product","СПК 190 крышка к контейнеру прозрачная","НФ-00000431","СПК 190 крышка к контейнеру прозрачная (75/300)","НФ-00000431","Одноразовая посуда","Контейнеры под запайку","","public_api","direct route GET for HTTP status/location/raw metadata/canonical; identity, hierarchy, title and h1 from public API"
"https://clover-spb.ru/product/%D0%9D%D0%A4-00002484","/product/%D0%9D%D0%A4-00002484","200","","","СПК 1212 черный контейнер 500 мл (крышка арт. 0422)","СПК 1212 черный контейнер 500 мл (крышка арт. 0422)","Хозтовары, упаковка и химия для HoReCa | КЛЕВЕР","","product","СПК 1212 черный контейнер 500 мл (крышка арт. 0422)","НФ-00002484","СПК 1212 черный 500 мл дно (50/500)","НФ-00002484","Одноразовая посуда","Контейнеры под запайку","","public_api","direct route GET for HTTP status/location/raw metadata/canonical; identity, hierarchy, title and h1 from public API"
"https://clover-spb.ru/product/%D0%9D%D0%A4-00000327","/product/%D0%9D%D0%A4-00000327","200","","","СПК 1212 черный контейнер 250 мл (крышка арт. 0422)","СПК 1212 черный контейнер 250 мл (крышка арт. 0422)","Хозтовары, упаковка и химия для HoReCa | КЛЕВЕР","","product","СПК 1212 черный контейнер 250 мл (крышка арт. 0422)","НФ-00000327","СПК 1212 черный 250 мл дно (50/500)","НФ-00000327","Одноразовая посуда","Контейнеры","","public_api","direct route GET for HTTP status/location/raw metadata/canonical; identity, hierarchy, title and h1 from public API"
"https://clover-spb.ru/product/%D0%9D%D0%A4-00000422","/product/%D0%9D%D0%A4-00000422","200","","","СПК 1212 крышка к контейнеру","СПК 1212 крышка к контейнеру","Хозтовары, упаковка и химия для HoReCa | КЛЕВЕР","","product","СПК 1212 крышка к контейнеру","НФ-00000422","СПК 1212 крышка к контейнеру (50/500)","НФ-00000422","Одноразовая посуда","Контейнеры под запайку","","public_api","direct route GET for HTTP status/location/raw metadata/canonical; identity, hierarchy, title and h1 from public API"
"https://clover-spb.ru/product/%D0%9D%D0%A4-00001200","/product/%D0%9D%D0%A4-00001200","200","","","Соусник С11С2 2-секц. 117х85х30 прозрачный (крышка арт. 1201)","Соусник С11С2 2-секц. 117х85х30 прозрачный (крышка арт. 1201)","Хозтовары, упаковка и химия для HoReCa | КЛЕВЕР","","product","Соусник С11С2 2-секц. 117х85х30 прозрачный (крышка арт. 1201)","НФ-00001200","Соусник С11С2 2-секц 117х85х30 прозрачный (200/1200)","НФ-00001200","Одноразовая посуда","Соусники","","public_api","direct route GET for HTTP status/location/raw metadata/canonical; identity, hierarchy, title and h1 from public API"
"https://clover-spb.ru/product/%D0%9D%D0%A4-00000602","/product/%D0%9D%D0%A4-00000602","200","","","Соусник с крышкой прозрачный 80 мл","Соусник с крышкой прозрачный 80 мл","Хозтовары, упаковка и химия для HoReCa | КЛЕВЕР","","product","Соусник с крышкой прозрачный 80 мл","НФ-00000602","Соусник с крышкой 80 мл Покров 1254П (80/960)","НФ-00000602","Одноразовая посуда","Соусники","","public_api","direct route GET for HTTP status/location/raw metadata/canonical; identity, hierarchy, title and h1 from public API"
"https://clover-spb.ru/product/%D0%9D%D0%A4-00001172","/product/%D0%9D%D0%A4-00001172","200","","","Соусник с крышкой черный 50 мл","Соусник с крышкой черный 50 мл","Хозтовары, упаковка и химия для HoReCa | КЛЕВЕР","","product","Соусник с крышкой черный 50 мл","НФ-00001172","Соусник с крышкой 50 мл чёрный 1244Ч (80/1200)","НФ-00001172","Одноразовая посуда","Соусники","","public_api","direct route GET for HTTP status/location/raw metadata/canonical; identity, hierarchy, title and h1 from public API"
"https://clover-spb.ru/product/%D0%9D%D0%A4-00000023","/product/%D0%9D%D0%A4-00000023","200","","","Соусник с крышкой прозрачный 50 мл","Соусник с крышкой прозрачный 50 мл","Хозтовары, упаковка и химия для HoReCa | КЛЕВЕР","","product","Соусник с крышкой прозрачный 50 мл","НФ-00000023","Соусник с крышкой 50 мл Покров 1244П (80/1200)","НФ-00000023","Одноразовая посуда","Соусники","","public_api","direct route GET for HTTP status/location/raw metadata/canonical; identity, hierarchy, title and h1 from public API"
"https://clover-spb.ru/product/%D0%9D%D0%A4-00000449","/product/%D0%9D%D0%A4-00000449","200","","","Соусник с крышкой прозрачный Perint 50 мл","Соусник с крышкой прозрачный Perint 50 мл","Хозтовары, упаковка и химия для HoReCa | КЛЕВЕР","","product","Соусник с крышкой прозрачный Perint 50 мл","НФ-00000449","Соусник с крышкой 50 мл Перинт (80/1040)","НФ-00000449","Одноразовая посуда","Соусники","","public_api","direct route GET for HTTP status/location/raw metadata/canonical; identity, hierarchy, title and h1 from public API"
"https://clover-spb.ru/product/%D0%9D%D0%A4-00001171","/product/%D0%9D%D0%A4-00001171","200","","","Соусник с крышкой черный 30 мл","Соусник с крышкой черный 30 мл","Хозтовары, упаковка и химия для HoReCa | КЛЕВЕР","","product","Соусник с крышкой черный 30 мл","НФ-00001171","Соусник с крышкой 30 мл чёрный 1234Ч (80/1920)","НФ-00001171","Одноразовая посуда","Соусники","","public_api","direct route GET for HTTP status/location/raw metadata/canonical; identity, hierarchy, title and h1 from public API"
"https://clover-spb.ru/product/%D0%9D%D0%A4-00000226","/product/%D0%9D%D0%A4-00000226","200","","","Соусник с крышкой прозрачный 30 мл","Соусник с крышкой прозрачный 30 мл","Хозтовары, упаковка и химия для HoReCa | КЛЕВЕР","","product","Соусник с крышкой прозрачный 30 мл","НФ-00000226","Соусник с крышкой 30 мл Покров 1234П (80/1920)","НФ-00000226","Одноразовая посуда","Соусники","","public_api","direct route GET for HTTP status/location/raw metadata/canonical; identity, hierarchy, title and h1 from public API"
"https://clover-spb.ru/product/%D0%9D%D0%A4-00000509","/product/%D0%9D%D0%A4-00000509","200","","","Соусник с крышкой прозрачный Perint 30 мл","Соусник с крышкой прозрачный Perint 30 мл","Хозтовары, упаковка и химия для HoReCa | КЛЕВЕР","","product","Соусник с крышкой прозрачный Perint 30 мл","НФ-00000509","Соусник с крышкой 30 мл Перинт (80/1760)","НФ-00000509","Одноразовая посуда","Соусники","","public_api","direct route GET for HTTP status/location/raw metadata/canonical; identity, hierarchy, title and h1 from public API"
"https://clover-spb.ru/product/%D0%9D%D0%A4-00003111","/product/%D0%9D%D0%A4-00003111","200","","","Соусник без крышки белый 80 мл","Соусник без крышки белый 80 мл","Хозтовары, упаковка и химия для HoReCa | КЛЕВЕР","","product","Соусник без крышки белый 80 мл","НФ-00003111","Соусник перинт оптима 80 мл белый (50/1100)","НФ-00003111","Одноразовая посуда","Соусники","","public_api","direct route GET for HTTP status/location/raw metadata/canonical; identity, hierarchy, title and h1 from public API"
"https://clover-spb.ru/product/%D0%9D%D0%A4-00000730","/product/%D0%9D%D0%A4-00000730","200","","","Соль в стиках 1гр","Соль в стиках 1гр","Хозтовары, упаковка и химия для HoReCa | КЛЕВЕР","","product","Соль в стиках 1гр","НФ-00000730","Соль в стиках 1гр (1000)","НФ-00000730","Прочее","","","public_api","direct route GET for HTTP status/location/raw metadata/canonical; identity, hierarchy, title and h1 from public API"
"https://clover-spb.ru/product/%D0%9D%D0%A4-00000307","/product/%D0%9D%D0%A4-00000307","200","","","Совок для мусора пластиковый","Совок для мусора пластиковый","Хозтовары, упаковка и химия для HoReCa | КЛЕВЕР","","product","Совок для мусора пластиковый","НФ-00000307","Совок для мусора пластиковый","НФ-00000307","Хозяйственные товары","Швабры, щетки","","public_api","direct route GET for HTTP status/location/raw metadata/canonical; identity, hierarchy, title and h1 from public API"
"https://clover-spb.ru/product/%D0%9D%D0%A4-00000201","/product/%D0%9D%D0%A4-00000201","200","","","Скрепки канцелярские 50мм 50шт","Скрепки канцелярские 50мм 50шт","Хозтовары, упаковка и химия для HoReCa | КЛЕВЕР","","product","Скрепки канцелярские 50мм 50шт","НФ-00000201","Скрепки канцелярские 50мм (50)","НФ-00000201","Канцелярские товары","","","public_api","direct route GET for HTTP status/location/raw metadata/canonical; identity, hierarchy, title and h1 from public API"
"https://clover-spb.ru/product/%D0%9D%D0%A4-00000528","/product/%D0%9D%D0%A4-00000528","200","","","Скрепки канцелярские цветные 28мм 100шт","Скрепки канцелярские цветные 28мм 100шт","Хозтовары, упаковка и химия для HoReCa | КЛЕВЕР","","product","Скрепки канцелярские цветные 28мм 100шт","НФ-00000528","Скрепки канцелярские 28мм","НФ-00000528","Канцелярские товары","","","public_api","direct route GET for HTTP status/location/raw metadata/canonical; identity, hierarchy, title and h1 from public API"
"https://clover-spb.ru/product/%D0%9D%D0%A4-00002413","/product/%D0%9D%D0%A4-00002413","200","","","Скотч прозрачный 48 мм 120м","Скотч прозрачный 48 мм 120м","Хозтовары, упаковка и химия для HoReCa | КЛЕВЕР","","product","Скотч прозрачный 48 мм 120м","НФ-00002413","Скотч прозрачный 48 мм 120 метров (36)","НФ-00002413","Канцелярские товары","","","public_api","direct route GET for HTTP status/location/raw metadata/canonical; identity, hierarchy, title and h1 from public API"
"https://clover-spb.ru/product/%D0%9D%D0%A4-00001820","/product/%D0%9D%D0%A4-00001820","200","","","Скотч двусторонний 50мм","Скотч двусторонний 50мм","Хозтовары, упаковка и химия для HoReCa | КЛЕВЕР","","product","Скотч двусторонний 50мм","НФ-00001820","Скотч двусторонний 50мм","НФ-00001820","Канцелярские товары","","","public_api","direct route GET for HTTP status/location/raw metadata/canonical; identity, hierarchy, title and h1 from public API"
"https://clover-spb.ru/product/%D0%9D%D0%A4-00000510","/product/%D0%9D%D0%A4-00000510","200","","","Скотч бумажный 48 мм х 20 м","Скотч бумажный 48 мм х 20 м","Хозтовары, упаковка и химия для HoReCa | КЛЕВЕР","","product","Скотч бумажный 48 мм х 20 м","НФ-00000510","Скотч бумажный 48 мм х 20 м (72)","НФ-00000510","Канцелярские товары","","","public_api","direct route GET for HTTP status/location/raw metadata/canonical; identity, hierarchy, title and h1 from public API"
"https://clover-spb.ru/product/%D0%9D%D0%A4-00000457","/product/%D0%9D%D0%A4-00000457","200","","","Скобы для степлера № 24","Скобы для степлера № 24","Хозтовары, упаковка и химия для HoReCa | КЛЕВЕР","","product","Скобы для степлера № 24","НФ-00000457","Скобы для степлера № 24 (10)","НФ-00000457","Канцелярские товары","","","public_api","direct route GET for HTTP status/location/raw metadata/canonical; identity, hierarchy, title and h1 from public API"
"https://clover-spb.ru/product/%D0%9D%D0%A4-00002301","/product/%D0%9D%D0%A4-00002301","200","","","Скобы для степлера № 10","Скобы для степлера № 10","Хозтовары, упаковка и химия для HoReCa | КЛЕВЕР","","product","Скобы для степлера № 10","НФ-00002301","Скобы для степлера № 10 (10)","НФ-00002301","Канцелярские товары","","","public_api","direct route GET for HTTP status/location/raw metadata/canonical; identity, hierarchy, title and h1 from public API"
"https://clover-spb.ru/product/%D0%9D%D0%A4-00003401","/product/%D0%9D%D0%A4-00003401","200","","","Синергетик для мытья стекол и зеркал 500 мл","Синергетик для мытья стекол и зеркал 500 мл","Хозтовары, упаковка и химия для HoReCa | КЛЕВЕР","","product","Синергетик для мытья стекол и зеркал 500 мл","НФ-00003401","СИНЕРГЕТИК для мытья стекол и зеркал 500мл (8)","НФ-00003401","Химия, чистящие средства","Для окон","","public_api","direct route GET for HTTP status/location/raw metadata/canonical; identity, hierarchy, title and h1 from public API"
"https://clover-spb.ru/product/%D0%9D%D0%A4-00002044","/product/%D0%9D%D0%A4-00002044","200","","","Синергетик -  для ручной мойки посуды 5 л","Синергетик -  для ручной мойки посуды 5 л","Хозтовары, упаковка и химия для HoReCa | КЛЕВЕР","","product","Синергетик -  для ручной мойки посуды 5 л","НФ-00002044","СИНЕРГЕТИК -  для ручной мойки посуды 5 л (4)","НФ-00002044","Химия, чистящие средства","Для мытья посуды","","public_api","direct route GET for HTTP status/location/raw metadata/canonical; identity, hierarchy, title and h1 from public API"
"https://clover-spb.ru/product/%D0%9D%D0%A4-00003006","/product/%D0%9D%D0%A4-00003006","200","","","Свеча чайная плавающая 100шт","Свеча чайная плавающая 100шт","Хозтовары, упаковка и химия для HoReCa | КЛЕВЕР","","product","Свеча чайная плавающая 100шт","НФ-00003006","Свеча чайная плавающая эконом (100шт/уп)","НФ-00003006","Прочее","","","public_api","direct route GET for HTTP status/location/raw metadata/canonical; identity, hierarchy, title and h1 from public API"
"https://clover-spb.ru/product/%D0%9D%D0%A4-00001298","/product/%D0%9D%D0%A4-00001298","200","","","Свеча Фейерверк 4шт","Свеча Фейерверк 4шт","Хозтовары, упаковка и химия для HoReCa | КЛЕВЕР","","product","Свеча Фейерверк 4шт","НФ-00001298","Свеча Фейерверк (4шт/уп)","НФ-00001298","Прочее","","","public_api","direct route GET for HTTP status/location/raw metadata/canonical; identity, hierarchy, title and h1 from public API"
"https://clover-spb.ru/product/%D0%9D%D0%A4-00002250","/product/%D0%9D%D0%A4-00002250","200","","","Свеча чайная плавающая ЕВРО 100шт","Свеча чайная плавающая ЕВРО 100шт","Хозтовары, упаковка и химия для HoReCa | КЛЕВЕР","","product","Свеча чайная плавающая ЕВРО 100шт","НФ-00002250","Свеча плавающая в гильзе ЕВРО (100шт)","НФ-00002250","Прочее","","","public_api","direct route GET for HTTP status/location/raw metadata/canonical; identity, hierarchy, title and h1 from public API"
"https://clover-spb.ru/product/%D0%9D%D0%A4-00003440","/product/%D0%9D%D0%A4-00003440","200","","","Свеча для торта 24шт","Свеча для торта 24шт","Хозтовары, упаковка и химия для HoReCa | КЛЕВЕР","","product","Свеча для торта 24шт","НФ-00003440","Свеча для тортов (24шт/уп)","НФ-00003440","Прочее","","","public_api","direct route GET for HTTP status/location/raw metadata/canonical; identity, hierarchy, title and h1 from public API"
"https://clover-spb.ru/product/%D0%9D%D0%A4-00000577","/product/%D0%9D%D0%A4-00000577","200","","","Сахар в стиках 5гр","Сахар в стиках 5гр","Хозтовары, упаковка и химия для HoReCa | КЛЕВЕР","","product","Сахар в стиках 5гр","НФ-00000577","Сахар в стиках 5 гр (1000)","НФ-00000577","Прочее","","","public_api","direct route GET for HTTP status/location/raw metadata/canonical; identity, hierarchy, title and h1 from public API"
"https://clover-spb.ru/product/%D0%9D%D0%A4-00000067","/product/%D0%9D%D0%A4-00000067","200","","","Санокс 750 мл","Санокс 750 мл","Хозтовары, упаковка и химия для HoReCa | КЛЕВЕР","","product","Санокс 750 мл","НФ-00000067","Санокс 750 мл (15)","НФ-00000067","Химия, чистящие средства","Для сантехники","","public_api","direct route GET for HTTP status/location/raw metadata/canonical; identity, hierarchy, title and h1 from public API"
"https://clover-spb.ru/product/%D0%9D%D0%A4-00000383","/product/%D0%9D%D0%A4-00000383","200","","","Салфетки целлюлозные 3шт","Салфетки целлюлозные 3шт","Хозтовары, упаковка и химия для HoReCa | КЛЕВЕР","","product","Салфетки целлюлозные 3шт","НФ-00000383","Салфетки целлюлозные (3шт)","НФ-00000383","Хозяйственные товары","Тряпки, мопы, полотенца","","public_api","direct route GET for HTTP status/location/raw metadata/canonical; identity, hierarchy, title and h1 from public API"
"https://clover-spb.ru/product/%D0%9D%D0%A4-00003254","/product/%D0%9D%D0%A4-00003254","200","","","Салфетки для диспенсера 2-сл. V-укл. 16х21 200л Protissue N4 C251","Салфетки для диспенсера 2-сл. V-укл. 16х21 200л Protissue N4 C251","Хозтовары, упаковка и химия для HoReCa | КЛЕВЕР","","product","Салфетки для диспенсера 2-сл. V-укл. 16х21 200л Protissue N4 C251","НФ-00003254","Салфетки для диспенсера 2-сл V-укл 16х21 200л Protissue N4 C251 (20)","НФ-00003254","Бумажная продукция","Салфетки","","public_api","direct route GET for HTTP status/location/raw metadata/canonical; identity, hierarchy, title and h1 from public API"
"https://clover-spb.ru/product/%D0%9D%D0%A4-00000521","/product/%D0%9D%D0%A4-00000521","200","","","Салфетки влажные в индивидуальной упаковке","Салфетки влажные в индивидуальной упаковке","Хозтовары, упаковка и химия для HoReCa | КЛЕВЕР","","product","Салфетки влажные в индивидуальной упаковке","НФ-00000521","Салфетки влажные в индивидуальной упаковке (1000)","НФ-00000521","Прочее","","","public_api","direct route GET for HTTP status/location/raw metadata/canonical; identity, hierarchy, title and h1 from public API"
"https://clover-spb.ru/product/%D0%9D%D0%A4-00000277","/product/%D0%9D%D0%A4-00000277","200","","","Салфетки влажные 120шт","Салфетки влажные 120шт","Хозтовары, упаковка и химия для HoReCa | КЛЕВЕР","","product","Салфетки влажные 120шт","НФ-00000277","Салфетки влажные (120шт) (16)","НФ-00000277","Прочее","","","public_api","direct route GET for HTTP status/location/raw metadata/canonical; identity, hierarchy, title and h1 from public API"
"https://clover-spb.ru/product/%D0%9D%D0%A4-00001403","/product/%D0%9D%D0%A4-00001403","200","","","Салфетки бумажные FOCUS 24x23 1-сл. 100л","Салфетки бумажные FOCUS 24x23 1-сл. 100л","Хозтовары, упаковка и химия для HoReCa | КЛЕВЕР","","product","Салфетки бумажные FOCUS 24x23 1-сл. 100л","НФ-00001403","Салфетки бумажные FOCUS 24x23 1-сл.100л (24)","НФ-00001403","Бумажная продукция","Салфетки","","public_api","direct route GET for HTTP status/location/raw metadata/canonical; identity, hierarchy, title and h1 from public API"
"https://clover-spb.ru/product/%D0%9D%D0%A4-00000673","/product/%D0%9D%D0%A4-00000673","200","","","Салфетки бумажные 33х33 2-сл. белые 1/8 сл. 200л","Салфетки бумажные 33х33 2-сл. белые 1/8 сл. 200л","Хозтовары, упаковка и химия для HoReCa | КЛЕВЕР","","product","Салфетки бумажные 33х33 2-сл. белые 1/8 сл. 200л","НФ-00000673","Салфетки бумажные 33х33 2-сл. белые 1/8 сл. (200шт) (9)","НФ-00000673","Бумажная продукция","Салфетки","","public_api","direct route GET for HTTP status/location/raw metadata/canonical; identity, hierarchy, title and h1 from public API"
"https://clover-spb.ru/product/%D0%9D%D0%A4-00002234","/product/%D0%9D%D0%A4-00002234","200","","","Салфетки бумажные 24х24 2-сл. красные 250л","Салфетки бумажные 24х24 2-сл. красные 250л","Хозтовары, упаковка и химия для HoReCa | КЛЕВЕР","","product","Салфетки бумажные 24х24 2-сл. красные 250л","НФ-00002234","Салфетки бумажные 24х24 2-сл. красные 250 листов (18)","НФ-00002234","Бумажная продукция","Салфетки","","public_api","direct route GET for HTTP status/location/raw metadata/canonical; identity, hierarchy, title and h1 from public API"
"https://clover-spb.ru/product/%D0%9D%D0%A4-00001382","/product/%D0%9D%D0%A4-00001382","200","","","Салфетки бумажные 24х24 2-сл. белые 250шт","Салфетки бумажные 24х24 2-сл. белые 250шт","Хозтовары, упаковка и химия для HoReCa | КЛЕВЕР","","product","Салфетки бумажные 24х24 2-сл. белые 250шт","НФ-00001382","Салфетки бумажные 24х24 2-сл. белые (250шт) (18)","НФ-00001382","Бумажная продукция","Салфетки","","public_api","direct route GET for HTTP status/location/raw metadata/canonical; identity, hierarchy, title and h1 from public API"
"https://clover-spb.ru/product/%D0%9D%D0%A4-00001313","/product/%D0%9D%D0%A4-00001313","200","","","Салфетки бумажные 24х24 1-сл. черные 400л","Салфетки бумажные 24х24 1-сл. черные 400л","Хозтовары, упаковка и химия для HoReCa | КЛЕВЕР","","product","Салфетки бумажные 24х24 1-сл. черные 400л","НФ-00001313","Салфетки бумажные 24х24 1-сл. черные 400л (18)","НФ-00001313","Бумажная продукция","Салфетки","","public_api","direct route GET for HTTP status/location/raw metadata/canonical; identity, hierarchy, title and h1 from public API"
"https://clover-spb.ru/product/%D0%9D%D0%A4-00001176","/product/%D0%9D%D0%A4-00001176","200","","","Салфетки бумажные 24х24 1-сл. красные 400л","Салфетки бумажные 24х24 1-сл. красные 400л","Хозтовары, упаковка и химия для HoReCa | КЛЕВЕР","","product","Салфетки бумажные 24х24 1-сл. красные 400л","НФ-00001176","Салфетки бумажные 24х24 1-сл. красные 400л (18)","НФ-00001176","Бумажная продукция","Салфетки","","public_api","direct route GET for HTTP status/location/raw metadata/canonical; identity, hierarchy, title and h1 from public API"
"https://clover-spb.ru/product/%D0%9D%D0%A4-00002591","/product/%D0%9D%D0%A4-00002591","200","","","Салфетки бумажные 24х24 1-сл. зеленые 400л","Салфетки бумажные 24х24 1-сл. зеленые 400л","Хозтовары, упаковка и химия для HoReCa | КЛЕВЕР","","product","Салфетки бумажные 24х24 1-сл. зеленые 400л","НФ-00002591","Салфетки бумажные 24х24 1-сл. зеленые 400л (18)","НФ-00002591","Бумажная продукция","Салфетки","","public_api","direct route GET for HTTP status/location/raw metadata/canonical; identity, hierarchy, title and h1 from public API"
"https://clover-spb.ru/product/%D0%9D%D0%A4-00000038","/product/%D0%9D%D0%A4-00000038","200","","","Салфетки бумажные ""PRO"" 24х24 1-сл. 500л","Салфетки бумажные ""PRO"" 24х24 1-сл. 500л","Хозтовары, упаковка и химия для HoReCa | КЛЕВЕР","","product","Салфетки бумажные ""PRO"" 24х24 1-сл. 500л","НФ-00000038","Салфетки бумажные ""PRO"" 24х24 1-сл. 500 листов (10)","НФ-00000038","Бумажная продукция","Салфетки","","public_api","direct route GET for HTTP status/location/raw metadata/canonical; identity, hierarchy, title and h1 from public API"
"https://clover-spb.ru/product/%D0%9D%D0%A4-00000774","/product/%D0%9D%D0%A4-00000774","200","","","Салфетки белые 24х24 1-сл. ""ВАФЛЯ""","Салфетки белые 24х24 1-сл. ""ВАФЛЯ""","Хозтовары, упаковка и химия для HoReCa | КЛЕВЕР","","product","Салфетки белые 24х24 1-сл. ""ВАФЛЯ""","НФ-00000774","Салфетки белые 24х24 ""ВАФЛЯ"" (48)","НФ-00000774","Бумажная продукция","Салфетки","","public_api","direct route GET for HTTP status/location/raw metadata/canonical; identity, hierarchy, title and h1 from public API"
"https://clover-spb.ru/product/%D0%9D%D0%A4-00003004","/product/%D0%9D%D0%A4-00003004","200","","","Салфетка ПВА микро 38х35см VILEDA","Салфетка ПВА микро 38х35см VILEDA","Хозтовары, упаковка и химия для HoReCa | КЛЕВЕР","","product","Салфетка ПВА микро 38х35см VILEDA","НФ-00003004","Салфетка ПВАмикро 38х35 в ассортименте VILEDA","НФ-00003004","Хозяйственные товары","Тряпки, мопы, полотенца","","public_api","direct route GET for HTTP status/location/raw metadata/canonical; identity, hierarchy, title and h1 from public API"
"https://clover-spb.ru/product/%D0%9D%D0%A4-00003399","/product/%D0%9D%D0%A4-00003399","200","","","Салфетка микрофибра для стекол гладкая 30х30 голубая 270гр/м2","Салфетка микрофибра для стекол гладкая 30х30 голубая 270гр/м2","Хозтовары, упаковка и химия для HoReCa | КЛЕВЕР","","product","Салфетка микрофибра для стекол гладкая 30х30 голубая 270гр/м2","НФ-00003399","Салфетка микрофибра ДЛЯ СТЕКОЛ гладкая 30х30 голубая 270гр/м2","НФ-00003399","Химия, чистящие средства","Для окон","","public_api","direct route GET for HTTP status/location/raw metadata/canonical; identity, hierarchy, title and h1 from public API"
"https://clover-spb.ru/product/%D0%9D%D0%A4-00000117","/product/%D0%9D%D0%A4-00000117","200","","","Салфетка из микрофибры 30 см х 30 см черная","Салфетка из микрофибры 30 см х 30 см черная","Хозтовары, упаковка и химия для HoReCa | КЛЕВЕР","","product","Салфетка из микрофибры 30 см х 30 см черная","НФ-00000117","Салфетка из микрофибры 30 см х 30 см ЧЕРНАЯ (50)","НФ-00000117","Хозяйственные товары","Тряпки, МОПы, полотенца","","public_api","direct route GET for HTTP status/location/raw metadata/canonical; identity, hierarchy, title and h1 from public API"
"https://clover-spb.ru/product/%D0%9D%D0%A4-00003203","/product/%D0%9D%D0%A4-00003203","200","","","Салфетка из микрофибры 30 см х 30 см красная","Салфетка из микрофибры 30 см х 30 см красная","Хозтовары, упаковка и химия для HoReCa | КЛЕВЕР","","product","Салфетка из микрофибры 30 см х 30 см красная","НФ-00003203","Салфетка из микрофибры 30 см х 30 см КРАСНАЯ (50)","НФ-00003203","Хозяйственные товары","Тряпки, МОПы, полотенца","","public_api","direct route GET for HTTP status/location/raw metadata/canonical; identity, hierarchy, title and h1 from public API"
"https://clover-spb.ru/product/%D0%9D%D0%A4-00003204","/product/%D0%9D%D0%A4-00003204","200","","","Салфетка из микрофибры 30 см х 30 см зеленая","Салфетка из микрофибры 30 см х 30 см зеленая","Хозтовары, упаковка и химия для HoReCa | КЛЕВЕР","","product","Салфетка из микрофибры 30 см х 30 см зеленая","НФ-00003204","Салфетка из микрофибры 30 см х 30 см ЗЕЛЕНАЯ (50)","НФ-00003204","Хозяйственные товары","Тряпки, МОПы, полотенца","","public_api","direct route GET for HTTP status/location/raw metadata/canonical; identity, hierarchy, title and h1 from public API"
"https://clover-spb.ru/product/%D0%9D%D0%A4-00003205","/product/%D0%9D%D0%A4-00003205","200","","","Салфетка из микрофибры 30 см х 30 см желтая","Салфетка из микрофибры 30 см х 30 см желтая","Хозтовары, упаковка и химия для HoReCa | КЛЕВЕР","","product","Салфетка из микрофибры 30 см х 30 см желтая","НФ-00003205","Салфетка из микрофибры 30 см х 30 см ЖЕЛТАЯ (50)","НФ-00003205","Хозяйственные товары","Тряпки, МОПы, полотенца","","public_api","direct route GET for HTTP status/location/raw metadata/canonical; identity, hierarchy, title and h1 from public API"
"https://clover-spb.ru/product/%D0%9D%D0%A4-00000118","/product/%D0%9D%D0%A4-00000118","200","","","Салфетка вискозная 30х30 3шт","Салфетка вискозная 30х30 3шт","Хозтовары, упаковка и химия для HoReCa | КЛЕВЕР","","product","Салфетка вискозная 30х30 3шт","НФ-00000118","Салфетка вискозная 30х30 (3шт)","НФ-00000118","Хозяйственные товары","Тряпки, мопы, полотенца","","public_api","direct route GET for HTTP status/location/raw metadata/canonical; identity, hierarchy, title and h1 from public API"
"https://clover-spb.ru/product/%D0%9D%D0%A4-00003139","/product/%D0%9D%D0%A4-00003139","200","","","Ручной ПАД 90 мм х 155 мм зеленый 6шт","Ручной ПАД 90 мм х 155 мм зеленый 6шт","Хозтовары, упаковка и химия для HoReCa | КЛЕВЕР","","product","Ручной ПАД 90 мм х 155 мм зеленый 6шт","НФ-00003139","Ручной ПАД 90 мм х 155 мм зеленый (6шт)","НФ-00003139","Хозяйственные товары","Губки для посуды","","public_api","direct route GET for HTTP status/location/raw metadata/canonical; identity, hierarchy, title and h1 from public API"
"https://clover-spb.ru/product/%D0%9D%D0%A4-00001038","/product/%D0%9D%D0%A4-00001038","200","","","Ручной ПАД 120 мм х 250 мм черный","Ручной ПАД 120 мм х 250 мм черный","Хозтовары, упаковка и химия для HoReCa | КЛЕВЕР","","product","Ручной ПАД 120 мм х 250 мм черный","НФ-00001038","Ручной ПАД 120 мм х 250 мм зеленый/черный (1шт)","НФ-00001038","Хозяйственные товары","Губки для посуды","","public_api","direct route GET for HTTP status/location/raw metadata/canonical; identity, hierarchy, title and h1 from public API"
"https://clover-spb.ru/product/%D0%9D%D0%A4-00000162","/product/%D0%9D%D0%A4-00000162","200","","","Ручка шариковая синяя масляная Workmate 0,5 мм","Ручка шариковая синяя масляная Workmate 0,5 мм","Хозтовары, упаковка и химия для HoReCa | КЛЕВЕР","","product","Ручка шариковая синяя масляная Workmate 0,5 мм","НФ-00000162","Ручка шариковая синяя масляная Workmate 0,5 мм (50)","НФ-00000162","Канцелярские товары","","","public_api","direct route GET for HTTP status/location/raw metadata/canonical; identity, hierarchy, title and h1 from public API"
"https://clover-spb.ru/product/%D0%9D%D0%A4-00003043","/product/%D0%9D%D0%A4-00003043","200","","","Ручка шариковая синяя STAFF","Ручка шариковая синяя STAFF","Хозтовары, упаковка и химия для HoReCa | КЛЕВЕР","","product","Ручка шариковая синяя STAFF","НФ-00003043","Ручка шариковая синяя STAFF (12)","НФ-00003043","Канцелярские товары","","","public_api","direct route GET for HTTP status/location/raw metadata/canonical; identity, hierarchy, title and h1 from public API"
"https://clover-spb.ru/product/%D0%9D%D0%A4-00001940","/product/%D0%9D%D0%A4-00001940","200","","","Рулонные полотенца белые 1-сл. ЦВ PRO C194 120м","Рулонные полотенца белые 1-сл. ЦВ PRO C194 120м","Хозтовары, упаковка и химия для HoReCa | КЛЕВЕР","","product","Рулонные полотенца белые 1-сл. ЦВ PRO C194 120м","НФ-00001940","Рулонные полотенца белые 1-сл. ЦВ Prottisue С194 120м (12)","НФ-00001940","Бумажная продукция","Бумажные полотенца","","public_api","direct route GET for HTTP status/location/raw metadata/canonical; identity, hierarchy, title and h1 from public API"
"https://clover-spb.ru/product/%D0%9D%D0%A4-00002513","/product/%D0%9D%D0%A4-00002513","200","","","Ролик для чистки одежды 20л","Ролик для чистки одежды 20л","Хозтовары, упаковка и химия для HoReCa | КЛЕВЕР","","product","Ролик для чистки одежды 20л","НФ-00002513","Ролик для чистки одежды 20 листов","НФ-00002513","Хозяйственные товары","Прочее","","public_api","direct route GET for HTTP status/location/raw metadata/canonical; identity, hierarchy, title and h1 from public API"
"https://clover-spb.ru/product/%D0%9D%D0%A4-00000372","/product/%D0%9D%D0%A4-00000372","200","","","Ресторанный счет","Ресторанный счет","Хозтовары, упаковка и химия для HoReCa | КЛЕВЕР","","product","Ресторанный счет","НФ-00000372","Ресторанный счет (80)","НФ-00000372","Канцелярские товары","","","public_api","direct route GET for HTTP status/location/raw metadata/canonical; identity, hierarchy, title and h1 from public API"
"https://clover-spb.ru/product/%D0%9D%D0%A4-00001320","/product/%D0%9D%D0%A4-00001320","200","","","Расходный кассовый ордер 100шт","Расходный кассовый ордер 100шт","Хозтовары, упаковка и химия для HoReCa | КЛЕВЕР","","product","Расходный кассовый ордер 100шт","НФ-00001320","Расходный кассовый ордер (100шт)","НФ-00001320","Канцелярские товары","","","public_api","direct route GET for HTTP status/location/raw metadata/canonical; identity, hierarchy, title and h1 from public API"
"https://clover-spb.ru/product/%D0%9D%D0%A4-00003086","/product/%D0%9D%D0%A4-00003086","200","","","Размешиватель деревянный 14 см в индивидуальной бум. упаковке 250шт","Размешиватель деревянный 14 см в индивидуальной бум. упаковке 250шт","Хозтовары, упаковка и химия для HoReCa | КЛЕВЕР","","product","Размешиватель деревянный 14 см в индивидуальной бум. упаковке 250шт","НФ-00003086","Размешиватель деревянный для кофе 14 см в индивидуальной бумажной упаковке (250шт)","НФ-00003086","Одноразовая посуда","Столовые приборы","","public_api","direct route GET for HTTP status/location/raw metadata/canonical; identity, hierarchy, title and h1 from public API"
"https://clover-spb.ru/product/%D0%9D%D0%A4-00003430","/product/%D0%9D%D0%A4-00003430","200","","","Размешиватель деревянный 18 см в индивидуальной бум. упаковке 250шт","Размешиватель деревянный 18 см в индивидуальной бум. упаковке 250шт","Хозтовары, упаковка и химия для HoReCa | КЛЕВЕР","","product","Размешиватель деревянный 18 см в индивидуальной бум. упаковке 250шт","НФ-00003430","Размешиватель дерев. 18см в индивидуальной бум. упаковке (250шт)","НФ-00003430","Одноразовая посуда","Столовые приборы","","public_api","direct route GET for HTTP status/location/raw metadata/canonical; identity, hierarchy, title and h1 from public API"
"https://clover-spb.ru/product/%D0%9D%D0%A4-00003622","/product/%D0%9D%D0%A4-00003622","200","","","Размешиватель 18 см деревянный 250шт","Размешиватель 18 см деревянный 250шт","Хозтовары, упаковка и химия для HoReCa | КЛЕВЕР","","product","Размешиватель 18 см деревянный 250шт","НФ-00003622","Размешиватель 18 см деревянный (250шт)","НФ-00003622","Одноразовая посуда","Столовые приборы","","public_api","direct route GET for HTTP status/location/raw metadata/canonical; identity, hierarchy, title and h1 from public API"
"https://clover-spb.ru/product/%D0%9D%D0%A4-00003546","/product/%D0%9D%D0%A4-00003546","200","","","Размешиватель 14 см деревянный 250шт","Размешиватель 14 см деревянный 250шт","Хозтовары, упаковка и химия для HoReCa | КЛЕВЕР","","product","Размешиватель 14 см деревянный 250шт","НФ-00003546","Размешиватель 14 см деревянный (250шт)","НФ-00003546","Одноразовая посуда","Столовые приборы","","public_api","direct route GET for HTTP status/location/raw metadata/canonical; identity, hierarchy, title and h1 from public API"
"https://clover-spb.ru/product/%D0%9D%D0%A4-00000582","/product/%D0%9D%D0%A4-00000582","200","","","ПРМС 500мл контейнер черный (крышка арт. 0622)","ПРМС 500мл контейнер черный (крышка арт. 0622)","Хозтовары, упаковка и химия для HoReCa | КЛЕВЕР","","product","ПРМС 500мл контейнер черный (крышка арт. 0622)","НФ-00000582","ПРМС-500мл контейнер черный (90/540)","НФ-00000582","Одноразовая посуда","Контейнеры","","public_api","direct route GET for HTTP status/location/raw metadata/canonical; identity, hierarchy, title and h1 from public API"
"https://clover-spb.ru/product/%D0%9D%D0%A4-00000562","/product/%D0%9D%D0%A4-00000562","200","","","ПРМС 350мл контейнер черный (крышка арт. 0622)","ПРМС 350мл контейнер черный (крышка арт. 0622)","Хозтовары, упаковка и химия для HoReCa | КЛЕВЕР","","product","ПРМС 350мл контейнер черный (крышка арт. 0622)","НФ-00000562","ПРМС-350мл контейнер черный (60/480)","НФ-00000562","Одноразовая посуда","Контейнеры","","public_api","direct route GET for HTTP status/location/raw metadata/canonical; identity, hierarchy, title and h1 from public API"
"https://clover-spb.ru/product/%D0%9D%D0%A4-00000123","/product/%D0%9D%D0%A4-00000123","200","","","Полотно светлое в рулоне ХПП 80 см 50 м","Полотно светлое в рулоне ХПП 80 см 50 м","Хозтовары, упаковка и химия для HoReCa | КЛЕВЕР","","product","Полотно светлое в рулоне ХПП 80 см 50 м","НФ-00000123","Полотно белое ХПП ширина 80 см рулон 50 метров","НФ-00000123","Хозяйственные товары","Тряпки, мопы, полотенца","","public_api","direct route GET for HTTP status/location/raw metadata/canonical; identity, hierarchy, title and h1 from public API"
"https://clover-spb.ru/product/%D0%9D%D0%A4-00000599","/product/%D0%9D%D0%A4-00000599","200","","","Полотенца в рулоне ЭКОНОМ 20 х 23 150шт","Полотенца в рулоне ЭКОНОМ 20 х 23 150шт","Хозтовары, упаковка и химия для HoReCa | КЛЕВЕР","","product","Полотенца в рулоне ЭКОНОМ 20 х 23 150шт","НФ-00000599","Полотенца в рулоне ЭКОНОМ 20 х 23 150шт (12)","НФ-00000599","Бумажная продукция","Бумажные полотенца","","public_api","direct route GET for HTTP status/location/raw metadata/canonical; identity, hierarchy, title and h1 from public API"
"https://clover-spb.ru/product/%D0%9D%D0%A4-00003660","/product/%D0%9D%D0%A4-00003660","200","","","Полотенца в рулоне ЧИСТО ДОМА 20 х 17 150шт","Полотенца в рулоне ЧИСТО ДОМА 20 х 17 150шт","Хозтовары, упаковка и химия для HoReCa | КЛЕВЕР","","product","Полотенца в рулоне ЧИСТО ДОМА 20 х 17 150шт","НФ-00003660","Полотенца в рулоне ЧИСТО ДОМА 20 х 17 150шт","НФ-00003660","Бумажная продукция","Бумажные полотенца","","public_api","direct route GET for HTTP status/location/raw metadata/canonical; identity, hierarchy, title and h1 from public API"
"https://clover-spb.ru/product/%D0%9D%D0%A4-00000106","/product/%D0%9D%D0%A4-00000106","200","","","Полотенца бумажные в рулоне Lime 200м белые 1-сл. 520200","Полотенца бумажные в рулоне Lime 200м белые 1-сл. 520200","Хозтовары, упаковка и химия для HoReCa | КЛЕВЕР","","product","Полотенца бумажные в рулоне Lime 200м белые 1-сл. 520200","НФ-00000106","Полотенца в рулоне Lime 200м белые 1-сл 520200 (6)","НФ-00000106","Бумажная продукция","Бумажные полотенца","","public_api","direct route GET for HTTP status/location/raw metadata/canonical; identity, hierarchy, title and h1 from public API"
"https://clover-spb.ru/product/%D0%9D%D0%A4-00002393","/product/%D0%9D%D0%A4-00002393","200","","","Полотенца бумажные FOCUS Z-укл. 2-сл. 200л","Полотенца бумажные FOCUS Z-укл. 2-сл. 200л","Хозтовары, упаковка и химия для HoReCa | КЛЕВЕР","","product","Полотенца бумажные FOCUS Z-укл. 2-сл. 200л","НФ-00002393","Полотенца бумажные Фокус Z-укл. 2-сл. КРАСНЫЕ (12)","НФ-00002393","Бумажная продукция","Бумажные полотенца","","public_api","direct route GET for HTTP status/location/raw metadata/canonical; identity, hierarchy, title and h1 from public API"
"https://clover-spb.ru/product/%D0%9D%D0%A4-00000454","/product/%D0%9D%D0%A4-00000454","200","","","Полотенца бумажные FOCUS Z-укл. 1-сл. 250л","Полотенца бумажные FOCUS Z-укл. 1-сл. 250л","Хозтовары, упаковка и химия для HoReCa | КЛЕВЕР","","product","Полотенца бумажные FOCUS Z-укл. 1-сл. 250л","НФ-00000454","Полотенца бумажные Фокус Z-укл. 1-сл. ЗЕЛЕНЫЕ (12)","НФ-00000454","Бумажная продукция","Бумажные полотенца","","public_api","direct route GET for HTTP status/location/raw metadata/canonical; identity, hierarchy, title and h1 from public API"
"https://clover-spb.ru/product/%D0%9D%D0%A4-00000813","/product/%D0%9D%D0%A4-00000813","200","","","Полотенца бумажные FOCUS V-укл. 1-сл. 200л","Полотенца бумажные FOCUS V-укл. 1-сл. 200л","Хозтовары, упаковка и химия для HoReCa | КЛЕВЕР","","product","Полотенца бумажные FOCUS V-укл. 1-сл. 200л","НФ-00000813","Полотенца бумажные ФОКУС V-укл. 1-сл. 200л (15)","НФ-00000813","Бумажная продукция","Бумажные полотенца","","public_api","direct route GET for HTTP status/location/raw metadata/canonical; identity, hierarchy, title and h1 from public API"
"https://clover-spb.ru/product/%D0%9D%D0%A4-00001112","/product/%D0%9D%D0%A4-00001112","200","","","Полотенца бумажные С-192 RRO V-укл. 1-сл. 250л","Полотенца бумажные С-192 RRO V-укл. 1-сл. 250л","Хозтовары, упаковка и химия для HoReCa | КЛЕВЕР","","product","Полотенца бумажные С-192 RRO V-укл. 1-сл. 250л","НФ-00001112","Полотенца бумажные С-192 RROtissue V-укл. 1-сл. (20)","НФ-00001112","Бумажная продукция","Бумажные полотенца","","public_api","direct route GET for HTTP status/location/raw metadata/canonical; identity, hierarchy, title and h1 from public API"
"https://clover-spb.ru/product/%D0%9D%D0%A4-00000737","/product/%D0%9D%D0%A4-00000737","200","","","Полотенца бумажные Н3 ТОРК - TELLUS 1-сл. 120108  250л","Полотенца бумажные Н3 ТОРК - TELLUS 1-сл. 120108  250л","Хозтовары, упаковка и химия для HoReCa | КЛЕВЕР","","product","Полотенца бумажные Н3 ТОРК - TELLUS 1-сл. 120108  250л","НФ-00000737","Полотенца бумажные листовые Н3 ТОРК 120108 (20)","НФ-00000737","Бумажная продукция","Бумажные полотенца","","public_api","direct route GET for HTTP status/location/raw metadata/canonical; identity, hierarchy, title and h1 from public API"
"https://clover-spb.ru/product/%D0%9D%D0%A4-00000104","/product/%D0%9D%D0%A4-00000104","200","","","Полотенца бумажные в рулоне H1 ТОРК - TELLUS 120067","Полотенца бумажные в рулоне H1 ТОРК - TELLUS 120067","Хозтовары, упаковка и химия для HoReCa | КЛЕВЕР","","product","Полотенца бумажные в рулоне H1 ТОРК - TELLUS 120067","НФ-00000104","Полотенца бумажные в рулоне Торк H1 120067 (6)","НФ-00000104","Бумажная продукция","Бумажные полотенца","","public_api","direct route GET for HTTP status/location/raw metadata/canonical; identity, hierarchy, title and h1 from public API"
"https://clover-spb.ru/product/%D0%9D%D0%A4-00001999","/product/%D0%9D%D0%A4-00001999","200","","","Полотенца бумажные в рулоне VEIRO 1-сл. ЦВ 300м КР105","Полотенца бумажные в рулоне VEIRO 1-сл. ЦВ 300м КР105","Хозтовары, упаковка и химия для HoReCa | КЛЕВЕР","","product","Полотенца бумажные в рулоне VEIRO 1-сл. ЦВ 300м КР105","НФ-00001999","Полотенца бумажные в рулоне VEIRO 1-сл белые ЦВ 300м КР105 (6)","НФ-00001999","Бумажная продукция","Бумажные полотенца","","public_api","direct route GET for HTTP status/location/raw metadata/canonical; identity, hierarchy, title and h1 from public API"
"https://clover-spb.ru/product/%D0%9D%D0%A4-00002869","/product/%D0%9D%D0%A4-00002869","200","","","Полотенца бумажные в рулоне PRO 2-сл. 150м С-222","Полотенца бумажные в рулоне PRO 2-сл. 150м С-222","Хозтовары, упаковка и химия для HoReCa | КЛЕВЕР","","product","Полотенца бумажные в рулоне PRO 2-сл. 150м С-222","НФ-00002869","Полотенца бумажные в рулоне Pro 2-сл. 150м С-222 (6)","НФ-00002869","Бумажная продукция","Бумажные полотенца","","public_api","direct route GET for HTTP status/location/raw metadata/canonical; identity, hierarchy, title and h1 from public API"
"https://clover-spb.ru/product/%D0%9D%D0%A4-00001206","/product/%D0%9D%D0%A4-00001206","200","","","Покрытия для унитаза одноразовые 1/4 100шт","Покрытия для унитаза одноразовые 1/4 100шт","Хозтовары, упаковка и химия для HoReCa | КЛЕВЕР","","product","Покрытия для унитаза одноразовые 1/4 100шт","НФ-00001206","Покрытия для унитаза одноразовые 1/4 (100шт) (16)","НФ-00001206","Бумажная продукция","Прочее","","public_api","direct route GET for HTTP status/location/raw metadata/canonical; identity, hierarchy, title and h1 from public API"
"https://clover-spb.ru/product/%D0%9D%D0%A4-00001020","/product/%D0%9D%D0%A4-00001020","200","","","Подпергамент резаный 280 мм х 360 мм 52гр/м2 1000л","Подпергамент резаный 280 мм х 360 мм 52гр/м2 1000л","Хозтовары, упаковка и химия для HoReCa | КЛЕВЕР","","product","Подпергамент резаный 280 мм х 360 мм 52гр/м2 1000л","НФ-00001020","Подпергамент резаный 280 мм х 360 мм 52гр/м2 (1000л)","НФ-00001020","Хозяйственные товары","Фольга, пленка, пергамент","","public_api","direct route GET for HTTP status/location/raw metadata/canonical; identity, hierarchy, title and h1 from public API"
"https://clover-spb.ru/product/%D0%9D%D0%A4-00003498","/product/%D0%9D%D0%A4-00003498","200","","","Подложка пенопласт черная D-21 225х135х20мм","Подложка пенопласт черная D-21 225х135х20мм","Хозтовары, упаковка и химия для HoReCa | КЛЕВЕР","","product","Подложка пенопласт черная D-21 225х135х20мм","НФ-00003498","Подложка пенопласт ЧЕРНАЯ D-21 225х135х20 (50/450)","НФ-00003498","Одноразовая посуда","Столовые приборы","","public_api","direct route GET for HTTP status/location/raw metadata/canonical; identity, hierarchy, title and h1 from public API"
"https://clover-spb.ru/product/%D0%9D%D0%A4-00002181","/product/%D0%9D%D0%A4-00002181","200","","","Подложка бумажная черная ECO PLATTER 400  225х135х20мм","Подложка бумажная черная ECO PLATTER 400  225х135х20мм","Хозтовары, упаковка и химия для HoReCa | КЛЕВЕР","","product","Подложка бумажная черная ECO PLATTER 400  225х135х20мм","НФ-00002181","Подложка ECO PLATTER 400 Черное Дно 225х135х20мм (50/850)","НФ-00002181","Одноразовая посуда","Столовые приборы","","public_api","direct route GET for HTTP status/location/raw metadata/canonical; identity, hierarchy, title and h1 from public API"
"https://clover-spb.ru/product/%D0%9D%D0%A4-00000869","/product/%D0%9D%D0%A4-00000869","200","","","Пленка пищевая 250 м х 45 см","Пленка пищевая 250 м х 45 см","Хозтовары, упаковка и химия для HoReCa | КЛЕВЕР","","product","Пленка пищевая 250 м х 45 см","НФ-00000869","Пленка пищевая 250 м х 45 см (12)","НФ-00000869","Хозяйственные товары","Фольга, пленка, пергамент","","public_api","direct route GET for HTTP status/location/raw metadata/canonical; identity, hierarchy, title and h1 from public API"
"https://clover-spb.ru/product/%D0%9D%D0%A4-00000134","/product/%D0%9D%D0%A4-00000134","200","","","Пленка пищевая 250 м х 30 см","Пленка пищевая 250 м х 30 см","Хозтовары, упаковка и химия для HoReCa | КЛЕВЕР","","product","Пленка пищевая 250 м х 30 см","НФ-00000134","Пленка пищевая 250 м х 30 см (12)","НФ-00000134","Хозяйственные товары","Фольга, пленка, пергамент","","public_api","direct route GET for HTTP status/location/raw metadata/canonical; identity, hierarchy, title and h1 from public API"
"https://clover-spb.ru/product/%D0%9D%D0%A4-00001082","/product/%D0%9D%D0%A4-00001082","200","","","Планшет А4 черный с зажимом","Планшет А4 черный с зажимом","Хозтовары, упаковка и химия для HoReCa | КЛЕВЕР","","product","Планшет А4 черный с зажимом","НФ-00001082","Планшет А4 черный с зажимом","НФ-00001082","Канцелярские товары","","","public_api","direct route GET for HTTP status/location/raw metadata/canonical; identity, hierarchy, title and h1 from public API"
"https://clover-spb.ru/product/%D0%9D%D0%A4-00000138","/product/%D0%9D%D0%A4-00000138","200","","","Пилотка бумажная белая","Пилотка бумажная белая","Хозтовары, упаковка и химия для HoReCa | КЛЕВЕР","","product","Пилотка бумажная белая","НФ-00000138","Пилотка бумажная белая (100шт)","НФ-00000138","Хозяйственные товары","Одноразовая одежда","","public_api","direct route GET for HTTP status/location/raw metadata/canonical; identity, hierarchy, title and h1 from public API"
"https://clover-spb.ru/product/%D0%9D%D0%A4-00000166","/product/%D0%9D%D0%A4-00000166","200","","","Пика узелок бамбук 9 см 100шт","Пика узелок бамбук 9 см 100шт","Хозтовары, упаковка и химия для HoReCa | КЛЕВЕР","","product","Пика узелок бамбук 9 см 100шт","НФ-00000166","Пика узелок бамбук 9 см (100шт)","НФ-00000166","Барные аксессуары","","","public_api","direct route GET for HTTP status/location/raw metadata/canonical; identity, hierarchy, title and h1 from public API"
"https://clover-spb.ru/product/%D0%9D%D0%A4-00000768","/product/%D0%9D%D0%A4-00000768","200","","","Пика узелок бамбук 6 см 100шт","Пика узелок бамбук 6 см 100шт","Хозтовары, упаковка и химия для HoReCa | КЛЕВЕР","","product","Пика узелок бамбук 6 см 100шт","НФ-00000768","Пика узелок бамбук 6 см (100шт)","НФ-00000768","Барные аксессуары","","","public_api","direct route GET for HTTP status/location/raw metadata/canonical; identity, hierarchy, title and h1 from public API"
"https://clover-spb.ru/product/%D0%9D%D0%A4-00002311","/product/%D0%9D%D0%A4-00002311","200","","","Пика гольф / лопатка бамбук 9 см 100шт","Пика гольф / лопатка бамбук 9 см 100шт","Хозтовары, упаковка и химия для HoReCa | КЛЕВЕР","","product","Пика гольф / лопатка бамбук 9 см 100шт","НФ-00002311","Пика гольф / лопатка бамбук 9 см (100шт)","НФ-00002311","Барные аксессуары","","","public_api","direct route GET for HTTP status/location/raw metadata/canonical; identity, hierarchy, title and h1 from public API"
"https://clover-spb.ru/product/%D0%9D%D0%A4-00002832","/product/%D0%9D%D0%A4-00002832","200","","","Пика гольф / лопатка бамбук 20 см 100шт","Пика гольф / лопатка бамбук 20 см 100шт","Хозтовары, упаковка и химия для HoReCa | КЛЕВЕР","","product","Пика гольф / лопатка бамбук 20 см 100шт","НФ-00002832","Пика гольф / лопатка бамбук 20 см (100шт)","НФ-00002832","Барные аксессуары","","","public_api","direct route GET for HTTP status/location/raw metadata/canonical; identity, hierarchy, title and h1 from public API"
"https://clover-spb.ru/product/%D0%9D%D0%A4-00000769","/product/%D0%9D%D0%A4-00000769","200","","","Пика гольф / лопатка бамбук 18 см 100шт","Пика гольф / лопатка бамбук 18 см 100шт","Хозтовары, упаковка и химия для HoReCa | КЛЕВЕР","","product","Пика гольф / лопатка бамбук 18 см 100шт","НФ-00000769","Пика гольф / лопатка бамбук 18 см (100шт)","НФ-00000769","Барные аксессуары","","","public_api","direct route GET for HTTP status/location/raw metadata/canonical; identity, hierarchy, title and h1 from public API"
"https://clover-spb.ru/product/%D0%9D%D0%A4-00000098","/product/%D0%9D%D0%A4-00000098","200","","","Пика гольф / лопатка бамбук 15 см 100шт","Пика гольф / лопатка бамбук 15 см 100шт","Хозтовары, упаковка и химия для HoReCa | КЛЕВЕР","","product","Пика гольф / лопатка бамбук 15 см 100шт","НФ-00000098","Пика гольф / лопатка бамбук 15 см КП (100шт)","НФ-00000098","Барные аксессуары","","","public_api","direct route GET for HTTP status/location/raw metadata/canonical; identity, hierarchy, title and h1 from public API"
"https://clover-spb.ru/product/%D0%9D%D0%A4-00002767","/product/%D0%9D%D0%A4-00002767","200","","","Пика гольф / лопатка бамбук 12 см 100шт","Пика гольф / лопатка бамбук 12 см 100шт","Хозтовары, упаковка и химия для HoReCa | КЛЕВЕР","","product","Пика гольф / лопатка бамбук 12 см 100шт","НФ-00002767","Пика гольф / лопатка бамбук 12 см (100шт)","НФ-00002767","Барные аксессуары","","","public_api","direct route GET for HTTP status/location/raw metadata/canonical; identity, hierarchy, title and h1 from public API"
"https://clover-spb.ru/product/%D0%9D%D0%A4-00000132","/product/%D0%9D%D0%A4-00000132","200","","","Пика пластиковая Меч 500шт","Пика пластиковая Меч 500шт","Хозтовары, упаковка и химия для HoReCa | КЛЕВЕР","","product","Пика пластиковая Меч 500шт","НФ-00000132","Пика ""Меч"" (500шт)","НФ-00000132","Барные аксессуары","","","public_api","direct route GET for HTTP status/location/raw metadata/canonical; identity, hierarchy, title and h1 from public API"
"https://clover-spb.ru/product/%D0%9D%D0%A4-00002573","/product/%D0%9D%D0%A4-00002573","200","","","Перчатки резиновые с длинной манжетой 25 см красные М","Перчатки резиновые с длинной манжетой 25 см красные М","Хозтовары, упаковка и химия для HoReCa | КЛЕВЕР","","product","Перчатки резиновые с длинной манжетой 25 см красные М","НФ-00002573","Перчатки резиновые с длинной манжетой 25 см красные М (12/120)","НФ-00002573","Хозяйственные товары","Перчатки","","public_api","direct route GET for HTTP status/location/raw metadata/canonical; identity, hierarchy, title and h1 from public API"
"https://clover-spb.ru/product/%D0%9D%D0%A4-00002574","/product/%D0%9D%D0%A4-00002574","200","","","Перчатки резиновые с длинной манжетой 25 см красные L","Перчатки резиновые с длинной манжетой 25 см красные L","Хозтовары, упаковка и химия для HoReCa | КЛЕВЕР","","product","Перчатки резиновые с длинной манжетой 25 см красные L","НФ-00002574","Перчатки резиновые с длинной манжетой 25 см красные L (12/120)","НФ-00002574","Хозяйственные товары","Перчатки","","public_api","direct route GET for HTTP status/location/raw metadata/canonical; identity, hierarchy, title and h1 from public API"
"https://clover-spb.ru/product/%D0%9D%D0%A4-00000083","/product/%D0%9D%D0%A4-00000083","200","","","Перчатки трикотажные с ПВХ черные","Перчатки трикотажные с ПВХ черные","Хозтовары, упаковка и химия для HoReCa | КЛЕВЕР","","product","Перчатки трикотажные с ПВХ черные","НФ-00000083","Перчатки трикотажные с ПВХ черные (пара) (500)","НФ-00000083","Хозяйственные товары","Перчатки","","public_api","direct route GET for HTTP status/location/raw metadata/canonical; identity, hierarchy, title and h1 from public API"
"https://clover-spb.ru/product/%D0%9D%D0%A4-00003496","/product/%D0%9D%D0%A4-00003496","200","","","Перчатки термопластэластомер АВИОРА черные L 100шт","Перчатки термопластэластомер АВИОРА черные L 100шт","Хозтовары, упаковка и химия для HoReCa | КЛЕВЕР","","product","Перчатки термопластэластомер АВИОРА черные L 100шт","НФ-00003496","Перчатки термопластэластомер АВИОРА черные L (100шт)","НФ-00003496","Хозяйственные товары","Перчатки","","public_api","direct route GET for HTTP status/location/raw metadata/canonical; identity, hierarchy, title and h1 from public API"
"https://clover-spb.ru/product/%D0%9D%D0%A4-00001368","/product/%D0%9D%D0%A4-00001368","200","","","Перчатки резиновые многоцелевые L зеленые VILEDA","Перчатки резиновые многоцелевые L зеленые VILEDA","Хозтовары, упаковка и химия для HoReCa | КЛЕВЕР","","product","Перчатки резиновые многоцелевые L зеленые VILEDA","НФ-00001368","Перчатки резиновые многоцелевые L зеленые VILEDA (10шт/50шт)","НФ-00001368","Хозяйственные товары","Перчатки","","public_api","direct route GET for HTTP status/location/raw metadata/canonical; identity, hierarchy, title and h1 from public API"
"https://clover-spb.ru/product/%D0%9D%D0%A4-00003431","/product/%D0%9D%D0%A4-00003431","200","","","Перчатки полиэтиленовые ПНД АВИОРА L 100шт","Перчатки полиэтиленовые ПНД АВИОРА L 100шт","Хозтовары, упаковка и химия для HoReCa | КЛЕВЕР","","product","Перчатки полиэтиленовые ПНД АВИОРА L 100шт","НФ-00003431","Перчатки полиэтиленовые ПНД АВИОРА L (100шт)","НФ-00003431","Хозяйственные товары","Перчатки","","public_api","direct route GET for HTTP status/location/raw metadata/canonical; identity, hierarchy, title and h1 from public API"
"https://clover-spb.ru/product/%D0%9D%D0%A4-00002345","/product/%D0%9D%D0%A4-00002345","200","","","Перчатки Нитриловые фиолетовые S 100шт","Перчатки Нитриловые фиолетовые S 100шт","Хозтовары, упаковка и химия для HoReCa | КЛЕВЕР","","product","Перчатки Нитриловые фиолетовые S 100шт","НФ-00002345","Перчатки Нитриловые СИРЕНЕВЫЕ S (100шт)","НФ-00002345","Хозяйственные товары","Перчатки","","public_api","direct route GET for HTTP status/location/raw metadata/canonical; identity, hierarchy, title and h1 from public API"
"https://clover-spb.ru/product/%D0%9D%D0%A4-00000185","/product/%D0%9D%D0%A4-00000185","200","","","Перчатки Латексные XL опудренные 100шт","Перчатки Латексные XL опудренные 100шт","Хозтовары, упаковка и химия для HoReCa | КЛЕВЕР","","product","Перчатки Латексные XL опудренные 100шт","НФ-00000185","Перчатки Латексные XL опудренные (100шт)","НФ-00000185","Хозяйственные товары","Перчатки","","public_api","direct route GET for HTTP status/location/raw metadata/canonical; identity, hierarchy, title and h1 from public API"
"https://clover-spb.ru/product/%D0%9D%D0%A4-00000182","/product/%D0%9D%D0%A4-00000182","200","","","Перчатки Латексные S опудренные 100шт","Перчатки Латексные S опудренные 100шт","Хозтовары, упаковка и химия для HoReCa | КЛЕВЕР","","product","Перчатки Латексные S опудренные 100шт","НФ-00000182","Перчатки Латексные S опудренные (100шт)","НФ-00000182","Хозяйственные товары","Перчатки","","public_api","direct route GET for HTTP status/location/raw metadata/canonical; identity, hierarchy, title and h1 from public API"
"https://clover-spb.ru/product/%D0%9D%D0%A4-00000183","/product/%D0%9D%D0%A4-00000183","200","","","Перчатки Латексные M опудренные 100шт","Перчатки Латексные M опудренные 100шт","Хозтовары, упаковка и химия для HoReCa | КЛЕВЕР","","product","Перчатки Латексные M опудренные 100шт","НФ-00000183","Перчатки Латексные M опудренные (100шт)","НФ-00000183","Хозяйственные товары","Перчатки","","public_api","direct route GET for HTTP status/location/raw metadata/canonical; identity, hierarchy, title and h1 from public API"
"https://clover-spb.ru/product/%D0%9D%D0%A4-00000892","/product/%D0%9D%D0%A4-00000892","200","","","Перец в стиках 0,25гр","Перец в стиках 0,25гр","Хозтовары, упаковка и химия для HoReCa | КЛЕВЕР","","product","Перец в стиках 0,25гр","НФ-00000892","Перец в стиках 0,25гр (1000)","НФ-00000892","Прочее","","","public_api","direct route GET for HTTP status/location/raw metadata/canonical; identity, hierarchy, title and h1 from public API"
"https://clover-spb.ru/product/%D0%9D%D0%A4-00002956","/product/%D0%9D%D0%A4-00002956","200","","","Фартук одноразовый особопрочный АВИОРА 20 мкм 50шт","Фартук одноразовый особопрочный АВИОРА 20 мкм 50шт","Хозтовары, упаковка и химия для HoReCa | КЛЕВЕР","","product","Фартук одноразовый особопрочный АВИОРА 20 мкм 50шт","НФ-00002956","Передник особопрочный 20 мкм (50шт)","НФ-00002956","Хозяйственные товары","Одноразовая одежда","","public_api","direct route GET for HTTP status/location/raw metadata/canonical; identity, hierarchy, title and h1 from public API"
"https://clover-spb.ru/product/%D0%9D%D0%A4-00002351","/product/%D0%9D%D0%A4-00002351","200","","","Фартук одноразовый АВИОРА 15 мкм 100шт","Фартук одноразовый АВИОРА 15 мкм 100шт","Хозтовары, упаковка и химия для HoReCa | КЛЕВЕР","","product","Фартук одноразовый АВИОРА 15 мкм 100шт","НФ-00002351","Передник АВИОРА 80х120мм 15 мкм (100шт)","НФ-00002351","Хозяйственные товары","Одноразовая одежда","","public_api","direct route GET for HTTP status/location/raw metadata/canonical; identity, hierarchy, title and h1 from public API"
"https://clover-spb.ru/product/%D0%9D%D0%A4-00000160","/product/%D0%9D%D0%A4-00000160","200","","","Пергамент для выпечки силиконизированный 38 см х 50 м крафт","Пергамент для выпечки силиконизированный 38 см х 50 м крафт","Хозтовары, упаковка и химия для HoReCa | КЛЕВЕР","","product","Пергамент для выпечки силиконизированный 38 см х 50 м крафт","НФ-00000160","Пергамент для выпечки силиконизированный 38 см х 50 метров крафт (15)","НФ-00000160","Хозяйственные товары","Фольга, пленка, пергамент","","public_api","direct route GET for HTTP status/location/raw metadata/canonical; identity, hierarchy, title and h1 from public API"
"https://clover-spb.ru/product/%D0%9D%D0%A4-00002544","/product/%D0%9D%D0%A4-00002544","200","","","Пергамент для выпечки силиконизированный 38 см х 50 м белый","Пергамент для выпечки силиконизированный 38 см х 50 м белый","Хозтовары, упаковка и химия для HoReCa | КЛЕВЕР","","product","Пергамент для выпечки силиконизированный 38 см х 50 м белый","НФ-00002544","Пергамент для выпечки силиконизированный 38 см х 50 метров БЕЛЫЙ (15)","НФ-00002544","Хозяйственные товары","Фольга, пленка, пергамент","","public_api","direct route GET for HTTP status/location/raw metadata/canonical; identity, hierarchy, title and h1 from public API"
"https://clover-spb.ru/product/%D0%9D%D0%A4-00001079","/product/%D0%9D%D0%A4-00001079","200","","","Папка скоросшиватель пластиковая А4","Папка скоросшиватель пластиковая А4","Хозтовары, упаковка и химия для HoReCa | КЛЕВЕР","","product","Папка скоросшиватель пластиковая А4","НФ-00001079","Папка - скоросшиватель пластиковая микс А4","НФ-00001079","Канцелярские товары","","","public_api","direct route GET for HTTP status/location/raw metadata/canonical; identity, hierarchy, title and h1 from public API"
"https://clover-spb.ru/product/%D0%9D%D0%A4-00000424","/product/%D0%9D%D0%A4-00000424","200","","","Папка регистратор 7см","Папка регистратор 7см","Хозтовары, упаковка и химия для HoReCa | КЛЕВЕР","","product","Папка регистратор 7см","НФ-00000424","Папка - регистратор 7 см","НФ-00000424","Канцелярские товары","","","public_api","direct route GET for HTTP status/location/raw metadata/canonical; identity, hierarchy, title and h1 from public API"
"https://clover-spb.ru/product/%D0%9D%D0%A4-00001310","/product/%D0%9D%D0%A4-00001310","200","","","Папка регистратор 5см","Папка регистратор 5см","Хозтовары, упаковка и химия для HoReCa | КЛЕВЕР","","product","Папка регистратор 5см","НФ-00001310","Папка - регистратор 5 см","НФ-00001310","Канцелярские товары","","","public_api","direct route GET for HTTP status/location/raw metadata/canonical; identity, hierarchy, title and h1 from public API"
"https://clover-spb.ru/product/%D0%9D%D0%A4-00001081","/product/%D0%9D%D0%A4-00001081","200","","","Папка конверт на кнопке А4","Папка конверт на кнопке А4","Хозтовары, упаковка и химия для HoReCa | КЛЕВЕР","","product","Папка конверт на кнопке А4","НФ-00001081","Папка - конверт на кнопке А4","НФ-00001081","Канцелярские товары","","","public_api","direct route GET for HTTP status/location/raw metadata/canonical; identity, hierarchy, title and h1 from public API"
"https://clover-spb.ru/product/%D0%9D%D0%A4-00001074","/product/%D0%9D%D0%A4-00001074","200","","","Палочки для шашлыка 30 см 100шт","Палочки для шашлыка 30 см 100шт","Хозтовары, упаковка и химия для HoReCa | КЛЕВЕР","","product","Палочки для шашлыка 30 см 100шт","НФ-00001074","Палочки для шашлыка 30 см (100шт)","НФ-00001074","Барные аксессуары","","","public_api","direct route GET for HTTP status/location/raw metadata/canonical; identity, hierarchy, title and h1 from public API"
"https://clover-spb.ru/product/%D0%9D%D0%A4-00000173","/product/%D0%9D%D0%A4-00000173","200","","","Палочки для шашлыка 25 см 100шт","Палочки для шашлыка 25 см 100шт","Хозтовары, упаковка и химия для HoReCa | КЛЕВЕР","","product","Палочки для шашлыка 25 см 100шт","НФ-00000173","Палочки для шашлыка 25 см (100шт)","НФ-00000173","Барные аксессуары","","","public_api","direct route GET for HTTP status/location/raw metadata/canonical; identity, hierarchy, title and h1 from public API"
"https://clover-spb.ru/product/%D0%9D%D0%A4-00000172","/product/%D0%9D%D0%A4-00000172","200","","","Палочки для шашлыка 20 см 100шт","Палочки для шашлыка 20 см 100шт","Хозтовары, упаковка и химия для HoReCa | КЛЕВЕР","","product","Палочки для шашлыка 20 см 100шт","НФ-00000172","Палочки для шашлыка 20 см (100шт)","НФ-00000172","Барные аксессуары","","","public_api","direct route GET for HTTP status/location/raw metadata/canonical; identity, hierarchy, title and h1 from public API"
"https://clover-spb.ru/product/%D0%9D%D0%A4-00002232","/product/%D0%9D%D0%A4-00002232","200","","","Палочки для шашлыка 15 см 100шт","Палочки для шашлыка 15 см 100шт","Хозтовары, упаковка и химия для HoReCa | КЛЕВЕР","","product","Палочки для шашлыка 15 см 100шт","НФ-00002232","Палочки для шашлыка 15 см (100шт)","НФ-00002232","Барные аксессуары","","","public_api","direct route GET for HTTP status/location/raw metadata/canonical; identity, hierarchy, title and h1 from public API"
"https://clover-spb.ru/product/%D0%9D%D0%A4-00003371","/product/%D0%9D%D0%A4-00003371","200","","","Палочки для еды 23 см в инд. бумажной белой упаковке","Палочки для еды 23 см в инд. бумажной белой упаковке","Хозтовары, упаковка и химия для HoReCa | КЛЕВЕР","","product","Палочки для еды 23 см в инд. бумажной белой упаковке","НФ-00003371","Палочки для еды 23см в бумажной БЕЛОЙ упаковке OPTILINE (100/3000)","НФ-00003371","Одноразовая посуда","Для суши и лапши","","public_api","direct route GET for HTTP status/location/raw metadata/canonical; identity, hierarchy, title and h1 from public API"
"https://clover-spb.ru/product/%D0%9D%D0%A4-00003663","/product/%D0%9D%D0%A4-00003663","200","","","Палочки для еды 22,5 см в инд. полиэтиленовой упаковке","Палочки для еды 22,5 см в инд. полиэтиленовой упаковке","Хозтовары, упаковка и химия для HoReCa | КЛЕВЕР","","product","Палочки для еды 22,5 см в инд. полиэтиленовой упаковке","НФ-00003663","Палочки для еды 22,5см ПП Optiline (100/3000)","НФ-00003663","Одноразовая посуда","Для суши и лапши","","public_api","direct route GET for HTTP status/location/raw metadata/canonical; identity, hierarchy, title and h1 from public API"
"https://clover-spb.ru/product/%D0%9D%D0%A4-00003213","/product/%D0%9D%D0%A4-00003213","200","","","Палочки для еды 20 см в инд. полиэтиленовой упаковке с зубочисткой","Палочки для еды 20 см в инд. полиэтиленовой упаковке с зубочисткой","Хозтовары, упаковка и химия для HoReCa | КЛЕВЕР","","product","Палочки для еды 20 см в инд. полиэтиленовой упаковке с зубочисткой","НФ-00003213","Палочки для еды 20 см ПП с ЗУБОЧИСТКОЙ (100/2000)","НФ-00003213","Одноразовая посуда","Для суши и лапши","","public_api","direct route GET for HTTP status/location/raw metadata/canonical; identity, hierarchy, title and h1 from public API"
"https://clover-spb.ru/product/%D0%9D%D0%A4-00000260","/product/%D0%9D%D0%A4-00000260","200","","","Пакеты для мусора в рулоне 180 л  синие 25шт","Пакеты для мусора в рулоне 180 л  синие 25шт","Хозтовары, упаковка и химия для HoReCa | КЛЕВЕР","","product","Пакеты для мусора в рулоне 180 л  синие 25шт","НФ-00000260","Пакеты для мусора в рулоне 180 литров СИНИЕ (25шт)","НФ-00000260","Хозяйственные товары","Мешки для мусора","","public_api","direct route GET for HTTP status/location/raw metadata/canonical; identity, hierarchy, title and h1 from public API"
"https://clover-spb.ru/product/%D0%9D%D0%A4-00002092","/product/%D0%9D%D0%A4-00002092","200","","","Пакеты для мусора в рулоне 60 л экстрапрочные черные 20шт","Пакеты для мусора в рулоне 60 л экстрапрочные черные 20шт","Хозтовары, упаковка и химия для HoReCa | КЛЕВЕР","","product","Пакеты для мусора в рулоне 60 л экстрапрочные черные 20шт","НФ-00002092","Пакеты для мусора 60 л ЭКСТРАПРОЧНЫЕ BF (20шт)","НФ-00002092","Хозяйственные товары","Мешки для мусора","","public_api","direct route GET for HTTP status/location/raw metadata/canonical; identity, hierarchy, title and h1 from public API"
"https://clover-spb.ru/product/%D0%9D%D0%A4-00002034","/product/%D0%9D%D0%A4-00002034","200","","","Пакеты для мусора в рулоне 60 л черные 50шт","Пакеты для мусора в рулоне 60 л черные 50шт","Хозтовары, упаковка и химия для HoReCa | КЛЕВЕР","","product","Пакеты для мусора в рулоне 60 л черные 50шт","НФ-00002034","Пакеты для мусора 60 л (50шт) ПОЛИЭС (25)","НФ-00002034","Хозяйственные товары","Мешки для мусора","","public_api","direct route GET for HTTP status/location/raw metadata/canonical; identity, hierarchy, title and h1 from public API"
"https://clover-spb.ru/product/%D0%9D%D0%A4-00000150","/product/%D0%9D%D0%A4-00000150","200","","","Пакеты для мусора в рулоне 30 л черные 50шт","Пакеты для мусора в рулоне 30 л черные 50шт","Хозтовары, упаковка и химия для HoReCa | КЛЕВЕР","","product","Пакеты для мусора в рулоне 30 л черные 50шт","НФ-00000150","Пакеты для мусора 30 л (50шт) ПОЛИЭС (50)","НФ-00000150","Хозяйственные товары","Мешки для мусора","","public_api","direct route GET for HTTP status/location/raw metadata/canonical; identity, hierarchy, title and h1 from public API"
"https://clover-spb.ru/product/%D0%9D%D0%A4-00002623","/product/%D0%9D%D0%A4-00002623","200","","","Пакеты для мусора в рулоне 240 л  черные Optiline 35мкм 10шт","Пакеты для мусора в рулоне 240 л  черные Optiline 35мкм 10шт","Хозтовары, упаковка и химия для HoReCa | КЛЕВЕР","","product","Пакеты для мусора в рулоне 240 л  черные Optiline 35мкм 10шт","НФ-00002623","Пакеты для мусора 240 литров в рулоне Optiline 35 мкм (10шт)","НФ-00002623","Хозяйственные товары","Мешки для мусора","","public_api","direct route GET for HTTP status/location/raw metadata/canonical; identity, hierarchy, title and h1 from public API"
"https://clover-spb.ru/product/%D0%9D%D0%A4-00001859","/product/%D0%9D%D0%A4-00001859","200","","","Пакеты для мусора в рулоне 240 л черные 10шт","Пакеты для мусора в рулоне 240 л черные 10шт","Хозтовары, упаковка и химия для HoReCa | КЛЕВЕР","","product","Пакеты для мусора в рулоне 240 л черные 10шт","НФ-00001859","Пакеты для мусора 240 литров в рулоне (10шт)","НФ-00001859","Хозяйственные товары","Мешки для мусора","","public_api","direct route GET for HTTP status/location/raw metadata/canonical; identity, hierarchy, title and h1 from public API"
"https://clover-spb.ru/product/%D0%9D%D0%A4-00001115","/product/%D0%9D%D0%A4-00001115","200","","","Пакеты для мусора в пластах 240 л черные 65 мкм 100х140","Пакеты для мусора в пластах 240 л черные 65 мкм 100х140","Хозтовары, упаковка и химия для HoReCa | КЛЕВЕР","","product","Пакеты для мусора в пластах 240 л черные 65 мкм 100х140","НФ-00001115","Пакеты для мусора 240 литров 65 мкм 100х140 (50)","НФ-00001115","Хозяйственные товары","Мешки для мусора","","public_api","direct route GET for HTTP status/location/raw metadata/canonical; identity, hierarchy, title and h1 from public API"
"https://clover-spb.ru/product/%D0%9D%D0%A4-00003423","/product/%D0%9D%D0%A4-00003423","200","","","Пакеты для мусора в рулоне 160 л черные Optiline 35мкм 10шт","Пакеты для мусора в рулоне 160 л черные Optiline 35мкм 10шт","Хозтовары, упаковка и химия для HoReCa | КЛЕВЕР","","product","Пакеты для мусора в рулоне 160 л черные Optiline 35мкм 10шт","НФ-00003423","Пакеты для мусора 160 литров в рулоне Optiline 35 мкм (10шт)","НФ-00003423","Хозяйственные товары","Мешки для мусора","","public_api","direct route GET for HTTP status/location/raw metadata/canonical; identity, hierarchy, title and h1 from public API"
"https://clover-spb.ru/product/%D0%9D%D0%A4-00000475","/product/%D0%9D%D0%A4-00000475","200","","","Пакеты для мусора в рулоне 160 л черные 10шт","Пакеты для мусора в рулоне 160 л черные 10шт","Хозтовары, упаковка и химия для HoReCa | КЛЕВЕР","","product","Пакеты для мусора в рулоне 160 л черные 10шт","НФ-00000475","Пакеты для мусора 160 литров в рулоне (10шт)","НФ-00000475","Хозяйственные товары","Мешки для мусора","","public_api","direct route GET for HTTP status/location/raw metadata/canonical; identity, hierarchy, title and h1 from public API"
"https://clover-spb.ru/product/%D0%9D%D0%A4-00001950","/product/%D0%9D%D0%A4-00001950","200","","","Пакеты для мусора в пластах 160 л черные 60 мкм 90х110","Пакеты для мусора в пластах 160 л черные 60 мкм 90х110","Хозтовары, упаковка и химия для HoReCa | КЛЕВЕР","","product","Пакеты для мусора в пластах 160 л черные 60 мкм 90х110","НФ-00001950","Пакеты для мусора 160 литров 60 мкм (50/300)","НФ-00001950","Хозяйственные товары","Мешки для мусора","","public_api","direct route GET for HTTP status/location/raw metadata/canonical; identity, hierarchy, title and h1 from public API"
"https://clover-spb.ru/product/%D0%9D%D0%A4-00000154","/product/%D0%9D%D0%A4-00000154","200","","","Пакеты для мусора в рулоне 120 л черные 10шт","Пакеты для мусора в рулоне 120 л черные 10шт","Хозтовары, упаковка и химия для HoReCa | КЛЕВЕР","","product","Пакеты для мусора в рулоне 120 л черные 10шт","НФ-00000154","Пакеты для мусора 120 литров в рулоне Полиэс (10шт) (20)","НФ-00000154","Хозяйственные товары","Мешки для мусора","","public_api","direct route GET for HTTP status/location/raw metadata/canonical; identity, hierarchy, title and h1 from public API"
"https://clover-spb.ru/product/%D0%9D%D0%A4-00002399","/product/%D0%9D%D0%A4-00002399","200","","","Пакеты для мусора в рулоне 120 л особопрочные черные 10шт","Пакеты для мусора в рулоне 120 л особопрочные черные 10шт","Хозтовары, упаковка и химия для HoReCa | КЛЕВЕР","","product","Пакеты для мусора в рулоне 120 л особопрочные черные 10шт","НФ-00002399","Пакеты для мусора 120 литров в рулоне ОСОБОПРОЧНЫЕ (10шт)","НФ-00002399","Хозяйственные товары","Мешки для мусора","","public_api","direct route GET for HTTP status/location/raw metadata/canonical; identity, hierarchy, title and h1 from public API"
"https://clover-spb.ru/product/%D0%9D%D0%A4-00000152","/product/%D0%9D%D0%A4-00000152","200","","","Пакеты для мусора в пластах 120 л черные 60 мкм 70х110","Пакеты для мусора в пластах 120 л черные 60 мкм 70х110","Хозтовары, упаковка и химия для HoReCa | КЛЕВЕР","","product","Пакеты для мусора в пластах 120 л черные 60 мкм 70х110","НФ-00000152","Пакеты для мусора 120 литров 60 мкм (50/250)","НФ-00000152","Хозяйственные товары","Мешки для мусора","","public_api","direct route GET for HTTP status/location/raw metadata/canonical; identity, hierarchy, title and h1 from public API"
"https://clover-spb.ru/product/%D0%9D%D0%A4-00000921","/product/%D0%9D%D0%A4-00000921","200","","","Пакет фасовочный в рулоне 30 см х 40 см 500шт","Пакет фасовочный в рулоне 30 см х 40 см 500шт","Хозтовары, упаковка и химия для HoReCa | КЛЕВЕР","","product","Пакет фасовочный в рулоне 30 см х 40 см 500шт","НФ-00000921","Пакет фасовочный РУЛОН 30 см х 40 см (500)","НФ-00000921","Пакеты, упаковочные материалы","Пакеты фасовочные","","public_api","direct route GET for HTTP status/location/raw metadata/canonical; identity, hierarchy, title and h1 from public API"
"https://clover-spb.ru/product/%D0%9D%D0%A4-00000627","/product/%D0%9D%D0%A4-00000627","200","","","Пакет фасовочный ПНД в пачке 30 см х 40 см 1000шт","Пакет фасовочный ПНД в пачке 30 см х 40 см 1000шт","Хозтовары, упаковка и химия для HoReCa | КЛЕВЕР","","product","Пакет фасовочный ПНД в пачке 30 см х 40 см 1000шт","НФ-00000627","Пакет фасовочный ПНД 30 см х 40 см ""СУПЕР""","НФ-00000627","Пакеты, упаковочные материалы","Пакеты фасовочные","","public_api","direct route GET for HTTP status/location/raw metadata/canonical; identity, hierarchy, title and h1 from public API"
"https://clover-spb.ru/product/%D0%9D%D0%A4-00002315","/product/%D0%9D%D0%A4-00002315","200","","","Пакет фасовочный ПНД в пачке 25 см х 35 см ""Овощи"" 1000шт","Пакет фасовочный ПНД в пачке 25 см х 35 см ""Овощи"" 1000шт","Хозтовары, упаковка и химия для HoReCa | КЛЕВЕР","","product","Пакет фасовочный ПНД в пачке 25 см х 35 см ""Овощи"" 1000шт","НФ-00002315","Пакет фасовочный ПНД 25 см х 35 см ""Овощи"" 950гр","НФ-00002315","Пакеты, упаковочные материалы","Пакеты фасовочные","","public_api","direct route GET for HTTP status/location/raw metadata/canonical; identity, hierarchy, title and h1 from public API"
"https://clover-spb.ru/product/%D0%9D%D0%A4-00002086","/product/%D0%9D%D0%A4-00002086","200","","","Пакет фасовочный ПНД в пачке 18 см х 27 см 1000шт","Пакет фасовочный ПНД в пачке 18 см х 27 см 1000шт","Хозтовары, упаковка и химия для HoReCa | КЛЕВЕР","","product","Пакет фасовочный ПНД в пачке 18 см х 27 см 1000шт","НФ-00002086","Пакет фасовочный ПНД 18 см х 27 см ""Тонар""","НФ-00002086","Пакеты, упаковочные материалы","Пакеты фасовочные","","public_api","direct route GET for HTTP status/location/raw metadata/canonical; identity, hierarchy, title and h1 from public API"
"https://clover-spb.ru/product/%D0%9D%D0%A4-00003081","/product/%D0%9D%D0%A4-00003081","200","","","Пакет фасовочный ПНД в пачке 15 см х 20 см 1000шт","Пакет фасовочный ПНД в пачке 15 см х 20 см 1000шт","Хозтовары, упаковка и химия для HoReCa | КЛЕВЕР","","product","Пакет фасовочный ПНД в пачке 15 см х 20 см 1000шт","НФ-00003081","Пакет фасовочный ПНД 15 см х 20 см Зел.уп. (20)","НФ-00003081","Пакеты, упаковочные материалы","Пакеты фасовочные","","public_api","direct route GET for HTTP status/location/raw metadata/canonical; identity, hierarchy, title and h1 from public API"
"https://clover-spb.ru/product/%D0%9D%D0%A4-00001202","/product/%D0%9D%D0%A4-00001202","200","","","Пакет с замком зиплок 25 см х 35 см","Пакет с замком зиплок 25 см х 35 см","Хозтовары, упаковка и химия для HoReCa | КЛЕВЕР","","product","Пакет с замком зиплок 25 см х 35 см","НФ-00001202","Пакет с замком 25 см х 35 см (100)","НФ-00001202","Пакеты, упаковочные материалы","Пакеты zip-lock","","public_api","direct route GET for HTTP status/location/raw metadata/canonical; identity, hierarchy, title and h1 from public API"
"https://clover-spb.ru/product/%D0%9D%D0%A4-00003598","/product/%D0%9D%D0%A4-00003598","200","","","Пакет с замком зиплок 18 см х 25 см","Пакет с замком зиплок 18 см х 25 см","Хозтовары, упаковка и химия для HoReCa | КЛЕВЕР","","product","Пакет с замком зиплок 18 см х 25 см","НФ-00003598","Пакет с замком 18 см х 25 см (100)","НФ-00003598","Пакеты, упаковочные материалы","Пакеты zip-lock","","public_api","direct route GET for HTTP status/location/raw metadata/canonical; identity, hierarchy, title and h1 from public API"
"https://clover-spb.ru/product/%D0%9D%D0%A4-00001276","/product/%D0%9D%D0%A4-00001276","200","","","Пакет с замком зиплок 15 см х 22 см","Пакет с замком зиплок 15 см х 22 см","Хозтовары, упаковка и химия для HoReCa | КЛЕВЕР","","product","Пакет с замком зиплок 15 см х 22 см","НФ-00001276","Пакет с замком 15 см х 22 см (100)","НФ-00001276","Пакеты, упаковочные материалы","Пакеты zip-lock","","public_api","direct route GET for HTTP status/location/raw metadata/canonical; identity, hierarchy, title and h1 from public API"
"https://clover-spb.ru/product/%D0%9D%D0%A4-00000732","/product/%D0%9D%D0%A4-00000732","200","","","Пакет с замком зиплок 12 см х 17 см","Пакет с замком зиплок 12 см х 17 см","Хозтовары, упаковка и химия для HoReCa | КЛЕВЕР","","product","Пакет с замком зиплок 12 см х 17 см","НФ-00000732","Пакет с замком 12 см х 17 см (100)","НФ-00000732","Пакеты, упаковочные материалы","Пакеты zip-lock","","public_api","direct route GET for HTTP status/location/raw metadata/canonical; identity, hierarchy, title and h1 from public API"
"https://clover-spb.ru/product/%D0%9D%D0%A4-00002370","/product/%D0%9D%D0%A4-00002370","200","","","Пакет Дой-Пак 160 мм х 250 мм крафт с прозрачным окном зиплок 40мм","Пакет Дой-Пак 160 мм х 250 мм крафт с прозрачным окном зиплок 40мм","Хозтовары, упаковка и химия для HoReCa | КЛЕВЕР","","product","Пакет Дой-Пак 160 мм х 250 мм крафт с прозрачным окном зиплок 40мм","НФ-00002370","Пакет Дой-Пак 160 мм х 250 мм крафт с прозрачным окном зиплок 40мм (50/600)","НФ-00002370","Пакеты, упаковочные материалы","Прочее","","public_api","direct route GET for HTTP status/location/raw metadata/canonical; identity, hierarchy, title and h1 from public API"
"https://clover-spb.ru/product/%D0%9D%D0%A4-00002459","/product/%D0%9D%D0%A4-00002459","200","","","Пакет Дой-Пак 120 мм х 185 мм крафт с прозрачным окном зиплок 40мм","Пакет Дой-Пак 120 мм х 185 мм крафт с прозрачным окном зиплок 40мм","Хозтовары, упаковка и химия для HoReCa | КЛЕВЕР","","product","Пакет Дой-Пак 120 мм х 185 мм крафт с прозрачным окном зиплок 40мм","НФ-00002459","Пакет Дой-Пак 120 мм х 185 мм крафт с прозрачным окном зиплок 40мм (50/600)","НФ-00002459","Пакеты, упаковочные материалы","Прочее","","public_api","direct route GET for HTTP status/location/raw metadata/canonical; identity, hierarchy, title and h1 from public API"
"https://clover-spb.ru/product/%D0%9D%D0%A4-00000158","/product/%D0%9D%D0%A4-00000158","200","","","Пакеты для льда EUROHOUSE 196куб","Пакеты для льда EUROHOUSE 196куб","Хозтовары, упаковка и химия для HoReCa | КЛЕВЕР","","product","Пакеты для льда EUROHOUSE 196куб","НФ-00000158","Пакет для льда EUROHOUSE (196куб)","НФ-00000158","Пакеты, упаковочные материалы","Прочее","","public_api","direct route GET for HTTP status/location/raw metadata/canonical; identity, hierarchy, title and h1 from public API"
"https://clover-spb.ru/product/%D0%9D%D0%A4-00003521","/product/%D0%9D%D0%A4-00003521","200","","","Пакет бумажный с круч. ручкой черный 260х150х350мм","Пакет бумажный с круч. ручкой черный 260х150х350мм","Хозтовары, упаковка и химия для HoReCa | КЛЕВЕР","","product","Пакет бумажный с круч. ручкой черный 260х150х350мм","НФ-00003521","Пакет бумажный ЧЕРНЫЙ 260х150х350мм с ручкой (200)","НФ-00003521","Пакеты, упаковочные материалы","Бумажные пакеты с ручкой","","public_api","direct route GET for HTTP status/location/raw metadata/canonical; identity, hierarchy, title and h1 from public API"
"https://clover-spb.ru/product/%D0%9D%D0%A4-00003012","/product/%D0%9D%D0%A4-00003012","200","","","Пакет бумажный с круч. ручкой черный 240х140х280мм","Пакет бумажный с круч. ручкой черный 240х140х280мм","Хозтовары, упаковка и химия для HoReCa | КЛЕВЕР","","product","Пакет бумажный с круч. ручкой черный 240х140х280мм","НФ-00003012","Пакет бумажный ЧЕРНЫЙ 240х140х280мм 70гр с ручкой (300)","НФ-00003012","Пакеты, упаковочные материалы","Бумажные пакеты с ручкой","","public_api","direct route GET for HTTP status/location/raw metadata/canonical; identity, hierarchy, title and h1 from public API"
"https://clover-spb.ru/product/%D0%9D%D0%A4-00003075","/product/%D0%9D%D0%A4-00003075","200","","","Пакет бумажный с ручкой 350х150х450мм крафт","Пакет бумажный с ручкой 350х150х450мм крафт","Хозтовары, упаковка и химия для HoReCa | КЛЕВЕР","","product","Пакет бумажный с ручкой 350х150х450мм крафт","НФ-00003075","Пакет бумажный с ручкой 350х150х450мм крафт (200)","НФ-00003075","Пакеты, упаковочные материалы","Бумажные пакеты с ручкой","","public_api","direct route GET for HTTP status/location/raw metadata/canonical; identity, hierarchy, title and h1 from public API"
"https://clover-spb.ru/product/%D0%9D%D0%A4-00002201","/product/%D0%9D%D0%A4-00002201","200","","","Пакет бумажный с плоской ручкой 280х150х320мм крафт","Пакет бумажный с плоской ручкой 280х150х320мм крафт","Хозтовары, упаковка и химия для HoReCa | КЛЕВЕР","","product","Пакет бумажный с плоской ручкой 280х150х320мм крафт","НФ-00002201","Пакет бумажный с пл. ручкой 280х150х320 крафт КП (200)","НФ-00002201","Пакеты, упаковочные материалы","Бумажные пакеты с ручкой","","public_api","direct route GET for HTTP status/location/raw metadata/canonical; identity, hierarchy, title and h1 from public API"
"https://clover-spb.ru/product/%D0%9D%D0%A4-00001000","/product/%D0%9D%D0%A4-00001000","200","","","Пакет бумажный с окном 170х70х290мм бежевый","Пакет бумажный с окном 170х70х290мм бежевый","Хозтовары, упаковка и химия для HoReCa | КЛЕВЕР","","product","Пакет бумажный с окном 170х70х290мм бежевый","НФ-00001000","Пакет бумажный С ОКНОМ 170х70х290 бежевый (1500шт)","НФ-00001000","Пакеты, упаковочные материалы","Бумажные пакеты без ручки","","public_api","direct route GET for HTTP status/location/raw metadata/canonical; identity, hierarchy, title and h1 from public API"
"https://clover-spb.ru/product/%D0%9D%D0%A4-00000997","/product/%D0%9D%D0%A4-00000997","200","","","Пакет бумажный с окном 140х90х240мм бежевый","Пакет бумажный с окном 140х90х240мм бежевый","Хозтовары, упаковка и химия для HoReCa | КЛЕВЕР","","product","Пакет бумажный с окном 140х90х240мм бежевый","НФ-00000997","Пакет бумажный С ОКНОМ 140х90х240 бежевый (2500шт)","НФ-00000997","Пакеты, упаковочные материалы","Бумажные пакеты без ручки","","public_api","direct route GET for HTTP status/location/raw metadata/canonical; identity, hierarchy, title and h1 from public API"
"https://clover-spb.ru/product/%D0%9D%D0%A4-00003655","/product/%D0%9D%D0%A4-00003655","200","","","Пакет бумажный с круч. ручкой 280х150х320мм крафт","Пакет бумажный с круч. ручкой 280х150х320мм крафт","Хозтовары, упаковка и химия для HoReCa | КЛЕВЕР","","product","Пакет бумажный с круч. ручкой 280х150х320мм крафт","НФ-00003655","Пакет бумажный с КРУЧ. ручкой 280х150х320 крафт (300)","НФ-00003655","Пакеты, упаковочные материалы","Бумажные пакеты с ручкой","","public_api","direct route GET for HTTP status/location/raw metadata/canonical; identity, hierarchy, title and h1 from public API"
"https://clover-spb.ru/product/%D0%9D%D0%A4-00003418","/product/%D0%9D%D0%A4-00003418","200","","","Пакет бумажный с круч. ручкой 320х200х370мм крафт","Пакет бумажный с круч. ручкой 320х200х370мм крафт","Хозтовары, упаковка и химия для HoReCa | КЛЕВЕР","","product","Пакет бумажный с круч. ручкой 320х200х370мм крафт","НФ-00003418","Пакет бумажный с кр. ручкой 320х200х370 крафт КП (200)","НФ-00003418","Пакеты, упаковочные материалы","Бумажные пакеты с ручкой","","public_api","direct route GET for HTTP status/location/raw metadata/canonical; identity, hierarchy, title and h1 from public API"
"https://clover-spb.ru/product/%D0%9D%D0%A4-00003417","/product/%D0%9D%D0%A4-00003417","200","","","Пакет бумажный с круч. ручкой 240х140х280мм крафт","Пакет бумажный с круч. ручкой 240х140х280мм крафт","Хозтовары, упаковка и химия для HoReCa | КЛЕВЕР","","product","Пакет бумажный с круч. ручкой 240х140х280мм крафт","НФ-00003417","Пакет бумажный с кр. ручкой 240х140х280 крафт КП (250)","НФ-00003417","Пакеты, упаковочные материалы","Бумажные пакеты с ручкой","","public_api","direct route GET for HTTP status/location/raw metadata/canonical; identity, hierarchy, title and h1 from public API"
"https://clover-spb.ru/product/%D0%9D%D0%A4-00000517","/product/%D0%9D%D0%A4-00000517","200","","","Пакет бумажный крафт 90х40х205мм","Пакет бумажный крафт 90х40х205мм","Хозтовары, упаковка и химия для HoReCa | КЛЕВЕР","","product","Пакет бумажный крафт 90х40х205мм","НФ-00000517","Пакет бумажный крафт 90х40х205мм (100/3000)","НФ-00000517","Пакеты, упаковочные материалы","Бумажные пакеты без ручки","","public_api","direct route GET for HTTP status/location/raw metadata/canonical; identity, hierarchy, title and h1 from public API"
"https://clover-spb.ru/product/%D0%9D%D0%A4-00002493","/product/%D0%9D%D0%A4-00002493","200","","","Пакет бумажный для хот - дога 215 мм х 85 мм","Пакет бумажный для хот - дога 215 мм х 85 мм","Хозтовары, упаковка и химия для HoReCa | КЛЕВЕР","","product","Пакет бумажный для хот - дога 215 мм х 85 мм","НФ-00002493","Пакет бумажный для хот - дога 215 мм х 85 мм (100шт/3000шт)","НФ-00002493","Пакеты, упаковочные материалы","Бумажные пакеты без ручки","","public_api","direct route GET for HTTP status/location/raw metadata/canonical; identity, hierarchy, title and h1 from public API"
"https://clover-spb.ru/product/%D0%9D%D0%A4-00002820","/product/%D0%9D%D0%A4-00002820","200","","","Пакет бумажный круч. с ручкой 240х140х280мм белый","Пакет бумажный круч. с ручкой 240х140х280мм белый","Хозтовары, упаковка и химия для HoReCa | КЛЕВЕР","","product","Пакет бумажный круч. с ручкой 240х140х280мм белый","НФ-00002820","Пакет бумажный БЕЛЫЙ с ручкой 240х140х280мм (300)","НФ-00002820","Пакеты, упаковочные материалы","Бумажные пакеты с ручкой","","public_api","direct route GET for HTTP status/location/raw metadata/canonical; identity, hierarchy, title and h1 from public API"
"https://clover-spb.ru/product/%D0%9D%D0%A4-00003061","/product/%D0%9D%D0%A4-00003061","200","","","Пакет бумажный белый 90х40х205мм","Пакет бумажный белый 90х40х205мм","Хозтовары, упаковка и химия для HoReCa | КЛЕВЕР","","product","Пакет бумажный белый 90х40х205мм","НФ-00003061","Пакет бумажный белый 90х40х205мм (100шт/2000шт)","НФ-00003061","Пакеты, упаковочные материалы","Бумажные пакеты без ручки","","public_api","direct route GET for HTTP status/location/raw metadata/canonical; identity, hierarchy, title and h1 from public API"
"https://clover-spb.ru/product/%D0%9D%D0%A4-00002184","/product/%D0%9D%D0%A4-00002184","200","","","Пакет бумажный 90х40х220мм ""Приятного аппетита"" с рисунком","Пакет бумажный 90х40х220мм ""Приятного аппетита"" с рисунком","Хозтовары, упаковка и химия для HoReCa | КЛЕВЕР","","product","Пакет бумажный 90х40х220мм ""Приятного аппетита"" с рисунком","НФ-00002184","Пакет бумажный 90х40х220 ""Приятного аппетита"" с рисунком (100/2500)","НФ-00002184","Пакеты, упаковочные материалы","Бумажные пакеты без ручки","","public_api","direct route GET for HTTP status/location/raw metadata/canonical; identity, hierarchy, title and h1 from public API"
"https://clover-spb.ru/product/%D0%9D%D0%A4-00003634","/product/%D0%9D%D0%A4-00003634","200","","","Пакет бумажный 220х120х280мм крафт 70гр/м2","Пакет бумажный 220х120х280мм крафт 70гр/м2","Хозтовары, упаковка и химия для HoReCa | КЛЕВЕР","","product","Пакет бумажный 220х120х280мм крафт 70гр/м2","НФ-00003634","Пакет бумажный 220х120х280 мм крафт 70гр/м2 (700) !","НФ-00003634","Пакеты, упаковочные материалы","Бумажные пакеты без ручки","","public_api","direct route GET for HTTP status/location/raw metadata/canonical; identity, hierarchy, title and h1 from public API"
"https://clover-spb.ru/product/%D0%9D%D0%A4-00000643","/product/%D0%9D%D0%A4-00000643","200","","","Пакет бумажный 180х120х290мм крафт 70гр/м2","Пакет бумажный 180х120х290мм крафт 70гр/м2","Хозтовары, упаковка и химия для HoReCa | КЛЕВЕР","","product","Пакет бумажный 180х120х290мм крафт 70гр/м2","НФ-00000643","Пакет бумажный 180х120х290 мм крафт 70гр (700)","НФ-00000643","Пакеты, упаковочные материалы","Бумажные пакеты без ручки","","public_api","direct route GET for HTTP status/location/raw metadata/canonical; identity, hierarchy, title and h1 from public API"
"https://clover-spb.ru/product/%D0%9D%D0%A4-00000891","/product/%D0%9D%D0%A4-00000891","200","","","Пакет бумажный 150х95х300мм крафт 70гр/м2","Пакет бумажный 150х95х300мм крафт 70гр/м2","Хозтовары, упаковка и химия для HoReCa | КЛЕВЕР","","product","Пакет бумажный 150х95х300мм крафт 70гр/м2","НФ-00000891","Пакет бумажный 150х95х300 мм крафт (900)","НФ-00000891","Пакеты, упаковочные материалы","Бумажные пакеты без ручки","","public_api","direct route GET for HTTP status/location/raw metadata/canonical; identity, hierarchy, title and h1 from public API"
"https://clover-spb.ru/product/%D0%9D%D0%A4-00000659","/product/%D0%9D%D0%A4-00000659","200","","","Пакет бумажный 120х80х250мм крафт 70гр/м2","Пакет бумажный 120х80х250мм крафт 70гр/м2","Хозтовары, упаковка и химия для HoReCa | КЛЕВЕР","","product","Пакет бумажный 120х80х250мм крафт 70гр/м2","НФ-00000659","Пакет бумажный 120х80х250мм крафт с прямоугольным дном (1200)","НФ-00000659","Пакеты, упаковочные материалы","Бумажные пакеты без ручки","","public_api","direct route GET for HTTP status/location/raw metadata/canonical; identity, hierarchy, title and h1 from public API"
"https://clover-spb.ru/product/%D0%9D%D0%A4-00001831","/product/%D0%9D%D0%A4-00001831","200","","","Пакет БОПП 70х225 + 50мм клеевой клапан 25мкм","Пакет БОПП 70х225 + 50мм клеевой клапан 25мкм","Хозтовары, упаковка и химия для HoReCa | КЛЕВЕР","","product","Пакет БОПП 70х225 + 50мм клеевой клапан 25мкм","НФ-00001831","Пакет БОПП 70х225 + 50мм клеевой клапан 25мкм (500)","НФ-00001831","Пакеты, упаковочные материалы","Прочее","","public_api","direct route GET for HTTP status/location/raw metadata/canonical; identity, hierarchy, title and h1 from public API"
"https://clover-spb.ru/product/%D0%9D%D0%A4-00000605","/product/%D0%9D%D0%A4-00000605","200","","","Пакет - майка черный ""ФА""","Пакет - майка черный ""ФА""","Хозтовары, упаковка и химия для HoReCa | КЛЕВЕР","","product","Пакет - майка черный ""ФА""","НФ-00000605","Пакет - майка черный ""ФА"" (100/1000)","НФ-00000605","Пакеты, упаковочные материалы","Пакеты-майки","","public_api","direct route GET for HTTP status/location/raw metadata/canonical; identity, hierarchy, title and h1 from public API"
"https://clover-spb.ru/product/%D0%9D%D0%A4-00000039","/product/%D0%9D%D0%A4-00000039","200","","","Пакет - майка черная ПНД 30х16х60см","Пакет - майка черная ПНД 30х16х60см","Хозтовары, упаковка и химия для HoReCa | КЛЕВЕР","","product","Пакет - майка черная ПНД 30х16х60см","НФ-00000039","Пакет - майка черная ПНД 30х16х60 (100/2000)","НФ-00000039","Пакеты, упаковочные материалы","Пакеты-майки","","public_api","direct route GET for HTTP status/location/raw metadata/canonical; identity, hierarchy, title and h1 from public API"
"https://clover-spb.ru/product/%D0%9D%D0%A4-00002816","/product/%D0%9D%D0%A4-00002816","200","","","Пакет - майка черная ПНД 24х14х44см","Пакет - майка черная ПНД 24х14х44см","Хозтовары, упаковка и химия для HoReCa | КЛЕВЕР","","product","Пакет - майка черная ПНД 24х14х44см","НФ-00002816","Пакет - майка ЧЕРНАЯ ПНД 24х14х44 МИНИ (100/2000)","НФ-00002816","Пакеты, упаковочные материалы","Пакеты-майки","","public_api","direct route GET for HTTP status/location/raw metadata/canonical; identity, hierarchy, title and h1 from public API"
"https://clover-spb.ru/product/%D0%9D%D0%A4-00003021","/product/%D0%9D%D0%A4-00003021","200","","","Пакет - майка синяя ПНД 24х14х44см","Пакет - майка синяя ПНД 24х14х44см","Хозтовары, упаковка и химия для HoReCa | КЛЕВЕР","","product","Пакет - майка синяя ПНД 24х14х44см","НФ-00003021","Пакет - майка СИНЯЯ ПНД 24х14х44 МИНИ (100/5000)","НФ-00003021","Пакеты, упаковочные материалы","Пакеты-майки","","public_api","direct route GET for HTTP status/location/raw metadata/canonical; identity, hierarchy, title and h1 from public API"
"https://clover-spb.ru/product/%D0%9D%D0%A4-00000468","/product/%D0%9D%D0%A4-00000468","200","","","Пакет - майка под коробку для пиццы 32+24х60см 14 мкм прозрачная","Пакет - майка под коробку для пиццы 32+24х60см 14 мкм прозрачная","Хозтовары, упаковка и химия для HoReCa | КЛЕВЕР","","product","Пакет - майка под коробку для пиццы 32+24х60см 14 мкм прозрачная","НФ-00000468","Пакет - майка под коробку для пиццы 32+24х60см 14 мкм прозрачная (100)","НФ-00000468","Пакеты, упаковочные материалы","Пакеты-майки","","public_api","direct route GET for HTTP status/location/raw metadata/canonical; identity, hierarchy, title and h1 from public API"
"https://clover-spb.ru/product/%D0%9D%D0%A4-00000217","/product/%D0%9D%D0%A4-00000217","200","","","Пакет - майка ПНД 37х16х67мм ""Полоса"" белая","Пакет - майка ПНД 37х16х67мм ""Полоса"" белая","Хозтовары, упаковка и химия для HoReCa | КЛЕВЕР","","product","Пакет - майка ПНД 37х16х67мм ""Полоса"" белая","НФ-00000217","Пакет - майка ПНД 37х16х67 ""Полоса"" белая (100/1000)","НФ-00000217","Пакеты, упаковочные материалы","Пакеты-майки","","public_api","direct route GET for HTTP status/location/raw metadata/canonical; identity, hierarchy, title and h1 from public API"
"https://clover-spb.ru/product/%D0%9D%D0%A4-00002817","/product/%D0%9D%D0%A4-00002817","200","","","Пакет - майка ПНД ""Спасибо за покупку"" 28х14х50см белая","Пакет - майка ПНД ""Спасибо за покупку"" 28х14х50см белая","Хозтовары, упаковка и химия для HoReCa | КЛЕВЕР","","product","Пакет - майка ПНД ""Спасибо за покупку"" 28х14х50см белая","НФ-00002817","Пакет - майка ПНД ""Спасибо за покупку"" 28 см х 50 см БЕЛАЯ (100/5000)","НФ-00002817","Пакеты, упаковочные материалы","Пакеты-майки","","public_api","direct route GET for HTTP status/location/raw metadata/canonical; identity, hierarchy, title and h1 from public API"
"https://clover-spb.ru/product/%D0%9D%D0%A4-00000858","/product/%D0%9D%D0%A4-00000858","200","","","Пакет - майка красный ""ФА""","Пакет - майка красный ""ФА""","Хозтовары, упаковка и химия для HoReCa | КЛЕВЕР","","product","Пакет - майка красный ""ФА""","НФ-00000858","Пакет - майка красный ""ФА"" (100шт)","НФ-00000858","Пакеты, упаковочные материалы","Пакеты-майки","","public_api","direct route GET for HTTP status/location/raw metadata/canonical; identity, hierarchy, title and h1 from public API"
"https://clover-spb.ru/product/%D0%9D%D0%A4-00002308","/product/%D0%9D%D0%A4-00002308","200","","","Пакет - майка красная ПНД 24х14х44см","Пакет - майка красная ПНД 24х14х44см","Хозтовары, упаковка и химия для HoReCa | КЛЕВЕР","","product","Пакет - майка красная ПНД 24х14х44см","НФ-00002308","Пакет - майка КРАСНАЯ ПНД 24х14х44 МИНИ (100/5000)","НФ-00002308","Пакеты, упаковочные материалы","Пакеты-майки","","public_api","direct route GET for HTTP status/location/raw metadata/canonical; identity, hierarchy, title and h1 from public API"
"https://clover-spb.ru/product/%D0%9D%D0%A4-00001107","/product/%D0%9D%D0%A4-00001107","200","","","Пакет - майка  43+21х69см черная 40мкм","Пакет - майка  43+21х69см черная 40мкм","Хозтовары, упаковка и химия для HoReCa | КЛЕВЕР","","product","Пакет - майка  43+21х69см черная 40мкм","НФ-00001107","Пакет - майка БМВ 43+21х69см 40мкм БЕЗ ПЕЧАТИ (50/250)","НФ-00001107","Пакеты, упаковочные материалы","Пакеты-майки","","public_api","direct route GET for HTTP status/location/raw metadata/canonical; identity, hierarchy, title and h1 from public API"
"https://clover-spb.ru/product/%D0%9D%D0%A4-00000571","/product/%D0%9D%D0%A4-00000571","200","","","Пакет - майка белая ПНД 30х16х60см","Пакет - майка белая ПНД 30х16х60см","Хозтовары, упаковка и химия для HoReCa | КЛЕВЕР","","product","Пакет - майка белая ПНД 30х16х60см","НФ-00000571","Пакет - майка белая ПНД 30х16х60 (100/3000)","НФ-00000571","Пакеты, упаковочные материалы","Пакеты-майки","","public_api","direct route GET for HTTP status/location/raw metadata/canonical; identity, hierarchy, title and h1 from public API"
"https://clover-spb.ru/product/%D0%9D%D0%A4-00000340","/product/%D0%9D%D0%A4-00000340","200","","","Пакет - майка белая ПНД 28х12х50см 13мкм","Пакет - майка белая ПНД 28х12х50см 13мкм","Хозтовары, упаковка и химия для HoReCa | КЛЕВЕР","","product","Пакет - майка белая ПНД 28х12х50см 13мкм","НФ-00000340","Пакет - майка белая ПНД 28х12х50 13 мкм (100/2000)","НФ-00000340","Пакеты, упаковочные материалы","Пакеты-майки","","public_api","direct route GET for HTTP status/location/raw metadata/canonical; identity, hierarchy, title and h1 from public API"
"https://clover-spb.ru/product/%D0%9D%D0%A4-00000766","/product/%D0%9D%D0%A4-00000766","200","","","Пакет - майка белая ПНД 24х14х44см","Пакет - майка белая ПНД 24х14х44см","Хозтовары, упаковка и химия для HoReCa | КЛЕВЕР","","product","Пакет - майка белая ПНД 24х14х44см","НФ-00000766","Пакет - майка БЕЛАЯ ПНД 24х14х44 МИНИ (100/2000)","НФ-00000766","Пакеты, упаковочные материалы","Пакеты-майки","","public_api","direct route GET for HTTP status/location/raw metadata/canonical; identity, hierarchy, title and h1 from public API"
"https://clover-spb.ru/product/%D0%9D%D0%A4-00000554","/product/%D0%9D%D0%A4-00000554","200","","","Очиститель - полироль для деревянных поверхностей TORUS 600мл","Очиститель - полироль для деревянных поверхностей TORUS 600мл","Хозтовары, упаковка и химия для HoReCa | КЛЕВЕР","","product","Очиститель - полироль для деревянных поверхностей TORUS 600мл","НФ-00000554","Очиститель - полироль для дер. мебели ""Торус"" 600 мл (8)","НФ-00000554","Химия, чистящие средства","Универсальные","","public_api","direct route GET for HTTP status/location/raw metadata/canonical; identity, hierarchy, title and h1 from public API"
"https://clover-spb.ru/product/%D0%9D%D0%A4-00000662","/product/%D0%9D%D0%A4-00000662","200","","","Отбеливатель для белья БОС порошок 600гр","Отбеливатель для белья БОС порошок 600гр","Хозтовары, упаковка и химия для HoReCa | КЛЕВЕР","","product","Отбеливатель для белья БОС порошок 600гр","НФ-00000662","Отбеливатель для белья БОС порошок 600 гр (30)","НФ-00000662","Химия, чистящие средства","Порошки","","public_api","direct route GET for HTTP status/location/raw metadata/canonical; identity, hierarchy, title and h1 from public API"
"https://clover-spb.ru/product/%D0%9D%D0%A4-00000402","/product/%D0%9D%D0%A4-00000402","200","","","Освежитель воздуха ДОРЕМИ клубника со сливками 330мл","Освежитель воздуха ДОРЕМИ клубника со сливками 330мл","Хозтовары, упаковка и химия для HoReCa | КЛЕВЕР","","product","Освежитель воздуха ДОРЕМИ клубника со сливками 330мл","НФ-00000402","Освежитель воздуха ДОРЕМИ клубника со сливками 330мл (12)","НФ-00000402","Химия, чистящие средства","Освежители воздуха","","public_api","direct route GET for HTTP status/location/raw metadata/canonical; identity, hierarchy, title and h1 from public API"
"https://clover-spb.ru/product/%D0%9D%D0%A4-00000549","/product/%D0%9D%D0%A4-00000549","200","","","Освежитель воздуха ДОРЕМИ зеленое яблоко 330мл","Освежитель воздуха ДОРЕМИ зеленое яблоко 330мл","Хозтовары, упаковка и химия для HoReCa | КЛЕВЕР","","product","Освежитель воздуха ДОРЕМИ зеленое яблоко 330мл","НФ-00000549","Освежитель воздуха ДОРЕМИ зеленое яблоко 330мл (12)","НФ-00000549","Химия, чистящие средства","Освежители воздуха","","public_api","direct route GET for HTTP status/location/raw metadata/canonical; identity, hierarchy, title and h1 from public API"
"https://clover-spb.ru/product/%D0%9D%D0%A4-00000860","/product/%D0%9D%D0%A4-00000860","200","","","Освежитель воздуха ДОРЕМИ ванильный коктейль 330мл","Освежитель воздуха ДОРЕМИ ванильный коктейль 330мл","Хозтовары, упаковка и химия для HoReCa | КЛЕВЕР","","product","Освежитель воздуха ДОРЕМИ ванильный коктейль 330мл","НФ-00000860","Освежитель воздуха ДОРЕМИ ванильный коктейль 330мл (12)","НФ-00000860","Химия, чистящие средства","Освежители воздуха","","public_api","direct route GET for HTTP status/location/raw metadata/canonical; identity, hierarchy, title and h1 from public API"
"https://clover-spb.ru/product/%D0%9D%D0%A4-00000091","/product/%D0%9D%D0%A4-00000091","200","","","Освежитель воздуха Alpen в ассортименте 300мл","Освежитель воздуха Alpen в ассортименте 300мл","Хозтовары, упаковка и химия для HoReCa | КЛЕВЕР","","product","Освежитель воздуха Alpen в ассортименте 300мл","НФ-00000091","Освежитель воздуха Alpen в ассортименте 300мл (12)","НФ-00000091","Химия, чистящие средства","Освежители воздуха","","public_api","direct route GET for HTTP status/location/raw metadata/canonical; identity, hierarchy, title and h1 from public API"
"https://clover-spb.ru/product/%D0%9D%D0%A4-00000828","/product/%D0%9D%D0%A4-00000828","200","","","Опрыскиватель с триггером 570мл","Опрыскиватель с триггером 570мл","Хозтовары, упаковка и химия для HoReCa | КЛЕВЕР","","product","Опрыскиватель с триггером 570мл","НФ-00000828","Опрыскиватель с триггером 570мл","НФ-00000828","Хозяйственные товары","Прочее","","public_api","direct route GET for HTTP status/location/raw metadata/canonical; identity, hierarchy, title and h1 from public API"
"https://clover-spb.ru/product/%D0%9D%D0%A4-00002580","/product/%D0%9D%D0%A4-00002580","200","","","Ножницы Workmate 188 мм пластиковые прорезиненные черные ручки","Ножницы Workmate 188 мм пластиковые прорезиненные черные ручки","Хозтовары, упаковка и химия для HoReCa | КЛЕВЕР","","product","Ножницы Workmate 188 мм пластиковые прорезиненные черные ручки","НФ-00002580","Ножницы Workmate 188 мм пластиковые прорезиненные черные ручки","НФ-00002580","Канцелярские товары","","","public_api","direct route GET for HTTP status/location/raw metadata/canonical; identity, hierarchy, title and h1 from public API"
"https://clover-spb.ru/product/%D0%9D%D0%A4-00000859","/product/%D0%9D%D0%A4-00000859","200","","","Ножницы Workmate 170 мм пластиковые черные ручки","Ножницы Workmate 170 мм пластиковые черные ручки","Хозтовары, упаковка и химия для HoReCa | КЛЕВЕР","","product","Ножницы Workmate 170 мм пластиковые черные ручки","НФ-00000859","Ножницы Workmate 170 мм пластиковые черные ручки","НФ-00000859","Канцелярские товары","","","public_api","direct route GET for HTTP status/location/raw metadata/canonical; identity, hierarchy, title and h1 from public API"
"https://clover-spb.ru/product/%D0%9D%D0%A4-00003464","/product/%D0%9D%D0%A4-00003464","200","","","Нож черный пластиковый в инд.упаковке","Нож черный пластиковый в инд.упаковке","Хозтовары, упаковка и химия для HoReCa | КЛЕВЕР","","product","Нож черный пластиковый в инд.упаковке","НФ-00003464","Нож черный пластиковый в инд.упаковке (300)","НФ-00003464","Одноразовая посуда","Столовые приборы","","public_api","direct route GET for HTTP status/location/raw metadata/canonical; identity, hierarchy, title and h1 from public API"
"https://clover-spb.ru/product/%D0%9D%D0%A4-00003193","/product/%D0%9D%D0%A4-00003193","200","","","Нож черный 17,5см матовый","Нож черный 17,5см матовый","Хозтовары, упаковка и химия для HoReCa | КЛЕВЕР","","product","Нож черный 17,5см матовый","НФ-00003193","Нож черный матовый (50/1000)","НФ-00003193","Одноразовая посуда","Столовые приборы","","public_api","direct route GET for HTTP status/location/raw metadata/canonical; identity, hierarchy, title and h1 from public API"
"https://clover-spb.ru/product/%D0%9D%D0%A4-00000660","/product/%D0%9D%D0%A4-00000660","200","","","Нож пластиковый 18см черный","Нож пластиковый 18см черный","Хозтовары, упаковка и химия для HoReCa | КЛЕВЕР","","product","Нож пластиковый 18см черный","НФ-00000660","Нож пластиковый черный (50/2500)","НФ-00000660","Канцелярские товары","","","public_api","direct route GET for HTTP status/location/raw metadata/canonical; identity, hierarchy, title and h1 from public API"
"https://clover-spb.ru/product/%D0%9D%D0%A4-00000688","/product/%D0%9D%D0%A4-00000688","200","","","Нож пластиковый 18см прозрачный","Нож пластиковый 18см прозрачный","Хозтовары, упаковка и химия для HoReCa | КЛЕВЕР","","product","Нож пластиковый 18см прозрачный","НФ-00000688","Нож пластиковый 18см прозрачный (50/2500)","НФ-00000688","Канцелярские товары","","","public_api","direct route GET for HTTP status/location/raw metadata/canonical; identity, hierarchy, title and h1 from public API"
"https://clover-spb.ru/product/%D0%9D%D0%A4-00003499","/product/%D0%9D%D0%A4-00003499","200","","","Нож канцелярский Workmate 18мм в инд. упаковке","Нож канцелярский Workmate 18мм в инд. упаковке","Хозтовары, упаковка и химия для HoReCa | КЛЕВЕР","","product","Нож канцелярский Workmate 18мм в инд. упаковке","НФ-00003499","Нож канцелярский Workmate 18 мм в картонной инд. упаковке (30/240)","НФ-00003499","Канцелярские товары","","","public_api","direct route GET for HTTP status/location/raw metadata/canonical; identity, hierarchy, title and h1 from public API"
"https://clover-spb.ru/product/%D0%9D%D0%A4-00000527","/product/%D0%9D%D0%A4-00000527","200","","","Нож канцелярский 18мм c фиксатором","Нож канцелярский 18мм c фиксатором","Хозтовары, упаковка и химия для HoReCa | КЛЕВЕР","","product","Нож канцелярский 18мм c фиксатором","НФ-00000527","Нож канцелярский 18 мм c фиксатором (20)","НФ-00000527","Канцелярские товары","","","public_api","direct route GET for HTTP status/location/raw metadata/canonical; identity, hierarchy, title and h1 from public API"
"https://clover-spb.ru/product/%D0%9D%D0%A4-00000880","/product/%D0%9D%D0%A4-00000880","200","","","Нож для чистки овощей и фруктов","Нож для чистки овощей и фруктов","Хозтовары, упаковка и химия для HoReCa | КЛЕВЕР","","product","Нож для чистки овощей и фруктов","НФ-00000880","Нож для чистки овощей и фруктов","НФ-00000880","Одноразовая посуда","Столовые приборы","","public_api","direct route GET for HTTP status/location/raw metadata/canonical; identity, hierarchy, title and h1 from public API"
"https://clover-spb.ru/product/%D0%9D%D0%A4-00000042","/product/%D0%9D%D0%A4-00000042","200","","","Нож пластиковый белый","Нож пластиковый белый","Хозтовары, упаковка и химия для HoReCa | КЛЕВЕР","","product","Нож пластиковый белый","НФ-00000042","Нож белый (100/2000)","НФ-00000042","Одноразовая посуда","Столовые приборы","","public_api","direct route GET for HTTP status/location/raw metadata/canonical; identity, hierarchy, title and h1 from public API"
"https://clover-spb.ru/product/%D0%9D%D0%A4-00000200","/product/%D0%9D%D0%A4-00000200","200","","","НИКА-2 5 л","НИКА-2 5 л","Хозтовары, упаковка и химия для HoReCa | КЛЕВЕР","","product","НИКА-2 5 л","НФ-00000200","НИКА-2 5 л (4)","НФ-00000200","Химия, чистящие средства","Универсальные","","public_api","direct route GET for HTTP status/location/raw metadata/canonical; identity, hierarchy, title and h1 from public API"
"https://clover-spb.ru/product/%D0%9D%D0%A4-00003439","/product/%D0%9D%D0%A4-00003439","200","","","Нарукавник одноразовый голубой 12мкм","Нарукавник одноразовый голубой 12мкм","Хозтовары, упаковка и химия для HoReCa | КЛЕВЕР","","product","Нарукавник одноразовый голубой 12мкм","НФ-00003439","Нарукавник одноразовый голубой 12 мкм (100)","НФ-00003439","Хозяйственные товары","Одноразовая одежда","","public_api","direct route GET for HTTP status/location/raw metadata/canonical; identity, hierarchy, title and h1 from public API"
"https://clover-spb.ru/product/%D0%9D%D0%A4-00000356","/product/%D0%9D%D0%A4-00000356","200","","","Накладная А5","Накладная А5","Хозтовары, упаковка и химия для HoReCa | КЛЕВЕР","","product","Накладная А5","НФ-00000356","Накладная А5","НФ-00000356","Канцелярские товары","","","public_api","direct route GET for HTTP status/location/raw metadata/canonical; identity, hierarchy, title and h1 from public API"
"https://clover-spb.ru/product/%D0%9D%D0%A4-00000258","/product/%D0%9D%D0%A4-00000258","200","","","Накладная А4","Накладная А4","Хозтовары, упаковка и химия для HoReCa | КЛЕВЕР","","product","Накладная А4","НФ-00000258","Накладная А4","НФ-00000258","Канцелярские товары","","","public_api","direct route GET for HTTP status/location/raw metadata/canonical; identity, hierarchy, title and h1 from public API"
"https://clover-spb.ru/product/%D0%9D%D0%A4-00003221","/product/%D0%9D%D0%A4-00003221","200","","","Набородник одноразовый cпанбонд на резинке белый","Набородник одноразовый cпанбонд на резинке белый","Хозтовары, упаковка и химия для HoReCa | КЛЕВЕР","","product","Набородник одноразовый cпанбонд на резинке белый","НФ-00003221","Набородник одноразовый cпанбонд на резинке белый (100)","НФ-00003221","Хозяйственные товары","Одноразовая одежда","","public_api","direct route GET for HTTP status/location/raw metadata/canonical; identity, hierarchy, title and h1 from public API"
"https://clover-spb.ru/product/%D0%9D%D0%A4-00000974","/product/%D0%9D%D0%A4-00000974","200","","","Набор щетка для пола и совок ловушка с высокой ручкой","Набор щетка для пола и совок ловушка с высокой ручкой","Хозтовары, упаковка и химия для HoReCa | КЛЕВЕР","","product","Набор щетка для пола и совок ловушка с высокой ручкой","НФ-00000974","Набор щетка для пола и совок ловушка с высокой ручкой","НФ-00000974","Хозяйственные товары","Швабры, щетки","","public_api","direct route GET for HTTP status/location/raw metadata/canonical; identity, hierarchy, title and h1 from public API"
"https://clover-spb.ru/product/%D0%9D%D0%A4-00002853","/product/%D0%9D%D0%A4-00002853","200","","","Набор прозр. приборов ""7"" (вилка, нож, ложка стол., зубочистка, соль, перец, салфетка)","Набор прозр. приборов ""7"" (вилка, нож, ложка стол., зубочистка, соль, перец, салфетка)","Хозтовары, упаковка и химия для HoReCa | КЛЕВЕР","","product","Набор прозр. приборов ""7"" (вилка, нож, ложка стол., зубочистка, соль, перец, салфетка)","НФ-00002853","Набор одноразовых прозрачных приборов ""7"" (300)","НФ-00002853","Одноразовая посуда","Столовые приборы","","public_api","direct route GET for HTTP status/location/raw metadata/canonical; identity, hierarchy, title and h1 from public API"
"https://clover-spb.ru/product/%D0%9D%D0%A4-00003618","/product/%D0%9D%D0%A4-00003618","200","","","Набор одноразовых матовых черных приборов ""5"" (вилка, нож, ложка стол., салфетка, зубочистка)","Набор одноразовых матовых черных приборов ""5"" (вилка, нож, ложка стол., салфетка, зубочистка)","Хозтовары, упаковка и химия для HoReCa | КЛЕВЕР","","product","Набор одноразовых матовых черных приборов ""5"" (вилка, нож, ложка стол., салфетка, зубочистка)","НФ-00003618","Набор одноразовых матовых черных приборов ""5"" (300)","НФ-00003618","Одноразовая посуда","Столовые приборы","","public_api","direct route GET for HTTP status/location/raw metadata/canonical; identity, hierarchy, title and h1 from public API"
"https://clover-spb.ru/product/%D0%9D%D0%A4-00002215","/product/%D0%9D%D0%A4-00002215","200","","","Набор одноразовых белых приборов ""5"" (вилка, стол. ложка, нож, зубочистка, салфетка)","Набор одноразовых белых приборов ""5"" (вилка, стол. ложка, нож, зубочистка, салфетка)","Хозтовары, упаковка и химия для HoReCa | КЛЕВЕР","","product","Набор одноразовых белых приборов ""5"" (вилка, стол. ложка, нож, зубочистка, салфетка)","НФ-00002215","Набор одноразовых белых приборов ""5"" (300)","НФ-00002215","Одноразовая посуда","Столовые приборы","","public_api","direct route GET for HTTP status/location/raw metadata/canonical; identity, hierarchy, title and h1 from public API"
"https://clover-spb.ru/product/%D0%9D%D0%A4-00000274","/product/%D0%9D%D0%A4-00000274","200","","","Набор для уборки - Совок + Щетка в ассортименте","Набор для уборки - Совок + Щетка в ассортименте","Хозтовары, упаковка и химия для HoReCa | КЛЕВЕР","","product","Набор для уборки - Совок + Щетка в ассортименте","НФ-00000274","Набор для уборки - Совок + Щетка","НФ-00000274","Хозяйственные товары","Швабры, щетки","","public_api","direct route GET for HTTP status/location/raw metadata/canonical; identity, hierarchy, title and h1 from public API"
"https://clover-spb.ru/product/%D0%9D%D0%A4-00003599","/product/%D0%9D%D0%A4-00003599","200","","","Набор белых приборов ""3"" (вилка, стол. ложка, салфетка) (300)","Набор белых приборов ""3"" (вилка, стол. ложка, салфетка) (300)","Хозтовары, упаковка и химия для HoReCa | КЛЕВЕР","","product","Набор белых приборов ""3"" (вилка, стол. ложка, салфетка) (300)","НФ-00003599","Набор белых приборов ""3"" (вилка, ложка, салфетка) (300)","НФ-00003599","Одноразовая посуда","Столовые приборы","","public_api","direct route GET for HTTP status/location/raw metadata/canonical; identity, hierarchy, title and h1 from public API"
"https://clover-spb.ru/product/%D0%9D%D0%A4-00003143","/product/%D0%9D%D0%A4-00003143","200","","","Мыло-пена Флородель S2 500мл","Мыло-пена Флородель S2 500мл","Хозтовары, упаковка и химия для HoReCa | КЛЕВЕР","","product","Мыло-пена Флородель S2 500мл","НФ-00003143","Мыло-пена Флородель S2 500 мл (8)","НФ-00003143","Химия, чистящие средства","Мыло","","public_api","direct route GET for HTTP status/location/raw metadata/canonical; identity, hierarchy, title and h1 from public API"
"https://clover-spb.ru/product/%D0%9D%D0%A4-00002630","/product/%D0%9D%D0%A4-00002630","200","","","Мыло-пена Keman S1 1л","Мыло-пена Keman S1 1л","Хозтовары, упаковка и химия для HoReCa | КЛЕВЕР","","product","Мыло-пена Keman S1 1л","НФ-00002630","Мыло-пена Keman S1 1л (6)","НФ-00002630","Химия, чистящие средства","Мыло","","public_api","direct route GET for HTTP status/location/raw metadata/canonical; identity, hierarchy, title and h1 from public API"
"https://clover-spb.ru/product/%D0%9D%D0%A4-00002290","/product/%D0%9D%D0%A4-00002290","200","","","Моп ТриоПлюс КомбиСпид 50см арт. 167296","Моп ТриоПлюс КомбиСпид 50см арт. 167296","Хозтовары, упаковка и химия для HoReCa | КЛЕВЕР","","product","Моп ТриоПлюс КомбиСпид 50см арт. 167296","НФ-00002290","Моп ТриоПлюс КомбиСпид 50см арт. 167296","НФ-00002290","Хозяйственные товары","Тряпки, мопы, полотенца","","public_api","direct route GET for HTTP status/location/raw metadata/canonical; identity, hierarchy, title and h1 from public API"
"https://clover-spb.ru/product/%D0%9D%D0%A4-00002174","/product/%D0%9D%D0%A4-00002174","200","","","Моп ТриоПлюс КомбиСпид 40см арт. 167295","Моп ТриоПлюс КомбиСпид 40см арт. 167295","Хозтовары, упаковка и химия для HoReCa | КЛЕВЕР","","product","Моп ТриоПлюс КомбиСпид 40см арт. 167295","НФ-00002174","Моп ТриоПлюс КомбиСпид 40см арт. 167295","НФ-00002174","Хозяйственные товары","Тряпки, мопы, полотенца","","public_api","direct route GET for HTTP status/location/raw metadata/canonical; identity, hierarchy, title and h1 from public API"
"https://clover-spb.ru/product/%D0%9D%D0%A4-00002902","/product/%D0%9D%D0%A4-00002902","200","","","Моп 40х13см хлопок+микрофибра Optiline","Моп 40х13см хлопок+микрофибра Optiline","Хозтовары, упаковка и химия для HoReCa | КЛЕВЕР","","product","Моп 40х13см хлопок+микрофибра Optiline","НФ-00002902","Моп 40х13см хлопок+микрофибра Optiline","НФ-00002902","Хозяйственные товары","Тряпки, мопы, полотенца","","public_api","direct route GET for HTTP status/location/raw metadata/canonical; identity, hierarchy, title and h1 from public API"
"https://clover-spb.ru/product/%D0%9D%D0%A4-00000110","/product/%D0%9D%D0%A4-00000110","200","","","Мистер Мускул - для стекол с триггером 500мл","Мистер Мускул - для стекол с триггером 500мл","Хозтовары, упаковка и химия для HoReCa | КЛЕВЕР","","product","Мистер Мускул - для стекол с триггером 500мл","НФ-00000110","Мистер Мускул - для стёкол с триггером зеленый 500 мл","НФ-00000110","Химия, чистящие средства","Для окон","","public_api","direct route GET for HTTP status/location/raw metadata/canonical; identity, hierarchy, title and h1 from public API"
"https://clover-spb.ru/product/%D0%9D%D0%A4-00003500","/product/%D0%9D%D0%A4-00003500","200","","","Миска белая пластиковая 475 мл Мистерия","Миска белая пластиковая 475 мл Мистерия","Хозтовары, упаковка и химия для HoReCa | КЛЕВЕР","","product","Миска белая пластиковая 475 мл Мистерия","НФ-00003500","Миска белая пластиковая 475 мл Мистерия (50/1000)","НФ-00003500","Одноразовая посуда","Тарелки, миски","","public_api","direct route GET for HTTP status/location/raw metadata/canonical; identity, hierarchy, title and h1 from public API"
"https://clover-spb.ru/product/%D0%9D%D0%A4-00002136","/product/%D0%9D%D0%A4-00002136","200","","","Мешок кондитерский голубой 55см 100шт","Мешок кондитерский голубой 55см 100шт","Хозтовары, упаковка и химия для HoReCa | КЛЕВЕР","","product","Мешок кондитерский голубой 55см 100шт","НФ-00002136","Мешок кондитерский СИНИЙ 55см в КОРОБКЕ (100шт)","НФ-00002136","Одноразовая посуда","Для кондитерских изделий","","public_api","direct route GET for HTTP status/location/raw metadata/canonical; identity, hierarchy, title and h1 from public API"
"https://clover-spb.ru/product/%D0%9D%D0%A4-00003377","/product/%D0%9D%D0%A4-00003377","200","","","Мешок кондитерский синий 53см 100шт","Мешок кондитерский синий 53см 100шт","Хозтовары, упаковка и химия для HoReCa | КЛЕВЕР","","product","Мешок кондитерский синий 53см 100шт","НФ-00003377","Мешок кондитерский СИНИЙ 53 см ПП (100шт) (8)","НФ-00003377","Одноразовая посуда","Для кондитерских изделий","","public_api","direct route GET for HTTP status/location/raw metadata/canonical; identity, hierarchy, title and h1 from public API"
"https://clover-spb.ru/product/%D0%9D%D0%A4-00003177","/product/%D0%9D%D0%A4-00003177","200","","","Мешок кондитерский прозрачный 45см 100шт","Мешок кондитерский прозрачный 45см 100шт","Хозтовары, упаковка и химия для HoReCa | КЛЕВЕР","","product","Мешок кондитерский прозрачный 45см 100шт","НФ-00003177","Мешок кондитерский ПРОЗРАЧНЫЙ 45 см (100шт)","НФ-00003177","Одноразовая посуда","Для кондитерских изделий","","public_api","direct route GET for HTTP status/location/raw metadata/canonical; identity, hierarchy, title and h1 from public API"
"https://clover-spb.ru/product/%D0%9D%D0%A4-00002828","/product/%D0%9D%D0%A4-00002828","200","","","Мешок кондитерский прозрачный 35см 100шт","Мешок кондитерский прозрачный 35см 100шт","Хозтовары, упаковка и химия для HoReCa | КЛЕВЕР","","product","Мешок кондитерский прозрачный 35см 100шт","НФ-00002828","Мешок кондитерский ПРОЗРАЧНЫЙ 35 см (100шт)","НФ-00002828","Одноразовая посуда","Для кондитерских изделий","","public_api","direct route GET for HTTP status/location/raw metadata/canonical; identity, hierarchy, title and h1 from public API"
"https://clover-spb.ru/product/%D0%9D%D0%A4-00000641","/product/%D0%9D%D0%A4-00000641","200","","","Маска медицинская 3х-сл. голубая","Маска медицинская 3х-сл. голубая","Хозтовары, упаковка и химия для HoReCa | КЛЕВЕР","","product","Маска медицинская 3х-сл. голубая","НФ-00000641","Маска медицинская 3х-слойная голубая (50)","НФ-00000641","Хозяйственные товары","Одноразовая одежда","","public_api","direct route GET for HTTP status/location/raw metadata/canonical; identity, hierarchy, title and h1 from public API"
"https://clover-spb.ru/product/%D0%9D%D0%A4-00002023","/product/%D0%9D%D0%A4-00002023","200","","","Маркер черный для белой магнитной доски 2-3мм","Маркер черный для белой магнитной доски 2-3мм","Хозтовары, упаковка и химия для HoReCa | КЛЕВЕР","","product","Маркер черный для белой магнитной доски 2-3мм","НФ-00002023","Маркер черный для белой магнитной доски 2-3мм (12шт)","НФ-00002023","Канцелярские товары","","","public_api","direct route GET for HTTP status/location/raw metadata/canonical; identity, hierarchy, title and h1 from public API"
"https://clover-spb.ru/product/%D0%9D%D0%A4-00002829","/product/%D0%9D%D0%A4-00002829","200","","","Маркер перманентный черный тонкий 1мм Centropen","Маркер перманентный черный тонкий 1мм Centropen","Хозтовары, упаковка и химия для HoReCa | КЛЕВЕР","","product","Маркер перманентный черный тонкий 1мм Centropen","НФ-00002829","Маркер перманентный черный тонкий 1мм Centropen (12)","НФ-00002829","Канцелярские товары","","","public_api","direct route GET for HTTP status/location/raw metadata/canonical; identity, hierarchy, title and h1 from public API"
"https://clover-spb.ru/product/%D0%9D%D0%A4-00000459","/product/%D0%9D%D0%A4-00000459","200","","","Маркер перманентный черный 2 - 2,5мм","Маркер перманентный черный 2 - 2,5мм","Хозтовары, упаковка и химия для HoReCa | КЛЕВЕР","","product","Маркер перманентный черный 2 - 2,5мм","НФ-00000459","Маркер перманентный черный 2 - 2,5мм (12)","НФ-00000459","Канцелярские товары","","","public_api","direct route GET for HTTP status/location/raw metadata/canonical; identity, hierarchy, title and h1 from public API"
"https://clover-spb.ru/product/%D0%9D%D0%A4-00000579","/product/%D0%9D%D0%A4-00000579","200","","","Маркер белый меловой MunHwa 3мм","Маркер белый меловой MunHwa 3мм","Хозтовары, упаковка и химия для HoReCa | КЛЕВЕР","","product","Маркер белый меловой MunHwa 3мм","НФ-00000579","Маркер белый меловой MunHwa 3мм","НФ-00000579","Канцелярские товары","","","public_api","direct route GET for HTTP status/location/raw metadata/canonical; identity, hierarchy, title and h1 from public API"
"https://clover-spb.ru/product/%D0%9D%D0%A4-00000408","/product/%D0%9D%D0%A4-00000408","200","","","Лоток для хот-дога ECO HD 165 х 70 х 40мм","Лоток для хот-дога ECO HD 165 х 70 х 40мм","Хозтовары, упаковка и химия для HoReCa | КЛЕВЕР","","product","Лоток для хот-дога ECO HD 165 х 70 х 40мм","НФ-00000408","Лоток для хот-дога ECO HD 165 х 70 х 40мм (50/1000)","НФ-00000408","Одноразовая посуда","Лотки","","public_api","direct route GET for HTTP status/location/raw metadata/canonical; identity, hierarchy, title and h1 from public API"
"https://clover-spb.ru/product/%D0%9D%D0%A4-00003397","/product/%D0%9D%D0%A4-00003397","200","","","Лоток горизонтальный для бумаг","Лоток горизонтальный для бумаг","Хозтовары, упаковка и химия для HoReCa | КЛЕВЕР","","product","Лоток горизонтальный для бумаг","НФ-00003397","Лоток горизонтальный для бумаг","НФ-00003397","Канцелярские товары","","","public_api","direct route GET for HTTP status/location/raw metadata/canonical; identity, hierarchy, title and h1 from public API"
"https://clover-spb.ru/product/%D0%9D%D0%A4-00000289","/product/%D0%9D%D0%A4-00000289","200","","","Лоток вертикальный для бумаг","Лоток вертикальный для бумаг","Хозтовары, упаковка и химия для HoReCa | КЛЕВЕР","","product","Лоток вертикальный для бумаг","НФ-00000289","Лоток вертикальный для бумаг","НФ-00000289","Канцелярские товары","","","public_api","direct route GET for HTTP status/location/raw metadata/canonical; identity, hierarchy, title and h1 from public API"
"https://clover-spb.ru/product/%D0%9D%D0%A4-00002109","/product/%D0%9D%D0%A4-00002109","200","","","Лоток бумажный ECO TRAY 800 крафт 115х220х42мм","Лоток бумажный ECO TRAY 800 крафт 115х220х42мм","Хозтовары, упаковка и химия для HoReCa | КЛЕВЕР","","product","Лоток бумажный ECO TRAY 800 крафт 115х220х42мм","НФ-00002109","Лоток бумажный ECO TRAY 800 крафт 115х220х42мм (100/800)","НФ-00002109","Одноразовая посуда","Лотки","","public_api","direct route GET for HTTP status/location/raw metadata/canonical; identity, hierarchy, title and h1 from public API"
"https://clover-spb.ru/product/%D0%9D%D0%A4-00002108","/product/%D0%9D%D0%A4-00002108","200","","","Лоток бумажный ECO TRAY 550 крафт 139х139х42мм","Лоток бумажный ECO TRAY 550 крафт 139х139х42мм","Хозтовары, упаковка и химия для HoReCa | КЛЕВЕР","","product","Лоток бумажный ECO TRAY 550 крафт 139х139х42мм","НФ-00002108","Лоток бумажный ECO TRAY 550 крафт 139х139х42мм DoEco (480шт)","НФ-00002108","Одноразовая посуда","Лотки","","public_api","direct route GET for HTTP status/location/raw metadata/canonical; identity, hierarchy, title and h1 from public API"
"https://clover-spb.ru/product/%D0%9D%D0%A4-00001959","/product/%D0%9D%D0%A4-00001959","200","","","Лоток бумажный 240х160х37мм зеленый","Лоток бумажный 240х160х37мм зеленый","Хозтовары, упаковка и химия для HoReCa | КЛЕВЕР","","product","Лоток бумажный 240х160х37мм зеленый","НФ-00001959","Лоток бумажный 240х160х37мм ЗЕЛЕНЫЙ (180)","НФ-00001959","Одноразовая посуда","Лотки","","public_api","direct route GET for HTTP status/location/raw metadata/canonical; identity, hierarchy, title and h1 from public API"
"https://clover-spb.ru/product/%D0%9D%D0%A4-00000331","/product/%D0%9D%D0%A4-00000331","200","","","Лоток 5 секций черный 223х279х50мм (крышка арт. 0223)","Лоток 5 секций черный 223х279х50мм (крышка арт. 0223)","Хозтовары, упаковка и химия для HoReCa | КЛЕВЕР","","product","Лоток 5 секций черный 223х279х50мм (крышка арт. 0223)","НФ-00000331","Лоток 5 секций черное дно (110)","НФ-00000331","Одноразовая посуда","Лотки","","public_api","direct route GET for HTTP status/location/raw metadata/canonical; identity, hierarchy, title and h1 from public API"
"https://clover-spb.ru/product/%D0%9D%D0%A4-00003463","/product/%D0%9D%D0%A4-00003463","200","","","Ложка черная пластиковая в инд.упаковке","Ложка черная пластиковая в инд.упаковке","Хозтовары, упаковка и химия для HoReCa | КЛЕВЕР","","product","Ложка черная пластиковая в инд.упаковке","НФ-00003463","Ложка черная пластиковая в инд.упаковке (300)","НФ-00003463","Одноразовая посуда","Столовые приборы","","public_api","direct route GET for HTTP status/location/raw metadata/canonical; identity, hierarchy, title and h1 from public API"
"https://clover-spb.ru/product/%D0%9D%D0%A4-00000299","/product/%D0%9D%D0%A4-00000299","200","","","Ложка черная пластиковая 18см матовая","Ложка черная пластиковая 18см матовая","Хозтовары, упаковка и химия для HoReCa | КЛЕВЕР","","product","Ложка черная пластиковая 18см матовая","НФ-00000299","Ложка черная матовая (50/1000)","НФ-00000299","Одноразовая посуда","Столовые приборы","","public_api","direct route GET for HTTP status/location/raw metadata/canonical; identity, hierarchy, title and h1 from public API"
"https://clover-spb.ru/product/%D0%9D%D0%A4-00003415","/product/%D0%9D%D0%A4-00003415","200","","","Ложка пластиковая чайная 12,5см черная","Ложка пластиковая чайная 12,5см черная","Хозтовары, упаковка и химия для HoReCa | КЛЕВЕР","","product","Ложка пластиковая чайная 12,5см черная","НФ-00003415","Ложка чайная/кофейная ЧЕРНАЯ (100/2000)","НФ-00003415","Одноразовая посуда","Столовые приборы","","public_api","direct route GET for HTTP status/location/raw metadata/canonical; identity, hierarchy, title and h1 from public API"
"https://clover-spb.ru/product/%D0%9D%D0%A4-00000044","/product/%D0%9D%D0%A4-00000044","200","","","Ложка чайная пластиковая 12,5см белая","Ложка чайная пластиковая 12,5см белая","Хозтовары, упаковка и химия для HoReCa | КЛЕВЕР","","product","Ложка чайная пластиковая 12,5см белая","НФ-00000044","Ложка чайная/кофейная белая (100/2000)","НФ-00000044","Одноразовая посуда","Столовые приборы","","public_api","direct route GET for HTTP status/location/raw metadata/canonical; identity, hierarchy, title and h1 from public API"
"https://clover-spb.ru/product/%D0%9D%D0%A4-00000804","/product/%D0%9D%D0%A4-00000804","200","","","Ложка чайная пластиковая 12,5см прозрачная","Ложка чайная пластиковая 12,5см прозрачная","Хозтовары, упаковка и химия для HoReCa | КЛЕВЕР","","product","Ложка чайная пластиковая 12,5см прозрачная","НФ-00000804","Ложка чайная прозрачная 12,5 см (100/3000)","НФ-00000804","Одноразовая посуда","Столовые приборы","","public_api","direct route GET for HTTP status/location/raw metadata/canonical; identity, hierarchy, title and h1 from public API"
"https://clover-spb.ru/product/%D0%9D%D0%A4-00000043","/product/%D0%9D%D0%A4-00000043","200","","","Ложка столовая пластиковая 16,5см белая","Ложка столовая пластиковая 16,5см белая","Хозтовары, упаковка и химия для HoReCa | КЛЕВЕР","","product","Ложка столовая пластиковая 16,5см белая","НФ-00000043","Ложка столовая белая (100/2000)","НФ-00000043","Одноразовая посуда","Столовые приборы","","public_api","direct route GET for HTTP status/location/raw metadata/canonical; identity, hierarchy, title and h1 from public API"
"https://clover-spb.ru/product/%D0%9D%D0%A4-00000499","/product/%D0%9D%D0%A4-00000499","200","","","Ложка пластиковая столовая 18см черная","Ложка пластиковая столовая 18см черная","Хозтовары, упаковка и химия для HoReCa | КЛЕВЕР","","product","Ложка пластиковая столовая 18см черная","НФ-00000499","Ложка пластиковая черная (50/2500)","НФ-00000499","Одноразовая посуда","Столовые приборы","","public_api","direct route GET for HTTP status/location/raw metadata/canonical; identity, hierarchy, title and h1 from public API"
"https://clover-spb.ru/product/%D0%9D%D0%A4-00000332","/product/%D0%9D%D0%A4-00000332","200","","","Ложка пластиковая столовая 18см прозрачная","Ложка пластиковая столовая 18см прозрачная","Хозтовары, упаковка и химия для HoReCa | КЛЕВЕР","","product","Ложка пластиковая столовая 18см прозрачная","НФ-00000332","Ложка пластиковая 18см прозрачная (50/2500)","НФ-00000332","Одноразовая посуда","Столовые приборы","","public_api","direct route GET for HTTP status/location/raw metadata/canonical; identity, hierarchy, title and h1 from public API"
"https://clover-spb.ru/product/%D0%9D%D0%A4-00000418","/product/%D0%9D%D0%A4-00000418","200","","","Липкая лента-ловушка от мух","Липкая лента-ловушка от мух","Хозтовары, упаковка и химия для HoReCa | КЛЕВЕР","","product","Липкая лента-ловушка от мух","НФ-00000418","Липкая лента-ловушка от мух (1шт)","НФ-00000418","Хозяйственные товары","Прочее","","public_api","direct route GET for HTTP status/location/raw metadata/canonical; identity, hierarchy, title and h1 from public API"
"https://clover-spb.ru/product/%D0%9D%D0%A4-00001095","/product/%D0%9D%D0%A4-00001095","200","","","Линейка канцелярская 30 см","Линейка канцелярская 30 см","Хозтовары, упаковка и химия для HoReCa | КЛЕВЕР","","product","Линейка канцелярская 30 см","НФ-00001095","Линейка канцелярская 30 см","НФ-00001095","Канцелярские товары","","","public_api","direct route GET for HTTP status/location/raw metadata/canonical; identity, hierarchy, title and h1 from public API"
"https://clover-spb.ru/product/%D0%9D%D0%A4-00003374","/product/%D0%9D%D0%A4-00003374","200","","","Лезвия для канцелярских ножей 9мм 10шт","Лезвия для канцелярских ножей 9мм 10шт","Хозтовары, упаковка и химия для HoReCa | КЛЕВЕР","","product","Лезвия для канцелярских ножей 9мм 10шт","НФ-00003374","Лезвия для канцелярских ножей 9мм (10)","НФ-00003374","Канцелярские товары","","","public_api","direct route GET for HTTP status/location/raw metadata/canonical; identity, hierarchy, title and h1 from public API"
"https://clover-spb.ru/product/%D0%9D%D0%A4-00002873","/product/%D0%9D%D0%A4-00002873","200","","","Лезвия для канцелярских ножей 18мм 10шт","Лезвия для канцелярских ножей 18мм 10шт","Хозтовары, упаковка и химия для HoReCa | КЛЕВЕР","","product","Лезвия для канцелярских ножей 18мм 10шт","НФ-00002873","Лезвия для канцелярских ножей 18мм (10)","НФ-00002873","Канцелярские товары","","","public_api","direct route GET for HTTP status/location/raw metadata/canonical; identity, hierarchy, title and h1 from public API"
"https://clover-spb.ru/product/%D0%9D%D0%A4-00002456","/product/%D0%9D%D0%A4-00002456","200","","","Ластик канцелярский","Ластик канцелярский","Хозтовары, упаковка и химия для HoReCa | КЛЕВЕР","","product","Ластик канцелярский","НФ-00002456","Ластик канцелярский","НФ-00002456","Канцелярские товары","","","public_api","direct route GET for HTTP status/location/raw metadata/canonical; identity, hierarchy, title and h1 from public API"
"https://clover-spb.ru/product/%D0%9D%D0%A4-00001049","/product/%D0%9D%D0%A4-00001049","200","","","Ланч-бокс LB- 230 черный 230х143х75мм","Ланч-бокс LB- 230 черный 230х143х75мм","Хозтовары, упаковка и химия для HoReCa | КЛЕВЕР","","product","Ланч-бокс LB- 230 черный 230х143х75мм","НФ-00001049","Ланч-бокс LB- 230 черный 230х143х75 (100)","НФ-00001049","Одноразовая посуда","Ланч-боксы","","public_api","direct route GET for HTTP status/location/raw metadata/canonical; identity, hierarchy, title and h1 from public API"
"https://clover-spb.ru/product/%D0%9D%D0%A4-00000311","/product/%D0%9D%D0%A4-00000311","200","","","Ланч-бокс LB- 230 белый 230х143х75мм","Ланч-бокс LB- 230 белый 230х143х75мм","Хозтовары, упаковка и химия для HoReCa | КЛЕВЕР","","product","Ланч-бокс LB- 230 белый 230х143х75мм","НФ-00000311","Ланч-бокс LB- 230 белый 230х143х75 (100)","НФ-00000311","Одноразовая посуда","Ланч-боксы","","public_api","direct route GET for HTTP status/location/raw metadata/canonical; identity, hierarchy, title and h1 from public API"
"https://clover-spb.ru/product/%D0%9D%D0%A4-00000219","/product/%D0%9D%D0%A4-00000219","200","","","Ланч-бокс 3-х секционный белый Премиум","Ланч-бокс 3-х секционный белый Премиум","Хозтовары, упаковка и химия для HoReCa | КЛЕВЕР","","product","Ланч-бокс 3-х секционный белый Премиум","НФ-00000219","Ланч-бокс 3-х секционный Премиум (100)","НФ-00000219","Одноразовая посуда","Ланч-боксы","","public_api","direct route GET for HTTP status/location/raw metadata/canonical; identity, hierarchy, title and h1 from public API"
"https://clover-spb.ru/product/%D0%9D%D0%A4-00003300","/product/%D0%9D%D0%A4-00003300","200","","","Ланч-бокс 3-х секционный белый Полиформ 247х206х(35+30)мм","Ланч-бокс 3-х секционный белый Полиформ 247х206х(35+30)мм","Хозтовары, упаковка и химия для HoReCa | КЛЕВЕР","","product","Ланч-бокс 3-х секционный белый Полиформ 247х206х(35+30)мм","НФ-00003300","Ланч-бокс 3-х секционный БЕЛЫЙ ПОЛИФОРМ (100шт)","НФ-00003300","Одноразовая посуда","Ланч-боксы","","public_api","direct route GET for HTTP status/location/raw metadata/canonical; identity, hierarchy, title and h1 from public API"
"https://clover-spb.ru/product/%D0%9D%D0%A4-00003367","/product/%D0%9D%D0%A4-00003367","200","","","Ланч-бокс 3-х секционный 2 замка черный СЛБ 245х210х60мм","Ланч-бокс 3-х секционный 2 замка черный СЛБ 245х210х60мм","Хозтовары, упаковка и химия для HoReCa | КЛЕВЕР","","product","Ланч-бокс 3-х секционный 2 замка черный СЛБ 245х210х60мм","НФ-00003367","Ланч-бокс 3-х секционный 2 замка ЧЕРНЫЙ СЛБ (100)","НФ-00003367","Одноразовая посуда","Ланч-боксы","","public_api","direct route GET for HTTP status/location/raw metadata/canonical; identity, hierarchy, title and h1 from public API"
"https://clover-spb.ru/product/%D0%9D%D0%A4-00003364","/product/%D0%9D%D0%A4-00003364","200","","","Ланч-бокс 3-х секционный 2 замка белый СЛБ 245х210х60мм","Ланч-бокс 3-х секционный 2 замка белый СЛБ 245х210х60мм","Хозтовары, упаковка и химия для HoReCa | КЛЕВЕР","","product","Ланч-бокс 3-х секционный 2 замка белый СЛБ 245х210х60мм","НФ-00003364","Ланч-бокс 3-х секционный 2 замка БЕЛЫЙ СЛБ (100)","НФ-00003364","Одноразовая посуда","Ланч-боксы","","public_api","direct route GET for HTTP status/location/raw metadata/canonical; identity, hierarchy, title and h1 from public API"
"https://clover-spb.ru/product/%D0%9D%D0%A4-00000678","/product/%D0%9D%D0%A4-00000678","200","","","Ланч-бокс 2-х секционный белый Премиум","Ланч-бокс 2-х секционный белый Премиум","Хозтовары, упаковка и химия для HoReCa | КЛЕВЕР","","product","Ланч-бокс 2-х секционный белый Премиум","НФ-00000678","Ланч-бокс 2-х секционный Премиум (100)","НФ-00000678","Одноразовая посуда","Ланч-боксы","","public_api","direct route GET for HTTP status/location/raw metadata/canonical; identity, hierarchy, title and h1 from public API"
"https://clover-spb.ru/product/%D0%9D%D0%A4-00003522","/product/%D0%9D%D0%A4-00003522","200","","","Ланч-бокс 2-х секционный 2 замка черный СЛБ 245х210х60мм","Ланч-бокс 2-х секционный 2 замка черный СЛБ 245х210х60мм","Хозтовары, упаковка и химия для HoReCa | КЛЕВЕР","","product","Ланч-бокс 2-х секционный 2 замка черный СЛБ 245х210х60мм","НФ-00003522","Ланч-бокс 2-х секционный 2 замка ЧЕРНЫЙ СЛБ (100)","НФ-00003522","Одноразовая посуда","Ланч-боксы","","public_api","direct route GET for HTTP status/location/raw metadata/canonical; identity, hierarchy, title and h1 from public API"
"https://clover-spb.ru/product/%D0%9D%D0%A4-00003460","/product/%D0%9D%D0%A4-00003460","200","","","Ланч-бокс 1-х секционный белый Полиформ 247х206х(35+30)мм","Ланч-бокс 1-х секционный белый Полиформ 247х206х(35+30)мм","Хозтовары, упаковка и химия для HoReCa | КЛЕВЕР","","product","Ланч-бокс 1-х секционный белый Полиформ 247х206х(35+30)мм","НФ-00003460","Ланч-бокс 1-х секционный БЕЛЫЙ ПОЛИФОРМ (100шт)","НФ-00003460","Одноразовая посуда","Ланч-боксы","","public_api","direct route GET for HTTP status/location/raw metadata/canonical; identity, hierarchy, title and h1 from public API"
"https://clover-spb.ru/product/%D0%9D%D0%A4-00002135","/product/%D0%9D%D0%A4-00002135","200","","","Ланч-бокс 1-х секционный 2 замка черный СЛБ 245х210х60мм","Ланч-бокс 1-х секционный 2 замка черный СЛБ 245х210х60мм","Хозтовары, упаковка и химия для HoReCa | КЛЕВЕР","","product","Ланч-бокс 1-х секционный 2 замка черный СЛБ 245х210х60мм","НФ-00002135","Ланч-бокс 1-х секционный 2 замка ЧЕРНЫЙ СЛБ (100)","НФ-00002135","Одноразовая посуда","Ланч-боксы","","public_api","direct route GET for HTTP status/location/raw metadata/canonical; identity, hierarchy, title and h1 from public API"
"https://clover-spb.ru/product/%D0%9D%D0%A4-00002627","/product/%D0%9D%D0%A4-00002627","200","","","Ланч-бокс 1-х секционный 2 замка белый СЛБ 245х210х60мм","Ланч-бокс 1-х секционный 2 замка белый СЛБ 245х210х60мм","Хозтовары, упаковка и химия для HoReCa | КЛЕВЕР","","product","Ланч-бокс 1-х секционный 2 замка белый СЛБ 245х210х60мм","НФ-00002627","Ланч-бокс 1-х секционный 2 замка БЕЛЫЙ СЛБ (100)","НФ-00002627","Одноразовая посуда","Ланч-боксы","","public_api","direct route GET for HTTP status/location/raw metadata/canonical; identity, hierarchy, title and h1 from public API"
"https://clover-spb.ru/product/%D0%9D%D0%A4-00003617","/product/%D0%9D%D0%A4-00003617","200","","","Крышка прозрачная плоская Round Bowl 300/400/500","Крышка прозрачная плоская Round Bowl 300/400/500","Хозтовары, упаковка и химия для HoReCa | КЛЕВЕР","","product","Крышка прозрачная плоская Round Bowl 300/400/500","НФ-00003617","Крышка прозрачная плоская Round Bowl 300/400/500 (30/600)","НФ-00003617","Одноразовая посуда","Бумажная упаковка","","public_api","direct route GET for HTTP status/location/raw metadata/canonical; identity, hierarchy, title and h1 from public API"
"https://clover-spb.ru/product/%D0%9D%D0%A4-00002925","/product/%D0%9D%D0%A4-00002925","200","","","Крышка прозрачная к креманке ""Кристалл"" 200мл","Крышка прозрачная к креманке ""Кристалл"" 200мл","Хозтовары, упаковка и химия для HoReCa | КЛЕВЕР","","product","Крышка прозрачная к креманке ""Кристалл"" 200мл","НФ-00002925","Крышка прозрачная к креманке ""Кристалл"" 200мл (16/192)","НФ-00002925","Одноразовая посуда","Тарелки, миски","","public_api","direct route GET for HTTP status/location/raw metadata/canonical; identity, hierarchy, title and h1 from public API"
"https://clover-spb.ru/product/%D0%9D%D0%A4-00003428","/product/%D0%9D%D0%A4-00003428","200","","","Крышка прозрачная к контейнеру 330мл d114","Крышка прозрачная к контейнеру 330мл d114","Хозтовары, упаковка и химия для HoReCa | КЛЕВЕР","","product","Крышка прозрачная к контейнеру 330мл d114","НФ-00003428","Крышка прозрачная к контейнеру 330мл d114 (50/500)","НФ-00003428","Одноразовая посуда","Бумажная упаковка","","public_api","direct route GET for HTTP status/location/raw metadata/canonical; identity, hierarchy, title and h1 from public API"
"https://clover-spb.ru/product/%D0%9D%D0%A4-00000333","/product/%D0%9D%D0%A4-00000333","200","","","Крышка плоская с крестовым отверстием для стакана шейкера СТП","Крышка плоская с крестовым отверстием для стакана шейкера СТП","Хозтовары, упаковка и химия для HoReCa | КЛЕВЕР","","product","Крышка плоская с крестовым отверстием для стакана шейкера СТП","НФ-00000333","Крышка ПЛОСКАЯ с крестовым отверстием для стакана шейкера СТП (50/1000)","НФ-00000333","Одноразовая посуда","Стаканы","","public_api","direct route GET for HTTP status/location/raw metadata/canonical; identity, hierarchy, title and h1 from public API"
"https://clover-spb.ru/product/%D0%9D%D0%A4-00001047","/product/%D0%9D%D0%A4-00001047","200","","","Крышка плоская к контейнеру OpSalad 800","Крышка плоская к контейнеру OpSalad 800","Хозтовары, упаковка и химия для HoReCa | КЛЕВЕР","","product","Крышка плоская к контейнеру OpSalad 800","НФ-00001047","КРЫШКА плоская к контейнеру OpSalad 800 (50/400)","НФ-00001047","Одноразовая посуда","Бумажная упаковка","","public_api","direct route GET for HTTP status/location/raw metadata/canonical; identity, hierarchy, title and h1 from public API"
"https://clover-spb.ru/product/%D0%9D%D0%A4-00003214","/product/%D0%9D%D0%A4-00003214","200","","","Крышка плоская к контейнеру OpSalad 500","Крышка плоская к контейнеру OpSalad 500","Хозтовары, упаковка и химия для HoReCa | КЛЕВЕР","","product","Крышка плоская к контейнеру OpSalad 500","НФ-00003214","КРЫШКА плоская к контейнеру OpSalad 500 (50/600)","НФ-00003214","Одноразовая посуда","Бумажная упаковка","","public_api","direct route GET for HTTP status/location/raw metadata/canonical; identity, hierarchy, title and h1 from public API"
"https://clover-spb.ru/product/%D0%9D%D0%A4-00003627","/product/%D0%9D%D0%A4-00003627","200","","","Крышка плоская к контейнеру OpSalad 1200","Крышка плоская к контейнеру OpSalad 1200","Хозтовары, упаковка и химия для HoReCa | КЛЕВЕР","","product","Крышка плоская к контейнеру OpSalad 1200","НФ-00003627","КРЫШКА плоская к контейнеру OpSalad 1200 (50/300)","НФ-00003627","Одноразовая посуда","Бумажная упаковка","","public_api","direct route GET for HTTP status/location/raw metadata/canonical; identity, hierarchy, title and h1 from public API"
"https://clover-spb.ru/product/%D0%9D%D0%A4-00003259","/product/%D0%9D%D0%A4-00003259","200","","","Крышка плоская к контейнеру OneClick 800","Крышка плоская к контейнеру OneClick 800","Хозтовары, упаковка и химия для HoReCa | КЛЕВЕР","","product","Крышка плоская к контейнеру OneClick 800","НФ-00003259","КРЫШКА плоская к контейнеру OneClick 800 (50/300)","НФ-00003259","Одноразовая посуда","Бумажная упаковка","","public_api","direct route GET for HTTP status/location/raw metadata/canonical; identity, hierarchy, title and h1 from public API"
"https://clover-spb.ru/product/%D0%9D%D0%A4-00003181","/product/%D0%9D%D0%A4-00003181","200","","","Крышка плоская к контейнеру OneClick 500","Крышка плоская к контейнеру OneClick 500","Хозтовары, упаковка и химия для HoReCa | КЛЕВЕР","","product","Крышка плоская к контейнеру OneClick 500","НФ-00003181","КРЫШКА плоская к контейнеру OneClick 500 (50/400)","НФ-00003181","Одноразовая посуда","Бумажная упаковка","","public_api","direct route GET for HTTP status/location/raw metadata/canonical; identity, hierarchy, title and h1 from public API"
"https://clover-spb.ru/product/%D0%9D%D0%A4-00003207","/product/%D0%9D%D0%A4-00003207","200","","","Крышка плоская для контейнера Round Bowl flat lid ПЭТ 750/1000 d150 OSQ","Крышка плоская для контейнера Round Bowl flat lid ПЭТ 750/1000 d150 OSQ","Хозтовары, упаковка и химия для HoReCa | КЛЕВЕР","","product","Крышка плоская для контейнера Round Bowl flat lid ПЭТ 750/1000 d150 OSQ","НФ-00003207","Крышка плоская для контейнера Round Bowl flat lid ПЭТ 750/1000 d150 OSQ (45/270)","НФ-00003207","Одноразовая посуда","Бумажная упаковка","","public_api","direct route GET for HTTP status/location/raw metadata/canonical; identity, hierarchy, title and h1 from public API"
"https://clover-spb.ru/product/%D0%9D%D0%A4-00001767","/product/%D0%9D%D0%A4-00001767","200","","","Крышка плоская для контейнера OSQ Round Bowl 700","Крышка плоская для контейнера OSQ Round Bowl 700","Хозтовары, упаковка и химия для HoReCa | КЛЕВЕР","","product","Крышка плоская для контейнера OSQ Round Bowl 700","НФ-00001767","КРЫШКА плоская для контейнера OSQ Round Bowl 700 (35/525)","НФ-00001767","Одноразовая посуда","Бумажная упаковка","","public_api","direct route GET for HTTP status/location/raw metadata/canonical; identity, hierarchy, title and h1 from public API"
"https://clover-spb.ru/product/%D0%9D%D0%A4-00003307","/product/%D0%9D%D0%A4-00003307","200","","","Крышка купольная к контейнеру OneClick 500","Крышка купольная к контейнеру OneClick 500","Хозтовары, упаковка и химия для HoReCa | КЛЕВЕР","","product","Крышка купольная к контейнеру OneClick 500","НФ-00003307","КРЫШКА купольная к контейнеру OneClick 500 (50/400)","НФ-00003307","Одноразовая посуда","Бумажная упаковка","","public_api","direct route GET for HTTP status/location/raw metadata/canonical; identity, hierarchy, title and h1 from public API"
"https://clover-spb.ru/product/%D0%9D%D0%A4-00003310","/product/%D0%9D%D0%A4-00003310","200","","","Крышка купольная к контейнеру OneClick 250","Крышка купольная к контейнеру OneClick 250","Хозтовары, упаковка и химия для HoReCa | КЛЕВЕР","","product","Крышка купольная к контейнеру OneClick 250","НФ-00003310","КРЫШКА купольная к контейнеру OneClick 250 (50/900)","НФ-00003310","Одноразовая посуда","Бумажная упаковка","","public_api","direct route GET for HTTP status/location/raw metadata/canonical; identity, hierarchy, title and h1 from public API"
"https://clover-spb.ru/product/%D0%9D%D0%A4-00000228","/product/%D0%9D%D0%A4-00000228","200","","","Крышка купольная для стакана шейкера с отверстием СТП","Крышка купольная для стакана шейкера с отверстием СТП","Хозтовары, упаковка и химия для HoReCa | КЛЕВЕР","","product","Крышка купольная для стакана шейкера с отверстием СТП","НФ-00000228","Крышка купольная для стакана шейкера с отверстием СТП (50/1000)","НФ-00000228","Одноразовая посуда","Стаканы","","public_api","direct route GET for HTTP status/location/raw metadata/canonical; identity, hierarchy, title and h1 from public API"
"https://clover-spb.ru/product/%D0%9D%D0%A4-00003578","/product/%D0%9D%D0%A4-00003578","200","","","Крышка купольная для стакана шейкера с отверстием VEGGO","Крышка купольная для стакана шейкера с отверстием VEGGO","Хозтовары, упаковка и химия для HoReCa | КЛЕВЕР","","product","Крышка купольная для стакана шейкера с отверстием VEGGO","НФ-00003578","Крышка купольная для стакана шейкера с отверстием VEGGO (100/800)","НФ-00003578","Одноразовая посуда","Стаканы","","public_api","direct route GET for HTTP status/location/raw metadata/canonical; identity, hierarchy, title and h1 from public API"
"https://clover-spb.ru/product/%D0%9D%D0%A4-00003082","/product/%D0%9D%D0%A4-00003082","200","","","Крышка купольная для стакана шейкера БЕЗ отверстия СТП","Крышка купольная для стакана шейкера БЕЗ отверстия СТП","Хозтовары, упаковка и химия для HoReCa | КЛЕВЕР","","product","Крышка купольная для стакана шейкера БЕЗ отверстия СТП","НФ-00003082","Крышка купольная для стакана шейкера БЕЗ отверстия СТП (50/1000)","НФ-00003082","Одноразовая посуда","Стаканы","","public_api","direct route GET for HTTP status/location/raw metadata/canonical; identity, hierarchy, title and h1 from public API"
"https://clover-spb.ru/product/%D0%9D%D0%A4-00001201","/product/%D0%9D%D0%A4-00001201","200","","","Крышка к соуснику С11 117х85 прозрачная","Крышка к соуснику С11 117х85 прозрачная","Хозтовары, упаковка и химия для HoReCa | КЛЕВЕР","","product","Крышка к соуснику С11 117х85 прозрачная","НФ-00001201","Крышка к соуснику С11 117х85 прозрачная (200/1200)","НФ-00001201","Одноразовая посуда","Соусники","","public_api","direct route GET for HTTP status/location/raw metadata/canonical; identity, hierarchy, title and h1 from public API"
"https://clover-spb.ru/product/%D0%9D%D0%A4-00000412","/product/%D0%9D%D0%A4-00000412","200","","","Крышка к контейнеру СПК-115 Д-Полимер","Крышка к контейнеру СПК-115 Д-Полимер","Хозтовары, упаковка и химия для HoReCa | КЛЕВЕР","","product","Крышка к контейнеру СПК-115 Д-Полимер","НФ-00000412","Крышка к контейнеру СПК-115 Д-Полимер (50/500)","НФ-00000412","Одноразовая посуда","Контейнеры под запайку","","public_api","direct route GET for HTTP status/location/raw metadata/canonical; identity, hierarchy, title and h1 from public API"
"https://clover-spb.ru/product/%D0%9D%D0%A4-00000622","/product/%D0%9D%D0%A4-00000622","200","","","Крышка к контейнеру ПРМС","Крышка к контейнеру ПРМС","Хозтовары, упаковка и химия для HoReCa | КЛЕВЕР","","product","Крышка к контейнеру ПРМС","НФ-00000622","Крышка к контейнеру ПРМС (60/480)","НФ-00000622","Одноразовая посуда","Контейнеры","","public_api","direct route GET for HTTP status/location/raw metadata/canonical; identity, hierarchy, title and h1 from public API"
"https://clover-spb.ru/product/%D0%9D%D0%A4-00000470","/product/%D0%9D%D0%A4-00000470","200","","","Крышка к контейнеру К-144 СТП","Крышка к контейнеру К-144 СТП","Хозтовары, упаковка и химия для HoReCa | КЛЕВЕР","","product","Крышка к контейнеру К-144 СТП","НФ-00000470","Крышка к контейнеру К-144 СТП (50/300)","НФ-00000470","Одноразовая посуда","Контейнеры","","public_api","direct route GET for HTTP status/location/raw metadata/canonical; identity, hierarchy, title and h1 from public API"
"https://clover-spb.ru/product/%D0%9D%D0%A4-00000658","/product/%D0%9D%D0%A4-00000658","200","","","Крышка к контейнеру К-144 ВЗЛП","Крышка к контейнеру К-144 ВЗЛП","Хозтовары, упаковка и химия для HoReCa | КЛЕВЕР","","product","Крышка к контейнеру К-144 ВЗЛП","НФ-00000658","Крышка к контейнеру К-144 !!! ВЗЛП !!! (50/300)","НФ-00000658","Одноразовая посуда","Контейнеры","","public_api","direct route GET for HTTP status/location/raw metadata/canonical; identity, hierarchy, title and h1 from public API"
"https://clover-spb.ru/product/%D0%9D%D0%A4-00003595","/product/%D0%9D%D0%A4-00003595","200","","","Крышка к контейнеру для суши С-25 АЙПИ","Крышка к контейнеру для суши С-25 АЙПИ","Хозтовары, упаковка и химия для HoReCa | КЛЕВЕР","","product","Крышка к контейнеру для суши С-25 АЙПИ","НФ-00003595","Крышка к контейнеру для суши С-25/1 АЙПИ (162/324)","НФ-00003595","Одноразовая посуда","Для суши и лапши","","public_api","direct route GET for HTTP status/location/raw metadata/canonical; identity, hierarchy, title and h1 from public API"
"https://clover-spb.ru/product/%D0%9D%D0%A4-00003593","/product/%D0%9D%D0%A4-00003593","200","","","Крышка к контейнеру для суши С-19 АЙПИ","Крышка к контейнеру для суши С-19 АЙПИ","Хозтовары, упаковка и химия для HoReCa | КЛЕВЕР","","product","Крышка к контейнеру для суши С-19 АЙПИ","НФ-00003593","Крышка к контейнеру для суши С-19/1 АЙПИ (210/420)","НФ-00003593","Одноразовая посуда","Для суши и лапши","","public_api","direct route GET for HTTP status/location/raw metadata/canonical; identity, hierarchy, title and h1 from public API"
"https://clover-spb.ru/product/%D0%9D%D0%A4-00000170","/product/%D0%9D%D0%A4-00000170","200","","","Крышка к контейнеру 179х132мм прозрачная СТП","Крышка к контейнеру 179х132мм прозрачная СТП","Хозтовары, упаковка и химия для HoReCa | КЛЕВЕР","","product","Крышка к контейнеру 179х132мм прозрачная СТП","НФ-00000170","Крышка к контейнеру 179х132мм прозрачная СТИРОЛ (50/1000)","НФ-00000170","Одноразовая посуда","Контейнеры","","public_api","direct route GET for HTTP status/location/raw metadata/canonical; identity, hierarchy, title and h1 from public API"
"https://clover-spb.ru/product/%D0%9D%D0%A4-00000229","/product/%D0%9D%D0%A4-00000229","200","","","Крышка к контейнеру 108х82мм прозрачная ДП","Крышка к контейнеру 108х82мм прозрачная ДП","Хозтовары, упаковка и химия для HoReCa | КЛЕВЕР","","product","Крышка к контейнеру 108х82мм прозрачная ДП","НФ-00000229","Крышка к контейнеру 108х82мм прозрачная ДП (100/1000)","НФ-00000229","Одноразовая посуда","Контейнеры","","public_api","direct route GET for HTTP status/location/raw metadata/canonical; identity, hierarchy, title and h1 from public API"
"https://clover-spb.ru/product/%D0%9D%D0%A4-00000253","/product/%D0%9D%D0%A4-00000253","200","","","Крышка к банкам Перинт d112мм 360мл и 500мл","Крышка к банкам Перинт d112мм 360мл и 500мл","Хозтовары, упаковка и химия для HoReCa | КЛЕВЕР","","product","Крышка к банкам Перинт d112мм 360мл и 500мл","НФ-00000253","Крышка к банкам Перинт (50/800)","НФ-00000253","Одноразовая посуда","Контейнеры","","public_api","direct route GET for HTTP status/location/raw metadata/canonical; identity, hierarchy, title and h1 from public API"
"https://clover-spb.ru/product/%D0%9D%D0%A4-00000480","/product/%D0%9D%D0%A4-00000480","200","","","Крышка к алюминиевой форме 900 мл","Крышка к алюминиевой форме 900 мл","Хозтовары, упаковка и химия для HoReCa | КЛЕВЕР","","product","Крышка к алюминиевой форме 900 мл","НФ-00000480","Крышка к алюминиевой форме 900 мл (100/1200)","НФ-00000480","Одноразовая посуда","Формы алюминиевые","","public_api","direct route GET for HTTP status/location/raw metadata/canonical; identity, hierarchy, title and h1 from public API"
"https://clover-spb.ru/product/%D0%9D%D0%A4-00001265","/product/%D0%9D%D0%A4-00001265","200","","","Крышка к алюминиевой форме 880 мл","Крышка к алюминиевой форме 880 мл","Хозтовары, упаковка и химия для HoReCa | КЛЕВЕР","","product","Крышка к алюминиевой форме 880 мл","НФ-00001265","Крышка к алюминиевой форме 880 мл (100/1000)","НФ-00001265","Одноразовая посуда","Формы алюминиевые","","public_api","direct route GET for HTTP status/location/raw metadata/canonical; identity, hierarchy, title and h1 from public API"
"https://clover-spb.ru/product/%D0%9D%D0%A4-00002685","/product/%D0%9D%D0%A4-00002685","200","","","Крышка к алюминиевой форме 660 мл","Крышка к алюминиевой форме 660 мл","Хозтовары, упаковка и химия для HoReCa | КЛЕВЕР","","product","Крышка к алюминиевой форме 660 мл","НФ-00002685","Крышка к алюминиевой форме 660 мл (100/1200)","НФ-00002685","Одноразовая посуда","Формы алюминиевые","","public_api","direct route GET for HTTP status/location/raw metadata/canonical; identity, hierarchy, title and h1 from public API"
"https://clover-spb.ru/product/%D0%9D%D0%A4-00003476","/product/%D0%9D%D0%A4-00003476","200","","","Крышка к алюминиевой форме 450 мл","Крышка к алюминиевой форме 450 мл","Хозтовары, упаковка и химия для HoReCa | КЛЕВЕР","","product","Крышка к алюминиевой форме 450 мл","НФ-00003476","Крышка к алюминиевой форме 450 мл (100/1200)","НФ-00003476","Одноразовая посуда","Формы алюминиевые","","public_api","direct route GET for HTTP status/location/raw metadata/canonical; identity, hierarchy, title and h1 from public API"
"https://clover-spb.ru/product/%D0%9D%D0%A4-00001240","/product/%D0%9D%D0%A4-00001240","200","","","Крышка к алюминиевой форме 3180 мл","Крышка к алюминиевой форме 3180 мл","Хозтовары, упаковка и химия для HoReCa | КЛЕВЕР","","product","Крышка к алюминиевой форме 3180 мл","НФ-00001240","Крышка к алюминиевой форме 3180 мл (100/200)","НФ-00001240","Одноразовая посуда","Формы алюминиевые","","public_api","direct route GET for HTTP status/location/raw metadata/canonical; identity, hierarchy, title and h1 from public API"
"https://clover-spb.ru/product/%D0%9D%D0%A4-00000482","/product/%D0%9D%D0%A4-00000482","200","","","Крышка к алюминиевой форме 1900 мл","Крышка к алюминиевой форме 1900 мл","Хозтовары, упаковка и химия для HoReCa | КЛЕВЕР","","product","Крышка к алюминиевой форме 1900 мл","НФ-00000482","Крышка к алюминиевой форме 1900 мл (100/300)","НФ-00000482","Одноразовая посуда","Формы алюминиевые","","public_api","direct route GET for HTTP status/location/raw metadata/canonical; identity, hierarchy, title and h1 from public API"
"https://clover-spb.ru/product/%D0%9D%D0%A4-00002310","/product/%D0%9D%D0%A4-00002310","200","","","Крышка к алюминиевой форме 1500 мл","Крышка к алюминиевой форме 1500 мл","Хозтовары, упаковка и химия для HoReCa | КЛЕВЕР","","product","Крышка к алюминиевой форме 1500 мл","НФ-00002310","Крышка к алюминиевой форме 1500 мл (100/500)","НФ-00002310","Одноразовая посуда","Формы алюминиевые","","public_api","direct route GET for HTTP status/location/raw metadata/canonical; identity, hierarchy, title and h1 from public API"
"https://clover-spb.ru/product/%D0%9D%D0%A4-00002389","/product/%D0%9D%D0%A4-00002389","200","","","Крышка к алюминиевой форме 1040 мл","Крышка к алюминиевой форме 1040 мл","Хозтовары, упаковка и химия для HoReCa | КЛЕВЕР","","product","Крышка к алюминиевой форме 1040 мл","НФ-00002389","Крышка к алюминиевой форме 1040 мл (50/400)","НФ-00002389","Одноразовая посуда","Формы алюминиевые","","public_api","direct route GET for HTTP status/location/raw metadata/canonical; identity, hierarchy, title and h1 from public API"
"https://clover-spb.ru/product/%D0%9D%D0%A4-00000223","/product/%D0%9D%D0%A4-00000223","200","","","Крышка к 5 секционному лотку","Крышка к 5 секционному лотку","Хозтовары, упаковка и химия для HoReCa | КЛЕВЕР","","product","Крышка к 5 секционному лотку","НФ-00000223","Крышка к 5 секционному лотку (110)","НФ-00000223","Одноразовая посуда","Лотки","","public_api","direct route GET for HTTP status/location/raw metadata/canonical; identity, hierarchy, title and h1 from public API"
"https://clover-spb.ru/product/%D0%9D%D0%A4-00000988","/product/%D0%9D%D0%A4-00000988","200","","","Крышка для стакана 90мм черная с носиком","Крышка для стакана 90мм черная с носиком","Хозтовары, упаковка и химия для HoReCa | КЛЕВЕР","","product","Крышка для стакана 90мм черная с носиком","НФ-00000988","Крышка для стакана 90 мм черная с носиком (100/2000)","НФ-00000988","Одноразовая посуда","Стаканы","","public_api","direct route GET for HTTP status/location/raw metadata/canonical; identity, hierarchy, title and h1 from public API"
"https://clover-spb.ru/product/%D0%9D%D0%A4-00002589","/product/%D0%9D%D0%A4-00002589","200","","","Крышка для стакана 90мм черная с заглушкой","Крышка для стакана 90мм черная с заглушкой","Хозтовары, упаковка и химия для HoReCa | КЛЕВЕР","","product","Крышка для стакана 90мм черная с заглушкой","НФ-00002589","Крышка для стакана 90 мм черная с заглушкой (50/1000)","НФ-00002589","Одноразовая посуда","Стаканы","","public_api","direct route GET for HTTP status/location/raw metadata/canonical; identity, hierarchy, title and h1 from public API"
"https://clover-spb.ru/product/%D0%9D%D0%A4-00002588","/product/%D0%9D%D0%A4-00002588","200","","","Крышка для стакана 90мм прозрачная с заглушкой","Крышка для стакана 90мм прозрачная с заглушкой","Хозтовары, упаковка и химия для HoReCa | КЛЕВЕР","","product","Крышка для стакана 90мм прозрачная с заглушкой","НФ-00002588","Крышка для стакана 90 мм прозрачная с заглушкой (50/1000)","НФ-00002588","Одноразовая посуда","Стаканы","","public_api","direct route GET for HTTP status/location/raw metadata/canonical; identity, hierarchy, title and h1 from public API"
"https://clover-spb.ru/product/%D0%9D%D0%A4-00000220","/product/%D0%9D%D0%A4-00000220","200","","","Крышка для стакана 90мм белая с носиком","Крышка для стакана 90мм белая с носиком","Хозтовары, упаковка и химия для HoReCa | КЛЕВЕР","","product","Крышка для стакана 90мм белая с носиком","НФ-00000220","Крышка для стакана 90 мм белая с носиком (100/2000)","НФ-00000220","Одноразовая посуда","Стаканы","","public_api","direct route GET for HTTP status/location/raw metadata/canonical; identity, hierarchy, title and h1 from public API"
"https://clover-spb.ru/product/%D0%9D%D0%A4-00000987","/product/%D0%9D%D0%A4-00000987","200","","","Крышка для стакана 80мм черная с носиком","Крышка для стакана 80мм черная с носиком","Хозтовары, упаковка и химия для HoReCa | КЛЕВЕР","","product","Крышка для стакана 80мм черная с носиком","НФ-00000987","Крышка для стакана 80 мм черная с носиком (100/2000)","НФ-00000987","Одноразовая посуда","Стаканы","","public_api","direct route GET for HTTP status/location/raw metadata/canonical; identity, hierarchy, title and h1 from public API"
"https://clover-spb.ru/product/%D0%9D%D0%A4-00002587","/product/%D0%9D%D0%A4-00002587","200","","","Крышка для стакана 80мм черная с заглушкой","Крышка для стакана 80мм черная с заглушкой","Хозтовары, упаковка и химия для HoReCa | КЛЕВЕР","","product","Крышка для стакана 80мм черная с заглушкой","НФ-00002587","Крышка для стакана 80 мм черная с заглушкой (50/1000)","НФ-00002587","Одноразовая посуда","Стаканы","","public_api","direct route GET for HTTP status/location/raw metadata/canonical; identity, hierarchy, title and h1 from public API"
"https://clover-spb.ru/product/%D0%9D%D0%A4-00002586","/product/%D0%9D%D0%A4-00002586","200","","","Крышка для стакана 80мм прозрачная с заглушкой","Крышка для стакана 80мм прозрачная с заглушкой","Хозтовары, упаковка и химия для HoReCa | КЛЕВЕР","","product","Крышка для стакана 80мм прозрачная с заглушкой","НФ-00002586","Крышка для стакана 80 мм прозрачная с заглушкой (50/1000)","НФ-00002586","Одноразовая посуда","Стаканы","","public_api","direct route GET for HTTP status/location/raw metadata/canonical; identity, hierarchy, title and h1 from public API"
"https://clover-spb.ru/product/%D0%9D%D0%A4-00000010","/product/%D0%9D%D0%A4-00000010","200","","","Крышка для стакана 80 мм белая с носиком","Крышка для стакана 80 мм белая с носиком","Хозтовары, упаковка и химия для HoReCa | КЛЕВЕР","","product","Крышка для стакана 80 мм белая с носиком","НФ-00000010","Крышка для стакана 80 мм белая с носиком (100)","НФ-00000010","Одноразовая посуда","Стаканы","","public_api","direct route GET for HTTP status/location/raw metadata/canonical; identity, hierarchy, title and h1 from public API"
"https://clover-spb.ru/product/%D0%9D%D0%A4-00000064","/product/%D0%9D%D0%A4-00000064","200","","","Крот - средство для чистки труб 1 л","Крот - средство для чистки труб 1 л","Хозтовары, упаковка и химия для HoReCa | КЛЕВЕР","","product","Крот - средство для чистки труб 1 л","НФ-00000064","Крот - средство для чистки труб 1 литр (15)","НФ-00000064","Химия, чистящие средства","Прочее","","public_api","direct route GET for HTTP status/location/raw metadata/canonical; identity, hierarchy, title and h1 from public API"
"https://clover-spb.ru/product/%D0%9D%D0%A4-00000272","/product/%D0%9D%D0%A4-00000272","200","","","Креманка ромашка белая 250 мл","Креманка ромашка белая 250 мл","Хозтовары, упаковка и химия для HoReCa | КЛЕВЕР","","product","Креманка ромашка белая 250 мл","НФ-00000272","Креманка ромашка белая 250 мл (100/3000)","НФ-00000272","Одноразовая посуда","Тарелки, миски","","public_api","direct route GET for HTTP status/location/raw metadata/canonical; identity, hierarchy, title and h1 from public API"
"https://clover-spb.ru/product/%D0%9D%D0%A4-00002450","/product/%D0%9D%D0%A4-00002450","200","","","Креманка на ножке ""Кристалл"" 200мл d95мм прозрачная","Креманка на ножке ""Кристалл"" 200мл d95мм прозрачная","Хозтовары, упаковка и химия для HoReCa | КЛЕВЕР","","product","Креманка на ножке ""Кристалл"" 200мл d95мм прозрачная","НФ-00002450","Креманка на ножке ""Кристалл"" 200 мл d95мм прозрачная (16/192)","НФ-00002450","Одноразовая посуда","Тарелки, миски","","public_api","direct route GET for HTTP status/location/raw metadata/canonical; identity, hierarchy, title and h1 from public API"
"https://clover-spb.ru/product/%D0%9D%D0%A4-00000336","/product/%D0%9D%D0%A4-00000336","200","","","Крафт-пакет 105х60х260мм для бутылки","Крафт-пакет 105х60х260мм для бутылки","Хозтовары, упаковка и химия для HoReCa | КЛЕВЕР","","product","Крафт-пакет 105х60х260мм для бутылки","НФ-00000336","Крафт-пакет 105х60х260 (для бутылки) (2100)","НФ-00000336","Пакеты, упаковочные материалы","Бумажные пакеты без ручки","","public_api","direct route GET for HTTP status/location/raw metadata/canonical; identity, hierarchy, title and h1 from public API"
"https://clover-spb.ru/product/%D0%9D%D0%A4-00003247","/product/%D0%9D%D0%A4-00003247","200","","","Корректирующая жидкость с кисточкой Erich Krause 20гр","Корректирующая жидкость с кисточкой Erich Krause 20гр","Хозтовары, упаковка и химия для HoReCa | КЛЕВЕР","","product","Корректирующая жидкость с кисточкой Erich Krause 20гр","НФ-00003247","Корректирующая жидкость с кисточкой Erich Krause 20гр","НФ-00003247","Канцелярские товары","","","public_api","direct route GET for HTTP status/location/raw metadata/canonical; identity, hierarchy, title and h1 from public API"
"https://clover-spb.ru/product/%D0%9D%D0%A4-00002851","/product/%D0%9D%D0%A4-00002851","200","","","Коробка для пиццы/пирога/хачапури 280х180х50мм бурая","Коробка для пиццы/пирога/хачапури 280х180х50мм бурая","Хозтовары, упаковка и химия для HoReCa | КЛЕВЕР","","product","Коробка для пиццы/пирога/хачапури 280х180х50мм бурая","НФ-00002851","Коробка для пиццы/пирога/хачапури 280х180х50мм бурая (50шт)","НФ-00002851","Одноразовая посуда","Коробки для пиццы","","public_api","direct route GET for HTTP status/location/raw metadata/canonical; identity, hierarchy, title and h1 from public API"
"https://clover-spb.ru/product/%D0%9D%D0%A4-00000432","/product/%D0%9D%D0%A4-00000432","200","","","Коробка для пиццы 42 см х 42 см","Коробка для пиццы 42 см х 42 см","Хозтовары, упаковка и химия для HoReCa | КЛЕВЕР","","product","Коробка для пиццы 42 см х 42 см","НФ-00000432","Коробка для пиццы 42 см х 42 см (50)","НФ-00000432","Одноразовая посуда","Коробки для пиццы","","public_api","direct route GET for HTTP status/location/raw metadata/canonical; identity, hierarchy, title and h1 from public API"
"https://clover-spb.ru/product/%D0%9D%D0%A4-00003419","/product/%D0%9D%D0%A4-00003419","200","","","Коробка для пиццы 40 см х 40 см","Коробка для пиццы 40 см х 40 см","Хозтовары, упаковка и химия для HoReCa | КЛЕВЕР","","product","Коробка для пиццы 40 см х 40 см","НФ-00003419","Коробка для пиццы 40 см х 40 см (50)","НФ-00003419","Одноразовая посуда","Коробки для пиццы","","public_api","direct route GET for HTTP status/location/raw metadata/canonical; identity, hierarchy, title and h1 from public API"
"https://clover-spb.ru/product/%D0%9D%D0%A4-00000046","/product/%D0%9D%D0%A4-00000046","200","","","Коробка для пиццы 33 см х 33 см","Коробка для пиццы 33 см х 33 см","Хозтовары, упаковка и химия для HoReCa | КЛЕВЕР","","product","Коробка для пиццы 33 см х 33 см","НФ-00000046","Коробка для пиццы 33 см х 33 см (50)","НФ-00000046","Одноразовая посуда","Коробки для пиццы","","public_api","direct route GET for HTTP status/location/raw metadata/canonical; identity, hierarchy, title and h1 from public API"
"https://clover-spb.ru/product/%D0%9D%D0%A4-00002269","/product/%D0%9D%D0%A4-00002269","200","","","Коробка для пиццы 30 см х 30 см","Коробка для пиццы 30 см х 30 см","Хозтовары, упаковка и химия для HoReCa | КЛЕВЕР","","product","Коробка для пиццы 30 см х 30 см","НФ-00002269","Коробка для пиццы 30 см х 30 см (50)","НФ-00002269","Одноразовая посуда","Коробки для пиццы","","public_api","direct route GET for HTTP status/location/raw metadata/canonical; identity, hierarchy, title and h1 from public API"
"https://clover-spb.ru/product/%D0%9D%D0%A4-00000951","/product/%D0%9D%D0%A4-00000951","200","","","Коробка для пиццы 25 см х 25 см","Коробка для пиццы 25 см х 25 см","Хозтовары, упаковка и химия для HoReCa | КЛЕВЕР","","product","Коробка для пиццы 25 см х 25 см","НФ-00000951","Коробка для пиццы 25 см х 25 см (50)","НФ-00000951","Одноразовая посуда","Коробки для пиццы","","public_api","direct route GET for HTTP status/location/raw metadata/canonical; identity, hierarchy, title and h1 from public API"
"https://clover-spb.ru/product/%D0%9D%D0%A4-00000653","/product/%D0%9D%D0%A4-00000653","200","","","Коробка для картофеля ФРИ М крафт 120гр","Коробка для картофеля ФРИ М крафт 120гр","Хозтовары, упаковка и химия для HoReCa | КЛЕВЕР","","product","Коробка для картофеля ФРИ М крафт 120гр","НФ-00000653","Коробка для картофеля ФРИ М крафт 120гр (50/1200)","НФ-00000653","Одноразовая посуда","Бумажная упаковка","","public_api","direct route GET for HTTP status/location/raw metadata/canonical; identity, hierarchy, title and h1 from public API"
"https://clover-spb.ru/product/%D0%9D%D0%A4-00000890","/product/%D0%9D%D0%A4-00000890","200","","","Коробка для картофеля ФРИ L крафт 150гр","Коробка для картофеля ФРИ L крафт 150гр","Хозтовары, упаковка и химия для HoReCa | КЛЕВЕР","","product","Коробка для картофеля ФРИ L крафт 150гр","НФ-00000890","Коробка для картофеля ФРИ L крафт 150гр (50/700)","НФ-00000890","Одноразовая посуда","Бумажная упаковка","","public_api","direct route GET for HTTP status/location/raw metadata/canonical; identity, hierarchy, title and h1 from public API"
"https://clover-spb.ru/product/%D0%9D%D0%A4-00000953","/product/%D0%9D%D0%A4-00000953","200","","","Коробка для бургера крафт М 102х102х60мм","Коробка для бургера крафт М 102х102х60мм","Хозтовары, упаковка и химия для HoReCa | КЛЕВЕР","","product","Коробка для бургера крафт М 102х102х60мм","НФ-00000953","Коробка для гамбургера крафт М 102х102х60мм (50/300)","НФ-00000953","Одноразовая посуда","Бумажная упаковка","","public_api","direct route GET for HTTP status/location/raw metadata/canonical; identity, hierarchy, title and h1 from public API"
"https://clover-spb.ru/product/%D0%9D%D0%A4-00003160","/product/%D0%9D%D0%A4-00003160","200","","","Коробка для бургера крафт XL 130х130х110мм","Коробка для бургера крафт XL 130х130х110мм","Хозтовары, упаковка и химия для HoReCa | КЛЕВЕР","","product","Коробка для бургера крафт XL 130х130х110мм","НФ-00003160","Коробка для гамбургера крафт XL 130х130х110мм (55/440)","НФ-00003160","Одноразовая посуда","Бумажная упаковка","","public_api","direct route GET for HTTP status/location/raw metadata/canonical; identity, hierarchy, title and h1 from public API"
"https://clover-spb.ru/product/%D0%9D%D0%A4-00000650","/product/%D0%9D%D0%A4-00000650","200","","","Коробка для бургера крафт L 120х120х70мм","Коробка для бургера крафт L 120х120х70мм","Хозтовары, упаковка и химия для HoReCa | КЛЕВЕР","","product","Коробка для бургера крафт L 120х120х70мм","НФ-00000650","Коробка для гамбургера крафт L 120х120х70мм (60/240)","НФ-00000650","Одноразовая посуда","Бумажная упаковка","","public_api","direct route GET for HTTP status/location/raw metadata/canonical; identity, hierarchy, title and h1 from public API"
"https://clover-spb.ru/product/%D0%9D%D0%A4-00000846","/product/%D0%9D%D0%A4-00000846","200","","","Коробка Muf 9 картонная под 9 капкейков с окном крафт 250х250х100мм","Коробка Muf 9 картонная под 9 капкейков с окном крафт 250х250х100мм","Хозтовары, упаковка и химия для HoReCa | КЛЕВЕР","","product","Коробка Muf 9 картонная под 9 капкейков с окном крафт 250х250х100мм","НФ-00000846","Коробка Muf 9 картонная под 9 капкейков с окном КРАФТ 250х250х100мм (25/100)","НФ-00000846","Одноразовая посуда","Бумажная упаковка","","public_api","direct route GET for HTTP status/location/raw metadata/canonical; identity, hierarchy, title and h1 from public API"
"https://clover-spb.ru/product/%D0%9D%D0%A4-00000789","/product/%D0%9D%D0%A4-00000789","200","","","Контейнер черный круглый 950 мл с прозрачной крышкой","Контейнер черный круглый 950 мл с прозрачной крышкой","Хозтовары, упаковка и химия для HoReCa | КЛЕВЕР","","product","Контейнер черный круглый 950 мл с прозрачной крышкой","НФ-00000789","Контейнер черный круглый 950 мл с прозрачной крышкой (50/150)","НФ-00000789","Одноразовая посуда","Контейнеры","","public_api","direct route GET for HTTP status/location/raw metadata/canonical; identity, hierarchy, title and h1 from public API"
"https://clover-spb.ru/product/%D0%9D%D0%A4-00001209","/product/%D0%9D%D0%A4-00001209","200","","","Контейнер черный круглый 530 мл с прозрачной крышкой","Контейнер черный круглый 530 мл с прозрачной крышкой","Хозтовары, упаковка и химия для HoReCa | КЛЕВЕР","","product","Контейнер черный круглый 530 мл с прозрачной крышкой","НФ-00001209","Контейнер черный круглый 530 мл с прозрачной крышкой (50/150)","НФ-00001209","Одноразовая посуда","Контейнеры","","public_api","direct route GET for HTTP status/location/raw metadata/canonical; identity, hierarchy, title and h1 from public API"
"https://clover-spb.ru/product/%D0%9D%D0%A4-00002745","/product/%D0%9D%D0%A4-00002745","200","","","Контейнер СПК-115 500 мл черный Д-Полимер (крышка арт. 0412)","Контейнер СПК-115 500 мл черный Д-Полимер (крышка арт. 0412)","Хозтовары, упаковка и химия для HoReCa | КЛЕВЕР","","product","Контейнер СПК-115 500 мл черный Д-Полимер (крышка арт. 0412)","НФ-00002745","Контейнер СПК-115 500 мл черный Д-Полимер (50/500)","НФ-00002745","Одноразовая посуда","Контейнеры под запайку","","public_api","direct route GET for HTTP status/location/raw metadata/canonical; identity, hierarchy, title and h1 from public API"
"https://clover-spb.ru/product/%D0%9D%D0%A4-00003650","/product/%D0%9D%D0%A4-00003650","200","","","Контейнер СПК-115 350 мл черный Д-Полимер (крышка арт. 0412)","Контейнер СПК-115 350 мл черный Д-Полимер (крышка арт. 0412)","Хозтовары, упаковка и химия для HoReCa | КЛЕВЕР","","product","Контейнер СПК-115 350 мл черный Д-Полимер (крышка арт. 0412)","НФ-00003650","Контейнер СПК-115 350 мл черный Д-Полимер (50/500)","НФ-00003650","Одноразовая посуда","Контейнеры под запайку","","public_api","direct route GET for HTTP status/location/raw metadata/canonical; identity, hierarchy, title and h1 from public API"
"https://clover-spb.ru/product/%D0%9D%D0%A4-00003170","/product/%D0%9D%D0%A4-00003170","200","","","Контейнер СПК-115 250 мл черный Д-Полимер (крышка арт. 0412)","Контейнер СПК-115 250 мл черный Д-Полимер (крышка арт. 0412)","Хозтовары, упаковка и химия для HoReCa | КЛЕВЕР","","product","Контейнер СПК-115 250 мл черный Д-Полимер (крышка арт. 0412)","НФ-00003170","Контейнер СПК-115 250 мл черный Д-Полимер (50/500)","НФ-00003170","Одноразовая посуда","Контейнеры под запайку","","public_api","direct route GET for HTTP status/location/raw metadata/canonical; identity, hierarchy, title and h1 from public API"
"https://clover-spb.ru/product/%D0%9D%D0%A4-00003288","/product/%D0%9D%D0%A4-00003288","200","","","Контейнер под кусочек торта с крышкой 177х105х45мм","Контейнер под кусочек торта с крышкой 177х105х45мм","Хозтовары, упаковка и химия для HoReCa | КЛЕВЕР","","product","Контейнер под кусочек торта с крышкой 177х105х45мм","НФ-00003288","Контейнер под кусочек торта 177х105х45 (800)","НФ-00003288","Одноразовая посуда","Контейнеры","","public_api","direct route GET for HTTP status/location/raw metadata/canonical; identity, hierarchy, title and h1 from public API"
"https://clover-spb.ru/product/%D0%9D%D0%A4-00002929","/product/%D0%9D%D0%A4-00002929","200","","","Контейнер под запайку УК-504 187х137х37мм для суши 4 секции черный","Контейнер под запайку УК-504 187х137х37мм для суши 4 секции черный","Хозтовары, упаковка и химия для HoReCa | КЛЕВЕР","","product","Контейнер под запайку УК-504 187х137х37мм для суши 4 секции черный","НФ-00002929","Контейнер под запайку УК-504 187х137х37 для суши 4 секции черный (240шт)","НФ-00002929","Одноразовая посуда","Для суши и лапши","","public_api","direct route GET for HTTP status/location/raw metadata/canonical; identity, hierarchy, title and h1 from public API"
"https://clover-spb.ru/product/%D0%9D%D0%A4-00002670","/product/%D0%9D%D0%A4-00002670","200","","","Контейнер круглый Round Bowl 500 крафт (крышка арт. 3617)","Контейнер круглый Round Bowl 500 крафт (крышка арт. 3617)","Хозтовары, упаковка и химия для HoReCa | КЛЕВЕР","","product","Контейнер круглый Round Bowl 500 крафт (крышка арт. 3617)","НФ-00002670","Контейнер круглый Round Bowl 500 крафт без крышки (30/600)","НФ-00002670","Одноразовая посуда","Бумажная упаковка","","public_api","direct route GET for HTTP status/location/raw metadata/canonical; identity, hierarchy, title and h1 from public API"
"https://clover-spb.ru/product/%D0%9D%D0%A4-00003442","/product/%D0%9D%D0%A4-00003442","200","","","Контейнер круглый Round Bowl 700 крафт (крышка арт. 1767)","Контейнер круглый Round Bowl 700 крафт (крышка арт. 1767)","Хозтовары, упаковка и химия для HoReCa | КЛЕВЕР","","product","Контейнер круглый Round Bowl 700 крафт (крышка арт. 1767)","НФ-00003442","Контейнер крафт круглый OSQ Round Bowl 700 ДНО БЕЗ КРЫШКИ (35/525)","НФ-00003442","Одноразовая посуда","Бумажная упаковка","","public_api","direct route GET for HTTP status/location/raw metadata/canonical; identity, hierarchy, title and h1 from public API"
"https://clover-spb.ru/product/%D0%9D%D0%A4-00003206","/product/%D0%9D%D0%A4-00003206","200","","","Контейнер круглый Round Bowl 750 крафт (крышка арт. 3207)","Контейнер круглый Round Bowl 750 крафт (крышка арт. 3207)","Хозтовары, упаковка и химия для HoReCa | КЛЕВЕР","","product","Контейнер круглый Round Bowl 750 крафт (крышка арт. 3207)","НФ-00003206","Контейнер картонный круглый Round Bowl 750мл K крафт без крышки d128/150хh60 OSQ (45/270)","НФ-00003206","Одноразовая посуда","Бумажная упаковка","","public_api","direct route GET for HTTP status/location/raw metadata/canonical; identity, hierarchy, title and h1 from public API"
"https://clover-spb.ru/product/%D0%9D%D0%A4-00003594","/product/%D0%9D%D0%A4-00003594","200","","","Контейнер для суши С-25 черный АЙПИ (крышка арт. 3595)","Контейнер для суши С-25 черный АЙПИ (крышка арт. 3595)","Хозтовары, упаковка и химия для HoReCa | КЛЕВЕР","","product","Контейнер для суши С-25 черный АЙПИ (крышка арт. 3595)","НФ-00003594","Контейнер для суши С-25/1 дно АЙПИ (162/324)","НФ-00003594","Одноразовая посуда","Для суши и лапши","","public_api","direct route GET for HTTP status/location/raw metadata/canonical; identity, hierarchy, title and h1 from public API"
"https://clover-spb.ru/product/%D0%9D%D0%A4-00003592","/product/%D0%9D%D0%A4-00003592","200","","","Контейнер для суши С-19 черный АЙПИ (крышка арт. 3593)","Контейнер для суши С-19 черный АЙПИ (крышка арт. 3593)","Хозтовары, упаковка и химия для HoReCa | КЛЕВЕР","","product","Контейнер для суши С-19 черный АЙПИ (крышка арт. 3593)","НФ-00003592","Контейнер для суши С-19/1 дно АЙПИ (210/420)","НФ-00003592","Одноразовая посуда","Для суши и лапши","","public_api","direct route GET for HTTP status/location/raw metadata/canonical; identity, hierarchy, title and h1 from public API"
"https://clover-spb.ru/product/%D0%9D%D0%A4-00003305","/product/%D0%9D%D0%A4-00003305","200","","","Контейнер бумажный OneClick 800 черный 200х180х55мм (крышка арт. 3259)","Контейнер бумажный OneClick 800 черный 200х180х55мм (крышка арт. 3259)","Хозтовары, упаковка и химия для HoReCa | КЛЕВЕР","","product","Контейнер бумажный OneClick 800 черный 200х180х55мм (крышка арт. 3259)","НФ-00003305","Контейнер бумажный OneClick 800 черный ДНО (50/300)","НФ-00003305","Одноразовая посуда","Бумажная упаковка","","public_api","direct route GET for HTTP status/location/raw metadata/canonical; identity, hierarchy, title and h1 from public API"
"https://clover-spb.ru/product/%D0%9D%D0%A4-00003260","/product/%D0%9D%D0%A4-00003260","200","","","Контейнер бумажный OneClick 800 крафт 200х180х55мм (крышка арт. 3259)","Контейнер бумажный OneClick 800 крафт 200х180х55мм (крышка арт. 3259)","Хозтовары, упаковка и химия для HoReCa | КЛЕВЕР","","product","Контейнер бумажный OneClick 800 крафт 200х180х55мм (крышка арт. 3259)","НФ-00003260","Контейнер бумажный OneClick 800 крафт ДНО (50/300)","НФ-00003260","Одноразовая посуда","Бумажная упаковка","","public_api","direct route GET for HTTP status/location/raw metadata/canonical; identity, hierarchy, title and h1 from public API"
"https://clover-spb.ru/product/%D0%9D%D0%A4-00003306","/product/%D0%9D%D0%A4-00003306","200","","","Контейнер бумажный OneClick 500 крафт 160х120х45мм (крышка арт. 3181)","Контейнер бумажный OneClick 500 крафт 160х120х45мм (крышка арт. 3181)","Хозтовары, упаковка и химия для HoReCa | КЛЕВЕР","","product","Контейнер бумажный OneClick 500 крафт 160х120х45мм (крышка арт. 3181)","НФ-00003306","Контейнер бумажный OneClick 500 крафт ДНО (50/400)","НФ-00003306","Одноразовая посуда","Бумажная упаковка","","public_api","direct route GET for HTTP status/location/raw metadata/canonical; identity, hierarchy, title and h1 from public API"
"https://clover-spb.ru/product/%D0%9D%D0%A4-00003309","/product/%D0%9D%D0%A4-00003309","200","","","Контейнер бумажный OneClick 250 крафт 100х85х45мм (крышка арт. 3310)","Контейнер бумажный OneClick 250 крафт 100х85х45мм (крышка арт. 3310)","Хозтовары, упаковка и химия для HoReCa | КЛЕВЕР","","product","Контейнер бумажный OneClick 250 крафт 100х85х45мм (крышка арт. 3310)","НФ-00003309","Контейнер бумажный OneClick 250 крафт ДНО (50/900)","НФ-00003309","Одноразовая посуда","Бумажная упаковка","","public_api","direct route GET for HTTP status/location/raw metadata/canonical; identity, hierarchy, title and h1 from public API"
"https://clover-spb.ru/product/%D0%9D%D0%A4-00000986","/product/%D0%9D%D0%A4-00000986","200","","","Контейнер бумажный China Pack 750 мл с рисунком","Контейнер бумажный China Pack 750 мл с рисунком","Хозтовары, упаковка и химия для HoReCa | КЛЕВЕР","","product","Контейнер бумажный China Pack 750 мл с рисунком","НФ-00000986","Контейнер бумажный China Pack 750 мл с рисунком (50/500)","НФ-00000986","Одноразовая посуда","Бумажная упаковка","","public_api","direct route GET for HTTP status/location/raw metadata/canonical; identity, hierarchy, title and h1 from public API"
"https://clover-spb.ru/product/%D0%9D%D0%A4-00000298","/product/%D0%9D%D0%A4-00000298","200","","","Контейнер бумажный China Pack 750 мл белый","Контейнер бумажный China Pack 750 мл белый","Хозтовары, упаковка и химия для HoReCa | КЛЕВЕР","","product","Контейнер бумажный China Pack 750 мл белый","НФ-00000298","Контейнер бумажный China Pack 750 мл белый (50/500)","НФ-00000298","Одноразовая посуда","Бумажная упаковка","","public_api","direct route GET for HTTP status/location/raw metadata/canonical; identity, hierarchy, title and h1 from public API"
"https://clover-spb.ru/product/%D0%9D%D0%A4-00000783","/product/%D0%9D%D0%A4-00000783","200","","","Контейнер бумажный China Pack 500 мл белый","Контейнер бумажный China Pack 500 мл белый","Хозтовары, упаковка и химия для HoReCa | КЛЕВЕР","","product","Контейнер бумажный China Pack 500 мл белый","НФ-00000783","Контейнер бумажный China Pack 500 мл белый (50/500)","НФ-00000783","Одноразовая посуда","Бумажная упаковка","","public_api","direct route GET for HTTP status/location/raw metadata/canonical; identity, hierarchy, title and h1 from public API"
"https://clover-spb.ru/product/%D0%9D%D0%A4-00000994","/product/%D0%9D%D0%A4-00000994","200","","","Контейнер бумажный China Pack 450 мл с рисунком","Контейнер бумажный China Pack 450 мл с рисунком","Хозтовары, упаковка и химия для HoReCa | КЛЕВЕР","","product","Контейнер бумажный China Pack 450 мл с рисунком","НФ-00000994","Контейнер бумажный China Pack 450 мл с рисунком (50/500)","НФ-00000994","Одноразовая посуда","Бумажная упаковка","","public_api","direct route GET for HTTP status/location/raw metadata/canonical; identity, hierarchy, title and h1 from public API"
"https://clover-spb.ru/product/%D0%9D%D0%A4-00001101","/product/%D0%9D%D0%A4-00001101","200","","","Контейнер бумажный China Pack 450 мл крафт","Контейнер бумажный China Pack 450 мл крафт","Хозтовары, упаковка и химия для HoReCa | КЛЕВЕР","","product","Контейнер бумажный China Pack 450 мл крафт","НФ-00001101","Контейнер бумажный China Pack 450 мл крафт (50/500)","НФ-00001101","Одноразовая посуда","Бумажная упаковка","","public_api","direct route GET for HTTP status/location/raw metadata/canonical; identity, hierarchy, title and h1 from public API"
"https://clover-spb.ru/product/%D0%9D%D0%A4-00002575","/product/%D0%9D%D0%A4-00002575","200","","","Контейнер бумажный 330мл крафт d114 (крышка арт. 3428)","Контейнер бумажный 330мл крафт d114 (крышка арт. 3428)","Хозтовары, упаковка и химия для HoReCa | КЛЕВЕР","","product","Контейнер бумажный 330мл крафт d114 (крышка арт. 3428)","НФ-00002575","Контейнер бумажный 330мл крафт БЕЗ КРЫШКИ d114 (50/500)","НФ-00002575","Одноразовая посуда","Бумажная упаковка","","public_api","direct route GET for HTTP status/location/raw metadata/canonical; identity, hierarchy, title and h1 from public API"
"https://clover-spb.ru/product/%D0%9D%D0%A4-00000375","/product/%D0%9D%D0%A4-00000375","200","","","Контейнер 179х132мм 750мл черный СТП (крышка арт. 0170)","Контейнер 179х132мм 750мл черный СТП (крышка арт. 0170)","Хозтовары, упаковка и химия для HoReCa | КЛЕВЕР","","product","Контейнер 179х132мм 750мл черный СТП (крышка арт. 0170)","НФ-00000375","Контейнер 179х132мм 750мл черный СТИРОЛ (50/500)","НФ-00000375","Одноразовая посуда","Контейнеры","","public_api","direct route GET for HTTP status/location/raw metadata/canonical; identity, hierarchy, title and h1 from public API"
"https://clover-spb.ru/product/%D0%9D%D0%A4-00000021","/product/%D0%9D%D0%A4-00000021","200","","","Контейнер 179х132мм 750мл прозрачный СТП (крышка арт. 0170)","Контейнер 179х132мм 750мл прозрачный СТП (крышка арт. 0170)","Хозтовары, упаковка и химия для HoReCa | КЛЕВЕР","","product","Контейнер 179х132мм 750мл прозрачный СТП (крышка арт. 0170)","НФ-00000021","Контейнер 179х132мм 750мл прозрачный СТИРОЛ (50/500)","НФ-00000021","Одноразовая посуда","Контейнеры","","public_api","direct route GET for HTTP status/location/raw metadata/canonical; identity, hierarchy, title and h1 from public API"
"https://clover-spb.ru/product/%D0%9D%D0%A4-00000565","/product/%D0%9D%D0%A4-00000565","200","","","Контейнер 179х132мм 500мл черный СТП (крышка арт. 0170)","Контейнер 179х132мм 500мл черный СТП (крышка арт. 0170)","Хозтовары, упаковка и химия для HoReCa | КЛЕВЕР","","product","Контейнер 179х132мм 500мл черный СТП (крышка арт. 0170)","НФ-00000565","Контейнер 179х132мм 500мл черный СТИРОЛ (50/500)","НФ-00000565","Одноразовая посуда","Контейнеры","","public_api","direct route GET for HTTP status/location/raw metadata/canonical; identity, hierarchy, title and h1 from public API"
"https://clover-spb.ru/product/%D0%9D%D0%A4-00000020","/product/%D0%9D%D0%A4-00000020","200","","","Контейнер 179х132мм 500мл прозрачный СТП (крышка арт. 0170)","Контейнер 179х132мм 500мл прозрачный СТП (крышка арт. 0170)","Хозтовары, упаковка и химия для HoReCa | КЛЕВЕР","","product","Контейнер 179х132мм 500мл прозрачный СТП (крышка арт. 0170)","НФ-00000020","Контейнер 179х132мм 500мл прозрачный СТИРОЛ (50/500)","НФ-00000020","Одноразовая посуда","Контейнеры","","public_api","direct route GET for HTTP status/location/raw metadata/canonical; identity, hierarchy, title and h1 from public API"
"https://clover-spb.ru/product/%D0%9D%D0%A4-00000390","/product/%D0%9D%D0%A4-00000390","200","","","Контейнер 179х132мм 2000мл прозрачный СТП (крышка арт. 0170)","Контейнер 179х132мм 2000мл прозрачный СТП (крышка арт. 0170)","Хозтовары, упаковка и химия для HoReCa | КЛЕВЕР","","product","Контейнер 179х132мм 2000мл прозрачный СТП (крышка арт. 0170)","НФ-00000390","Контейнер 179х132мм 2000мл прозрачный СТИРОЛ (50/500)","НФ-00000390","Одноразовая посуда","Контейнеры","","public_api","direct route GET for HTTP status/location/raw metadata/canonical; identity, hierarchy, title and h1 from public API"
"https://clover-spb.ru/product/%D0%9D%D0%A4-00000313","/product/%D0%9D%D0%A4-00000313","200","","","Контейнер 179х132мм 1500мл прозрачный СТП (крышка арт. 0170)","Контейнер 179х132мм 1500мл прозрачный СТП (крышка арт. 0170)","Хозтовары, упаковка и химия для HoReCa | КЛЕВЕР","","product","Контейнер 179х132мм 1500мл прозрачный СТП (крышка арт. 0170)","НФ-00000313","Контейнер 179х132мм 1500мл прозрачный СТИРОЛ (50/500)","НФ-00000313","Одноразовая посуда","Контейнеры","","public_api","direct route GET for HTTP status/location/raw metadata/canonical; identity, hierarchy, title and h1 from public API"
"https://clover-spb.ru/product/%D0%9D%D0%A4-00000980","/product/%D0%9D%D0%A4-00000980","200","","","Контейнер 179х132мм 1000мл черный СТП (крышка арт. 0170)","Контейнер 179х132мм 1000мл черный СТП (крышка арт. 0170)","Хозтовары, упаковка и химия для HoReCa | КЛЕВЕР","","product","Контейнер 179х132мм 1000мл черный СТП (крышка арт. 0170)","НФ-00000980","Контейнер 179х132мм 1000мл черный СТИРОЛ (50/500)","НФ-00000980","Одноразовая посуда","Контейнеры","","public_api","direct route GET for HTTP status/location/raw metadata/canonical; identity, hierarchy, title and h1 from public API"
"https://clover-spb.ru/product/%D0%9D%D0%A4-00000022","/product/%D0%9D%D0%A4-00000022","200","","","Контейнер 179х132мм 1000мл прозрачный СТП (крышка арт. 0170)","Контейнер 179х132мм 1000мл прозрачный СТП (крышка арт. 0170)","Хозтовары, упаковка и химия для HoReCa | КЛЕВЕР","","product","Контейнер 179х132мм 1000мл прозрачный СТП (крышка арт. 0170)","НФ-00000022","Контейнер 179х132мм 1000мл прозрачный СТИРОЛ (50/500)","НФ-00000022","Одноразовая посуда","Контейнеры","","public_api","direct route GET for HTTP status/location/raw metadata/canonical; identity, hierarchy, title and h1 from public API"
"https://clover-spb.ru/product/%D0%9D%D0%A4-00000649","/product/%D0%9D%D0%A4-00000649","200","","","Контейнер 108х82мм 350мл прозрачный ДП (крышка арт. 0229)","Контейнер 108х82мм 350мл прозрачный ДП (крышка арт. 0229)","Хозтовары, упаковка и химия для HoReCa | КЛЕВЕР","","product","Контейнер 108х82мм 350мл прозрачный ДП (крышка арт. 0229)","НФ-00000649","Контейнер 108х82мм 350мл прозрачный ДП (100/1000)","НФ-00000649","Одноразовая посуда","Контейнеры","","public_api","direct route GET for HTTP status/location/raw metadata/canonical; identity, hierarchy, title and h1 from public API"
"https://clover-spb.ru/product/%D0%9D%D0%A4-00003113","/product/%D0%9D%D0%A4-00003113","200","","","Контейнер 108х82мм 250мл прозрачный ДП (крышка арт. 0229)","Контейнер 108х82мм 250мл прозрачный ДП (крышка арт. 0229)","Хозтовары, упаковка и химия для HoReCa | КЛЕВЕР","","product","Контейнер 108х82мм 250мл прозрачный ДП (крышка арт. 0229)","НФ-00003113","Контейнер 108х82мм 250мл прозрачный ДП (100/1000)","НФ-00003113","Одноразовая посуда","Контейнеры","","public_api","direct route GET for HTTP status/location/raw metadata/canonical; identity, hierarchy, title and h1 from public API"
"https://clover-spb.ru/product/%D0%9D%D0%A4-00000606","/product/%D0%9D%D0%A4-00000606","200","","","Контейнер 108х82мм 200мл прозрачный ДП (крышка арт. 0229)","Контейнер 108х82мм 200мл прозрачный ДП (крышка арт. 0229)","Хозтовары, упаковка и химия для HoReCa | КЛЕВЕР","","product","Контейнер 108х82мм 200мл прозрачный ДП (крышка арт. 0229)","НФ-00000606","Контейнер 108х82мм 200мл прозрачный ДП (100/1000)","НФ-00000606","Одноразовая посуда","Контейнеры","","public_api","direct route GET for HTTP status/location/raw metadata/canonical; identity, hierarchy, title and h1 from public API"
"https://clover-spb.ru/product/%D0%9D%D0%A4-00000544","/product/%D0%9D%D0%A4-00000544","200","","","Контейнер 108х82мм 125мл прозрачный ДП (крышка арт. 0229)","Контейнер 108х82мм 125мл прозрачный ДП (крышка арт. 0229)","Хозтовары, упаковка и химия для HoReCa | КЛЕВЕР","","product","Контейнер 108х82мм 125мл прозрачный ДП (крышка арт. 0229)","НФ-00000544","Контейнер 108х82мм 125мл прозрачный ДП (100/1000)","НФ-00000544","Одноразовая посуда","Контейнеры","","public_api","direct route GET for HTTP status/location/raw metadata/canonical; identity, hierarchy, title and h1 from public API"
"https://clover-spb.ru/product/%D0%9D%D0%A4-00000255","/product/%D0%9D%D0%A4-00000255","200","","","Контейнер - ракушка СПК 156 350мл 156х129х38,4мм","Контейнер - ракушка СПК 156 350мл 156х129х38,4мм","Хозтовары, упаковка и химия для HoReCa | КЛЕВЕР","","product","Контейнер - ракушка СПК 156 350мл 156х129х38,4мм","НФ-00000255","Контейнер - ракушка СПК 156 350мл 156х129х38,4 (75/300)","НФ-00000255","Одноразовая посуда","Контейнеры под запайку","","public_api","direct route GET for HTTP status/location/raw metadata/canonical; identity, hierarchy, title and h1 from public API"
"https://clover-spb.ru/product/%D0%9D%D0%A4-00003327","/product/%D0%9D%D0%A4-00003327","200","","","Контейнер - ракушка РКС 500мл 159х130х56мм","Контейнер - ракушка РКС 500мл 159х130х56мм","Хозтовары, упаковка и химия для HoReCa | КЛЕВЕР","","product","Контейнер - ракушка РКС 500мл 159х130х56мм","НФ-00003327","Контейнер - ракушка РКС 500 159х130х56 (360)","НФ-00003327","Одноразовая посуда","Контейнеры","","public_api","direct route GET for HTTP status/location/raw metadata/canonical; identity, hierarchy, title and h1 from public API"
"https://clover-spb.ru/product/%D0%9D%D0%A4-00003584","/product/%D0%9D%D0%A4-00003584","200","","","Контейнер - ракушка РКС 350мл 159х130х40мм","Контейнер - ракушка РКС 350мл 159х130х40мм","Хозтовары, упаковка и химия для HoReCa | КЛЕВЕР","","product","Контейнер - ракушка РКС 350мл 159х130х40мм","НФ-00003584","Контейнер - ракушка РКС 350 мл (375)","НФ-00003584","Одноразовая посуда","Контейнеры","","public_api","direct route GET for HTTP status/location/raw metadata/canonical; identity, hierarchy, title and h1 from public API"
"https://clover-spb.ru/product/%D0%9D%D0%A4-00000767","/product/%D0%9D%D0%A4-00000767","200","","","Контейнер - ракушка РКС 250мл 159x130x29мм","Контейнер - ракушка РКС 250мл 159x130x29мм","Хозтовары, упаковка и химия для HoReCa | КЛЕВЕР","","product","Контейнер - ракушка РКС 250мл 159x130x29мм","НФ-00000767","Контейнер - ракушка РКС 250 мл (360)","НФ-00000767","Одноразовая посуда","Контейнеры","","public_api","direct route GET for HTTP status/location/raw metadata/canonical; identity, hierarchy, title and h1 from public API"
"https://clover-spb.ru/product/%D0%9D%D0%A4-00000947","/product/%D0%9D%D0%A4-00000947","200","","","Контейнер - ракушка РК - 30 242х173х72мм прозрачный","Контейнер - ракушка РК - 30 242х173х72мм прозрачный","Хозтовары, упаковка и химия для HoReCa | КЛЕВЕР","","product","Контейнер - ракушка РК - 30 242х173х72мм прозрачный","НФ-00000947","Контейнер - ракушка РК - 30 242х173х72 прозрачный (200)","НФ-00000947","Одноразовая посуда","Контейнеры","","public_api","direct route GET for HTTP status/location/raw metadata/canonical; identity, hierarchy, title and h1 from public API"
"https://clover-spb.ru/product/%D0%9D%D0%A4-00000812","/product/%D0%9D%D0%A4-00000812","200","","","Контейнер - ракушка РК - 21 219х142х64мм прозрачный","Контейнер - ракушка РК - 21 219х142х64мм прозрачный","Хозтовары, упаковка и химия для HoReCa | КЛЕВЕР","","product","Контейнер - ракушка РК - 21 219х142х64мм прозрачный","НФ-00000812","Контейнер - ракушка РК - 21 219х142х64 прозрачный (400)","НФ-00000812","Одноразовая посуда","Контейнеры","","public_api","direct route GET for HTTP status/location/raw metadata/canonical; identity, hierarchy, title and h1 from public API"
"https://clover-spb.ru/product/%D0%9D%D0%A4-00000811","/product/%D0%9D%D0%A4-00000811","200","","","Контейнер - ракушка РК - 15 152х152х88мм прозрачный","Контейнер - ракушка РК - 15 152х152х88мм прозрачный","Хозтовары, упаковка и химия для HoReCa | КЛЕВЕР","","product","Контейнер - ракушка РК - 15 152х152х88мм прозрачный","НФ-00000811","Контейнер - ракушка РК - 15 152х152х88мм прозрачный (660)","НФ-00000811","Одноразовая посуда","Контейнеры","","public_api","direct route GET for HTTP status/location/raw metadata/canonical; identity, hierarchy, title and h1 from public API"
"https://clover-spb.ru/product/%D0%9D%D0%A4-00000712","/product/%D0%9D%D0%A4-00000712","200","","","Контейнер - ракушка РК - 11 132х131х58мм прозрачный","Контейнер - ракушка РК - 11 132х131х58мм прозрачный","Хозтовары, упаковка и химия для HoReCa | КЛЕВЕР","","product","Контейнер - ракушка РК - 11 132х131х58мм прозрачный","НФ-00000712","Контейнер - ракушка РК - 11 132х131х58мм прозрачный (800)","НФ-00000712","Одноразовая посуда","Контейнеры","","public_api","direct route GET for HTTP status/location/raw metadata/canonical; identity, hierarchy, title and h1 from public API"
"https://clover-spb.ru/product/%D0%9D%D0%A4-00000723","/product/%D0%9D%D0%A4-00000723","200","","","Контейнер - ракушка РК - 10 121х119х60мм прозрачный","Контейнер - ракушка РК - 10 121х119х60мм прозрачный","Хозтовары, упаковка и химия для HoReCa | КЛЕВЕР","","product","Контейнер - ракушка РК - 10 121х119х60мм прозрачный","НФ-00000723","Контейнер - ракушка РК - 10 121х119х60мм прозрачный (700)","НФ-00000723","Одноразовая посуда","Контейнеры","","public_api","direct route GET for HTTP status/location/raw metadata/canonical; identity, hierarchy, title and h1 from public API"
"https://clover-spb.ru/product/%D0%9D%D0%A4-00000724","/product/%D0%9D%D0%A4-00000724","200","","","Контейнер - ракушка КР - 19 210 х 110 х 55мм прозрачный","Контейнер - ракушка КР - 19 210 х 110 х 55мм прозрачный","Хозтовары, упаковка и химия для HoReCa | КЛЕВЕР","","product","Контейнер - ракушка КР - 19 210 х 110 х 55мм прозрачный","НФ-00000724","Контейнер - ракушка КР - 19 СА 210 х 110 х 55мм (300шт/кор)","НФ-00000724","Одноразовая посуда","Контейнеры","","public_api","direct route GET for HTTP status/location/raw metadata/canonical; identity, hierarchy, title and h1 from public API"
"https://clover-spb.ru/product/%D0%9D%D0%A4-00003159","/product/%D0%9D%D0%A4-00003159","200","","","Контейнер - миска d150 600 мл круглый черный","Контейнер - миска d150 600 мл круглый черный","Хозтовары, упаковка и химия для HoReCa | КЛЕВЕР","","product","Контейнер - миска d150 600 мл круглый черный","НФ-00003159","Контейнер - миска СПК-150 600 мл круглый черный (40/440)","НФ-00003159","Одноразовая посуда","Тарелки, миски","","public_api","direct route GET for HTTP status/location/raw metadata/canonical; identity, hierarchy, title and h1 from public API"
"https://clover-spb.ru/product/%D0%9D%D0%A4-00000466","/product/%D0%9D%D0%A4-00000466","200","","","Конверт бумажный белый 110 мм х 220 мм","Конверт бумажный белый 110 мм х 220 мм","Хозтовары, упаковка и химия для HoReCa | КЛЕВЕР","","product","Конверт бумажный белый 110 мм х 220 мм","НФ-00000466","Конверты бумажные белые 110 х 220","НФ-00000466","Канцелярские товары","","","public_api","direct route GET for HTTP status/location/raw metadata/canonical; identity, hierarchy, title and h1 from public API"
"https://clover-spb.ru/product/%D0%9D%D0%A4-00002285","/product/%D0%9D%D0%A4-00002285","200","","","Конверт для столовых приборов ECO POCKET S 220х40мм","Конверт для столовых приборов ECO POCKET S 220х40мм","Хозтовары, упаковка и химия для HoReCa | КЛЕВЕР","","product","Конверт для столовых приборов ECO POCKET S 220х40мм","НФ-00002285","Конверт для столовых приборов ECO POCKET S 220х40мм (50/3200)","НФ-00002285","Одноразовая посуда","Столовые приборы","","public_api","direct route GET for HTTP status/location/raw metadata/canonical; identity, hierarchy, title and h1 from public API"
"https://clover-spb.ru/product/%D0%9D%D0%A4-00001324","/product/%D0%9D%D0%A4-00001324","200","","","Конверт для приборов 220х80 крафт","Конверт для приборов 220х80 крафт","Хозтовары, упаковка и химия для HoReCa | КЛЕВЕР","","product","Конверт для приборов 220х80 крафт","НФ-00001324","Конверт для приборов 220х80 крафт (2500)","НФ-00001324","Одноразовая посуда","Столовые приборы","","public_api","direct route GET for HTTP status/location/raw metadata/canonical; identity, hierarchy, title and h1 from public API"
"https://clover-spb.ru/product/%D0%9D%D0%A4-00003267","/product/%D0%9D%D0%A4-00003267","200","","","Кассовая лента 80х12х80","Кассовая лента 80х12х80","Хозтовары, упаковка и химия для HoReCa | КЛЕВЕР","","product","Кассовая лента 80х12х80","НФ-00003267","Кассовая лента 80х12х80 х2 BIG 80м (5/45)","НФ-00003267","Канцелярские товары","","","public_api","direct route GET for HTTP status/location/raw metadata/canonical; identity, hierarchy, title and h1 from public API"
"https://clover-spb.ru/product/%D0%9D%D0%A4-00003429","/product/%D0%9D%D0%A4-00003429","200","","","Кассовая лента 80х12х50","Кассовая лента 80х12х50","Хозтовары, упаковка и химия для HoReCa | КЛЕВЕР","","product","Кассовая лента 80х12х50","НФ-00003429","Кассовая лента 80х12х80 (5/120)","НФ-00003429","Канцелярские товары","","","public_api","direct route GET for HTTP status/location/raw metadata/canonical; identity, hierarchy, title and h1 from public API"
"https://clover-spb.ru/product/%D0%9D%D0%A4-00000164","/product/%D0%9D%D0%A4-00000164","200","","","Кассовая лента 57х12х40","Кассовая лента 57х12х40","Хозтовары, упаковка и химия для HoReCa | КЛЕВЕР","","product","Кассовая лента 57х12х40","НФ-00000164","Кассовая лента 57х12х40 (18/162)","НФ-00000164","Канцелярские товары","","","public_api","direct route GET for HTTP status/location/raw metadata/canonical; identity, hierarchy, title and h1 from public API"
"https://clover-spb.ru/product/%D0%9D%D0%A4-00000163","/product/%D0%9D%D0%A4-00000163","200","","","Кассовая лента 57х12х27","Кассовая лента 57х12х27","Хозтовары, упаковка и химия для HoReCa | КЛЕВЕР","","product","Кассовая лента 57х12х27","НФ-00000163","Кассовая лента 57х12х27 (6/210)","НФ-00000163","Канцелярские товары","","","public_api","direct route GET for HTTP status/location/raw metadata/canonical; identity, hierarchy, title and h1 from public API"
"https://clover-spb.ru/product/%D0%9D%D0%A4-00003282","/product/%D0%9D%D0%A4-00003282","200","","","Карандаш простой с ластиком Qredo HB","Карандаш простой с ластиком Qredo HB","Хозтовары, упаковка и химия для HoReCa | КЛЕВЕР","","product","Карандаш простой с ластиком Qredo HB","НФ-00003282","Карандаш простой с ластиком Qredo HB (12)","НФ-00003282","Канцелярские товары","","","public_api","direct route GET for HTTP status/location/raw metadata/canonical; identity, hierarchy, title and h1 from public API"
"https://clover-spb.ru/product/%D0%9D%D0%A4-00002440","/product/%D0%9D%D0%A4-00002440","200","","","Калькулятор настольный Uniel UD 12 разрядов","Калькулятор настольный Uniel UD 12 разрядов","Хозтовары, упаковка и химия для HoReCa | КЛЕВЕР","","product","Калькулятор настольный Uniel UD 12 разрядов","НФ-00002440","Калькулятор настольный Uniel UD 12 разрядов","НФ-00002440","Канцелярские товары","","","public_api","direct route GET for HTTP status/location/raw metadata/canonical; identity, hierarchy, title and h1 from public API"
"https://clover-spb.ru/product/%D0%9D%D0%A4-00000430","/product/%D0%9D%D0%A4-00000430","200","","","К-144 Контейнер круглый 750 мл черный СТП (крышка арт. 0470)","К-144 Контейнер круглый 750 мл черный СТП (крышка арт. 0470)","Хозтовары, упаковка и химия для HoReCa | КЛЕВЕР","","product","К-144 Контейнер круглый 750 мл черный СТП (крышка арт. 0470)","НФ-00000430","К-144 Контейнер круглый 750 мл черный СТП (50/300)","НФ-00000430","Одноразовая посуда","Контейнеры","","public_api","direct route GET for HTTP status/location/raw metadata/canonical; identity, hierarchy, title and h1 from public API"
"https://clover-spb.ru/product/%D0%9D%D0%A4-00000587","/product/%D0%9D%D0%A4-00000587","200","","","К-144 Контейнер круглый 750 мл черный ВЗЛП (крышка арт. 0658)","К-144 Контейнер круглый 750 мл черный ВЗЛП (крышка арт. 0658)","Хозтовары, упаковка и химия для HoReCa | КЛЕВЕР","","product","К-144 Контейнер круглый 750 мл черный ВЗЛП (крышка арт. 0658)","НФ-00000587","К-144 Контейнер круглый 750 мл черный !!! ВЗЛП !!! (50/300)","НФ-00000587","Одноразовая посуда","Контейнеры","","public_api","direct route GET for HTTP status/location/raw metadata/canonical; identity, hierarchy, title and h1 from public API"
"https://clover-spb.ru/product/%D0%9D%D0%A4-00000325","/product/%D0%9D%D0%A4-00000325","200","","","К-144 Контейнер круглый 500 мл черный СТП (крышка арт. 0470)","К-144 Контейнер круглый 500 мл черный СТП (крышка арт. 0470)","Хозтовары, упаковка и химия для HoReCa | КЛЕВЕР","","product","К-144 Контейнер круглый 500 мл черный СТП (крышка арт. 0470)","НФ-00000325","К-144 Контейнер круглый 500 мл черный СТП (50/300)","НФ-00000325","Одноразовая посуда","Контейнеры","","public_api","direct route GET for HTTP status/location/raw metadata/canonical; identity, hierarchy, title and h1 from public API"
"https://clover-spb.ru/product/%D0%9D%D0%A4-00003338","/product/%D0%9D%D0%A4-00003338","200","","","К-144 Контейнер круглый 500 мл черный ВЗЛП (крышка арт. 0658)","К-144 Контейнер круглый 500 мл черный ВЗЛП (крышка арт. 0658)","Хозтовары, упаковка и химия для HoReCa | КЛЕВЕР","","product","К-144 Контейнер круглый 500 мл черный ВЗЛП (крышка арт. 0658)","НФ-00003338","К-144 Контейнер круглый 500 мл черный !!! ВЗЛП !!! (50/300)","НФ-00003338","Одноразовая посуда","Контейнеры","","public_api","direct route GET for HTTP status/location/raw metadata/canonical; identity, hierarchy, title and h1 from public API"
"https://clover-spb.ru/product/%D0%9D%D0%A4-00003534","/product/%D0%9D%D0%A4-00003534","200","","","К-144 Контейнер круглый 375 мл черный ВЗЛП (крышка арт. 0658)","К-144 Контейнер круглый 375 мл черный ВЗЛП (крышка арт. 0658)","Хозтовары, упаковка и химия для HoReCa | КЛЕВЕР","","product","К-144 Контейнер круглый 375 мл черный ВЗЛП (крышка арт. 0658)","НФ-00003534","К-144 Контейнер круглый 375 мл черный !!! ВЗЛП !!! (50/300)","НФ-00003534","Одноразовая посуда","Контейнеры","","public_api","direct route GET for HTTP status/location/raw metadata/canonical; identity, hierarchy, title and h1 from public API"
"https://clover-spb.ru/product/%D0%9D%D0%A4-00001167","/product/%D0%9D%D0%A4-00001167","200","","","Крышка к контейнеру ИП-409 С4","Крышка к контейнеру ИП-409 С4","Хозтовары, упаковка и химия для HoReCa | КЛЕВЕР","","product","Крышка к контейнеру ИП-409 С4","НФ-00001167","ИП-409с4 крышка ПЭТ (225)","НФ-00001167","Одноразовая посуда","Контейнеры","","public_api","direct route GET for HTTP status/location/raw metadata/canonical; identity, hierarchy, title and h1 from public API"
"https://clover-spb.ru/product/%D0%9D%D0%A4-00001166","/product/%D0%9D%D0%A4-00001166","200","","","ИП-409 С4 черное дно (крышка арт. 1167)","ИП-409 С4 черное дно (крышка арт. 1167)","Хозтовары, упаковка и химия для HoReCa | КЛЕВЕР","","product","ИП-409 С4 черное дно (крышка арт. 1167)","НФ-00001166","ИП-409с4 дно ПЭТ (225)","НФ-00001166","Одноразовая посуда","Контейнеры","","public_api","direct route GET for HTTP status/location/raw metadata/canonical; identity, hierarchy, title and h1 from public API"
"https://clover-spb.ru/product/%D0%9D%D0%A4-00003010","/product/%D0%9D%D0%A4-00003010","200","","","Зубочистки с ментолом в инд. полиэтиленовой упаковке 1000шт","Зубочистки с ментолом в инд. полиэтиленовой упаковке 1000шт","Хозтовары, упаковка и химия для HoReCa | КЛЕВЕР","","product","Зубочистки с ментолом в инд. полиэтиленовой упаковке 1000шт","НФ-00003010","Зубочистки с МЕНТОЛОМ (1000шт)","НФ-00003010","Одноразовая посуда","Столовые приборы","","public_api","direct route GET for HTTP status/location/raw metadata/canonical; identity, hierarchy, title and h1 from public API"
"https://clover-spb.ru/product/%D0%9D%D0%A4-00001075","/product/%D0%9D%D0%A4-00001075","200","","","Зубочистки в инд. полиэтиленовой упаковке 1000шт","Зубочистки в инд. полиэтиленовой упаковке 1000шт","Хозтовары, упаковка и химия для HoReCa | КЛЕВЕР","","product","Зубочистки в инд. полиэтиленовой упаковке 1000шт","НФ-00001075","Зубочистки в ПП упаковке (1000шт) (50)","НФ-00001075","Одноразовая посуда","Столовые приборы","","public_api","direct route GET for HTTP status/location/raw metadata/canonical; identity, hierarchy, title and h1 from public API"
"https://clover-spb.ru/product/%D0%9D%D0%A4-00000133","/product/%D0%9D%D0%A4-00000133","200","","","Зубочистки в инд. бумажной упаковке 1000шт","Зубочистки в инд. бумажной упаковке 1000шт","Хозтовары, упаковка и химия для HoReCa | КЛЕВЕР","","product","Зубочистки в инд. бумажной упаковке 1000шт","НФ-00000133","Зубочистки в БУМажной упаковке (1000шт) (50)","НФ-00000133","Одноразовая посуда","Столовые приборы","","public_api","direct route GET for HTTP status/location/raw metadata/canonical; identity, hierarchy, title and h1 from public API"
"https://clover-spb.ru/product/%D0%9D%D0%A4-00001100","/product/%D0%9D%D0%A4-00001100","200","","","Зажигалка для газовых плит","Зажигалка для газовых плит","Хозтовары, упаковка и химия для HoReCa | КЛЕВЕР","","product","Зажигалка для газовых плит","НФ-00001100","Зажигалка для плит","НФ-00001100","Прочее","","","public_api","direct route GET for HTTP status/location/raw metadata/canonical; identity, hierarchy, title and h1 from public API"
"https://clover-spb.ru/product/%D0%9D%D0%A4-00000550","/product/%D0%9D%D0%A4-00000550","200","","","Жидкость для розжига 500 мл","Жидкость для розжига 500 мл","Хозтовары, упаковка и химия для HoReCa | КЛЕВЕР","","product","Жидкость для розжига 500 мл","НФ-00000550","Жидкость для розжига 500 мл (24)","НФ-00000550","Прочее","","","public_api","direct route GET for HTTP status/location/raw metadata/canonical; identity, hierarchy, title and h1 from public API"
"https://clover-spb.ru/product/%D0%9D%D0%A4-00003602","/product/%D0%9D%D0%A4-00003602","200","","","Жидкое мыло НИКА земляника 5 л","Жидкое мыло НИКА земляника 5 л","Хозтовары, упаковка и химия для HoReCa | КЛЕВЕР","","product","Жидкое мыло НИКА земляника 5 л","НФ-00003602","Жидкое мыло НИКА земляника 5 л (4)","НФ-00003602","Химия, чистящие средства","Мыло","","public_api","direct route GET for HTTP status/location/raw metadata/canonical; identity, hierarchy, title and h1 from public API"
"https://clover-spb.ru/product/%D0%9D%D0%A4-00002248","/product/%D0%9D%D0%A4-00002248","200","","","Жидкое мыло белый перламутр 5 л","Жидкое мыло белый перламутр 5 л","Хозтовары, упаковка и химия для HoReCa | КЛЕВЕР","","product","Жидкое мыло белый перламутр 5 л","НФ-00002248","Жидкое мыло для рук ""ФЛОРОДЕЛЬ"" в ассортименте 5 л","НФ-00002248","Химия, чистящие средства","Мыло","","public_api","direct route GET for HTTP status/location/raw metadata/canonical; identity, hierarchy, title and h1 from public API"
"https://clover-spb.ru/product/%D0%9D%D0%A4-00003457","/product/%D0%9D%D0%A4-00003457","200","","","Жидкое мыло Tellus S4 арт. 520511 1 л","Жидкое мыло Tellus S4 арт. 520511 1 л","Хозтовары, упаковка и химия для HoReCa | КЛЕВЕР","","product","Жидкое мыло Tellus S4 арт. 520511 1 л","НФ-00003457","Жидкое мыло Tellus S4 520511 1л","НФ-00003457","Химия, чистящие средства","Мыло","","public_api","direct route GET for HTTP status/location/raw metadata/canonical; identity, hierarchy, title and h1 from public API"
"https://clover-spb.ru/product/%D0%9D%D0%A4-00000462","/product/%D0%9D%D0%A4-00000462","200","","","Жидкое мыло Синергетик луговые травы 500 мл","Жидкое мыло Синергетик луговые травы 500 мл","Хозтовары, упаковка и химия для HoReCa | КЛЕВЕР","","product","Жидкое мыло Синергетик луговые травы 500 мл","НФ-00000462","Жидкое мыло ""Синергетик"" с дозатором 500 мл (14)","НФ-00000462","Химия, чистящие средства","Мыло","","public_api","direct route GET for HTTP status/location/raw metadata/canonical; identity, hierarchy, title and h1 from public API"
"https://clover-spb.ru/product/%D0%9D%D0%A4-00000171","/product/%D0%9D%D0%A4-00000171","200","","","Ерш для унитаза с подставкой пластиковый","Ерш для унитаза с подставкой пластиковый","Хозтовары, упаковка и химия для HoReCa | КЛЕВЕР","","product","Ерш для унитаза с подставкой пластиковый","НФ-00000171","Ерш для унитаза с подставкой пластиковый","НФ-00000171","Хозяйственные товары","Швабры, щетки","","public_api","direct route GET for HTTP status/location/raw metadata/canonical; identity, hierarchy, title and h1 from public API"
"https://clover-spb.ru/product/%D0%9D%D0%A4-00000243","/product/%D0%9D%D0%A4-00000243","200","","","Доместос 1 л","Доместос 1 л","Хозтовары, упаковка и химия для HoReCa | КЛЕВЕР","","product","Доместос 1 л","НФ-00000243","Доместос 1 л (12)","НФ-00000243","Химия, чистящие средства","Для сантехники","","public_api","direct route GET for HTTP status/location/raw metadata/canonical; identity, hierarchy, title and h1 from public API"
"https://clover-spb.ru/product/%D0%9D%D0%A4-00002432","/product/%D0%9D%D0%A4-00002432","200","","","Долфин Септо Макс - кожный антисептик спиртовой К002-5 5 л","Долфин Септо Макс - кожный антисептик спиртовой К002-5 5 л","Хозтовары, упаковка и химия для HoReCa | КЛЕВЕР","","product","Долфин Септо Макс - кожный антисептик спиртовой К002-5 5 л","НФ-00002432","Долфин Септо Макс - кожный антисептик спиртовой К002-5 5 л КАНИСТРА (3)","НФ-00002432","Химия, чистящие средства","Для дезинфекции","","public_api","direct route GET for HTTP status/location/raw metadata/canonical; identity, hierarchy, title and h1 from public API"
"https://clover-spb.ru/product/%D0%9D%D0%A4-00002682","/product/%D0%9D%D0%A4-00002682","200","","","Долфин Септо Макс - антисептик спиртовой с дозатором К002-5 1 л","Долфин Септо Макс - антисептик спиртовой с дозатором К002-5 1 л","Хозтовары, упаковка и химия для HoReCa | КЛЕВЕР","","product","Долфин Септо Макс - антисептик спиртовой с дозатором К002-5 1 л","НФ-00002682","Долфин Септо Макс - антисептик спиртовой К002-5 1 л МИНИ с дозатором","НФ-00002682","Химия, чистящие средства","Для дезинфекции","","public_api","direct route GET for HTTP status/location/raw metadata/canonical; identity, hierarchy, title and h1 from public API"
"https://clover-spb.ru/product/%D0%9D%D0%A4-00000728","/product/%D0%9D%D0%A4-00000728","200","","","Долфин Имнова Вайтен - для замачивания и отбеливания посуды 5 л","Долфин Имнова Вайтен - для замачивания и отбеливания посуды 5 л","Хозтовары, упаковка и химия для HoReCa | КЛЕВЕР","","product","Долфин Имнова Вайтен - для замачивания и отбеливания посуды 5 л","НФ-00000728","Долфин Имнова Вайтен - для замачивания и отбеливания посуды 5 л","НФ-00000728","Химия, чистящие средства","Отбеливатели","","public_api","direct route GET for HTTP status/location/raw metadata/canonical; identity, hierarchy, title and h1 from public API"
"https://clover-spb.ru/product/%D0%9D%D0%A4-00002319","/product/%D0%9D%D0%A4-00002319","200","","","Долфин Актив - средство для мытья посуды D027 5 л","Долфин Актив - средство для мытья посуды D027 5 л","Хозтовары, упаковка и химия для HoReCa | КЛЕВЕР","","product","Долфин Актив - средство для мытья посуды D027 5 л","НФ-00002319","Долфин Актив - средство для мытья посуды D027 5 л (3)","НФ-00002319","Химия, чистящие средства","Для мытья посуды","","public_api","direct route GET for HTTP status/location/raw metadata/canonical; identity, hierarchy, title and h1 from public API"
"https://clover-spb.ru/product/%D0%9D%D0%A4-00002423","/product/%D0%9D%D0%A4-00002423","200","","","Долфин Regular - моющее средство для ПММ D028 5 л","Долфин Regular - моющее средство для ПММ D028 5 л","Хозтовары, упаковка и химия для HoReCa | КЛЕВЕР","","product","Долфин Regular - моющее средство для ПММ D028 5 л","НФ-00002423","Долфин Regular - моющее средство для ПММ D028 5 л","НФ-00002423","Химия, чистящие средства","Для посудомоечных машин","","public_api","direct route GET for HTTP status/location/raw metadata/canonical; identity, hierarchy, title and h1 from public API"
"https://clover-spb.ru/product/%D0%9D%D0%A4-00002954","/product/%D0%9D%D0%A4-00002954","200","","","Долфин DRY DEZ для обработки поверхностей, скорлупы яйца, зелени, овощей, фруктов 334 5 л","Долфин DRY DEZ для обработки поверхностей, скорлупы яйца, зелени, овощей, фруктов 334 5 л","Хозтовары, упаковка и химия для HoReCa | КЛЕВЕР","","product","Долфин DRY DEZ для обработки поверхностей, скорлупы яйца, зелени, овощей, фруктов 334 5 л","НФ-00002954","Долфин DRY DEZ для обработки поверхностей, скорлупы яйца, зелени, овощей, фруктов 334 5л","НФ-00002954","Химия, чистящие средства","Для дезинфекции","","public_api","direct route GET for HTTP status/location/raw metadata/canonical; identity, hierarchy, title and h1 from public API"
"https://clover-spb.ru/product/%D0%9D%D0%A4-00002932","/product/%D0%9D%D0%A4-00002932","200","","","Долфин D052-5 TOPCLEAN средство щелочное моющее для пищевых производств 5 л","Долфин D052-5 TOPCLEAN средство щелочное моющее для пищевых производств 5 л","Хозтовары, упаковка и химия для HoReCa | КЛЕВЕР","","product","Долфин D052-5 TOPCLEAN средство щелочное моющее для пищевых производств 5 л","НФ-00002932","Долфин D052-5 TOPCLEAN средство щелочное моющее для пищевых производств 5 л (3)","НФ-00002932","Химия, чистящие средства","Жироудалители","","public_api","direct route GET for HTTP status/location/raw metadata/canonical; identity, hierarchy, title and h1 from public API"
"https://clover-spb.ru/product/%D0%9D%D0%A4-00001323","/product/%D0%9D%D0%A4-00001323","200","","","Салфетки диспенсерные LIME 247150 белые 1-сл. 18х16см 150л","Салфетки диспенсерные LIME 247150 белые 1-сл. 18х16см 150л","Хозтовары, упаковка и химия для HoReCa | КЛЕВЕР","","product","Салфетки диспенсерные LIME 247150 белые 1-сл. 18х16см 150л","НФ-00001323","Диспенсерные салфетки Lime 1-сл. 247150 (48)","НФ-00001323","Бумажная продукция","Салфетки","","public_api","direct route GET for HTTP status/location/raw metadata/canonical; identity, hierarchy, title and h1 from public API"
"https://clover-spb.ru/product/%D0%9D%D0%A4-00000671","/product/%D0%9D%D0%A4-00000671","200","","","Держатель для 2-х стаканов крафт","Держатель для 2-х стаканов крафт","Хозтовары, упаковка и химия для HoReCa | КЛЕВЕР","","product","Держатель для 2-х стаканов крафт","НФ-00000671","Держатель для 2-х стаканов (428)","НФ-00000671","Одноразовая посуда","Стаканы","","public_api","direct route GET for HTTP status/location/raw metadata/canonical; identity, hierarchy, title and h1 from public API"
"https://clover-spb.ru/product/%D0%9D%D0%A4-00000504","/product/%D0%9D%D0%A4-00000504","200","","","Губка профильная Ben Fatto 130х70х45мм 8шт","Губка профильная Ben Fatto 130х70х45мм 8шт","Хозтовары, упаковка и химия для HoReCa | КЛЕВЕР","","product","Губка профильная Ben Fatto 130х70х45мм 8шт","НФ-00000504","Губка профильная Ben Fatto 130х70х45мм (8шт) (20)","НФ-00000504","Хозяйственные товары","Губки для посуды","","public_api","direct route GET for HTTP status/location/raw metadata/canonical; identity, hierarchy, title and h1 from public API"
"https://clover-spb.ru/product/%D0%9D%D0%A4-00001005","/product/%D0%9D%D0%A4-00001005","200","","","Губка металлическая Optiline 80гр","Губка металлическая Optiline 80гр","Хозтовары, упаковка и химия для HoReCa | КЛЕВЕР","","product","Губка металлическая Optiline 80гр","НФ-00001005","Губка металлическая Optiline 80гр","НФ-00001005","Хозяйственные товары","Губки для посуды","","public_api","direct route GET for HTTP status/location/raw metadata/canonical; identity, hierarchy, title and h1 from public API"
"https://clover-spb.ru/product/%D0%9D%D0%A4-00003427","/product/%D0%9D%D0%A4-00003427","200","","","Губка металлическая КП 40гр","Губка металлическая КП 40гр","Хозтовары, упаковка и химия для HoReCa | КЛЕВЕР","","product","Губка металлическая КП 40гр","НФ-00003427","Губка для посуды металлическая КП 40гр (30)","НФ-00003427","Хозяйственные товары","Губки для посуды","","public_api","direct route GET for HTTP status/location/raw metadata/canonical; identity, hierarchy, title and h1 from public API"
"https://clover-spb.ru/product/%D0%9D%D0%A4-00000116","/product/%D0%9D%D0%A4-00000116","200","","","Губка металлическая КП 3шт","Губка металлическая КП 3шт","Хозтовары, упаковка и химия для HoReCa | КЛЕВЕР","","product","Губка металлическая КП 3шт","НФ-00000116","Губка для посуды металлическая (3шт) (32)","НФ-00000116","Хозяйственные товары","Губки для посуды","","public_api","direct route GET for HTTP status/location/raw metadata/canonical; identity, hierarchy, title and h1 from public API"
"https://clover-spb.ru/product/%D0%9D%D0%A4-00000119","/product/%D0%9D%D0%A4-00000119","200","","","Губка металлическая КП 10шт","Губка металлическая КП 10шт","Хозтовары, упаковка и химия для HoReCa | КЛЕВЕР","","product","Губка металлическая КП 10шт","НФ-00000119","Губка для посуды металлическая (10шт)","НФ-00000119","Хозяйственные товары","Губки для посуды","","public_api","direct route GET for HTTP status/location/raw metadata/canonical; identity, hierarchy, title and h1 from public API"
"https://clover-spb.ru/product/%D0%9D%D0%A4-00001311","/product/%D0%9D%D0%A4-00001311","200","","","Губка металлическая ""спираль""","Губка металлическая ""спираль""","Хозтовары, упаковка и химия для HoReCa | КЛЕВЕР","","product","Губка металлическая ""спираль""","НФ-00001311","Губка для посуды метал. ""спираль"" (12/432)","НФ-00001311","Хозяйственные товары","Губки для посуды","","public_api","direct route GET for HTTP status/location/raw metadata/canonical; identity, hierarchy, title and h1 from public API"
"https://clover-spb.ru/product/%D0%9D%D0%A4-00003626","/product/%D0%9D%D0%A4-00003626","200","","","Губка для обуви ""Suite collection"" круглая бесцветная","Губка для обуви ""Suite collection"" круглая бесцветная","Хозтовары, упаковка и химия для HoReCa | КЛЕВЕР","","product","Губка для обуви ""Suite collection"" круглая бесцветная","НФ-00003626","Губка для обуви ""Suite collection"" круглая бесцветная","НФ-00003626","Хозяйственные товары","Губки для посуды","","public_api","direct route GET for HTTP status/location/raw metadata/canonical; identity, hierarchy, title and h1 from public API"
"https://clover-spb.ru/product/%D0%9D%D0%A4-00000503","/product/%D0%9D%D0%A4-00000503","200","","","Губка для мытья посуды Bubble Master Fresh 5шт","Губка для мытья посуды Bubble Master Fresh 5шт","Хозтовары, упаковка и химия для HoReCa | КЛЕВЕР","","product","Губка для мытья посуды Bubble Master Fresh 5шт","НФ-00000503","Губка для мытья посуды Bubble Master Fresh (5шт)","НФ-00000503","Химия, чистящие средства","Для мытья посуды","","public_api","direct route GET for HTTP status/location/raw metadata/canonical; identity, hierarchy, title and h1 from public API"
"https://clover-spb.ru/product/%D0%9D%D0%A4-00000115","/product/%D0%9D%D0%A4-00000115","200","","","Губка ""Мега"" для посуды КонтинентПак 5шт","Губка ""Мега"" для посуды КонтинентПак 5шт","Хозтовары, упаковка и химия для HoReCa | КЛЕВЕР","","product","Губка ""Мега"" для посуды КонтинентПак 5шт","НФ-00000115","Губка ""Мега"" для посуды КонтинентПак (5шт)","НФ-00000115","Хозяйственные товары","Губки для посуды","","public_api","direct route GET for HTTP status/location/raw metadata/canonical; identity, hierarchy, title and h1 from public API"
"https://clover-spb.ru/product/%D0%9D%D0%A4-00001225","/product/%D0%9D%D0%A4-00001225","200","","","Газовая горелка","Газовая горелка","Хозтовары, упаковка и химия для HoReCa | КЛЕВЕР","","product","Газовая горелка","НФ-00001225","Газовая горелка (зеленая)","НФ-00001225","Прочее","","","public_api","direct route GET for HTTP status/location/raw metadata/canonical; identity, hierarchy, title and h1 from public API"
"https://clover-spb.ru/product/%D0%9D%D0%A4-00000610","/product/%D0%9D%D0%A4-00000610","200","","","Газ для плиты Сибиар 400мл","Газ для плиты Сибиар 400мл","Хозтовары, упаковка и химия для HoReCa | КЛЕВЕР","","product","Газ для плиты Сибиар 400мл","НФ-00000610","Газ для плиты (12)","НФ-00000610","Прочее","","","public_api","direct route GET for HTTP status/location/raw metadata/canonical; identity, hierarchy, title and h1 from public API"
"https://clover-spb.ru/product/%D0%9D%D0%A4-00000506","/product/%D0%9D%D0%A4-00000506","200","","","Вилочка коктейльная 9см 100шт","Вилочка коктейльная 9см 100шт","Хозтовары, упаковка и химия для HoReCa | КЛЕВЕР","","product","Вилочка коктейльная 9см 100шт","НФ-00000506","Вилочка коктейльная 9см (100)","НФ-00000506","Барные аксессуары","","","public_api","direct route GET for HTTP status/location/raw metadata/canonical; identity, hierarchy, title and h1 from public API"
"https://clover-spb.ru/product/%D0%9D%D0%A4-00003462","/product/%D0%9D%D0%A4-00003462","200","","","Вилка черная пластиковая в инд.упаковке","Вилка черная пластиковая в инд.упаковке","Хозтовары, упаковка и химия для HoReCa | КЛЕВЕР","","product","Вилка черная пластиковая в инд.упаковке","НФ-00003462","Вилка черная пластиковая в инд.упаковке (300)","НФ-00003462","Одноразовая посуда","Столовые приборы","","public_api","direct route GET for HTTP status/location/raw metadata/canonical; identity, hierarchy, title and h1 from public API"
"https://clover-spb.ru/product/%D0%9D%D0%A4-00001179","/product/%D0%9D%D0%A4-00001179","200","","","Вилка пластиковая черная 17,5см матовая","Вилка пластиковая черная 17,5см матовая","Хозтовары, упаковка и химия для HoReCa | КЛЕВЕР","","product","Вилка пластиковая черная 17,5см матовая","НФ-00001179","Вилка черная матовая (50/1000)","НФ-00001179","Одноразовая посуда","Столовые приборы","","public_api","direct route GET for HTTP status/location/raw metadata/canonical; identity, hierarchy, title and h1 from public API"
"https://clover-spb.ru/product/%D0%9D%D0%A4-00002245","/product/%D0%9D%D0%A4-00002245","200","","","Вилка пластиковая черная 16,5см ОРЁЛ эконом","Вилка пластиковая черная 16,5см ОРЁЛ эконом","Хозтовары, упаковка и химия для HoReCa | КЛЕВЕР","","product","Вилка пластиковая черная 16,5см ОРЁЛ эконом","НФ-00002245","Вилка пластиковая черная 16,5см ""ОРЁЛ"" (100/2200)","НФ-00002245","Одноразовая посуда","Столовые приборы","","public_api","direct route GET for HTTP status/location/raw metadata/canonical; identity, hierarchy, title and h1 from public API"
"https://clover-spb.ru/product/%D0%9D%D0%A4-00000498","/product/%D0%9D%D0%A4-00000498","200","","","Вилка пластиковая 18см черная","Вилка пластиковая 18см черная","Хозтовары, упаковка и химия для HoReCa | КЛЕВЕР","","product","Вилка пластиковая 18см черная","НФ-00000498","Вилка пластиковая черная (50/2500)","НФ-00000498","Одноразовая посуда","Столовые приборы","","public_api","direct route GET for HTTP status/location/raw metadata/canonical; identity, hierarchy, title and h1 from public API"
"https://clover-spb.ru/product/%D0%9D%D0%A4-00001398","/product/%D0%9D%D0%A4-00001398","200","","","Вилка пластиковая 18см прозрачная","Вилка пластиковая 18см прозрачная","Хозтовары, упаковка и химия для HoReCa | КЛЕВЕР","","product","Вилка пластиковая 18см прозрачная","НФ-00001398","Вилка пластиковая 18см прозрачная (50/2500)","НФ-00001398","Одноразовая посуда","Столовые приборы","","public_api","direct route GET for HTTP status/location/raw metadata/canonical; identity, hierarchy, title and h1 from public API"
"https://clover-spb.ru/product/%D0%9D%D0%A4-00000041","/product/%D0%9D%D0%A4-00000041","200","","","Вилка пластиковая 16,5см белая","Вилка пластиковая 16,5см белая","Хозтовары, упаковка и химия для HoReCa | КЛЕВЕР","","product","Вилка пластиковая 16,5см белая","НФ-00000041","Вилка белая (100/2000)","НФ-00000041","Одноразовая посуда","Столовые приборы","","public_api","direct route GET for HTTP status/location/raw metadata/canonical; identity, hierarchy, title and h1 from public API"
"https://clover-spb.ru/product/%D0%9D%D0%A4-00002221","/product/%D0%9D%D0%A4-00002221","200","","","Веник сорго элитный Молдавия 95см","Веник сорго элитный Молдавия 95см","Хозтовары, упаковка и химия для HoReCa | КЛЕВЕР","","product","Веник сорго элитный Молдавия 95см","НФ-00002221","Веник сорго элитный Молдавия 95см","НФ-00002221","Хозяйственные товары","Швабры, щетки","","public_api","direct route GET for HTTP status/location/raw metadata/canonical; identity, hierarchy, title and h1 from public API"
"https://clover-spb.ru/product/%D0%9D%D0%A4-00001017","/product/%D0%9D%D0%A4-00001017","200","","","Ведро хозяйственное 10 л в ассортименте","Ведро хозяйственное 10 л в ассортименте","Хозтовары, упаковка и химия для HoReCa | КЛЕВЕР","","product","Ведро хозяйственное 10 л в ассортименте","НФ-00001017","Ведро хозяйственное 10 л","НФ-00001017","Хозяйственные товары","Прочее","","public_api","direct route GET for HTTP status/location/raw metadata/canonical; identity, hierarchy, title and h1 from public API"
"https://clover-spb.ru/product/%D0%9D%D0%A4-00000330","/product/%D0%9D%D0%A4-00000330","200","","","Ведро с ручкой и крышкой 130мм с контролем вскрытия 800мл","Ведро с ручкой и крышкой 130мм с контролем вскрытия 800мл","Хозтовары, упаковка и химия для HoReCa | КЛЕВЕР","","product","Ведро с ручкой и крышкой 130мм с контролем вскрытия 800мл","НФ-00000330","Ведро с ручкой и крышкой 130мм с контролем вскрытия 800мл (10/240)","НФ-00000330","Одноразовая посуда","Ведра","","public_api","direct route GET for HTTP status/location/raw metadata/canonical; identity, hierarchy, title and h1 from public API"
"https://clover-spb.ru/product/%D0%9D%D0%A4-00003163","/product/%D0%9D%D0%A4-00003163","200","","","Ведро с ручкой и крышкой 109мм с контролем вскрытия 550мл","Ведро с ручкой и крышкой 109мм с контролем вскрытия 550мл","Хозтовары, упаковка и химия для HoReCa | КЛЕВЕР","","product","Ведро с ручкой и крышкой 109мм с контролем вскрытия 550мл","НФ-00003163","Ведро с ручкой и крышкой 109мм с контролем вскрытия 550мл (10/480)","НФ-00003163","Одноразовая посуда","Ведра","","public_api","direct route GET for HTTP status/location/raw metadata/canonical; identity, hierarchy, title and h1 from public API"
"https://clover-spb.ru/product/%D0%9D%D0%A4-00000792","/product/%D0%9D%D0%A4-00000792","200","","","Ведро прозрачное с крышкой 5,8 л","Ведро прозрачное с крышкой 5,8 л","Хозтовары, упаковка и химия для HoReCa | КЛЕВЕР","","product","Ведро прозрачное с крышкой 5,8 л","НФ-00000792","Ведро прозрачное с крышкой 5,8 л (35)","НФ-00000792","Одноразовая посуда","Ведра","","public_api","direct route GET for HTTP status/location/raw metadata/canonical; identity, hierarchy, title and h1 from public API"
"https://clover-spb.ru/product/%D0%9D%D0%A4-00001016","/product/%D0%9D%D0%A4-00001016","200","","","Ведро прозрачное с крышкой 3,3 л","Ведро прозрачное с крышкой 3,3 л","Хозтовары, упаковка и химия для HoReCa | КЛЕВЕР","","product","Ведро прозрачное с крышкой 3,3 л","НФ-00001016","Ведро прозрачное с крышкой 3,3 л (90)","НФ-00001016","Одноразовая посуда","Ведра","","public_api","direct route GET for HTTP status/location/raw metadata/canonical; identity, hierarchy, title and h1 from public API"
"https://clover-spb.ru/product/%D0%9D%D0%A4-00001331","/product/%D0%9D%D0%A4-00001331","200","","","Ведро прозрачное с крышкой 2,25 л","Ведро прозрачное с крышкой 2,25 л","Хозтовары, упаковка и химия для HoReCa | КЛЕВЕР","","product","Ведро прозрачное с крышкой 2,25 л","НФ-00001331","Ведро прозрачное с крышкой 2,25 л (100)","НФ-00001331","Одноразовая посуда","Ведра","","public_api","direct route GET for HTTP status/location/raw metadata/canonical; identity, hierarchy, title and h1 from public API"
"https://clover-spb.ru/product/%D0%9D%D0%A4-00000867","/product/%D0%9D%D0%A4-00000867","200","","","Ведро прозрачное с крышкой 1180 мл","Ведро прозрачное с крышкой 1180 мл","Хозтовары, упаковка и химия для HoReCa | КЛЕВЕР","","product","Ведро прозрачное с крышкой 1180 мл","НФ-00000867","Ведро прозрачное с крышкой 1180мл (200)","НФ-00000867","Одноразовая посуда","Ведра","","public_api","direct route GET for HTTP status/location/raw metadata/canonical; identity, hierarchy, title and h1 from public API"
"https://clover-spb.ru/product/%D0%9D%D0%A4-00000790","/product/%D0%9D%D0%A4-00000790","200","","","Ведро прозрачное с крышкой 11,3 л","Ведро прозрачное с крышкой 11,3 л","Хозтовары, упаковка и химия для HoReCa | КЛЕВЕР","","product","Ведро прозрачное с крышкой 11,3 л","НФ-00000790","Ведро прозрачное с крышкой 11,3 л (25)","НФ-00000790","Одноразовая посуда","Ведра","","public_api","direct route GET for HTTP status/location/raw metadata/canonical; identity, hierarchy, title and h1 from public API"
"https://clover-spb.ru/product/%D0%9D%D0%A4-00000967","/product/%D0%9D%D0%A4-00000967","200","","","Ведро прозрачное с крышкой 1 л","Ведро прозрачное с крышкой 1 л","Хозтовары, упаковка и химия для HoReCa | КЛЕВЕР","","product","Ведро прозрачное с крышкой 1 л","НФ-00000967","Ведро прозрачное с крышкой 1 л (150)","НФ-00000967","Одноразовая посуда","Ведра","","public_api","direct route GET for HTTP status/location/raw metadata/canonical; identity, hierarchy, title and h1 from public API"
"https://clover-spb.ru/product/%D0%9D%D0%A4-00000293","/product/%D0%9D%D0%A4-00000293","200","","","Вафельное полотно в отрезе, ширина 40 см (упаковка 10м)","Вафельное полотно в отрезе, ширина 40 см (упаковка 10м)","Хозтовары, упаковка и химия для HoReCa | КЛЕВЕР","","product","Вафельное полотно в отрезе, ширина 40 см (упаковка 10м)","НФ-00000293","Вафельное полотно 45 см х 1 м (10/200)","НФ-00000293","Хозяйственные товары","Тряпки, мопы, полотенца","","public_api","direct route GET for HTTP status/location/raw metadata/canonical; identity, hierarchy, title and h1 from public API"
"https://clover-spb.ru/product/%D0%9D%D0%A4-00000239","/product/%D0%9D%D0%A4-00000239","200","","","Вафельное полотно 45 см 60 метров 200гр/м2","Вафельное полотно 45 см 60 метров 200гр/м2","Хозтовары, упаковка и химия для HoReCa | КЛЕВЕР","","product","Вафельное полотно 45 см 60 метров 200гр/м2","НФ-00000239","Вафельное полотно 45 см 60 метров 200гр/м2 (4)","НФ-00000239","Хозяйственные товары","Тряпки, мопы, полотенца","","public_api","direct route GET for HTTP status/location/raw metadata/canonical; identity, hierarchy, title and h1 from public API"
"https://clover-spb.ru/product/%D0%9D%D0%A4-00000241","/product/%D0%9D%D0%A4-00000241","200","","","Вафельное полотно 45 см 60 метров 140гр/м2","Вафельное полотно 45 см 60 метров 140гр/м2","Хозтовары, упаковка и химия для HoReCa | КЛЕВЕР","","product","Вафельное полотно 45 см 60 метров 140гр/м2","НФ-00000241","Вафельное полотно 45 см 60 метров 140гр/м2 (5)","НФ-00000241","Хозяйственные товары","Тряпки, мопы, полотенца","","public_api","direct route GET for HTTP status/location/raw metadata/canonical; identity, hierarchy, title and h1 from public API"
"https://clover-spb.ru/product/%D0%9D%D0%A4-00000209","/product/%D0%9D%D0%A4-00000209","200","","","Вафельное полотно 40 см 50 метров 110гр/м2","Вафельное полотно 40 см 50 метров 110гр/м2","Хозтовары, упаковка и химия для HoReCa | КЛЕВЕР","","product","Вафельное полотно 40 см 50 метров 110гр/м2","НФ-00000209","Вафельное полотно 40 см 50 метров 110гр/м2","НФ-00000209","Хозяйственные товары","Тряпки, мопы, полотенца","","public_api","direct route GET for HTTP status/location/raw metadata/canonical; identity, hierarchy, title and h1 from public API"
"https://clover-spb.ru/product/%D0%9D%D0%A4-00002959","/product/%D0%9D%D0%A4-00002959","200","","","Вантуз с длинной деревянной ручкой","Вантуз с длинной деревянной ручкой","Хозтовары, упаковка и химия для HoReCa | КЛЕВЕР","","product","Вантуз с длинной деревянной ручкой","НФ-00002959","Вантуз с длинной деревянной ручкой","НФ-00002959","Хозяйственные товары","Швабры, щетки","","public_api","direct route GET for HTTP status/location/raw metadata/canonical; identity, hierarchy, title and h1 from public API"
"https://clover-spb.ru/product/%D0%9D%D0%A4-00002179","/product/%D0%9D%D0%A4-00002179","200","","","Вантуз резиновый 130х130х175мм Etna серый","Вантуз резиновый 130х130х175мм Etna серый","Хозтовары, упаковка и химия для HoReCa | КЛЕВЕР","","product","Вантуз резиновый 130х130х175мм Etna серый","НФ-00002179","Вантуз резиновый 130х130х175мм Etna серый (9)","НФ-00002179","Хозяйственные товары","Швабры, щетки","","public_api","direct route GET for HTTP status/location/raw metadata/canonical; identity, hierarchy, title and h1 from public API"
"https://clover-spb.ru/product/%D0%9D%D0%A4-00001026","/product/%D0%9D%D0%A4-00001026","200","","","Вакуумный пакет 400 х 600мм 70мкм","Вакуумный пакет 400 х 600мм 70мкм","Хозтовары, упаковка и химия для HoReCa | КЛЕВЕР","","product","Вакуумный пакет 400 х 600мм 70мкм","НФ-00001026","Вакуумный пакет 400 х 600мм 70мкм (100)","НФ-00001026","Пакеты, упаковочные материалы","Пакеты вакуумные","","public_api","direct route GET for HTTP status/location/raw metadata/canonical; identity, hierarchy, title and h1 from public API"
"https://clover-spb.ru/product/%D0%9D%D0%A4-00002749","/product/%D0%9D%D0%A4-00002749","200","","","Вакуумный пакет 400 х 600мм 60мкм","Вакуумный пакет 400 х 600мм 60мкм","Хозтовары, упаковка и химия для HoReCa | КЛЕВЕР","","product","Вакуумный пакет 400 х 600мм 60мкм","НФ-00002749","Вакуумный пакет 400 х 600мм 60мкм (100шт/600шт)","НФ-00002749","Пакеты, упаковочные материалы","Пакеты вакуумные","","public_api","direct route GET for HTTP status/location/raw metadata/canonical; identity, hierarchy, title and h1 from public API"
"https://clover-spb.ru/product/%D0%9D%D0%A4-00003240","/product/%D0%9D%D0%A4-00003240","200","","","Вакуумный пакет 300 х 450мм 70мкм","Вакуумный пакет 300 х 450мм 70мкм","Хозтовары, упаковка и химия для HoReCa | КЛЕВЕР","","product","Вакуумный пакет 300 х 450мм 70мкм","НФ-00003240","Вакуумный пакет 300 х 450мм 70мкм (100шт)","НФ-00003240","Пакеты, упаковочные материалы","Пакеты вакуумные","","public_api","direct route GET for HTTP status/location/raw metadata/canonical; identity, hierarchy, title and h1 from public API"
"https://clover-spb.ru/product/%D0%9D%D0%A4-00001098","/product/%D0%9D%D0%A4-00001098","200","","","Вакуумный пакет 300 х 400мм 70мкм","Вакуумный пакет 300 х 400мм 70мкм","Хозтовары, упаковка и химия для HoReCa | КЛЕВЕР","","product","Вакуумный пакет 300 х 400мм 70мкм","НФ-00001098","Вакуумный пакет 300 х 400мм 70мкм (100/1000)","НФ-00001098","Пакеты, упаковочные материалы","Пакеты вакуумные","","public_api","direct route GET for HTTP status/location/raw metadata/canonical; identity, hierarchy, title and h1 from public API"
"https://clover-spb.ru/product/%D0%9D%D0%A4-00001097","/product/%D0%9D%D0%A4-00001097","200","","","Вакуумный пакет 250 х 350мм 70мкм","Вакуумный пакет 250 х 350мм 70мкм","Хозтовары, упаковка и химия для HoReCa | КЛЕВЕР","","product","Вакуумный пакет 250 х 350мм 70мкм","НФ-00001097","Вакуумный пакет 250 х 350мм 70мкм (100)","НФ-00001097","Пакеты, упаковочные материалы","Пакеты вакуумные","","public_api","direct route GET for HTTP status/location/raw metadata/canonical; identity, hierarchy, title and h1 from public API"
"https://clover-spb.ru/product/%D0%9D%D0%A4-00000401","/product/%D0%9D%D0%A4-00000401","200","","","Вакуумный пакет 250 х 300мм 70мкм","Вакуумный пакет 250 х 300мм 70мкм","Хозтовары, упаковка и химия для HoReCa | КЛЕВЕР","","product","Вакуумный пакет 250 х 300мм 70мкм","НФ-00000401","Вакуумный пакет 250 х 300мм 70мкм (100/2000)","НФ-00000401","Пакеты, упаковочные материалы","Пакеты вакуумные","","public_api","direct route GET for HTTP status/location/raw metadata/canonical; identity, hierarchy, title and h1 from public API"
"https://clover-spb.ru/product/%D0%9D%D0%A4-00003097","/product/%D0%9D%D0%A4-00003097","200","","","Вакуумный пакет 200 х 300мм 70мкм","Вакуумный пакет 200 х 300мм 70мкм","Хозтовары, упаковка и химия для HoReCa | КЛЕВЕР","","product","Вакуумный пакет 200 х 300мм 70мкм","НФ-00003097","Вакуумный пакет 200 х 300мм 70мкм (100)","НФ-00003097","Пакеты, упаковочные материалы","Пакеты вакуумные","","public_api","direct route GET for HTTP status/location/raw metadata/canonical; identity, hierarchy, title and h1 from public API"
"https://clover-spb.ru/product/%D0%9D%D0%A4-00000400","/product/%D0%9D%D0%A4-00000400","200","","","Вакуумный пакет 200 х 300мм 60мкм","Вакуумный пакет 200 х 300мм 60мкм","Хозтовары, упаковка и химия для HoReCa | КЛЕВЕР","","product","Вакуумный пакет 200 х 300мм 60мкм","НФ-00000400","Вакуумный пакет 200 х 300мм 60мкм (100)","НФ-00000400","Пакеты, упаковочные материалы","Пакеты вакуумные","","public_api","direct route GET for HTTP status/location/raw metadata/canonical; identity, hierarchy, title and h1 from public API"
"https://clover-spb.ru/product/%D0%9D%D0%A4-00000399","/product/%D0%9D%D0%A4-00000399","200","","","Вакуумный пакет 160 х 250мм 60мкм","Вакуумный пакет 160 х 250мм 60мкм","Хозтовары, упаковка и химия для HoReCa | КЛЕВЕР","","product","Вакуумный пакет 160 х 250мм 60мкм","НФ-00000399","Вакуумный пакет 160 х 250мм 60мкм (100)","НФ-00000399","Пакеты, упаковочные материалы","Пакеты вакуумные","","public_api","direct route GET for HTTP status/location/raw metadata/canonical; identity, hierarchy, title and h1 from public API"
"https://clover-spb.ru/product/%D0%9D%D0%A4-00001829","/product/%D0%9D%D0%A4-00001829","200","","","Вакуумный пакет 160 х 210мм 60мкм","Вакуумный пакет 160 х 210мм 60мкм","Хозтовары, упаковка и химия для HoReCa | КЛЕВЕР","","product","Вакуумный пакет 160 х 210мм 60мкм","НФ-00001829","Вакуумный пакет 160 х 210мм 60мкм (100)","НФ-00001829","Пакеты, упаковочные материалы","Пакеты вакуумные","","public_api","direct route GET for HTTP status/location/raw metadata/canonical; identity, hierarchy, title and h1 from public API"
"https://clover-spb.ru/product/%D0%9D%D0%A4-00001303","/product/%D0%9D%D0%A4-00001303","200","","","Вакуумный пакет 150 х 300мм 60мкм","Вакуумный пакет 150 х 300мм 60мкм","Хозтовары, упаковка и химия для HoReCa | КЛЕВЕР","","product","Вакуумный пакет 150 х 300мм 60мкм","НФ-00001303","Вакуумный пакет 150 х 300мм 60мкм (100шт)","НФ-00001303","Пакеты, упаковочные материалы","Пакеты вакуумные","","public_api","direct route GET for HTTP status/location/raw metadata/canonical; identity, hierarchy, title and h1 from public API"
"https://clover-spb.ru/product/%D0%9D%D0%A4-00001117","/product/%D0%9D%D0%A4-00001117","200","","","Вакуумный пакет 150 х 200мм 70мкм","Вакуумный пакет 150 х 200мм 70мкм","Хозтовары, упаковка и химия для HoReCa | КЛЕВЕР","","product","Вакуумный пакет 150 х 200мм 70мкм","НФ-00001117","Вакуумный пакет 150 х 200мм 70мкм (100шт)","НФ-00001117","Пакеты, упаковочные материалы","Пакеты вакуумные","","public_api","direct route GET for HTTP status/location/raw metadata/canonical; identity, hierarchy, title and h1 from public API"
"https://clover-spb.ru/product/%D0%9D%D0%A4-00000398","/product/%D0%9D%D0%A4-00000398","200","","","Вакуумный пакет 110 х 160мм 60мкм","Вакуумный пакет 110 х 160мм 60мкм","Хозтовары, упаковка и химия для HoReCa | КЛЕВЕР","","product","Вакуумный пакет 110 х 160мм 60мкм","НФ-00000398","Вакуумный пакет 110 х 160мм 60мкм (100)","НФ-00000398","Пакеты, упаковочные материалы","Пакеты вакуумные","","public_api","direct route GET for HTTP status/location/raw metadata/canonical; identity, hierarchy, title and h1 from public API"
"https://clover-spb.ru/product/%D0%9D%D0%A4-00001113","/product/%D0%9D%D0%A4-00001113","200","","","Бутылка прозрачная с пробкой 5 л","Бутылка прозрачная с пробкой 5 л","Хозтовары, упаковка и химия для HoReCa | КЛЕВЕР","","product","Бутылка прозрачная с пробкой 5 л","НФ-00001113","Бутылка прозрачная с пробкой 5 л (15)","НФ-00001113","Одноразовая посуда","Бутылки","","public_api","direct route GET for HTTP status/location/raw metadata/canonical; identity, hierarchy, title and h1 from public API"
"https://clover-spb.ru/product/%D0%9D%D0%A4-00000909","/product/%D0%9D%D0%A4-00000909","200","","","Бутылка прозрачная с пробкой 100 мл","Бутылка прозрачная с пробкой 100 мл","Хозтовары, упаковка и химия для HoReCa | КЛЕВЕР","","product","Бутылка прозрачная с пробкой 100 мл","НФ-00000909","Бутылка прозрачная с пробкой 100 мл (250)","НФ-00000909","Одноразовая посуда","Бутылки","","public_api","direct route GET for HTTP status/location/raw metadata/canonical; identity, hierarchy, title and h1 from public API"
"https://clover-spb.ru/product/%D0%9D%D0%A4-00003531","/product/%D0%9D%D0%A4-00003531","200","","","Бутылка прозрачная круглая широкое горло с пробкой 500 мл","Бутылка прозрачная круглая широкое горло с пробкой 500 мл","Хозтовары, упаковка и химия для HoReCa | КЛЕВЕР","","product","Бутылка прозрачная круглая широкое горло с пробкой 500 мл","НФ-00003531","Бутылка прозрачная круглая с ШИРоким горлом + пробка 500 мл (104)","НФ-00003531","Одноразовая посуда","Бутылки","","public_api","direct route GET for HTTP status/location/raw metadata/canonical; identity, hierarchy, title and h1 from public API"
"https://clover-spb.ru/product/%D0%9D%D0%A4-00000031","/product/%D0%9D%D0%A4-00000031","200","","","Бутылка прозрачная круглая с пробкой 500 мл","Бутылка прозрачная круглая с пробкой 500 мл","Хозтовары, упаковка и химия для HoReCa | КЛЕВЕР","","product","Бутылка прозрачная круглая с пробкой 500 мл","НФ-00000031","Бутылка прозрачная круглая с пробкой 500 мл (100)","НФ-00000031","Одноразовая посуда","Бутылки","","public_api","direct route GET for HTTP status/location/raw metadata/canonical; identity, hierarchy, title and h1 from public API"
"https://clover-spb.ru/product/%D0%9D%D0%A4-00000388","/product/%D0%9D%D0%A4-00000388","200","","","Бутылка прозрачная круглая с пробкой 250 мл","Бутылка прозрачная круглая с пробкой 250 мл","Хозтовары, упаковка и химия для HoReCa | КЛЕВЕР","","product","Бутылка прозрачная круглая с пробкой 250 мл","НФ-00000388","Бутылка прозрачная круглая с пробкой 250 мл (100)","НФ-00000388","Одноразовая посуда","Бутылки","","public_api","direct route GET for HTTP status/location/raw metadata/canonical; identity, hierarchy, title and h1 from public API"
"https://clover-spb.ru/product/%D0%9D%D0%A4-00000032","/product/%D0%9D%D0%A4-00000032","200","","","Бутылка прозрачная круглая с пробкой 1 л","Бутылка прозрачная круглая с пробкой 1 л","Хозтовары, упаковка и химия для HoReCa | КЛЕВЕР","","product","Бутылка прозрачная круглая с пробкой 1 л","НФ-00000032","Бутылка прозрачная круглая с пробкой 1 л (50)","НФ-00000032","Одноразовая посуда","Бутылки","","public_api","direct route GET for HTTP status/location/raw metadata/canonical; identity, hierarchy, title and h1 from public API"
"https://clover-spb.ru/product/%D0%9D%D0%A4-00001034","/product/%D0%9D%D0%A4-00001034","200","","","Бутылка прозрачная квадратная с пробкой 500 мл","Бутылка прозрачная квадратная с пробкой 500 мл","Хозтовары, упаковка и химия для HoReCa | КЛЕВЕР","","product","Бутылка прозрачная квадратная с пробкой 500 мл","НФ-00001034","Бутылка прозрачная КВАДРАТная с пробкой 500 мл (100)","НФ-00001034","Одноразовая посуда","Бутылки","","public_api","direct route GET for HTTP status/location/raw metadata/canonical; identity, hierarchy, title and h1 from public API"
"https://clover-spb.ru/product/%D0%9D%D0%A4-00003547","/product/%D0%9D%D0%A4-00003547","200","","","Бутылка прозрачная квадратная с пробкой 300 мл","Бутылка прозрачная квадратная с пробкой 300 мл","Хозтовары, упаковка и химия для HoReCa | КЛЕВЕР","","product","Бутылка прозрачная квадратная с пробкой 300 мл","НФ-00003547","Бутылка прозрачная КВАДРАТная с пробкой 300 мл (100)","НФ-00003547","Одноразовая посуда","Бутылки","","public_api","direct route GET for HTTP status/location/raw metadata/canonical; identity, hierarchy, title and h1 from public API"
"https://clover-spb.ru/product/%D0%9D%D0%A4-00003668","/product/%D0%9D%D0%A4-00003668","200","","","Бутылка прозрачная квадратная с пробкой 1 л","Бутылка прозрачная квадратная с пробкой 1 л","Хозтовары, упаковка и химия для HoReCa | КЛЕВЕР","","product","Бутылка прозрачная квадратная с пробкой 1 л","НФ-00003668","Бутылка прозрачная КВАДРАТная с пробкой 1 л (60)","НФ-00003668","Одноразовая посуда","Бутылки","","public_api","direct route GET for HTTP status/location/raw metadata/canonical; identity, hierarchy, title and h1 from public API"
"https://clover-spb.ru/product/%D0%9D%D0%A4-00002844","/product/%D0%9D%D0%A4-00002844","200","","","Бумажный пакет для картофеля фри 140х140мм белый","Бумажный пакет для картофеля фри 140х140мм белый","Хозтовары, упаковка и химия для HoReCa | КЛЕВЕР","","product","Бумажный пакет для картофеля фри 140х140мм белый","НФ-00002844","Бумажный пакет для картофеля фри 140х140мм белый ЖС 40гр/м2 (3000)","НФ-00002844","Пакеты, упаковочные материалы","Бумажные пакеты без ручки","","public_api","direct route GET for HTTP status/location/raw metadata/canonical; identity, hierarchy, title and h1 from public API"
"https://clover-spb.ru/product/%D0%9D%D0%A4-00003465","/product/%D0%9D%D0%A4-00003465","200","","","Бумажный пакет для картофеля фри 110х175мм с рисунком","Бумажный пакет для картофеля фри 110х175мм с рисунком","Хозтовары, упаковка и химия для HoReCa | КЛЕВЕР","","product","Бумажный пакет для картофеля фри 110х175мм с рисунком","НФ-00003465","Бумажный пакет для картофеля фри 110х175мм с рисунком (100/3500)","НФ-00003465","Пакеты, упаковочные материалы","Бумажные пакеты без ручки","","public_api","direct route GET for HTTP status/location/raw metadata/canonical; identity, hierarchy, title and h1 from public API"
"https://clover-spb.ru/product/%D0%9D%D0%A4-00003508","/product/%D0%9D%D0%A4-00003508","200","","","Бумажные полотенца 3-сл V-укл. 180л 21×22см Protissue H3 С388","Бумажные полотенца 3-сл V-укл. 180л 21×22см Protissue H3 С388","Хозтовары, упаковка и химия для HoReCa | КЛЕВЕР","","product","Бумажные полотенца 3-сл V-укл. 180л 21×22см Protissue H3 С388","НФ-00003508","Бумажные полотенца 3-сл V-сложение 180л 21×22см Protissue H3 целлюлоза С388 (20)","НФ-00003508","Бумажная продукция","Бумажные полотенца","","public_api","direct route GET for HTTP status/location/raw metadata/canonical; identity, hierarchy, title and h1 from public API"
"https://clover-spb.ru/product/%D0%9D%D0%A4-00000126","/product/%D0%9D%D0%A4-00000126","200","","","Бумажные полотенца ""Фамилия"" 2рул","Бумажные полотенца ""Фамилия"" 2рул","Хозтовары, упаковка и химия для HoReCa | КЛЕВЕР","","product","Бумажные полотенца ""Фамилия"" 2рул","НФ-00000126","Бумажные полотенца ""Фамилия"" (2рул) (14)","НФ-00000126","Бумажная продукция","Бумажные полотенца","","public_api","direct route GET for HTTP status/location/raw metadata/canonical; identity, hierarchy, title and h1 from public API"
"https://clover-spb.ru/product/%D0%9D%D0%A4-00001147","/product/%D0%9D%D0%A4-00001147","200","","","Бумага для шавермы 10кг","Бумага для шавермы 10кг","Хозтовары, упаковка и химия для HoReCa | КЛЕВЕР","","product","Бумага для шавермы 10кг","НФ-00001147","Бумага для шавермы ЭКОНОМ 10кг","НФ-00001147","Одноразовая посуда","Бумажная упаковка","","public_api","direct route GET for HTTP status/location/raw metadata/canonical; identity, hierarchy, title and h1 from public API"
"https://clover-spb.ru/product/%D0%9D%D0%A4-00000780","/product/%D0%9D%D0%A4-00000780","200","","","Бумага для выпечки 40х60 в листах 500л коричневая","Бумага для выпечки 40х60 в листах 500л коричневая","Хозтовары, упаковка и химия для HoReCa | КЛЕВЕР","","product","Бумага для выпечки 40х60 в листах 500л коричневая","НФ-00000780","Бумага для выпечки 40х60 в листах 500 листов коричневая","НФ-00000780","Одноразовая посуда","Бумажная упаковка","","public_api","direct route GET for HTTP status/location/raw metadata/canonical; identity, hierarchy, title and h1 from public API"
"https://clover-spb.ru/product/%D0%9D%D0%A4-00000210","/product/%D0%9D%D0%A4-00000210","200","","","Бумага А4 500л","Бумага А4 500л","Хозтовары, упаковка и химия для HoReCa | КЛЕВЕР","","product","Бумага А4 500л","НФ-00000210","Бумага А4 (5)","НФ-00000210","Канцелярские товары","","","public_api","direct route GET for HTTP status/location/raw metadata/canonical; identity, hierarchy, title and h1 from public API"
"https://clover-spb.ru/product/%D0%9D%D0%A4-00000191","/product/%D0%9D%D0%A4-00000191","200","","","Блокнот А7","Блокнот А7","Хозтовары, упаковка и химия для HoReCa | КЛЕВЕР","","product","Блокнот А7","НФ-00000191","Блокнот А7 (10/140)","НФ-00000191","Канцелярские товары","","","public_api","direct route GET for HTTP status/location/raw metadata/canonical; identity, hierarchy, title and h1 from public API"
"https://clover-spb.ru/product/%D0%9D%D0%A4-00000708","/product/%D0%9D%D0%A4-00000708","200","","","Блок бумажный 9 см х 9 см","Блок бумажный 9 см х 9 см","Хозтовары, упаковка и химия для HoReCa | КЛЕВЕР","","product","Блок бумажный 9 см х 9 см","НФ-00000708","Блок бумажный 9 см х 9 см 365 листов","НФ-00000708","Канцелярские товары","","","public_api","direct route GET for HTTP status/location/raw metadata/canonical; identity, hierarchy, title and h1 from public API"
"https://clover-spb.ru/product/%D0%9D%D0%A4-00000471","/product/%D0%9D%D0%A4-00000471","200","","","Белизна  ГЕЛЬ  5 л","Белизна  ГЕЛЬ  5 л","Хозтовары, упаковка и химия для HoReCa | КЛЕВЕР","","product","Белизна  ГЕЛЬ  5 л","НФ-00000471","Белизна - ГЕЛЬ - 5 л","НФ-00000471","Химия, чистящие средства","Отбеливатели","","public_api","direct route GET for HTTP status/location/raw metadata/canonical; identity, hierarchy, title and h1 from public API"
"https://clover-spb.ru/product/%D0%9D%D0%A4-00000238","/product/%D0%9D%D0%A4-00000238","200","","","Белизна ГЕЛЬ  1 л","Белизна ГЕЛЬ  1 л","Хозтовары, упаковка и химия для HoReCa | КЛЕВЕР","","product","Белизна ГЕЛЬ  1 л","НФ-00000238","Белизна - ГЕЛЬ - 1 литр (15)","НФ-00000238","Химия, чистящие средства","Отбеливатели","","public_api","direct route GET for HTTP status/location/raw metadata/canonical; identity, hierarchy, title and h1 from public API"
"https://clover-spb.ru/product/%D0%9D%D0%A4-00000070","/product/%D0%9D%D0%A4-00000070","200","","","Белизна - жидкий отбеливатель 1 л","Белизна - жидкий отбеливатель 1 л","Хозтовары, упаковка и химия для HoReCa | КЛЕВЕР","","product","Белизна - жидкий отбеливатель 1 л","НФ-00000070","Белизна - 1 литр (15)","НФ-00000070","Химия, чистящие средства","Отбеливатели","","public_api","direct route GET for HTTP status/location/raw metadata/canonical; identity, hierarchy, title and h1 from public API"
"https://clover-spb.ru/product/%D0%9D%D0%A4-00000035","/product/%D0%9D%D0%A4-00000035","200","","","Бахилы 40мкм 4гр синие 100шт","Бахилы 40мкм 4гр синие 100шт","Хозтовары, упаковка и химия для HoReCa | КЛЕВЕР","","product","Бахилы 40мкм 4гр синие 100шт","НФ-00000035","Бахилы 40мкм 4гр синие (100)","НФ-00000035","Хозяйственные товары","Одноразовая одежда","","public_api","direct route GET for HTTP status/location/raw metadata/canonical; identity, hierarchy, title and h1 from public API"
"https://clover-spb.ru/product/%D0%9D%D0%A4-00003280","/product/%D0%9D%D0%A4-00003280","200","","","Батарейка пальчиковая ""Фотон"" AA 2шт","Батарейка пальчиковая ""Фотон"" AA 2шт","Хозтовары, упаковка и химия для HoReCa | КЛЕВЕР","","product","Батарейка пальчиковая ""Фотон"" AA 2шт","НФ-00003280","Батарейка пальчиковая ""Фотон"" AA (2шт)","НФ-00003280","Прочее","","","public_api","direct route GET for HTTP status/location/raw metadata/canonical; identity, hierarchy, title and h1 from public API"
"https://clover-spb.ru/product/%D0%9D%D0%A4-00000700","/product/%D0%9D%D0%A4-00000700","200","","","Батарейка мизинчиковая ""Фотон"" AAA 2шт","Батарейка мизинчиковая ""Фотон"" AAA 2шт","Хозтовары, упаковка и химия для HoReCa | КЛЕВЕР","","product","Батарейка мизинчиковая ""Фотон"" AAA 2шт","НФ-00000700","Батарейка мизинчиковая ""Фотон"" AAA (2шт)","НФ-00000700","Прочее","","","public_api","direct route GET for HTTP status/location/raw metadata/canonical; identity, hierarchy, title and h1 from public API"
"https://clover-spb.ru/product/%D0%9D%D0%A4-00000345","/product/%D0%9D%D0%A4-00000345","200","","","Батарейка SONNEN LR 20 2шт","Батарейка SONNEN LR 20 2шт","Хозтовары, упаковка и химия для HoReCa | КЛЕВЕР","","product","Батарейка SONNEN LR 20 2шт","НФ-00000345","Батарейка SONNEN LR 20 (2шт/уп)","НФ-00000345","Прочее","","","public_api","direct route GET for HTTP status/location/raw metadata/canonical; identity, hierarchy, title and h1 from public API"
"https://clover-spb.ru/product/%D0%9D%D0%A4-00001014","/product/%D0%9D%D0%A4-00001014","200","","","Батарейка R14","Батарейка R14","Хозтовары, упаковка и химия для HoReCa | КЛЕВЕР","","product","Батарейка R14","НФ-00001014","Батарейка R14 (штучно)","НФ-00001014","Прочее","","","public_api","direct route GET for HTTP status/location/raw metadata/canonical; identity, hierarchy, title and h1 from public API"
"https://clover-spb.ru/product/%D0%9D%D0%A4-00000882","/product/%D0%9D%D0%A4-00000882","200","","","Банка суповая ЧЕРНАЯ с крышкой 360 мл арт. 1230Ч","Банка суповая ЧЕРНАЯ с крышкой 360 мл арт. 1230Ч","Хозтовары, упаковка и химия для HoReCa | КЛЕВЕР","","product","Банка суповая ЧЕРНАЯ с крышкой 360 мл арт. 1230Ч","НФ-00000882","Банка суповая ЧЕРНАЯ с крышкой 360 мл арт. 1230Ч (216)","НФ-00000882","Одноразовая посуда","Контейнеры","","public_api","direct route GET for HTTP status/location/raw metadata/canonical; identity, hierarchy, title and h1 from public API"
"https://clover-spb.ru/product/%D0%9D%D0%A4-00000026","/product/%D0%9D%D0%A4-00000026","200","","","Банка суповая с крышкой 500 мл ПП","Банка суповая с крышкой 500 мл ПП","Хозтовары, упаковка и химия для HoReCa | КЛЕВЕР","","product","Банка суповая с крышкой 500 мл ПП","НФ-00000026","Банка суповая с крышкой 500 мл ПП (400)","НФ-00000026","Одноразовая посуда","Контейнеры","","public_api","direct route GET for HTTP status/location/raw metadata/canonical; identity, hierarchy, title and h1 from public API"
"https://clover-spb.ru/product/%D0%9D%D0%A4-00000252","/product/%D0%9D%D0%A4-00000252","200","","","Банка суповая 500 мл Перинт","Банка суповая 500 мл Перинт","Хозтовары, упаковка и химия для HoReCa | КЛЕВЕР","","product","Банка суповая 500 мл Перинт","НФ-00000252","Банка суповая 500 мл Перинт (50/400)","НФ-00000252","Одноразовая посуда","Контейнеры","","public_api","direct route GET for HTTP status/location/raw metadata/canonical; identity, hierarchy, title and h1 from public API"
"https://clover-spb.ru/product/%D0%9D%D0%A4-00000725","/product/%D0%9D%D0%A4-00000725","200","","","Банка суповая 360 мл Перинт","Банка суповая 360 мл Перинт","Хозтовары, упаковка и химия для HoReCa | КЛЕВЕР","","product","Банка суповая 360 мл Перинт","НФ-00000725","Банка суповая 360 мл Перинт (50/400)","НФ-00000725","Одноразовая посуда","Контейнеры","","public_api","direct route GET for HTTP status/location/raw metadata/canonical; identity, hierarchy, title and h1 from public API"
"https://clover-spb.ru/product/%D0%9D%D0%A4-00000926","/product/%D0%9D%D0%A4-00000926","200","","","Банка 650 мл круглая прозрачная с крышкой","Банка 650 мл круглая прозрачная с крышкой","Хозтовары, упаковка и химия для HoReCa | КЛЕВЕР","","product","Банка 650 мл круглая прозрачная с крышкой","НФ-00000926","Банка 650 мл круглая прозрачная с крышкой (240)","НФ-00000926","Одноразовая посуда","Контейнеры","","public_api","direct route GET for HTTP status/location/raw metadata/canonical; identity, hierarchy, title and h1 from public API"
"https://clover-spb.ru/product/%D0%9D%D0%A4-00000524","/product/%D0%9D%D0%A4-00000524","200","","","Баллончики для сифона для взбивания сливок N2O 10шт","Баллончики для сифона для взбивания сливок N2O 10шт","Хозтовары, упаковка и химия для HoReCa | КЛЕВЕР","","product","Баллончики для сифона для взбивания сливок N2O 10шт","НФ-00000524","Баллончики для сифона для взбивания сливок N2O (10шт/уп)","НФ-00000524","Прочее","","","public_api","direct route GET for HTTP status/location/raw metadata/canonical; identity, hierarchy, title and h1 from public API"
"https://clover-spb.ru/product/%D0%9D%D0%A4-00003222","/product/%D0%9D%D0%A4-00003222","200","","","Балаклава одноразовая 12 г/м2 белая (50/500)","Балаклава одноразовая 12 г/м2 белая (50/500)","Хозтовары, упаковка и химия для HoReCa | КЛЕВЕР","","product","Балаклава одноразовая 12 г/м2 белая (50/500)","НФ-00003222","Балаклава одноразовая 12 г/м2 белая (50/500)","НФ-00003222","Хозяйственные товары","Одноразовая одежда","","public_api","direct route GET for HTTP status/location/raw metadata/canonical; identity, hierarchy, title and h1 from public API"
"https://clover-spb.ru/product/%D0%9D%D0%A4-00002636","/product/%D0%9D%D0%A4-00002636","200","","","Антистеплер Workmate","Антистеплер Workmate","Хозтовары, упаковка и химия для HoReCa | КЛЕВЕР","","product","Антистеплер Workmate","НФ-00002636","Антистеплер Workmate","НФ-00002636","Канцелярские товары","","","public_api","direct route GET for HTTP status/location/raw metadata/canonical; identity, hierarchy, title and h1 from public API"
"https://clover-spb.ru/product/%D0%9D%D0%A4-00000773","/product/%D0%9D%D0%A4-00000773","200","","","Антисептик ЗдравДез с дозатором 1 л","Антисептик ЗдравДез с дозатором 1 л","Хозтовары, упаковка и химия для HoReCa | КЛЕВЕР","","product","Антисептик ЗдравДез с дозатором 1 л","НФ-00000773","Антисептик ЗдравДез с дозатором 1 л","НФ-00000773","Химия, чистящие средства","Для дезинфекции","","public_api","direct route GET for HTTP status/location/raw metadata/canonical; identity, hierarchy, title and h1 from public API"
"https://clover-spb.ru/product/%D0%9D%D0%A4-00002554","/product/%D0%9D%D0%A4-00002554","200","","","АЗЕЛИТ Grass - жироудалитель 600 мл","АЗЕЛИТ Grass - жироудалитель 600 мл","Хозтовары, упаковка и химия для HoReCa | КЛЕВЕР","","product","АЗЕЛИТ Grass - жироудалитель 600 мл","НФ-00002554","АЗЕЛИТ Grass - жироудалитель 600 мл (8)","НФ-00002554","Химия, чистящие средства","Жироудалители","","public_api","direct route GET for HTTP status/location/raw metadata/canonical; identity, hierarchy, title and h1 from public API"
"https://clover-spb.ru/product/%D0%9D%D0%A4-00000062","/product/%D0%9D%D0%A4-00000062","200","","","Адриэль - жироудалитель 850 мл","Адриэль - жироудалитель 850 мл","Хозтовары, упаковка и химия для HoReCa | КЛЕВЕР","","product","Адриэль - жироудалитель 850 мл","НФ-00000062","АдриЭль - жироудалитель 850 мл (16)","НФ-00000062","Химия, чистящие средства","Жироудалители","","public_api","direct route GET for HTTP status/location/raw metadata/canonical; identity, hierarchy, title and h1 from public API"
"https://clover-spb.ru/product/%D0%9D%D0%A4-00000063","/product/%D0%9D%D0%A4-00000063","200","","","Адриэль - жироудалитель 5 л","Адриэль - жироудалитель 5 л","Хозтовары, упаковка и химия для HoReCa | КЛЕВЕР","","product","Адриэль - жироудалитель 5 л","НФ-00000063","АдриЭль - жироудалитель 5 л (3)","НФ-00000063","Химия, чистящие средства","Жироудалители","","public_api","direct route GET for HTTP status/location/raw metadata/canonical; identity, hierarchy, title and h1 from public API"
"https://clover-spb.ru/product/%D0%9D%D0%A4-00000052","/product/%D0%9D%D0%A4-00000052","200","","","Адриоль - средство для мытья посуды 5 л","Адриоль - средство для мытья посуды 5 л","Хозтовары, упаковка и химия для HoReCa | КЛЕВЕР","","product","Адриоль - средство для мытья посуды 5 л","НФ-00000052","АдриОль - средство для мытья посуды 5 л (3)","НФ-00000052","Химия, чистящие средства","Для мытья посуды","","public_api","direct route GET for HTTP status/location/raw metadata/canonical; identity, hierarchy, title and h1 from public API"
"https://clover-spb.ru/product/%D0%9D%D0%A4-00000061","/product/%D0%9D%D0%A4-00000061","200","","","АдриЛан - средство для сантехники 5 л","АдриЛан - средство для сантехники 5 л","Хозтовары, упаковка и химия для HoReCa | КЛЕВЕР","","product","АдриЛан - средство для сантехники 5 л","НФ-00000061","АдриЛан - средство для сантехники 5 л (3)","НФ-00000061","Химия, чистящие средства","Для сантехники","","public_api","direct route GET for HTTP status/location/raw metadata/canonical; identity, hierarchy, title and h1 from public API"
"https://clover-spb.ru/product/%D0%9D%D0%A4-00001928","/product/%D0%9D%D0%A4-00001928","200","","","Prosept Neutral + с антистатическим эффектом для пола 5 л","Prosept Neutral + с антистатическим эффектом для пола 5 л","Хозтовары, упаковка и химия для HoReCa | КЛЕВЕР","","product","Prosept Neutral + с антистатическим эффектом для пола 5 л","НФ-00001928","Prosept Neutral + с антистатическим эффектом для пола 5л","НФ-00001928","Химия, чистящие средства","Для полов","","public_api","direct route GET for HTTP status/location/raw metadata/canonical; identity, hierarchy, title and h1 from public API"
"https://clover-spb.ru/product/%D0%9D%D0%A4-00003234","/product/%D0%9D%D0%A4-00003234","200","","","Ph Средство дезинфицирующее - антисептик 5 л","Ph Средство дезинфицирующее - антисептик 5 л","Хозтовары, упаковка и химия для HoReCa | КЛЕВЕР","","product","Ph Средство дезинфицирующее - антисептик 5 л","НФ-00003234","Ph Средство дезинфицирующее - антисептик 5 л","НФ-00003234","Химия, чистящие средства","Для дезинфекции","","public_api","direct route GET for HTTP status/location/raw metadata/canonical; identity, hierarchy, title and h1 from public API"
"https://clover-spb.ru/product/%D0%9D%D0%A4-00003314","/product/%D0%9D%D0%A4-00003314","200","","","Ph Антисептик с триггером 600 мл","Ph Антисептик с триггером 600 мл","Хозтовары, упаковка и химия для HoReCa | КЛЕВЕР","","product","Ph Антисептик с триггером 600 мл","НФ-00003314","Ph Антисептик с триггером 600 мл","НФ-00003314","Химия, чистящие средства","Для дезинфекции","","public_api","direct route GET for HTTP status/location/raw metadata/canonical; identity, hierarchy, title and h1 from public API"
"https://clover-spb.ru/product/%D0%9D%D0%A4-00001420","/product/%D0%9D%D0%A4-00001420","200","","","Ph Total Средство для генеральной уборки полов и поверхностей 5 л","Ph Total Средство для генеральной уборки полов и поверхностей 5 л","Хозтовары, упаковка и химия для HoReCa | КЛЕВЕР","","product","Ph Total Средство для генеральной уборки полов и поверхностей 5 л","НФ-00001420","Ph Total Средство для генеральной уборки полов и поверхностей 5 л","НФ-00001420","Химия, чистящие средства","Для полов","","public_api","direct route GET for HTTP status/location/raw metadata/canonical; identity, hierarchy, title and h1 from public API"
"https://clover-spb.ru/product/%D0%9D%D0%A4-00000244","/product/%D0%9D%D0%A4-00000244","200","","","Ph Grill Max - жироудалитель усиленного действия 3кг","Ph Grill Max - жироудалитель усиленного действия 3кг","Хозтовары, упаковка и химия для HoReCa | КЛЕВЕР","","product","Ph Grill Max - жироудалитель усиленного действия 3кг","НФ-00000244","Ph Grill Max - жироудалитель усиленного действия КАНИСТРА 3 кг (4)","НФ-00000244","Химия, чистящие средства","Жироудалители","","public_api","direct route GET for HTTP status/location/raw metadata/canonical; identity, hierarchy, title and h1 from public API"
"https://clover-spb.ru/product/%D0%9D%D0%A4-00001104","/product/%D0%9D%D0%A4-00001104","200","","","GRIL ЭкоПрофХим - концентрат для мытья грилей 5 л","GRIL ЭкоПрофХим - концентрат для мытья грилей 5 л","Хозтовары, упаковка и химия для HoReCa | КЛЕВЕР","","product","GRIL ЭкоПрофХим - концентрат для мытья грилей 5 л","НФ-00001104","GRIL ЭкоПрофХим - концентрат для мытья грилей 5 л","НФ-00001104","Химия, чистящие средства","Жироудалители","","public_api","direct route GET for HTTP status/location/raw metadata/canonical; identity, hierarchy, title and h1 from public API"
"https://clover-spb.ru/product/%D0%9D%D0%A4-00003512","/product/%D0%9D%D0%A4-00003512","200","","","GDV PROF - средство для стекол 5 л","GDV PROF - средство для стекол 5 л","Хозтовары, упаковка и химия для HoReCa | КЛЕВЕР","","product","GDV PROF - средство для стекол 5 л","НФ-00003512","GDV PROF - средство для стекол 5 л","НФ-00003512","Химия, чистящие средства","Для окон","","public_api","direct route GET for HTTP status/location/raw metadata/canonical; identity, hierarchy, title and h1 from public API"
"https://clover-spb.ru/product/%D0%9D%D0%A4-00000734","/product/%D0%9D%D0%A4-00000734","200","","","Fairy - для мытья посуды 900 мл","Fairy - для мытья посуды 900 мл","Хозтовары, упаковка и химия для HoReCa | КЛЕВЕР","","product","Fairy - для мытья посуды 900 мл","НФ-00000734","Fairy - для мытья посуды 900 мл (12)","НФ-00000734","Химия, чистящие средства","Для мытья посуды","","public_api","direct route GET for HTTP status/location/raw metadata/canonical; identity, hierarchy, title and h1 from public API"
"https://clover-spb.ru/catalog/%D0%9F%D0%B0%D0%BA%D0%B5%D1%82%D1%8B%2C%20%D1%83%D0%BF%D0%B0%D0%BA%D0%BE%D0%B2%D0%BE%D1%87%D0%BD%D1%8B%D0%B5%20%D0%BC%D0%B0%D1%82%D0%B5%D1%80%D0%B8%D0%B0%D0%BB%D1%8B/%D0%9F%D1%80%D0%BE%D1%87%D0%B5%D0%B5","/catalog/%D0%9F%D0%B0%D0%BA%D0%B5%D1%82%D1%8B%2C%20%D1%83%D0%BF%D0%B0%D0%BA%D0%BE%D0%B2%D0%BE%D1%87%D0%BD%D1%8B%D0%B5%20%D0%BC%D0%B0%D1%82%D0%B5%D1%80%D0%B8%D0%B0%D0%BB%D1%8B/%D0%9F%D1%80%D0%BE%D1%87%D0%B5%D0%B5","200","","","Хозтовары, упаковка и химия для HoReCa | КЛЕВЕР","Прочее","Хозтовары, упаковка и химия для HoReCa | КЛЕВЕР","","subcategory","Прочее",,,,"Пакеты, упаковочные материалы","Прочее","","public_api_hierarchy","direct route GET for HTTP status/location/title/raw h1/canonical; hierarchy from public API; h1 falls back to hierarchy when absent"
"https://clover-spb.ru/catalog/%D0%9E%D0%B4%D0%BD%D0%BE%D1%80%D0%B0%D0%B7%D0%BE%D0%B2%D0%B0%D1%8F%20%D0%BF%D0%BE%D1%81%D1%83%D0%B4%D0%B0/%D0%92%D0%B5%D0%B4%D1%80%D0%B0","/catalog/%D0%9E%D0%B4%D0%BD%D0%BE%D1%80%D0%B0%D0%B7%D0%BE%D0%B2%D0%B0%D1%8F%20%D0%BF%D0%BE%D1%81%D1%83%D0%B4%D0%B0/%D0%92%D0%B5%D0%B4%D1%80%D0%B0","200","","","Хозтовары, упаковка и химия для HoReCa | КЛЕВЕР","Ведра","Хозтовары, упаковка и химия для HoReCa | КЛЕВЕР","","subcategory","Ведра",,,,"Одноразовая посуда","Ведра","","public_api_hierarchy","direct route GET for HTTP status/location/title/raw h1/canonical; hierarchy from public API; h1 falls back to hierarchy when absent"
"https://clover-spb.ru/catalog/%D0%91%D1%83%D0%BC%D0%B0%D0%B6%D0%BD%D0%B0%D1%8F%20%D0%BF%D1%80%D0%BE%D0%B4%D1%83%D0%BA%D1%86%D0%B8%D1%8F/%D0%A1%D0%B0%D0%BB%D1%84%D0%B5%D1%82%D0%BA%D0%B8","/catalog/%D0%91%D1%83%D0%BC%D0%B0%D0%B6%D0%BD%D0%B0%D1%8F%20%D0%BF%D1%80%D0%BE%D0%B4%D1%83%D0%BA%D1%86%D0%B8%D1%8F/%D0%A1%D0%B0%D0%BB%D1%84%D0%B5%D1%82%D0%BA%D0%B8","200","","","Хозтовары, упаковка и химия для HoReCa | КЛЕВЕР","Салфетки","Хозтовары, упаковка и химия для HoReCa | КЛЕВЕР","","subcategory","Салфетки",,,,"Бумажная продукция","Салфетки","","public_api_hierarchy","direct route GET for HTTP status/location/title/raw h1/canonical; hierarchy from public API; h1 falls back to hierarchy when absent"
"https://clover-spb.ru/catalog/%D0%A5%D0%B8%D0%BC%D0%B8%D1%8F%2C%20%D1%87%D0%B8%D1%81%D1%82%D1%8F%D1%89%D0%B8%D0%B5%20%D1%81%D1%80%D0%B5%D0%B4%D1%81%D1%82%D0%B2%D0%B0/%D0%9F%D1%80%D0%BE%D1%87%D0%B5%D0%B5","/catalog/%D0%A5%D0%B8%D0%BC%D0%B8%D1%8F%2C%20%D1%87%D0%B8%D1%81%D1%82%D1%8F%D1%89%D0%B8%D0%B5%20%D1%81%D1%80%D0%B5%D0%B4%D1%81%D1%82%D0%B2%D0%B0/%D0%9F%D1%80%D0%BE%D1%87%D0%B5%D0%B5","200","","","Хозтовары, упаковка и химия для HoReCa | КЛЕВЕР","Прочее","Хозтовары, упаковка и химия для HoReCa | КЛЕВЕР","","subcategory","Прочее",,,,"Химия, чистящие средства","Прочее","","public_api_hierarchy","direct route GET for HTTP status/location/title/raw h1/canonical; hierarchy from public API; h1 falls back to hierarchy when absent"
"https://clover-spb.ru/catalog/%D0%A5%D0%BE%D0%B7%D1%8F%D0%B9%D1%81%D1%82%D0%B2%D0%B5%D0%BD%D0%BD%D1%8B%D0%B5%20%D1%82%D0%BE%D0%B2%D0%B0%D1%80%D1%8B/%D0%9F%D0%B5%D1%80%D1%87%D0%B0%D1%82%D0%BA%D0%B8","/catalog/%D0%A5%D0%BE%D0%B7%D1%8F%D0%B9%D1%81%D1%82%D0%B2%D0%B5%D0%BD%D0%BD%D1%8B%D0%B5%20%D1%82%D0%BE%D0%B2%D0%B0%D1%80%D1%8B/%D0%9F%D0%B5%D1%80%D1%87%D0%B0%D1%82%D0%BA%D0%B8","200","","","Хозтовары, упаковка и химия для HoReCa | КЛЕВЕР","Перчатки","Хозтовары, упаковка и химия для HoReCa | КЛЕВЕР","","subcategory","Перчатки",,,,"Хозяйственные товары","Перчатки","","public_api_hierarchy","direct route GET for HTTP status/location/title/raw h1/canonical; hierarchy from public API; h1 falls back to hierarchy when absent"
"https://clover-spb.ru/catalog/%D0%A5%D0%BE%D0%B7%D1%8F%D0%B9%D1%81%D1%82%D0%B2%D0%B5%D0%BD%D0%BD%D1%8B%D0%B5%20%D1%82%D0%BE%D0%B2%D0%B0%D1%80%D1%8B/%D0%A2%D1%80%D1%8F%D0%BF%D0%BA%D0%B8%2C%20%D0%BC%D0%BE%D0%BF%D1%8B%2C%20%D0%BF%D0%BE%D0%BB%D0%BE%D1%82%D0%B5%D0%BD%D1%86%D0%B0","/catalog/%D0%A5%D0%BE%D0%B7%D1%8F%D0%B9%D1%81%D1%82%D0%B2%D0%B5%D0%BD%D0%BD%D1%8B%D0%B5%20%D1%82%D0%BE%D0%B2%D0%B0%D1%80%D1%8B/%D0%A2%D1%80%D1%8F%D0%BF%D0%BA%D0%B8%2C%20%D0%BC%D0%BE%D0%BF%D1%8B%2C%20%D0%BF%D0%BE%D0%BB%D0%BE%D1%82%D0%B5%D0%BD%D1%86%D0%B0","200","","","Хозтовары, упаковка и химия для HoReCa | КЛЕВЕР","Тряпки, мопы, полотенца","Хозтовары, упаковка и химия для HoReCa | КЛЕВЕР","","subcategory","Тряпки, мопы, полотенца",,,,"Хозяйственные товары","Тряпки, мопы, полотенца","","public_api_hierarchy","direct route GET for HTTP status/location/title/raw h1/canonical; hierarchy from public API; h1 falls back to hierarchy when absent"
"https://clover-spb.ru/catalog/%D0%A5%D0%B8%D0%BC%D0%B8%D1%8F%2C%20%D1%87%D0%B8%D1%81%D1%82%D1%8F%D1%89%D0%B8%D0%B5%20%D1%81%D1%80%D0%B5%D0%B4%D1%81%D1%82%D0%B2%D0%B0/%D0%94%D0%BB%D1%8F%20%D0%BF%D0%BE%D0%BB%D0%BE%D0%B2","/catalog/%D0%A5%D0%B8%D0%BC%D0%B8%D1%8F%2C%20%D1%87%D0%B8%D1%81%D1%82%D1%8F%D1%89%D0%B8%D0%B5%20%D1%81%D1%80%D0%B5%D0%B4%D1%81%D1%82%D0%B2%D0%B0/%D0%94%D0%BB%D1%8F%20%D0%BF%D0%BE%D0%BB%D0%BE%D0%B2","200","","","Хозтовары, упаковка и химия для HoReCa | КЛЕВЕР","Для полов","Хозтовары, упаковка и химия для HoReCa | КЛЕВЕР","","subcategory","Для полов",,,,"Химия, чистящие средства","Для полов","","public_api_hierarchy","direct route GET for HTTP status/location/title/raw h1/canonical; hierarchy from public API; h1 falls back to hierarchy when absent"
"https://clover-spb.ru/catalog/%D0%A5%D0%B8%D0%BC%D0%B8%D1%8F%2C%20%D1%87%D0%B8%D1%81%D1%82%D1%8F%D1%89%D0%B8%D0%B5%20%D1%81%D1%80%D0%B5%D0%B4%D1%81%D1%82%D0%B2%D0%B0/%D0%94%D0%BB%D1%8F%20%D0%BF%D0%BE%D1%81%D1%83%D0%B4%D0%BE%D0%BC%D0%BE%D0%B5%D1%87%D0%BD%D1%8B%D1%85%20%D0%BC%D0%B0%D1%88%D0%B8%D0%BD","/catalog/%D0%A5%D0%B8%D0%BC%D0%B8%D1%8F%2C%20%D1%87%D0%B8%D1%81%D1%82%D1%8F%D1%89%D0%B8%D0%B5%20%D1%81%D1%80%D0%B5%D0%B4%D1%81%D1%82%D0%B2%D0%B0/%D0%94%D0%BB%D1%8F%20%D0%BF%D0%BE%D1%81%D1%83%D0%B4%D0%BE%D0%BC%D0%BE%D0%B5%D1%87%D0%BD%D1%8B%D1%85%20%D0%BC%D0%B0%D1%88%D0%B8%D0%BD","200","","","Хозтовары, упаковка и химия для HoReCa | КЛЕВЕР","Для посудомоечных машин","Хозтовары, упаковка и химия для HoReCa | КЛЕВЕР","","subcategory","Для посудомоечных машин",,,,"Химия, чистящие средства","Для посудомоечных машин","","public_api_hierarchy","direct route GET for HTTP status/location/title/raw h1/canonical; hierarchy from public API; h1 falls back to hierarchy when absent"
"https://clover-spb.ru/catalog/%D0%A5%D0%BE%D0%B7%D1%8F%D0%B9%D1%81%D1%82%D0%B2%D0%B5%D0%BD%D0%BD%D1%8B%D0%B5%20%D1%82%D0%BE%D0%B2%D0%B0%D1%80%D1%8B/%D0%A8%D0%B2%D0%B0%D0%B1%D1%80%D1%8B%2C%20%D1%89%D0%B5%D1%82%D0%BA%D0%B8","/catalog/%D0%A5%D0%BE%D0%B7%D1%8F%D0%B9%D1%81%D1%82%D0%B2%D0%B5%D0%BD%D0%BD%D1%8B%D0%B5%20%D1%82%D0%BE%D0%B2%D0%B0%D1%80%D1%8B/%D0%A8%D0%B2%D0%B0%D0%B1%D1%80%D1%8B%2C%20%D1%89%D0%B5%D1%82%D0%BA%D0%B8","200","","","Хозтовары, упаковка и химия для HoReCa | КЛЕВЕР","Швабры, щетки","Хозтовары, упаковка и химия для HoReCa | КЛЕВЕР","","subcategory","Швабры, щетки",,,,"Хозяйственные товары","Швабры, щетки","","public_api_hierarchy","direct route GET for HTTP status/location/title/raw h1/canonical; hierarchy from public API; h1 falls back to hierarchy when absent"
"https://clover-spb.ru/catalog/%D0%A5%D0%B8%D0%BC%D0%B8%D1%8F%2C%20%D1%87%D0%B8%D1%81%D1%82%D1%8F%D1%89%D0%B8%D0%B5%20%D1%81%D1%80%D0%B5%D0%B4%D1%81%D1%82%D0%B2%D0%B0/%D0%94%D0%BB%D1%8F%20%D0%BC%D1%8B%D1%82%D1%8C%D1%8F%20%D0%BF%D0%BE%D1%81%D1%83%D0%B4%D1%8B","/catalog/%D0%A5%D0%B8%D0%BC%D0%B8%D1%8F%2C%20%D1%87%D0%B8%D1%81%D1%82%D1%8F%D1%89%D0%B8%D0%B5%20%D1%81%D1%80%D0%B5%D0%B4%D1%81%D1%82%D0%B2%D0%B0/%D0%94%D0%BB%D1%8F%20%D0%BC%D1%8B%D1%82%D1%8C%D1%8F%20%D0%BF%D0%BE%D1%81%D1%83%D0%B4%D1%8B","200","","","Хозтовары, упаковка и химия для HoReCa | КЛЕВЕР","Для мытья посуды","Хозтовары, упаковка и химия для HoReCa | КЛЕВЕР","","subcategory","Для мытья посуды",,,,"Химия, чистящие средства","Для мытья посуды","","public_api_hierarchy","direct route GET for HTTP status/location/title/raw h1/canonical; hierarchy from public API; h1 falls back to hierarchy when absent"
"https://clover-spb.ru/catalog/%D0%A5%D0%B8%D0%BC%D0%B8%D1%8F%2C%20%D1%87%D0%B8%D1%81%D1%82%D1%8F%D1%89%D0%B8%D0%B5%20%D1%81%D1%80%D0%B5%D0%B4%D1%81%D1%82%D0%B2%D0%B0/%D0%96%D0%B8%D1%80%D0%BE%D1%83%D0%B4%D0%B0%D0%BB%D0%B8%D1%82%D0%B5%D0%BB%D0%B8","/catalog/%D0%A5%D0%B8%D0%BC%D0%B8%D1%8F%2C%20%D1%87%D0%B8%D1%81%D1%82%D1%8F%D1%89%D0%B8%D0%B5%20%D1%81%D1%80%D0%B5%D0%B4%D1%81%D1%82%D0%B2%D0%B0/%D0%96%D0%B8%D1%80%D0%BE%D1%83%D0%B4%D0%B0%D0%BB%D0%B8%D1%82%D0%B5%D0%BB%D0%B8","200","","","Хозтовары, упаковка и химия для HoReCa | КЛЕВЕР","Жироудалители","Хозтовары, упаковка и химия для HoReCa | КЛЕВЕР","","subcategory","Жироудалители",,,,"Химия, чистящие средства","Жироудалители","","public_api_hierarchy","direct route GET for HTTP status/location/title/raw h1/canonical; hierarchy from public API; h1 falls back to hierarchy when absent"
"https://clover-spb.ru/catalog/%D0%A5%D0%BE%D0%B7%D1%8F%D0%B9%D1%81%D1%82%D0%B2%D0%B5%D0%BD%D0%BD%D1%8B%D0%B5%20%D1%82%D0%BE%D0%B2%D0%B0%D1%80%D1%8B/%D0%9E%D0%B4%D0%BD%D0%BE%D1%80%D0%B0%D0%B7%D0%BE%D0%B2%D0%B0%D1%8F%20%D0%BE%D0%B4%D0%B5%D0%B6%D0%B4%D0%B0","/catalog/%D0%A5%D0%BE%D0%B7%D1%8F%D0%B9%D1%81%D1%82%D0%B2%D0%B5%D0%BD%D0%BD%D1%8B%D0%B5%20%D1%82%D0%BE%D0%B2%D0%B0%D1%80%D1%8B/%D0%9E%D0%B4%D0%BD%D0%BE%D1%80%D0%B0%D0%B7%D0%BE%D0%B2%D0%B0%D1%8F%20%D0%BE%D0%B4%D0%B5%D0%B6%D0%B4%D0%B0","200","","","Хозтовары, упаковка и химия для HoReCa | КЛЕВЕР","Одноразовая одежда","Хозтовары, упаковка и химия для HoReCa | КЛЕВЕР","","subcategory","Одноразовая одежда",,,,"Хозяйственные товары","Одноразовая одежда","","public_api_hierarchy","direct route GET for HTTP status/location/title/raw h1/canonical; hierarchy from public API; h1 falls back to hierarchy when absent"
"https://clover-spb.ru/catalog/%D0%A5%D0%B8%D0%BC%D0%B8%D1%8F%2C%20%D1%87%D0%B8%D1%81%D1%82%D1%8F%D1%89%D0%B8%D0%B5%20%D1%81%D1%80%D0%B5%D0%B4%D1%81%D1%82%D0%B2%D0%B0/%D0%9F%D0%BE%D1%80%D0%BE%D1%88%D0%BA%D0%B8","/catalog/%D0%A5%D0%B8%D0%BC%D0%B8%D1%8F%2C%20%D1%87%D0%B8%D1%81%D1%82%D1%8F%D1%89%D0%B8%D0%B5%20%D1%81%D1%80%D0%B5%D0%B4%D1%81%D1%82%D0%B2%D0%B0/%D0%9F%D0%BE%D1%80%D0%BE%D1%88%D0%BA%D0%B8","200","","","Хозтовары, упаковка и химия для HoReCa | КЛЕВЕР","Порошки","Хозтовары, упаковка и химия для HoReCa | КЛЕВЕР","","subcategory","Порошки",,,,"Химия, чистящие средства","Порошки","","public_api_hierarchy","direct route GET for HTTP status/location/title/raw h1/canonical; hierarchy from public API; h1 falls back to hierarchy when absent"
"https://clover-spb.ru/catalog/%D0%A5%D0%B8%D0%BC%D0%B8%D1%8F%2C%20%D1%87%D0%B8%D1%81%D1%82%D1%8F%D1%89%D0%B8%D0%B5%20%D1%81%D1%80%D0%B5%D0%B4%D1%81%D1%82%D0%B2%D0%B0/%D0%9C%D1%8B%D0%BB%D0%BE","/catalog/%D0%A5%D0%B8%D0%BC%D0%B8%D1%8F%2C%20%D1%87%D0%B8%D1%81%D1%82%D1%8F%D1%89%D0%B8%D0%B5%20%D1%81%D1%80%D0%B5%D0%B4%D1%81%D1%82%D0%B2%D0%B0/%D0%9C%D1%8B%D0%BB%D0%BE","200","","","Хозтовары, упаковка и химия для HoReCa | КЛЕВЕР","Мыло","Хозтовары, упаковка и химия для HoReCa | КЛЕВЕР","","subcategory","Мыло",,,,"Химия, чистящие средства","Мыло","","public_api_hierarchy","direct route GET for HTTP status/location/title/raw h1/canonical; hierarchy from public API; h1 falls back to hierarchy when absent"
"https://clover-spb.ru/catalog/%D0%A5%D0%B8%D0%BC%D0%B8%D1%8F%2C%20%D1%87%D0%B8%D1%81%D1%82%D1%8F%D1%89%D0%B8%D0%B5%20%D1%81%D1%80%D0%B5%D0%B4%D1%81%D1%82%D0%B2%D0%B0/%D0%94%D0%BB%D1%8F%20%D0%BE%D0%BA%D0%BE%D0%BD","/catalog/%D0%A5%D0%B8%D0%BC%D0%B8%D1%8F%2C%20%D1%87%D0%B8%D1%81%D1%82%D1%8F%D1%89%D0%B8%D0%B5%20%D1%81%D1%80%D0%B5%D0%B4%D1%81%D1%82%D0%B2%D0%B0/%D0%94%D0%BB%D1%8F%20%D0%BE%D0%BA%D0%BE%D0%BD","200","","","Хозтовары, упаковка и химия для HoReCa | КЛЕВЕР","Для окон","Хозтовары, упаковка и химия для HoReCa | КЛЕВЕР","","subcategory","Для окон",,,,"Химия, чистящие средства","Для окон","","public_api_hierarchy","direct route GET for HTTP status/location/title/raw h1/canonical; hierarchy from public API; h1 falls back to hierarchy when absent"
"https://clover-spb.ru/catalog/%D0%9E%D0%B4%D0%BD%D0%BE%D1%80%D0%B0%D0%B7%D0%BE%D0%B2%D0%B0%D1%8F%20%D0%BF%D0%BE%D1%81%D1%83%D0%B4%D0%B0/%D0%A4%D0%BE%D1%80%D0%BC%D1%8B%20%D0%B0%D0%BB%D1%8E%D0%BC%D0%B8%D0%BD%D0%B8%D0%B5%D0%B2%D1%8B%D0%B5","/catalog/%D0%9E%D0%B4%D0%BD%D0%BE%D1%80%D0%B0%D0%B7%D0%BE%D0%B2%D0%B0%D1%8F%20%D0%BF%D0%BE%D1%81%D1%83%D0%B4%D0%B0/%D0%A4%D0%BE%D1%80%D0%BC%D1%8B%20%D0%B0%D0%BB%D1%8E%D0%BC%D0%B8%D0%BD%D0%B8%D0%B5%D0%B2%D1%8B%D0%B5","200","","","Хозтовары, упаковка и химия для HoReCa | КЛЕВЕР","Формы алюминиевые","Хозтовары, упаковка и химия для HoReCa | КЛЕВЕР","","subcategory","Формы алюминиевые",,,,"Одноразовая посуда","Формы алюминиевые","","public_api_hierarchy","direct route GET for HTTP status/location/title/raw h1/canonical; hierarchy from public API; h1 falls back to hierarchy when absent"
"https://clover-spb.ru/catalog/%D0%A5%D0%BE%D0%B7%D1%8F%D0%B9%D1%81%D1%82%D0%B2%D0%B5%D0%BD%D0%BD%D1%8B%D0%B5%20%D1%82%D0%BE%D0%B2%D0%B0%D1%80%D1%8B/%D0%A4%D0%BE%D0%BB%D1%8C%D0%B3%D0%B0%2C%20%D0%BF%D0%BB%D0%B5%D0%BD%D0%BA%D0%B0%2C%20%D0%BF%D0%B5%D1%80%D0%B3%D0%B0%D0%BC%D0%B5%D0%BD%D1%82","/catalog/%D0%A5%D0%BE%D0%B7%D1%8F%D0%B9%D1%81%D1%82%D0%B2%D0%B5%D0%BD%D0%BD%D1%8B%D0%B5%20%D1%82%D0%BE%D0%B2%D0%B0%D1%80%D1%8B/%D0%A4%D0%BE%D0%BB%D1%8C%D0%B3%D0%B0%2C%20%D0%BF%D0%BB%D0%B5%D0%BD%D0%BA%D0%B0%2C%20%D0%BF%D0%B5%D1%80%D0%B3%D0%B0%D0%BC%D0%B5%D0%BD%D1%82","200","","","Хозтовары, упаковка и химия для HoReCa | КЛЕВЕР","Фольга, пленка, пергамент","Хозтовары, упаковка и химия для HoReCa | КЛЕВЕР","","subcategory","Фольга, пленка, пергамент",,,,"Хозяйственные товары","Фольга, пленка, пергамент","","public_api_hierarchy","direct route GET for HTTP status/location/title/raw h1/canonical; hierarchy from public API; h1 falls back to hierarchy when absent"
"https://clover-spb.ru/catalog/%D0%9E%D0%B4%D0%BD%D0%BE%D1%80%D0%B0%D0%B7%D0%BE%D0%B2%D0%B0%D1%8F%20%D0%BF%D0%BE%D1%81%D1%83%D0%B4%D0%B0/%D0%91%D1%83%D0%BC%D0%B0%D0%B6%D0%BD%D0%B0%D1%8F%20%D1%83%D0%BF%D0%B0%D0%BA%D0%BE%D0%B2%D0%BA%D0%B0","/catalog/%D0%9E%D0%B4%D0%BD%D0%BE%D1%80%D0%B0%D0%B7%D0%BE%D0%B2%D0%B0%D1%8F%20%D0%BF%D0%BE%D1%81%D1%83%D0%B4%D0%B0/%D0%91%D1%83%D0%BC%D0%B0%D0%B6%D0%BD%D0%B0%D1%8F%20%D1%83%D0%BF%D0%B0%D0%BA%D0%BE%D0%B2%D0%BA%D0%B0","200","","","Хозтовары, упаковка и химия для HoReCa | КЛЕВЕР","Бумажная упаковка","Хозтовары, упаковка и химия для HoReCa | КЛЕВЕР","","subcategory","Бумажная упаковка",,,,"Одноразовая посуда","Бумажная упаковка","","public_api_hierarchy","direct route GET for HTTP status/location/title/raw h1/canonical; hierarchy from public API; h1 falls back to hierarchy when absent"
"https://clover-spb.ru/catalog/%D0%9E%D0%B4%D0%BD%D0%BE%D1%80%D0%B0%D0%B7%D0%BE%D0%B2%D0%B0%D1%8F%20%D0%BF%D0%BE%D1%81%D1%83%D0%B4%D0%B0/%D0%94%D0%BB%D1%8F%20%D1%81%D1%83%D1%88%D0%B8%20%D0%B8%20%D0%BB%D0%B0%D0%BF%D1%88%D0%B8","/catalog/%D0%9E%D0%B4%D0%BD%D0%BE%D1%80%D0%B0%D0%B7%D0%BE%D0%B2%D0%B0%D1%8F%20%D0%BF%D0%BE%D1%81%D1%83%D0%B4%D0%B0/%D0%94%D0%BB%D1%8F%20%D1%81%D1%83%D1%88%D0%B8%20%D0%B8%20%D0%BB%D0%B0%D0%BF%D1%88%D0%B8","200","","","Хозтовары, упаковка и химия для HoReCa | КЛЕВЕР","Для суши и лапши","Хозтовары, упаковка и химия для HoReCa | КЛЕВЕР","","subcategory","Для суши и лапши",,,,"Одноразовая посуда","Для суши и лапши","","public_api_hierarchy","direct route GET for HTTP status/location/title/raw h1/canonical; hierarchy from public API; h1 falls back to hierarchy when absent"
"https://clover-spb.ru/catalog/%D0%A5%D0%B8%D0%BC%D0%B8%D1%8F%2C%20%D1%87%D0%B8%D1%81%D1%82%D1%8F%D1%89%D0%B8%D0%B5%20%D1%81%D1%80%D0%B5%D0%B4%D1%81%D1%82%D0%B2%D0%B0/%D0%A3%D0%BD%D0%B8%D0%B2%D0%B5%D1%80%D1%81%D0%B0%D0%BB%D1%8C%D0%BD%D1%8B%D0%B5","/catalog/%D0%A5%D0%B8%D0%BC%D0%B8%D1%8F%2C%20%D1%87%D0%B8%D1%81%D1%82%D1%8F%D1%89%D0%B8%D0%B5%20%D1%81%D1%80%D0%B5%D0%B4%D1%81%D1%82%D0%B2%D0%B0/%D0%A3%D0%BD%D0%B8%D0%B2%D0%B5%D1%80%D1%81%D0%B0%D0%BB%D1%8C%D0%BD%D1%8B%D0%B5","200","","","Хозтовары, упаковка и химия для HoReCa | КЛЕВЕР","Универсальные","Хозтовары, упаковка и химия для HoReCa | КЛЕВЕР","","subcategory","Универсальные",,,,"Химия, чистящие средства","Универсальные","","public_api_hierarchy","direct route GET for HTTP status/location/title/raw h1/canonical; hierarchy from public API; h1 falls back to hierarchy when absent"
"https://clover-spb.ru/catalog/%D0%9F%D0%B0%D0%BA%D0%B5%D1%82%D1%8B%2C%20%D1%83%D0%BF%D0%B0%D0%BA%D0%BE%D0%B2%D0%BE%D1%87%D0%BD%D1%8B%D0%B5%20%D0%BC%D0%B0%D1%82%D0%B5%D1%80%D0%B8%D0%B0%D0%BB%D1%8B/%D0%91%D1%83%D0%BC%D0%B0%D0%B6%D0%BD%D1%8B%D0%B5%20%D0%BF%D0%B0%D0%BA%D0%B5%D1%82%D1%8B%20%D0%B1%D0%B5%D0%B7%20%D1%80%D1%83%D1%87%D0%BA%D0%B8","/catalog/%D0%9F%D0%B0%D0%BA%D0%B5%D1%82%D1%8B%2C%20%D1%83%D0%BF%D0%B0%D0%BA%D0%BE%D0%B2%D0%BE%D1%87%D0%BD%D1%8B%D0%B5%20%D0%BC%D0%B0%D1%82%D0%B5%D1%80%D0%B8%D0%B0%D0%BB%D1%8B/%D0%91%D1%83%D0%BC%D0%B0%D0%B6%D0%BD%D1%8B%D0%B5%20%D0%BF%D0%B0%D0%BA%D0%B5%D1%82%D1%8B%20%D0%B1%D0%B5%D0%B7%20%D1%80%D1%83%D1%87%D0%BA%D0%B8","200","","","Хозтовары, упаковка и химия для HoReCa | КЛЕВЕР","Бумажные пакеты без ручки","Хозтовары, упаковка и химия для HoReCa | КЛЕВЕР","","subcategory","Бумажные пакеты без ручки",,,,"Пакеты, упаковочные материалы","Бумажные пакеты без ручки","","public_api_hierarchy","direct route GET for HTTP status/location/title/raw h1/canonical; hierarchy from public API; h1 falls back to hierarchy when absent"
"https://clover-spb.ru/catalog/%D0%91%D1%83%D0%BC%D0%B0%D0%B6%D0%BD%D0%B0%D1%8F%20%D0%BF%D1%80%D0%BE%D0%B4%D1%83%D0%BA%D1%86%D0%B8%D1%8F/%D0%A2%D1%83%D0%B0%D0%BB%D0%B5%D1%82%D0%BD%D0%B0%D1%8F%20%D0%B1%D1%83%D0%BC%D0%B0%D0%B3%D0%B0","/catalog/%D0%91%D1%83%D0%BC%D0%B0%D0%B6%D0%BD%D0%B0%D1%8F%20%D0%BF%D1%80%D0%BE%D0%B4%D1%83%D0%BA%D1%86%D0%B8%D1%8F/%D0%A2%D1%83%D0%B0%D0%BB%D0%B5%D1%82%D0%BD%D0%B0%D1%8F%20%D0%B1%D1%83%D0%BC%D0%B0%D0%B3%D0%B0","200","","","Хозтовары, упаковка и химия для HoReCa | КЛЕВЕР","Туалетная бумага","Хозтовары, упаковка и химия для HoReCa | КЛЕВЕР","","subcategory","Туалетная бумага",,,,"Бумажная продукция","Туалетная бумага","","public_api_hierarchy","direct route GET for HTTP status/location/title/raw h1/canonical; hierarchy from public API; h1 falls back to hierarchy when absent"
"https://clover-spb.ru/catalog/%D0%9E%D0%B4%D0%BD%D0%BE%D1%80%D0%B0%D0%B7%D0%BE%D0%B2%D0%B0%D1%8F%20%D0%BF%D0%BE%D1%81%D1%83%D0%B4%D0%B0/%D0%94%D0%BB%D1%8F%20%D0%BA%D0%BE%D0%BD%D0%B4%D0%B8%D1%82%D0%B5%D1%80%D1%81%D0%BA%D0%B8%D1%85%20%D0%B8%D0%B7%D0%B4%D0%B5%D0%BB%D0%B8%D0%B9","/catalog/%D0%9E%D0%B4%D0%BD%D0%BE%D1%80%D0%B0%D0%B7%D0%BE%D0%B2%D0%B0%D1%8F%20%D0%BF%D0%BE%D1%81%D1%83%D0%B4%D0%B0/%D0%94%D0%BB%D1%8F%20%D0%BA%D0%BE%D0%BD%D0%B4%D0%B8%D1%82%D0%B5%D1%80%D1%81%D0%BA%D0%B8%D1%85%20%D0%B8%D0%B7%D0%B4%D0%B5%D0%BB%D0%B8%D0%B9","200","","","Хозтовары, упаковка и химия для HoReCa | КЛЕВЕР","Для кондитерских изделий","Хозтовары, упаковка и химия для HoReCa | КЛЕВЕР","","subcategory","Для кондитерских изделий",,,,"Одноразовая посуда","Для кондитерских изделий","","public_api_hierarchy","direct route GET for HTTP status/location/title/raw h1/canonical; hierarchy from public API; h1 falls back to hierarchy when absent"
"https://clover-spb.ru/catalog/%D0%9E%D0%B4%D0%BD%D0%BE%D1%80%D0%B0%D0%B7%D0%BE%D0%B2%D0%B0%D1%8F%20%D0%BF%D0%BE%D1%81%D1%83%D0%B4%D0%B0/%D0%A2%D0%B0%D1%80%D0%B5%D0%BB%D0%BA%D0%B8%2C%20%D0%BC%D0%B8%D1%81%D0%BA%D0%B8","/catalog/%D0%9E%D0%B4%D0%BD%D0%BE%D1%80%D0%B0%D0%B7%D0%BE%D0%B2%D0%B0%D1%8F%20%D0%BF%D0%BE%D1%81%D1%83%D0%B4%D0%B0/%D0%A2%D0%B0%D1%80%D0%B5%D0%BB%D0%BA%D0%B8%2C%20%D0%BC%D0%B8%D1%81%D0%BA%D0%B8","200","","","Хозтовары, упаковка и химия для HoReCa | КЛЕВЕР","Тарелки, миски","Хозтовары, упаковка и химия для HoReCa | КЛЕВЕР","","subcategory","Тарелки, миски",,,,"Одноразовая посуда","Тарелки, миски","","public_api_hierarchy","direct route GET for HTTP status/location/title/raw h1/canonical; hierarchy from public API; h1 falls back to hierarchy when absent"
"https://clover-spb.ru/catalog/%D0%9E%D0%B4%D0%BD%D0%BE%D1%80%D0%B0%D0%B7%D0%BE%D0%B2%D0%B0%D1%8F%20%D0%BF%D0%BE%D1%81%D1%83%D0%B4%D0%B0/%D0%A1%D1%82%D0%B0%D0%BA%D0%B0%D0%BD%D1%8B","/catalog/%D0%9E%D0%B4%D0%BD%D0%BE%D1%80%D0%B0%D0%B7%D0%BE%D0%B2%D0%B0%D1%8F%20%D0%BF%D0%BE%D1%81%D1%83%D0%B4%D0%B0/%D0%A1%D1%82%D0%B0%D0%BA%D0%B0%D0%BD%D1%8B","200","","","Хозтовары, упаковка и химия для HoReCa | КЛЕВЕР","Стаканы","Хозтовары, упаковка и химия для HoReCa | КЛЕВЕР","","subcategory","Стаканы",,,,"Одноразовая посуда","Стаканы","","public_api_hierarchy","direct route GET for HTTP status/location/title/raw h1/canonical; hierarchy from public API; h1 falls back to hierarchy when absent"
"https://clover-spb.ru/catalog/%D0%A5%D0%B8%D0%BC%D0%B8%D1%8F%2C%20%D1%87%D0%B8%D1%81%D1%82%D1%8F%D1%89%D0%B8%D0%B5%20%D1%81%D1%80%D0%B5%D0%B4%D1%81%D1%82%D0%B2%D0%B0/%D0%94%D0%BB%D1%8F%20%D1%81%D0%B0%D0%BD%D1%82%D0%B5%D1%85%D0%BD%D0%B8%D0%BA%D0%B8","/catalog/%D0%A5%D0%B8%D0%BC%D0%B8%D1%8F%2C%20%D1%87%D0%B8%D1%81%D1%82%D1%8F%D1%89%D0%B8%D0%B5%20%D1%81%D1%80%D0%B5%D0%B4%D1%81%D1%82%D0%B2%D0%B0/%D0%94%D0%BB%D1%8F%20%D1%81%D0%B0%D0%BD%D1%82%D0%B5%D1%85%D0%BD%D0%B8%D0%BA%D0%B8","200","","","Хозтовары, упаковка и химия для HoReCa | КЛЕВЕР","Для сантехники","Хозтовары, упаковка и химия для HoReCa | КЛЕВЕР","","subcategory","Для сантехники",,,,"Химия, чистящие средства","Для сантехники","","public_api_hierarchy","direct route GET for HTTP status/location/title/raw h1/canonical; hierarchy from public API; h1 falls back to hierarchy when absent"
"https://clover-spb.ru/catalog/%D0%9E%D0%B4%D0%BD%D0%BE%D1%80%D0%B0%D0%B7%D0%BE%D0%B2%D0%B0%D1%8F%20%D0%BF%D0%BE%D1%81%D1%83%D0%B4%D0%B0/%D0%9A%D0%BE%D0%BD%D1%82%D0%B5%D0%B9%D0%BD%D0%B5%D1%80%D1%8B%20%D0%BF%D0%BE%D0%B4%20%D0%B7%D0%B0%D0%BF%D0%B0%D0%B9%D0%BA%D1%83","/catalog/%D0%9E%D0%B4%D0%BD%D0%BE%D1%80%D0%B0%D0%B7%D0%BE%D0%B2%D0%B0%D1%8F%20%D0%BF%D0%BE%D1%81%D1%83%D0%B4%D0%B0/%D0%9A%D0%BE%D0%BD%D1%82%D0%B5%D0%B9%D0%BD%D0%B5%D1%80%D1%8B%20%D0%BF%D0%BE%D0%B4%20%D0%B7%D0%B0%D0%BF%D0%B0%D0%B9%D0%BA%D1%83","200","","","Хозтовары, упаковка и химия для HoReCa | КЛЕВЕР","Контейнеры под запайку","Хозтовары, упаковка и химия для HoReCa | КЛЕВЕР","","subcategory","Контейнеры под запайку",,,,"Одноразовая посуда","Контейнеры под запайку","","public_api_hierarchy","direct route GET for HTTP status/location/title/raw h1/canonical; hierarchy from public API; h1 falls back to hierarchy when absent"
"https://clover-spb.ru/catalog/%D0%9E%D0%B4%D0%BD%D0%BE%D1%80%D0%B0%D0%B7%D0%BE%D0%B2%D0%B0%D1%8F%20%D0%BF%D0%BE%D1%81%D1%83%D0%B4%D0%B0/%D0%9A%D0%BE%D1%80%D0%BE%D0%B1%D0%BA%D0%B8%20%D0%B4%D0%BB%D1%8F%20%D0%BF%D0%B8%D1%86%D1%86%D1%8B","/catalog/%D0%9E%D0%B4%D0%BD%D0%BE%D1%80%D0%B0%D0%B7%D0%BE%D0%B2%D0%B0%D1%8F%20%D0%BF%D0%BE%D1%81%D1%83%D0%B4%D0%B0/%D0%9A%D0%BE%D1%80%D0%BE%D0%B1%D0%BA%D0%B8%20%D0%B4%D0%BB%D1%8F%20%D0%BF%D0%B8%D1%86%D1%86%D1%8B","200","","","Хозтовары, упаковка и химия для HoReCa | КЛЕВЕР","Коробки для пиццы","Хозтовары, упаковка и химия для HoReCa | КЛЕВЕР","","subcategory","Коробки для пиццы",,,,"Одноразовая посуда","Коробки для пиццы","","public_api_hierarchy","direct route GET for HTTP status/location/title/raw h1/canonical; hierarchy from public API; h1 falls back to hierarchy when absent"
"https://clover-spb.ru/catalog/%D0%9E%D0%B4%D0%BD%D0%BE%D1%80%D0%B0%D0%B7%D0%BE%D0%B2%D0%B0%D1%8F%20%D0%BF%D0%BE%D1%81%D1%83%D0%B4%D0%B0/%D0%9A%D0%BE%D0%BD%D1%82%D0%B5%D0%B9%D0%BD%D0%B5%D1%80%D1%8B","/catalog/%D0%9E%D0%B4%D0%BD%D0%BE%D1%80%D0%B0%D0%B7%D0%BE%D0%B2%D0%B0%D1%8F%20%D0%BF%D0%BE%D1%81%D1%83%D0%B4%D0%B0/%D0%9A%D0%BE%D0%BD%D1%82%D0%B5%D0%B9%D0%BD%D0%B5%D1%80%D1%8B","200","","","Хозтовары, упаковка и химия для HoReCa | КЛЕВЕР","Контейнеры","Хозтовары, упаковка и химия для HoReCa | КЛЕВЕР","","subcategory","Контейнеры",,,,"Одноразовая посуда","Контейнеры","","public_api_hierarchy","direct route GET for HTTP status/location/title/raw h1/canonical; hierarchy from public API; h1 falls back to hierarchy when absent"
"https://clover-spb.ru/catalog/%D0%9E%D0%B4%D0%BD%D0%BE%D1%80%D0%B0%D0%B7%D0%BE%D0%B2%D0%B0%D1%8F%20%D0%BF%D0%BE%D1%81%D1%83%D0%B4%D0%B0/%D0%A1%D0%BE%D1%83%D1%81%D0%BD%D0%B8%D0%BA%D0%B8","/catalog/%D0%9E%D0%B4%D0%BD%D0%BE%D1%80%D0%B0%D0%B7%D0%BE%D0%B2%D0%B0%D1%8F%20%D0%BF%D0%BE%D1%81%D1%83%D0%B4%D0%B0/%D0%A1%D0%BE%D1%83%D1%81%D0%BD%D0%B8%D0%BA%D0%B8","200","","","Хозтовары, упаковка и химия для HoReCa | КЛЕВЕР","Соусники","Хозтовары, упаковка и химия для HoReCa | КЛЕВЕР","","subcategory","Соусники",,,,"Одноразовая посуда","Соусники","","public_api_hierarchy","direct route GET for HTTP status/location/title/raw h1/canonical; hierarchy from public API; h1 falls back to hierarchy when absent"
"https://clover-spb.ru/catalog/%D0%A5%D0%BE%D0%B7%D1%8F%D0%B9%D1%81%D1%82%D0%B2%D0%B5%D0%BD%D0%BD%D1%8B%D0%B5%20%D1%82%D0%BE%D0%B2%D0%B0%D1%80%D1%8B/%D0%A2%D1%80%D1%8F%D0%BF%D0%BA%D0%B8%2C%20%D0%9C%D0%9E%D0%9F%D1%8B%2C%20%D0%BF%D0%BE%D0%BB%D0%BE%D1%82%D0%B5%D0%BD%D1%86%D0%B0","/catalog/%D0%A5%D0%BE%D0%B7%D1%8F%D0%B9%D1%81%D1%82%D0%B2%D0%B5%D0%BD%D0%BD%D1%8B%D0%B5%20%D1%82%D0%BE%D0%B2%D0%B0%D1%80%D1%8B/%D0%A2%D1%80%D1%8F%D0%BF%D0%BA%D0%B8%2C%20%D0%9C%D0%9E%D0%9F%D1%8B%2C%20%D0%BF%D0%BE%D0%BB%D0%BE%D1%82%D0%B5%D0%BD%D1%86%D0%B0","200","","","Хозтовары, упаковка и химия для HoReCa | КЛЕВЕР","Тряпки, МОПы, полотенца","Хозтовары, упаковка и химия для HoReCa | КЛЕВЕР","","subcategory","Тряпки, МОПы, полотенца",,,,"Хозяйственные товары","Тряпки, МОПы, полотенца","","public_api_hierarchy","direct route GET for HTTP status/location/title/raw h1/canonical; hierarchy from public API; h1 falls back to hierarchy when absent"
"https://clover-spb.ru/catalog/%D0%A5%D0%BE%D0%B7%D1%8F%D0%B9%D1%81%D1%82%D0%B2%D0%B5%D0%BD%D0%BD%D1%8B%D0%B5%20%D1%82%D0%BE%D0%B2%D0%B0%D1%80%D1%8B/%D0%93%D1%83%D0%B1%D0%BA%D0%B8%20%D0%B4%D0%BB%D1%8F%20%D0%BF%D0%BE%D1%81%D1%83%D0%B4%D1%8B","/catalog/%D0%A5%D0%BE%D0%B7%D1%8F%D0%B9%D1%81%D1%82%D0%B2%D0%B5%D0%BD%D0%BD%D1%8B%D0%B5%20%D1%82%D0%BE%D0%B2%D0%B0%D1%80%D1%8B/%D0%93%D1%83%D0%B1%D0%BA%D0%B8%20%D0%B4%D0%BB%D1%8F%20%D0%BF%D0%BE%D1%81%D1%83%D0%B4%D1%8B","200","","","Хозтовары, упаковка и химия для HoReCa | КЛЕВЕР","Губки для посуды","Хозтовары, упаковка и химия для HoReCa | КЛЕВЕР","","subcategory","Губки для посуды",,,,"Хозяйственные товары","Губки для посуды","","public_api_hierarchy","direct route GET for HTTP status/location/title/raw h1/canonical; hierarchy from public API; h1 falls back to hierarchy when absent"
"https://clover-spb.ru/catalog/%D0%91%D1%83%D0%BC%D0%B0%D0%B6%D0%BD%D0%B0%D1%8F%20%D0%BF%D1%80%D0%BE%D0%B4%D1%83%D0%BA%D1%86%D0%B8%D1%8F/%D0%91%D1%83%D0%BC%D0%B0%D0%B6%D0%BD%D1%8B%D0%B5%20%D0%BF%D0%BE%D0%BB%D0%BE%D1%82%D0%B5%D0%BD%D1%86%D0%B0","/catalog/%D0%91%D1%83%D0%BC%D0%B0%D0%B6%D0%BD%D0%B0%D1%8F%20%D0%BF%D1%80%D0%BE%D0%B4%D1%83%D0%BA%D1%86%D0%B8%D1%8F/%D0%91%D1%83%D0%BC%D0%B0%D0%B6%D0%BD%D1%8B%D0%B5%20%D0%BF%D0%BE%D0%BB%D0%BE%D1%82%D0%B5%D0%BD%D1%86%D0%B0","200","","","Хозтовары, упаковка и химия для HoReCa | КЛЕВЕР","Бумажные полотенца","Хозтовары, упаковка и химия для HoReCa | КЛЕВЕР","","subcategory","Бумажные полотенца",,,,"Бумажная продукция","Бумажные полотенца","","public_api_hierarchy","direct route GET for HTTP status/location/title/raw h1/canonical; hierarchy from public API; h1 falls back to hierarchy when absent"
"https://clover-spb.ru/catalog/%D0%A5%D0%BE%D0%B7%D1%8F%D0%B9%D1%81%D1%82%D0%B2%D0%B5%D0%BD%D0%BD%D1%8B%D0%B5%20%D1%82%D0%BE%D0%B2%D0%B0%D1%80%D1%8B/%D0%9F%D1%80%D0%BE%D1%87%D0%B5%D0%B5","/catalog/%D0%A5%D0%BE%D0%B7%D1%8F%D0%B9%D1%81%D1%82%D0%B2%D0%B5%D0%BD%D0%BD%D1%8B%D0%B5%20%D1%82%D0%BE%D0%B2%D0%B0%D1%80%D1%8B/%D0%9F%D1%80%D0%BE%D1%87%D0%B5%D0%B5","200","","","Хозтовары, упаковка и химия для HoReCa | КЛЕВЕР","Прочее","Хозтовары, упаковка и химия для HoReCa | КЛЕВЕР","","subcategory","Прочее",,,,"Хозяйственные товары","Прочее","","public_api_hierarchy","direct route GET for HTTP status/location/title/raw h1/canonical; hierarchy from public API; h1 falls back to hierarchy when absent"
"https://clover-spb.ru/catalog/%D0%9E%D0%B4%D0%BD%D0%BE%D1%80%D0%B0%D0%B7%D0%BE%D0%B2%D0%B0%D1%8F%20%D0%BF%D0%BE%D1%81%D1%83%D0%B4%D0%B0/%D0%A1%D1%82%D0%BE%D0%BB%D0%BE%D0%B2%D1%8B%D0%B5%20%D0%BF%D1%80%D0%B8%D0%B1%D0%BE%D1%80%D1%8B","/catalog/%D0%9E%D0%B4%D0%BD%D0%BE%D1%80%D0%B0%D0%B7%D0%BE%D0%B2%D0%B0%D1%8F%20%D0%BF%D0%BE%D1%81%D1%83%D0%B4%D0%B0/%D0%A1%D1%82%D0%BE%D0%BB%D0%BE%D0%B2%D1%8B%D0%B5%20%D0%BF%D1%80%D0%B8%D0%B1%D0%BE%D1%80%D1%8B","200","","","Хозтовары, упаковка и химия для HoReCa | КЛЕВЕР","Столовые приборы","Хозтовары, упаковка и химия для HoReCa | КЛЕВЕР","","subcategory","Столовые приборы",,,,"Одноразовая посуда","Столовые приборы","","public_api_hierarchy","direct route GET for HTTP status/location/title/raw h1/canonical; hierarchy from public API; h1 falls back to hierarchy when absent"
"https://clover-spb.ru/catalog/%D0%91%D1%83%D0%BC%D0%B0%D0%B6%D0%BD%D0%B0%D1%8F%20%D0%BF%D1%80%D0%BE%D0%B4%D1%83%D0%BA%D1%86%D0%B8%D1%8F/%D0%9F%D1%80%D0%BE%D1%87%D0%B5%D0%B5","/catalog/%D0%91%D1%83%D0%BC%D0%B0%D0%B6%D0%BD%D0%B0%D1%8F%20%D0%BF%D1%80%D0%BE%D0%B4%D1%83%D0%BA%D1%86%D0%B8%D1%8F/%D0%9F%D1%80%D0%BE%D1%87%D0%B5%D0%B5","200","","","Хозтовары, упаковка и химия для HoReCa | КЛЕВЕР","Прочее","Хозтовары, упаковка и химия для HoReCa | КЛЕВЕР","","subcategory","Прочее",,,,"Бумажная продукция","Прочее","","public_api_hierarchy","direct route GET for HTTP status/location/title/raw h1/canonical; hierarchy from public API; h1 falls back to hierarchy when absent"
"https://clover-spb.ru/catalog/%D0%A5%D0%BE%D0%B7%D1%8F%D0%B9%D1%81%D1%82%D0%B2%D0%B5%D0%BD%D0%BD%D1%8B%D0%B5%20%D1%82%D0%BE%D0%B2%D0%B0%D1%80%D1%8B/%D0%9C%D0%B5%D1%88%D0%BA%D0%B8%20%D0%B4%D0%BB%D1%8F%20%D0%BC%D1%83%D1%81%D0%BE%D1%80%D0%B0","/catalog/%D0%A5%D0%BE%D0%B7%D1%8F%D0%B9%D1%81%D1%82%D0%B2%D0%B5%D0%BD%D0%BD%D1%8B%D0%B5%20%D1%82%D0%BE%D0%B2%D0%B0%D1%80%D1%8B/%D0%9C%D0%B5%D1%88%D0%BA%D0%B8%20%D0%B4%D0%BB%D1%8F%20%D0%BC%D1%83%D1%81%D0%BE%D1%80%D0%B0","200","","","Хозтовары, упаковка и химия для HoReCa | КЛЕВЕР","Мешки для мусора","Хозтовары, упаковка и химия для HoReCa | КЛЕВЕР","","subcategory","Мешки для мусора",,,,"Хозяйственные товары","Мешки для мусора","","public_api_hierarchy","direct route GET for HTTP status/location/title/raw h1/canonical; hierarchy from public API; h1 falls back to hierarchy when absent"
"https://clover-spb.ru/catalog/%D0%9F%D0%B0%D0%BA%D0%B5%D1%82%D1%8B%2C%20%D1%83%D0%BF%D0%B0%D0%BA%D0%BE%D0%B2%D0%BE%D1%87%D0%BD%D1%8B%D0%B5%20%D0%BC%D0%B0%D1%82%D0%B5%D1%80%D0%B8%D0%B0%D0%BB%D1%8B/%D0%9F%D0%B0%D0%BA%D0%B5%D1%82%D1%8B%20%D1%84%D0%B0%D1%81%D0%BE%D0%B2%D0%BE%D1%87%D0%BD%D1%8B%D0%B5","/catalog/%D0%9F%D0%B0%D0%BA%D0%B5%D1%82%D1%8B%2C%20%D1%83%D0%BF%D0%B0%D0%BA%D0%BE%D0%B2%D0%BE%D1%87%D0%BD%D1%8B%D0%B5%20%D0%BC%D0%B0%D1%82%D0%B5%D1%80%D0%B8%D0%B0%D0%BB%D1%8B/%D0%9F%D0%B0%D0%BA%D0%B5%D1%82%D1%8B%20%D1%84%D0%B0%D1%81%D0%BE%D0%B2%D0%BE%D1%87%D0%BD%D1%8B%D0%B5","200","","","Хозтовары, упаковка и химия для HoReCa | КЛЕВЕР","Пакеты фасовочные","Хозтовары, упаковка и химия для HoReCa | КЛЕВЕР","","subcategory","Пакеты фасовочные",,,,"Пакеты, упаковочные материалы","Пакеты фасовочные","","public_api_hierarchy","direct route GET for HTTP status/location/title/raw h1/canonical; hierarchy from public API; h1 falls back to hierarchy when absent"
"https://clover-spb.ru/catalog/%D0%9F%D0%B0%D0%BA%D0%B5%D1%82%D1%8B%2C%20%D1%83%D0%BF%D0%B0%D0%BA%D0%BE%D0%B2%D0%BE%D1%87%D0%BD%D1%8B%D0%B5%20%D0%BC%D0%B0%D1%82%D0%B5%D1%80%D0%B8%D0%B0%D0%BB%D1%8B/%D0%9F%D0%B0%D0%BA%D0%B5%D1%82%D1%8B%20zip-lock","/catalog/%D0%9F%D0%B0%D0%BA%D0%B5%D1%82%D1%8B%2C%20%D1%83%D0%BF%D0%B0%D0%BA%D0%BE%D0%B2%D0%BE%D1%87%D0%BD%D1%8B%D0%B5%20%D0%BC%D0%B0%D1%82%D0%B5%D1%80%D0%B8%D0%B0%D0%BB%D1%8B/%D0%9F%D0%B0%D0%BA%D0%B5%D1%82%D1%8B%20zip-lock","200","","","Хозтовары, упаковка и химия для HoReCa | КЛЕВЕР","Пакеты zip-lock","Хозтовары, упаковка и химия для HoReCa | КЛЕВЕР","","subcategory","Пакеты zip-lock",,,,"Пакеты, упаковочные материалы","Пакеты zip-lock","","public_api_hierarchy","direct route GET for HTTP status/location/title/raw h1/canonical; hierarchy from public API; h1 falls back to hierarchy when absent"
"https://clover-spb.ru/catalog/%D0%9F%D0%B0%D0%BA%D0%B5%D1%82%D1%8B%2C%20%D1%83%D0%BF%D0%B0%D0%BA%D0%BE%D0%B2%D0%BE%D1%87%D0%BD%D1%8B%D0%B5%20%D0%BC%D0%B0%D1%82%D0%B5%D1%80%D0%B8%D0%B0%D0%BB%D1%8B/%D0%91%D1%83%D0%BC%D0%B0%D0%B6%D0%BD%D1%8B%D0%B5%20%D0%BF%D0%B0%D0%BA%D0%B5%D1%82%D1%8B%20%D1%81%20%D1%80%D1%83%D1%87%D0%BA%D0%BE%D0%B9","/catalog/%D0%9F%D0%B0%D0%BA%D0%B5%D1%82%D1%8B%2C%20%D1%83%D0%BF%D0%B0%D0%BA%D0%BE%D0%B2%D0%BE%D1%87%D0%BD%D1%8B%D0%B5%20%D0%BC%D0%B0%D1%82%D0%B5%D1%80%D0%B8%D0%B0%D0%BB%D1%8B/%D0%91%D1%83%D0%BC%D0%B0%D0%B6%D0%BD%D1%8B%D0%B5%20%D0%BF%D0%B0%D0%BA%D0%B5%D1%82%D1%8B%20%D1%81%20%D1%80%D1%83%D1%87%D0%BA%D0%BE%D0%B9","200","","","Хозтовары, упаковка и химия для HoReCa | КЛЕВЕР","Бумажные пакеты с ручкой","Хозтовары, упаковка и химия для HoReCa | КЛЕВЕР","","subcategory","Бумажные пакеты с ручкой",,,,"Пакеты, упаковочные материалы","Бумажные пакеты с ручкой","","public_api_hierarchy","direct route GET for HTTP status/location/title/raw h1/canonical; hierarchy from public API; h1 falls back to hierarchy when absent"
"https://clover-spb.ru/catalog/%D0%9F%D0%B0%D0%BA%D0%B5%D1%82%D1%8B%2C%20%D1%83%D0%BF%D0%B0%D0%BA%D0%BE%D0%B2%D0%BE%D1%87%D0%BD%D1%8B%D0%B5%20%D0%BC%D0%B0%D1%82%D0%B5%D1%80%D0%B8%D0%B0%D0%BB%D1%8B/%D0%9F%D0%B0%D0%BA%D0%B5%D1%82%D1%8B-%D0%BC%D0%B0%D0%B9%D0%BA%D0%B8","/catalog/%D0%9F%D0%B0%D0%BA%D0%B5%D1%82%D1%8B%2C%20%D1%83%D0%BF%D0%B0%D0%BA%D0%BE%D0%B2%D0%BE%D1%87%D0%BD%D1%8B%D0%B5%20%D0%BC%D0%B0%D1%82%D0%B5%D1%80%D0%B8%D0%B0%D0%BB%D1%8B/%D0%9F%D0%B0%D0%BA%D0%B5%D1%82%D1%8B-%D0%BC%D0%B0%D0%B9%D0%BA%D0%B8","200","","","Хозтовары, упаковка и химия для HoReCa | КЛЕВЕР","Пакеты-майки","Хозтовары, упаковка и химия для HoReCa | КЛЕВЕР","","subcategory","Пакеты-майки",,,,"Пакеты, упаковочные материалы","Пакеты-майки","","public_api_hierarchy","direct route GET for HTTP status/location/title/raw h1/canonical; hierarchy from public API; h1 falls back to hierarchy when absent"
"https://clover-spb.ru/catalog/%D0%A5%D0%B8%D0%BC%D0%B8%D1%8F%2C%20%D1%87%D0%B8%D1%81%D1%82%D1%8F%D1%89%D0%B8%D0%B5%20%D1%81%D1%80%D0%B5%D0%B4%D1%81%D1%82%D0%B2%D0%B0/%D0%9E%D1%81%D0%B2%D0%B5%D0%B6%D0%B8%D1%82%D0%B5%D0%BB%D0%B8%20%D0%B2%D0%BE%D0%B7%D0%B4%D1%83%D1%85%D0%B0","/catalog/%D0%A5%D0%B8%D0%BC%D0%B8%D1%8F%2C%20%D1%87%D0%B8%D1%81%D1%82%D1%8F%D1%89%D0%B8%D0%B5%20%D1%81%D1%80%D0%B5%D0%B4%D1%81%D1%82%D0%B2%D0%B0/%D0%9E%D1%81%D0%B2%D0%B5%D0%B6%D0%B8%D1%82%D0%B5%D0%BB%D0%B8%20%D0%B2%D0%BE%D0%B7%D0%B4%D1%83%D1%85%D0%B0","200","","","Хозтовары, упаковка и химия для HoReCa | КЛЕВЕР","Освежители воздуха","Хозтовары, упаковка и химия для HoReCa | КЛЕВЕР","","subcategory","Освежители воздуха",,,,"Химия, чистящие средства","Освежители воздуха","","public_api_hierarchy","direct route GET for HTTP status/location/title/raw h1/canonical; hierarchy from public API; h1 falls back to hierarchy when absent"
"https://clover-spb.ru/catalog/%D0%9E%D0%B4%D0%BD%D0%BE%D1%80%D0%B0%D0%B7%D0%BE%D0%B2%D0%B0%D1%8F%20%D0%BF%D0%BE%D1%81%D1%83%D0%B4%D0%B0/%D0%9B%D0%BE%D1%82%D0%BA%D0%B8","/catalog/%D0%9E%D0%B4%D0%BD%D0%BE%D1%80%D0%B0%D0%B7%D0%BE%D0%B2%D0%B0%D1%8F%20%D0%BF%D0%BE%D1%81%D1%83%D0%B4%D0%B0/%D0%9B%D0%BE%D1%82%D0%BA%D0%B8","200","","","Хозтовары, упаковка и химия для HoReCa | КЛЕВЕР","Лотки","Хозтовары, упаковка и химия для HoReCa | КЛЕВЕР","","subcategory","Лотки",,,,"Одноразовая посуда","Лотки","","public_api_hierarchy","direct route GET for HTTP status/location/title/raw h1/canonical; hierarchy from public API; h1 falls back to hierarchy when absent"
"https://clover-spb.ru/catalog/%D0%9E%D0%B4%D0%BD%D0%BE%D1%80%D0%B0%D0%B7%D0%BE%D0%B2%D0%B0%D1%8F%20%D0%BF%D0%BE%D1%81%D1%83%D0%B4%D0%B0/%D0%9B%D0%B0%D0%BD%D1%87-%D0%B1%D0%BE%D0%BA%D1%81%D1%8B","/catalog/%D0%9E%D0%B4%D0%BD%D0%BE%D1%80%D0%B0%D0%B7%D0%BE%D0%B2%D0%B0%D1%8F%20%D0%BF%D0%BE%D1%81%D1%83%D0%B4%D0%B0/%D0%9B%D0%B0%D0%BD%D1%87-%D0%B1%D0%BE%D0%BA%D1%81%D1%8B","200","","","Хозтовары, упаковка и химия для HoReCa | КЛЕВЕР","Ланч-боксы","Хозтовары, упаковка и химия для HoReCa | КЛЕВЕР","","subcategory","Ланч-боксы",,,,"Одноразовая посуда","Ланч-боксы","","public_api_hierarchy","direct route GET for HTTP status/location/title/raw h1/canonical; hierarchy from public API; h1 falls back to hierarchy when absent"
"https://clover-spb.ru/catalog/%D0%A5%D0%B8%D0%BC%D0%B8%D1%8F%2C%20%D1%87%D0%B8%D1%81%D1%82%D1%8F%D1%89%D0%B8%D0%B5%20%D1%81%D1%80%D0%B5%D0%B4%D1%81%D1%82%D0%B2%D0%B0/%D0%94%D0%BB%D1%8F%20%D0%B4%D0%B5%D0%B7%D0%B8%D0%BD%D1%84%D0%B5%D0%BA%D1%86%D0%B8%D0%B8","/catalog/%D0%A5%D0%B8%D0%BC%D0%B8%D1%8F%2C%20%D1%87%D0%B8%D1%81%D1%82%D1%8F%D1%89%D0%B8%D0%B5%20%D1%81%D1%80%D0%B5%D0%B4%D1%81%D1%82%D0%B2%D0%B0/%D0%94%D0%BB%D1%8F%20%D0%B4%D0%B5%D0%B7%D0%B8%D0%BD%D1%84%D0%B5%D0%BA%D1%86%D0%B8%D0%B8","200","","","Хозтовары, упаковка и химия для HoReCa | КЛЕВЕР","Для дезинфекции","Хозтовары, упаковка и химия для HoReCa | КЛЕВЕР","","subcategory","Для дезинфекции",,,,"Химия, чистящие средства","Для дезинфекции","","public_api_hierarchy","direct route GET for HTTP status/location/title/raw h1/canonical; hierarchy from public API; h1 falls back to hierarchy when absent"
"https://clover-spb.ru/catalog/%D0%A5%D0%B8%D0%BC%D0%B8%D1%8F%2C%20%D1%87%D0%B8%D1%81%D1%82%D1%8F%D1%89%D0%B8%D0%B5%20%D1%81%D1%80%D0%B5%D0%B4%D1%81%D1%82%D0%B2%D0%B0/%D0%9E%D1%82%D0%B1%D0%B5%D0%BB%D0%B8%D0%B2%D0%B0%D1%82%D0%B5%D0%BB%D0%B8","/catalog/%D0%A5%D0%B8%D0%BC%D0%B8%D1%8F%2C%20%D1%87%D0%B8%D1%81%D1%82%D1%8F%D1%89%D0%B8%D0%B5%20%D1%81%D1%80%D0%B5%D0%B4%D1%81%D1%82%D0%B2%D0%B0/%D0%9E%D1%82%D0%B1%D0%B5%D0%BB%D0%B8%D0%B2%D0%B0%D1%82%D0%B5%D0%BB%D0%B8","200","","","Хозтовары, упаковка и химия для HoReCa | КЛЕВЕР","Отбеливатели","Хозтовары, упаковка и химия для HoReCa | КЛЕВЕР","","subcategory","Отбеливатели",,,,"Химия, чистящие средства","Отбеливатели","","public_api_hierarchy","direct route GET for HTTP status/location/title/raw h1/canonical; hierarchy from public API; h1 falls back to hierarchy when absent"
"https://clover-spb.ru/catalog/%D0%9F%D0%B0%D0%BA%D0%B5%D1%82%D1%8B%2C%20%D1%83%D0%BF%D0%B0%D0%BA%D0%BE%D0%B2%D0%BE%D1%87%D0%BD%D1%8B%D0%B5%20%D0%BC%D0%B0%D1%82%D0%B5%D1%80%D0%B8%D0%B0%D0%BB%D1%8B/%D0%9F%D0%B0%D0%BA%D0%B5%D1%82%D1%8B%20%D0%B2%D0%B0%D0%BA%D1%83%D1%83%D0%BC%D0%BD%D1%8B%D0%B5","/catalog/%D0%9F%D0%B0%D0%BA%D0%B5%D1%82%D1%8B%2C%20%D1%83%D0%BF%D0%B0%D0%BA%D0%BE%D0%B2%D0%BE%D1%87%D0%BD%D1%8B%D0%B5%20%D0%BC%D0%B0%D1%82%D0%B5%D1%80%D0%B8%D0%B0%D0%BB%D1%8B/%D0%9F%D0%B0%D0%BA%D0%B5%D1%82%D1%8B%20%D0%B2%D0%B0%D0%BA%D1%83%D1%83%D0%BC%D0%BD%D1%8B%D0%B5","200","","","Хозтовары, упаковка и химия для HoReCa | КЛЕВЕР","Пакеты вакуумные","Хозтовары, упаковка и химия для HoReCa | КЛЕВЕР","","subcategory","Пакеты вакуумные",,,,"Пакеты, упаковочные материалы","Пакеты вакуумные","","public_api_hierarchy","direct route GET for HTTP status/location/title/raw h1/canonical; hierarchy from public API; h1 falls back to hierarchy when absent"
"https://clover-spb.ru/catalog/%D0%9E%D0%B4%D0%BD%D0%BE%D1%80%D0%B0%D0%B7%D0%BE%D0%B2%D0%B0%D1%8F%20%D0%BF%D0%BE%D1%81%D1%83%D0%B4%D0%B0/%D0%91%D1%83%D1%82%D1%8B%D0%BB%D0%BA%D0%B8","/catalog/%D0%9E%D0%B4%D0%BD%D0%BE%D1%80%D0%B0%D0%B7%D0%BE%D0%B2%D0%B0%D1%8F%20%D0%BF%D0%BE%D1%81%D1%83%D0%B4%D0%B0/%D0%91%D1%83%D1%82%D1%8B%D0%BB%D0%BA%D0%B8","200","","","Хозтовары, упаковка и химия для HoReCa | КЛЕВЕР","Бутылки","Хозтовары, упаковка и химия для HoReCa | КЛЕВЕР","","subcategory","Бутылки",,,,"Одноразовая посуда","Бутылки","","public_api_hierarchy","direct route GET for HTTP status/location/title/raw h1/canonical; hierarchy from public API; h1 falls back to hierarchy when absent"
