"old_url","old_path","old_status","old_type","old_title","old_h1","target_url","target_path","target_status","target_type","confidence","reason","action"
"https://cloverspb.ru/","/","200","homepage","Производство, продажа и доставка хозяйственных товаров и бытовой химии - Clover, Санкт- Петербург","Главная","https://clover-spb.ru/","/","200","homepage","EXACT","Главная старого домена → каноническая главная нового домена","301"
"https://cloverspb.ru/search","/search","200","info","Поиск по сайту","Поиск по сайту","https://clover-spb.ru/catalog","/catalog","200","catalog","HIGH","Публичный поиск каталога заменён текущим каталогом","301"
"https://cloverspb.ru/registraciya","/registraciya","200","info","Регистрация","Авторизация","","","","","NO_MATCH","Публичного SEO-эквивалента нет; /lk запрещён как SEO-цель","410"
"https://cloverspb.ru/magazin/folder/bumazhnaya-produkciya","/magazin/folder/bumazhnaya-produkciya","200","category","Бумажная продукция","Бумажная продукция","https://clover-spb.ru/catalog/%D0%91%D1%83%D0%BC%D0%B0%D0%B6%D0%BD%D0%B0%D1%8F%20%D0%BF%D1%80%D0%BE%D0%B4%D1%83%D0%BA%D1%86%D0%B8%D1%8F","/catalog/%D0%91%D1%83%D0%BC%D0%B0%D0%B6%D0%BD%D0%B0%D1%8F%20%D0%BF%D1%80%D0%BE%D0%B4%D1%83%D0%BA%D1%86%D0%B8%D1%8F","200","category","EXACT","Точное нормализованное название категории/подкатегории","301"
"https://cloverspb.ru/magazin/folder/salfetki","/magazin/folder/salfetki","200","category","Салфетки","Салфетки","https://clover-spb.ru/catalog/%D0%91%D1%83%D0%BC%D0%B0%D0%B6%D0%BD%D0%B0%D1%8F%20%D0%BF%D1%80%D0%BE%D0%B4%D1%83%D0%BA%D1%86%D0%B8%D1%8F/%D0%A1%D0%B0%D0%BB%D1%84%D0%B5%D1%82%D0%BA%D0%B8","/catalog/%D0%91%D1%83%D0%BC%D0%B0%D0%B6%D0%BD%D0%B0%D1%8F%20%D0%BF%D1%80%D0%BE%D0%B4%D1%83%D0%BA%D1%86%D0%B8%D1%8F/%D0%A1%D0%B0%D0%BB%D1%84%D0%B5%D1%82%D0%BA%D0%B8","200","subcategory","EXACT","Точное нормализованное название категории/подкатегории","301"
"https://cloverspb.ru/magazin/folder/tualetnaya-bumaga","/magazin/folder/tualetnaya-bumaga","200","category","Туалетная бумага","Туалетная бумага","https://clover-spb.ru/catalog/%D0%91%D1%83%D0%BC%D0%B0%D0%B6%D0%BD%D0%B0%D1%8F%20%D0%BF%D1%80%D0%BE%D0%B4%D1%83%D0%BA%D1%86%D0%B8%D1%8F/%D0%A2%D1%83%D0%B0%D0%BB%D0%B5%D1%82%D0%BD%D0%B0%D1%8F%20%D0%B1%D1%83%D0%BC%D0%B0%D0%B3%D0%B0","/catalog/%D0%91%D1%83%D0%BC%D0%B0%D0%B6%D0%BD%D0%B0%D1%8F%20%D0%BF%D1%80%D0%BE%D0%B4%D1%83%D0%BA%D1%86%D0%B8%D1%8F/%D0%A2%D1%83%D0%B0%D0%BB%D0%B5%D1%82%D0%BD%D0%B0%D1%8F%20%D0%B1%D1%83%D0%BC%D0%B0%D0%B3%D0%B0","200","subcategory","EXACT","Точное нормализованное название категории/подкатегории","301"
"https://cloverspb.ru/magazin/folder/bumazhnyj-polotenca","/magazin/folder/bumazhnyj-polotenca","200","category","Бумажные полотенца","Бумажные полотенца","https://clover-spb.ru/catalog/%D0%91%D1%83%D0%BC%D0%B0%D0%B6%D0%BD%D0%B0%D1%8F%20%D0%BF%D1%80%D0%BE%D0%B4%D1%83%D0%BA%D1%86%D0%B8%D1%8F/%D0%91%D1%83%D0%BC%D0%B0%D0%B6%D0%BD%D1%8B%D0%B5%20%D0%BF%D0%BE%D0%BB%D0%BE%D1%82%D0%B5%D0%BD%D1%86%D0%B0","/catalog/%D0%91%D1%83%D0%BC%D0%B0%D0%B6%D0%BD%D0%B0%D1%8F%20%D0%BF%D1%80%D0%BE%D0%B4%D1%83%D0%BA%D1%86%D0%B8%D1%8F/%D0%91%D1%83%D0%BC%D0%B0%D0%B6%D0%BD%D1%8B%D0%B5%20%D0%BF%D0%BE%D0%BB%D0%BE%D1%82%D0%B5%D0%BD%D1%86%D0%B0","200","subcategory","EXACT","Точное нормализованное название категории/подкатегории","301"
"https://cloverspb.ru/magazin/folder/odnorazovaya-posuda","/magazin/folder/odnorazovaya-posuda","200","category","Одноразовая посуда","Одноразовая посуда","https://clover-spb.ru/catalog/%D0%9E%D0%B4%D0%BD%D0%BE%D1%80%D0%B0%D0%B7%D0%BE%D0%B2%D0%B0%D1%8F%20%D0%BF%D0%BE%D1%81%D1%83%D0%B4%D0%B0","/catalog/%D0%9E%D0%B4%D0%BD%D0%BE%D1%80%D0%B0%D0%B7%D0%BE%D0%B2%D0%B0%D1%8F%20%D0%BF%D0%BE%D1%81%D1%83%D0%B4%D0%B0","200","category","EXACT","Точное нормализованное название категории/подкатегории","301"
"https://cloverspb.ru/magazin/folder/eko-posuda","/magazin/folder/eko-posuda","200","category","ЭКО посуда","ЭКО посуда","https://clover-spb.ru/catalog/%D0%9E%D0%B4%D0%BD%D0%BE%D1%80%D0%B0%D0%B7%D0%BE%D0%B2%D0%B0%D1%8F%20%D0%BF%D0%BE%D1%81%D1%83%D0%B4%D0%B0","/catalog/%D0%9E%D0%B4%D0%BD%D0%BE%D1%80%D0%B0%D0%B7%D0%BE%D0%B2%D0%B0%D1%8F%20%D0%BF%D0%BE%D1%81%D1%83%D0%B4%D0%B0","200","category","HIGH","Семантически эквивалентная текущая категория «Одноразовая посуда»","301"
"https://cloverspb.ru/magazin/folder/kontejnery","/magazin/folder/kontejnery","200","category","Контейнеры","Контейнеры","https://clover-spb.ru/catalog/%D0%9E%D0%B4%D0%BD%D0%BE%D1%80%D0%B0%D0%B7%D0%BE%D0%B2%D0%B0%D1%8F%20%D0%BF%D0%BE%D1%81%D1%83%D0%B4%D0%B0/%D0%9A%D0%BE%D0%BD%D1%82%D0%B5%D0%B9%D0%BD%D0%B5%D1%80%D1%8B","/catalog/%D0%9E%D0%B4%D0%BD%D0%BE%D1%80%D0%B0%D0%B7%D0%BE%D0%B2%D0%B0%D1%8F%20%D0%BF%D0%BE%D1%81%D1%83%D0%B4%D0%B0/%D0%9A%D0%BE%D0%BD%D1%82%D0%B5%D0%B9%D0%BD%D0%B5%D1%80%D1%8B","200","subcategory","EXACT","Точное нормализованное название категории/подкатегории","301"
"https://cloverspb.ru/magazin/folder/lanch-boksy","/magazin/folder/lanch-boksy","200","category","Ланч боксы","Ланч боксы","https://clover-spb.ru/catalog/%D0%9E%D0%B4%D0%BD%D0%BE%D1%80%D0%B0%D0%B7%D0%BE%D0%B2%D0%B0%D1%8F%20%D0%BF%D0%BE%D1%81%D1%83%D0%B4%D0%B0/%D0%9B%D0%B0%D0%BD%D1%87-%D0%B1%D0%BE%D0%BA%D1%81%D1%8B","/catalog/%D0%9E%D0%B4%D0%BD%D0%BE%D1%80%D0%B0%D0%B7%D0%BE%D0%B2%D0%B0%D1%8F%20%D0%BF%D0%BE%D1%81%D1%83%D0%B4%D0%B0/%D0%9B%D0%B0%D0%BD%D1%87-%D0%B1%D0%BE%D0%BA%D1%81%D1%8B","200","subcategory","EXACT","Точное нормализованное название категории/подкатегории","301"
"https://cloverspb.ru/magazin/folder/korobki-dlya-piccy","/magazin/folder/korobki-dlya-piccy","200","category","Коробки для пиццы","Коробки для пиццы","https://clover-spb.ru/catalog/%D0%9E%D0%B4%D0%BD%D0%BE%D1%80%D0%B0%D0%B7%D0%BE%D0%B2%D0%B0%D1%8F%20%D0%BF%D0%BE%D1%81%D1%83%D0%B4%D0%B0/%D0%9A%D0%BE%D1%80%D0%BE%D0%B1%D0%BA%D0%B8%20%D0%B4%D0%BB%D1%8F%20%D0%BF%D0%B8%D1%86%D1%86%D1%8B","/catalog/%D0%9E%D0%B4%D0%BD%D0%BE%D1%80%D0%B0%D0%B7%D0%BE%D0%B2%D0%B0%D1%8F%20%D0%BF%D0%BE%D1%81%D1%83%D0%B4%D0%B0/%D0%9A%D0%BE%D1%80%D0%BE%D0%B1%D0%BA%D0%B8%20%D0%B4%D0%BB%D1%8F%20%D0%BF%D0%B8%D1%86%D1%86%D1%8B","200","subcategory","EXACT","Точное нормализованное название категории/подкатегории","301"
"https://cloverspb.ru/magazin/folder/sousniki","/magazin/folder/sousniki","200","category","Соусники","Соусники","https://clover-spb.ru/catalog/%D0%9E%D0%B4%D0%BD%D0%BE%D1%80%D0%B0%D0%B7%D0%BE%D0%B2%D0%B0%D1%8F%20%D0%BF%D0%BE%D1%81%D1%83%D0%B4%D0%B0/%D0%A1%D0%BE%D1%83%D1%81%D0%BD%D0%B8%D0%BA%D0%B8","/catalog/%D0%9E%D0%B4%D0%BD%D0%BE%D1%80%D0%B0%D0%B7%D0%BE%D0%B2%D0%B0%D1%8F%20%D0%BF%D0%BE%D1%81%D1%83%D0%B4%D0%B0/%D0%A1%D0%BE%D1%83%D1%81%D0%BD%D0%B8%D0%BA%D0%B8","200","subcategory","EXACT","Точное нормализованное название категории/подкатегории","301"
"https://cloverspb.ru/magazin/folder/tarelki-miski","/magazin/folder/tarelki-miski","200","category","Тарелки, миски","Тарелки, миски","https://clover-spb.ru/catalog/%D0%9E%D0%B4%D0%BD%D0%BE%D1%80%D0%B0%D0%B7%D0%BE%D0%B2%D0%B0%D1%8F%20%D0%BF%D0%BE%D1%81%D1%83%D0%B4%D0%B0/%D0%A2%D0%B0%D1%80%D0%B5%D0%BB%D0%BA%D0%B8%2C%20%D0%BC%D0%B8%D1%81%D0%BA%D0%B8","/catalog/%D0%9E%D0%B4%D0%BD%D0%BE%D1%80%D0%B0%D0%B7%D0%BE%D0%B2%D0%B0%D1%8F%20%D0%BF%D0%BE%D1%81%D1%83%D0%B4%D0%B0/%D0%A2%D0%B0%D1%80%D0%B5%D0%BB%D0%BA%D0%B8%2C%20%D0%BC%D0%B8%D1%81%D0%BA%D0%B8","200","subcategory","EXACT","Точное нормализованное название категории/подкатегории","301"
"https://cloverspb.ru/magazin/folder/stolovye-pribory","/magazin/folder/stolovye-pribory","200","category","Столовые приборы","Столовые приборы","https://clover-spb.ru/catalog/%D0%9E%D0%B4%D0%BD%D0%BE%D1%80%D0%B0%D0%B7%D0%BE%D0%B2%D0%B0%D1%8F%20%D0%BF%D0%BE%D1%81%D1%83%D0%B4%D0%B0/%D0%A1%D1%82%D0%BE%D0%BB%D0%BE%D0%B2%D1%8B%D0%B5%20%D0%BF%D1%80%D0%B8%D0%B1%D0%BE%D1%80%D1%8B","/catalog/%D0%9E%D0%B4%D0%BD%D0%BE%D1%80%D0%B0%D0%B7%D0%BE%D0%B2%D0%B0%D1%8F%20%D0%BF%D0%BE%D1%81%D1%83%D0%B4%D0%B0/%D0%A1%D1%82%D0%BE%D0%BB%D0%BE%D0%B2%D1%8B%D0%B5%20%D0%BF%D1%80%D0%B8%D0%B1%D0%BE%D1%80%D1%8B","200","subcategory","EXACT","Точное нормализованное название категории/подкатегории","301"
"https://cloverspb.ru/magazin/folder/palochki-shampury-zubochistki-trubochki","/magazin/folder/palochki-shampury-zubochistki-trubochki","200","category","Палочки, шампуры, зубочистки, трубочки","Палочки, шампуры, зубочистки, трубочки","https://clover-spb.ru/catalog/%D0%91%D0%B0%D1%80%D0%BD%D1%8B%D0%B5%20%D0%B0%D0%BA%D1%81%D0%B5%D1%81%D1%81%D1%83%D0%B0%D1%80%D1%8B","/catalog/%D0%91%D0%B0%D1%80%D0%BD%D1%8B%D0%B5%20%D0%B0%D0%BA%D1%81%D0%B5%D1%81%D1%81%D1%83%D0%B0%D1%80%D1%8B","200","category","HIGH","Семантически эквивалентная текущая категория «Барные аксессуары»","301"
"https://cloverspb.ru/magazin/folder/barnye-tovary","/magazin/folder/barnye-tovary","200","category","Барные товары","Барные товары","https://clover-spb.ru/catalog/%D0%91%D0%B0%D1%80%D0%BD%D1%8B%D0%B5%20%D0%B0%D0%BA%D1%81%D0%B5%D1%81%D1%81%D1%83%D0%B0%D1%80%D1%8B","/catalog/%D0%91%D0%B0%D1%80%D0%BD%D1%8B%D0%B5%20%D0%B0%D0%BA%D1%81%D0%B5%D1%81%D1%81%D1%83%D0%B0%D1%80%D1%8B","200","category","HIGH","Семантически эквивалентная текущая категория «Барные аксессуары»","301"
"https://cloverspb.ru/magazin/folder/bulytki-pet","/magazin/folder/bulytki-pet","200","category","Булытки ПЭТ","Булытки ПЭТ","https://clover-spb.ru/catalog/%D0%9E%D0%B4%D0%BD%D0%BE%D1%80%D0%B0%D0%B7%D0%BE%D0%B2%D0%B0%D1%8F%20%D0%BF%D0%BE%D1%81%D1%83%D0%B4%D0%B0/%D0%91%D1%83%D1%82%D1%8B%D0%BB%D0%BA%D0%B8","/catalog/%D0%9E%D0%B4%D0%BD%D0%BE%D1%80%D0%B0%D0%B7%D0%BE%D0%B2%D0%B0%D1%8F%20%D0%BF%D0%BE%D1%81%D1%83%D0%B4%D0%B0/%D0%91%D1%83%D1%82%D1%8B%D0%BB%D0%BA%D0%B8","200","subcategory","HIGH","Семантически эквивалентная текущая категория «Бутылки»","301"
"https://cloverspb.ru/magazin/folder/stakany","/magazin/folder/stakany","200","category","Стаканы","Стаканы","https://clover-spb.ru/catalog/%D0%9E%D0%B4%D0%BD%D0%BE%D1%80%D0%B0%D0%B7%D0%BE%D0%B2%D0%B0%D1%8F%20%D0%BF%D0%BE%D1%81%D1%83%D0%B4%D0%B0/%D0%A1%D1%82%D0%B0%D0%BA%D0%B0%D0%BD%D1%8B","/catalog/%D0%9E%D0%B4%D0%BD%D0%BE%D1%80%D0%B0%D0%B7%D0%BE%D0%B2%D0%B0%D1%8F%20%D0%BF%D0%BE%D1%81%D1%83%D0%B4%D0%B0/%D0%A1%D1%82%D0%B0%D0%BA%D0%B0%D0%BD%D1%8B","200","subcategory","EXACT","Точное нормализованное название категории/подкатегории","301"
"https://cloverspb.ru/magazin/folder/upakovka-dlya-konditerskih-izdelij","/magazin/folder/upakovka-dlya-konditerskih-izdelij","200","category","Упаковка для кондитерских изделий","Упаковка для кондитерских изделий","https://clover-spb.ru/catalog/%D0%9E%D0%B4%D0%BD%D0%BE%D1%80%D0%B0%D0%B7%D0%BE%D0%B2%D0%B0%D1%8F%20%D0%BF%D0%BE%D1%81%D1%83%D0%B4%D0%B0/%D0%94%D0%BB%D1%8F%20%D0%BA%D0%BE%D0%BD%D0%B4%D0%B8%D1%82%D0%B5%D1%80%D1%81%D0%BA%D0%B8%D1%85%20%D0%B8%D0%B7%D0%B4%D0%B5%D0%BB%D0%B8%D0%B9","/catalog/%D0%9E%D0%B4%D0%BD%D0%BE%D1%80%D0%B0%D0%B7%D0%BE%D0%B2%D0%B0%D1%8F%20%D0%BF%D0%BE%D1%81%D1%83%D0%B4%D0%B0/%D0%94%D0%BB%D1%8F%20%D0%BA%D0%BE%D0%BD%D0%B4%D0%B8%D1%82%D0%B5%D1%80%D1%81%D0%BA%D0%B8%D1%85%20%D0%B8%D0%B7%D0%B4%D0%B5%D0%BB%D0%B8%D0%B9","200","subcategory","HIGH","Семантически эквивалентная текущая категория «Для кондитерских изделий»","301"
"https://cloverspb.ru/magazin/folder/kontejnery-rakushki","/magazin/folder/kontejnery-rakushki","200","category","Контейнеры - ракушки","Контейнеры - ракушки","https://clover-spb.ru/catalog/%D0%9E%D0%B4%D0%BD%D0%BE%D1%80%D0%B0%D0%B7%D0%BE%D0%B2%D0%B0%D1%8F%20%D0%BF%D0%BE%D1%81%D1%83%D0%B4%D0%B0/%D0%9A%D0%BE%D0%BD%D1%82%D0%B5%D0%B9%D0%BD%D0%B5%D1%80%D1%8B","/catalog/%D0%9E%D0%B4%D0%BD%D0%BE%D1%80%D0%B0%D0%B7%D0%BE%D0%B2%D0%B0%D1%8F%20%D0%BF%D0%BE%D1%81%D1%83%D0%B4%D0%B0/%D0%9A%D0%BE%D0%BD%D1%82%D0%B5%D0%B9%D0%BD%D0%B5%D1%80%D1%8B","200","subcategory","HIGH","Семантически эквивалентная текущая категория «Контейнеры»","301"
"https://cloverspb.ru/magazin/folder/bytovaya-himiya","/magazin/folder/bytovaya-himiya","200","category","Бытовая Химия","Бытовая Химия","https://clover-spb.ru/catalog/%D0%A5%D0%B8%D0%BC%D0%B8%D1%8F%2C%20%D1%87%D0%B8%D1%81%D1%82%D1%8F%D1%89%D0%B8%D0%B5%20%D1%81%D1%80%D0%B5%D0%B4%D1%81%D1%82%D0%B2%D0%B0","/catalog/%D0%A5%D0%B8%D0%BC%D0%B8%D1%8F%2C%20%D1%87%D0%B8%D1%81%D1%82%D1%8F%D1%89%D0%B8%D0%B5%20%D1%81%D1%80%D0%B5%D0%B4%D1%81%D1%82%D0%B2%D0%B0","200","category","HIGH","Семантически эквивалентная текущая категория «Химия, чистящие средства»","301"
"https://cloverspb.ru/magazin/folder/zhiroudaliteli","/magazin/folder/zhiroudaliteli","200","category","Жироудалители","Жироудалители","https://clover-spb.ru/catalog/%D0%A5%D0%B8%D0%BC%D0%B8%D1%8F%2C%20%D1%87%D0%B8%D1%81%D1%82%D1%8F%D1%89%D0%B8%D0%B5%20%D1%81%D1%80%D0%B5%D0%B4%D1%81%D1%82%D0%B2%D0%B0/%D0%96%D0%B8%D1%80%D0%BE%D1%83%D0%B4%D0%B0%D0%BB%D0%B8%D1%82%D0%B5%D0%BB%D0%B8","/catalog/%D0%A5%D0%B8%D0%BC%D0%B8%D1%8F%2C%20%D1%87%D0%B8%D1%81%D1%82%D1%8F%D1%89%D0%B8%D0%B5%20%D1%81%D1%80%D0%B5%D0%B4%D1%81%D1%82%D0%B2%D0%B0/%D0%96%D0%B8%D1%80%D0%BE%D1%83%D0%B4%D0%B0%D0%BB%D0%B8%D1%82%D0%B5%D0%BB%D0%B8","200","subcategory","EXACT","Точное нормализованное название категории/подкатегории","301"
"https://cloverspb.ru/magazin/folder/sredstva-dlya-mytya-posudy","/magazin/folder/sredstva-dlya-mytya-posudy","200","category","Средства для мытья посуды","Средства для мытья посуды","https://clover-spb.ru/catalog/%D0%A5%D0%B8%D0%BC%D0%B8%D1%8F%2C%20%D1%87%D0%B8%D1%81%D1%82%D1%8F%D1%89%D0%B8%D0%B5%20%D1%81%D1%80%D0%B5%D0%B4%D1%81%D1%82%D0%B2%D0%B0/%D0%94%D0%BB%D1%8F%20%D0%BC%D1%8B%D1%82%D1%8C%D1%8F%20%D0%BF%D0%BE%D1%81%D1%83%D0%B4%D1%8B","/catalog/%D0%A5%D0%B8%D0%BC%D0%B8%D1%8F%2C%20%D1%87%D0%B8%D1%81%D1%82%D1%8F%D1%89%D0%B8%D0%B5%20%D1%81%D1%80%D0%B5%D0%B4%D1%81%D1%82%D0%B2%D0%B0/%D0%94%D0%BB%D1%8F%20%D0%BC%D1%8B%D1%82%D1%8C%D1%8F%20%D0%BF%D0%BE%D1%81%D1%83%D0%B4%D1%8B","200","subcategory","HIGH","Семантически эквивалентная текущая категория «Для мытья посуды»","301"
"https://cloverspb.ru/magazin/folder/sredstva-dlya-mytya-okon","/magazin/folder/sredstva-dlya-mytya-okon","200","category","Средства для мытья стёкол и зеркал","Средства для мытья стёкол и зеркал","https://clover-spb.ru/catalog/%D0%A5%D0%B8%D0%BC%D0%B8%D1%8F%2C%20%D1%87%D0%B8%D1%81%D1%82%D1%8F%D1%89%D0%B8%D0%B5%20%D1%81%D1%80%D0%B5%D0%B4%D1%81%D1%82%D0%B2%D0%B0/%D0%94%D0%BB%D1%8F%20%D0%BE%D0%BA%D0%BE%D0%BD","/catalog/%D0%A5%D0%B8%D0%BC%D0%B8%D1%8F%2C%20%D1%87%D0%B8%D1%81%D1%82%D1%8F%D1%89%D0%B8%D0%B5%20%D1%81%D1%80%D0%B5%D0%B4%D1%81%D1%82%D0%B2%D0%B0/%D0%94%D0%BB%D1%8F%20%D0%BE%D0%BA%D0%BE%D0%BD","200","subcategory","HIGH","Семантически эквивалентная текущая категория «Для окон»","301"
"https://cloverspb.ru/magazin/folder/sredstva-dlya-mytya-polov-i-sten","/magazin/folder/sredstva-dlya-mytya-polov-i-sten","200","category","Средства для мытья полов и стен","Средства для мытья полов и стен","https://clover-spb.ru/catalog/%D0%A5%D0%B8%D0%BC%D0%B8%D1%8F%2C%20%D1%87%D0%B8%D1%81%D1%82%D1%8F%D1%89%D0%B8%D0%B5%20%D1%81%D1%80%D0%B5%D0%B4%D1%81%D1%82%D0%B2%D0%B0/%D0%94%D0%BB%D1%8F%20%D0%BF%D0%BE%D0%BB%D0%BE%D0%B2","/catalog/%D0%A5%D0%B8%D0%BC%D0%B8%D1%8F%2C%20%D1%87%D0%B8%D1%81%D1%82%D1%8F%D1%89%D0%B8%D0%B5%20%D1%81%D1%80%D0%B5%D0%B4%D1%81%D1%82%D0%B2%D0%B0/%D0%94%D0%BB%D1%8F%20%D0%BF%D0%BE%D0%BB%D0%BE%D0%B2","200","subcategory","HIGH","Семантически эквивалентная текущая категория «Для полов»","301"
"https://cloverspb.ru/magazin/folder/sredstva-dlya-santehniki","/magazin/folder/sredstva-dlya-santehniki","200","category","Средства для сантехники","Средства для сантехники","https://clover-spb.ru/catalog/%D0%A5%D0%B8%D0%BC%D0%B8%D1%8F%2C%20%D1%87%D0%B8%D1%81%D1%82%D1%8F%D1%89%D0%B8%D0%B5%20%D1%81%D1%80%D0%B5%D0%B4%D1%81%D1%82%D0%B2%D0%B0/%D0%94%D0%BB%D1%8F%20%D1%81%D0%B0%D0%BD%D1%82%D0%B5%D1%85%D0%BD%D0%B8%D0%BA%D0%B8","/catalog/%D0%A5%D0%B8%D0%BC%D0%B8%D1%8F%2C%20%D1%87%D0%B8%D1%81%D1%82%D1%8F%D1%89%D0%B8%D0%B5%20%D1%81%D1%80%D0%B5%D0%B4%D1%81%D1%82%D0%B2%D0%B0/%D0%94%D0%BB%D1%8F%20%D1%81%D0%B0%D0%BD%D1%82%D0%B5%D1%85%D0%BD%D0%B8%D0%BA%D0%B8","200","subcategory","HIGH","Семантически эквивалентная текущая категория «Для сантехники»","301"
"https://cloverspb.ru/magazin/folder/stiralnye-poroshki","/magazin/folder/stiralnye-poroshki","200","category","Стиральные порошки","Стиральные порошки","https://clover-spb.ru/catalog/%D0%A5%D0%B8%D0%BC%D0%B8%D1%8F%2C%20%D1%87%D0%B8%D1%81%D1%82%D1%8F%D1%89%D0%B8%D0%B5%20%D1%81%D1%80%D0%B5%D0%B4%D1%81%D1%82%D0%B2%D0%B0/%D0%9F%D0%BE%D1%80%D0%BE%D1%88%D0%BA%D0%B8","/catalog/%D0%A5%D0%B8%D0%BC%D0%B8%D1%8F%2C%20%D1%87%D0%B8%D1%81%D1%82%D1%8F%D1%89%D0%B8%D0%B5%20%D1%81%D1%80%D0%B5%D0%B4%D1%81%D1%82%D0%B2%D0%B0/%D0%9F%D0%BE%D1%80%D0%BE%D1%88%D0%BA%D0%B8","200","subcategory","HIGH","Семантически эквивалентная текущая категория «Порошки»","301"
"https://cloverspb.ru/magazin/folder/mylo","/magazin/folder/mylo","200","category","Мыло","Мыло","https://clover-spb.ru/catalog/%D0%A5%D0%B8%D0%BC%D0%B8%D1%8F%2C%20%D1%87%D0%B8%D1%81%D1%82%D1%8F%D1%89%D0%B8%D0%B5%20%D1%81%D1%80%D0%B5%D0%B4%D1%81%D1%82%D0%B2%D0%B0/%D0%9C%D1%8B%D0%BB%D0%BE","/catalog/%D0%A5%D0%B8%D0%BC%D0%B8%D1%8F%2C%20%D1%87%D0%B8%D1%81%D1%82%D1%8F%D1%89%D0%B8%D0%B5%20%D1%81%D1%80%D0%B5%D0%B4%D1%81%D1%82%D0%B2%D0%B0/%D0%9C%D1%8B%D0%BB%D0%BE","200","subcategory","EXACT","Точное нормализованное название категории/подкатегории","301"
"https://cloverspb.ru/magazin/folder/dlya-posudomoechnyh-mashin","/magazin/folder/dlya-posudomoechnyh-mashin","200","category","Для посудомоечных машин","Для посудомоечных машин","https://clover-spb.ru/catalog/%D0%A5%D0%B8%D0%BC%D0%B8%D1%8F%2C%20%D1%87%D0%B8%D1%81%D1%82%D1%8F%D1%89%D0%B8%D0%B5%20%D1%81%D1%80%D0%B5%D0%B4%D1%81%D1%82%D0%B2%D0%B0/%D0%94%D0%BB%D1%8F%20%D0%BF%D0%BE%D1%81%D1%83%D0%B4%D0%BE%D0%BC%D0%BE%D0%B5%D1%87%D0%BD%D1%8B%D1%85%20%D0%BC%D0%B0%D1%88%D0%B8%D0%BD","/catalog/%D0%A5%D0%B8%D0%BC%D0%B8%D1%8F%2C%20%D1%87%D0%B8%D1%81%D1%82%D1%8F%D1%89%D0%B8%D0%B5%20%D1%81%D1%80%D0%B5%D0%B4%D1%81%D1%82%D0%B2%D0%B0/%D0%94%D0%BB%D1%8F%20%D0%BF%D0%BE%D1%81%D1%83%D0%B4%D0%BE%D0%BC%D0%BE%D0%B5%D1%87%D0%BD%D1%8B%D1%85%20%D0%BC%D0%B0%D1%88%D0%B8%D0%BD","200","subcategory","EXACT","Точное нормализованное название категории/подкатегории","301"
"https://cloverspb.ru/magazin/folder/sredstva-ot-zasorov","/magazin/folder/sredstva-ot-zasorov","200","category","Средства от засоров","Средства от засоров","https://clover-spb.ru/catalog/%D0%A5%D0%B8%D0%BC%D0%B8%D1%8F%2C%20%D1%87%D0%B8%D1%81%D1%82%D1%8F%D1%89%D0%B8%D0%B5%20%D1%81%D1%80%D0%B5%D0%B4%D1%81%D1%82%D0%B2%D0%B0","/catalog/%D0%A5%D0%B8%D0%BC%D0%B8%D1%8F%2C%20%D1%87%D0%B8%D1%81%D1%82%D1%8F%D1%89%D0%B8%D0%B5%20%D1%81%D1%80%D0%B5%D0%B4%D1%81%D1%82%D0%B2%D0%B0","200","category","HIGH","Семантически эквивалентная текущая категория «Химия, чистящие средства»","301"
"https://cloverspb.ru/magazin/folder/osvezhiteli-vozduha","/magazin/folder/osvezhiteli-vozduha","200","category","Освежители воздуха","Освежители воздуха","https://clover-spb.ru/catalog/%D0%A5%D0%B8%D0%BC%D0%B8%D1%8F%2C%20%D1%87%D0%B8%D1%81%D1%82%D1%8F%D1%89%D0%B8%D0%B5%20%D1%81%D1%80%D0%B5%D0%B4%D1%81%D1%82%D0%B2%D0%B0/%D0%9E%D1%81%D0%B2%D0%B5%D0%B6%D0%B8%D1%82%D0%B5%D0%BB%D0%B8%20%D0%B2%D0%BE%D0%B7%D0%B4%D1%83%D1%85%D0%B0","/catalog/%D0%A5%D0%B8%D0%BC%D0%B8%D1%8F%2C%20%D1%87%D0%B8%D1%81%D1%82%D1%8F%D1%89%D0%B8%D0%B5%20%D1%81%D1%80%D0%B5%D0%B4%D1%81%D1%82%D0%B2%D0%B0/%D0%9E%D1%81%D0%B2%D0%B5%D0%B6%D0%B8%D1%82%D0%B5%D0%BB%D0%B8%20%D0%B2%D0%BE%D0%B7%D0%B4%D1%83%D1%85%D0%B0","200","subcategory","EXACT","Точное нормализованное название категории/подкатегории","301"
"https://cloverspb.ru/magazin/folder/dezinfekciya-i-antiseptik","/magazin/folder/dezinfekciya-i-antiseptik","200","category","Дезинфекция и Антисептик","Дезинфекция и Антисептик","https://clover-spb.ru/catalog/%D0%A5%D0%B8%D0%BC%D0%B8%D1%8F%2C%20%D1%87%D0%B8%D1%81%D1%82%D1%8F%D1%89%D0%B8%D0%B5%20%D1%81%D1%80%D0%B5%D0%B4%D1%81%D1%82%D0%B2%D0%B0/%D0%94%D0%BB%D1%8F%20%D0%B4%D0%B5%D0%B7%D0%B8%D0%BD%D1%84%D0%B5%D0%BA%D1%86%D0%B8%D0%B8","/catalog/%D0%A5%D0%B8%D0%BC%D0%B8%D1%8F%2C%20%D1%87%D0%B8%D1%81%D1%82%D1%8F%D1%89%D0%B8%D0%B5%20%D1%81%D1%80%D0%B5%D0%B4%D1%81%D1%82%D0%B2%D0%B0/%D0%94%D0%BB%D1%8F%20%D0%B4%D0%B5%D0%B7%D0%B8%D0%BD%D1%84%D0%B5%D0%BA%D1%86%D0%B8%D0%B8","200","subcategory","HIGH","Семантически эквивалентная текущая категория «Для дезинфекции»","301"
"https://cloverspb.ru/magazin/folder/dlya-mebeli","/magazin/folder/dlya-mebeli","200","category","Средства для ковров и мебели","Средства для ковров и мебели","https://clover-spb.ru/catalog/%D0%A5%D0%B8%D0%BC%D0%B8%D1%8F%2C%20%D1%87%D0%B8%D1%81%D1%82%D1%8F%D1%89%D0%B8%D0%B5%20%D1%81%D1%80%D0%B5%D0%B4%D1%81%D1%82%D0%B2%D0%B0","/catalog/%D0%A5%D0%B8%D0%BC%D0%B8%D1%8F%2C%20%D1%87%D0%B8%D1%81%D1%82%D1%8F%D1%89%D0%B8%D0%B5%20%D1%81%D1%80%D0%B5%D0%B4%D1%81%D1%82%D0%B2%D0%B0","200","category","HIGH","Семантически эквивалентная текущая категория «Химия, чистящие средства»","301"
"https://cloverspb.ru/magazin/folder/sredstva-zashchity","/magazin/folder/sredstva-zashchity","200","category","Средства защиты","Средства защиты","https://clover-spb.ru/catalog/%D0%A5%D0%BE%D0%B7%D1%8F%D0%B9%D1%81%D1%82%D0%B2%D0%B5%D0%BD%D0%BD%D1%8B%D0%B5%20%D1%82%D0%BE%D0%B2%D0%B0%D1%80%D1%8B","/catalog/%D0%A5%D0%BE%D0%B7%D1%8F%D0%B9%D1%81%D1%82%D0%B2%D0%B5%D0%BD%D0%BD%D1%8B%D0%B5%20%D1%82%D0%BE%D0%B2%D0%B0%D1%80%D1%8B","200","category","HIGH","Семантически эквивалентная текущая категория «Хозяйственные товары»","301"
"https://cloverspb.ru/magazin/folder/odnorazovye-perchatki","/magazin/folder/odnorazovye-perchatki","200","category","Одноразовые перчатки","Одноразовые перчатки","https://clover-spb.ru/catalog/%D0%A5%D0%BE%D0%B7%D1%8F%D0%B9%D1%81%D1%82%D0%B2%D0%B5%D0%BD%D0%BD%D1%8B%D0%B5%20%D1%82%D0%BE%D0%B2%D0%B0%D1%80%D1%8B/%D0%9F%D0%B5%D1%80%D1%87%D0%B0%D1%82%D0%BA%D0%B8","/catalog/%D0%A5%D0%BE%D0%B7%D1%8F%D0%B9%D1%81%D1%82%D0%B2%D0%B5%D0%BD%D0%BD%D1%8B%D0%B5%20%D1%82%D0%BE%D0%B2%D0%B0%D1%80%D1%8B/%D0%9F%D0%B5%D1%80%D1%87%D0%B0%D1%82%D0%BA%D0%B8","200","subcategory","HIGH","Семантически эквивалентная текущая категория «Перчатки»","301"
"https://cloverspb.ru/magazin/folder/mnogorazovye-perchatki","/magazin/folder/mnogorazovye-perchatki","200","category","Многоразовые перчатки","Многоразовые перчатки","https://clover-spb.ru/catalog/%D0%A5%D0%BE%D0%B7%D1%8F%D0%B9%D1%81%D1%82%D0%B2%D0%B5%D0%BD%D0%BD%D1%8B%D0%B5%20%D1%82%D0%BE%D0%B2%D0%B0%D1%80%D1%8B/%D0%9F%D0%B5%D1%80%D1%87%D0%B0%D1%82%D0%BA%D0%B8","/catalog/%D0%A5%D0%BE%D0%B7%D1%8F%D0%B9%D1%81%D1%82%D0%B2%D0%B5%D0%BD%D0%BD%D1%8B%D0%B5%20%D1%82%D0%BE%D0%B2%D0%B0%D1%80%D1%8B/%D0%9F%D0%B5%D1%80%D1%87%D0%B0%D1%82%D0%BA%D0%B8","200","subcategory","HIGH","Семантически эквивалентная текущая категория «Перчатки»","301"
"https://cloverspb.ru/magazin/folder/fartuki-halaty-shapochki-pilotki-bahily","/magazin/folder/fartuki-halaty-shapochki-pilotki-bahily","200","category","Фартуки, халаты, шапочки, пилотки, бахилы","Фартуки, халаты, шапочки, пилотки, бахилы","https://clover-spb.ru/catalog/%D0%A5%D0%BE%D0%B7%D1%8F%D0%B9%D1%81%D1%82%D0%B2%D0%B5%D0%BD%D0%BD%D1%8B%D0%B5%20%D1%82%D0%BE%D0%B2%D0%B0%D1%80%D1%8B/%D0%9E%D0%B4%D0%BD%D0%BE%D1%80%D0%B0%D0%B7%D0%BE%D0%B2%D0%B0%D1%8F%20%D0%BE%D0%B4%D0%B5%D0%B6%D0%B4%D0%B0","/catalog/%D0%A5%D0%BE%D0%B7%D1%8F%D0%B9%D1%81%D1%82%D0%B2%D0%B5%D0%BD%D0%BD%D1%8B%D0%B5%20%D1%82%D0%BE%D0%B2%D0%B0%D1%80%D1%8B/%D0%9E%D0%B4%D0%BD%D0%BE%D1%80%D0%B0%D0%B7%D0%BE%D0%B2%D0%B0%D1%8F%20%D0%BE%D0%B4%D0%B5%D0%B6%D0%B4%D0%B0","200","subcategory","HIGH","Семантически эквивалентная текущая категория «Одноразовая одежда»","301"
"https://cloverspb.ru/magazin/folder/35338102","/magazin/folder/35338102","200","category","Маски, респираторы","Маски, респираторы","https://clover-spb.ru/catalog/%D0%A5%D0%BE%D0%B7%D1%8F%D0%B9%D1%81%D1%82%D0%B2%D0%B5%D0%BD%D0%BD%D1%8B%D0%B5%20%D1%82%D0%BE%D0%B2%D0%B0%D1%80%D1%8B","/catalog/%D0%A5%D0%BE%D0%B7%D1%8F%D0%B9%D1%81%D1%82%D0%B2%D0%B5%D0%BD%D0%BD%D1%8B%D0%B5%20%D1%82%D0%BE%D0%B2%D0%B0%D1%80%D1%8B","200","category","HIGH","Семантически эквивалентная текущая категория «Хозяйственные товары»","301"
"https://cloverspb.ru/magazin/folder/upakovka","/magazin/folder/upakovka","200","category","Упаковка","Упаковка","https://clover-spb.ru/catalog/%D0%9F%D0%B0%D0%BA%D0%B5%D1%82%D1%8B%2C%20%D1%83%D0%BF%D0%B0%D0%BA%D0%BE%D0%B2%D0%BE%D1%87%D0%BD%D1%8B%D0%B5%20%D0%BC%D0%B0%D1%82%D0%B5%D1%80%D0%B8%D0%B0%D0%BB%D1%8B","/catalog/%D0%9F%D0%B0%D0%BA%D0%B5%D1%82%D1%8B%2C%20%D1%83%D0%BF%D0%B0%D0%BA%D0%BE%D0%B2%D0%BE%D1%87%D0%BD%D1%8B%D0%B5%20%D0%BC%D0%B0%D1%82%D0%B5%D1%80%D0%B8%D0%B0%D0%BB%D1%8B","200","category","HIGH","Семантически эквивалентная текущая категория «Пакеты, упаковочные материалы»","301"
"https://cloverspb.ru/magazin/folder/pakety-majka","/magazin/folder/pakety-majka","200","category","Пакеты - майка","Пакеты - майка","https://clover-spb.ru/catalog/%D0%9F%D0%B0%D0%BA%D0%B5%D1%82%D1%8B%2C%20%D1%83%D0%BF%D0%B0%D0%BA%D0%BE%D0%B2%D0%BE%D1%87%D0%BD%D1%8B%D0%B5%20%D0%BC%D0%B0%D1%82%D0%B5%D1%80%D0%B8%D0%B0%D0%BB%D1%8B/%D0%9F%D0%B0%D0%BA%D0%B5%D1%82%D1%8B-%D0%BC%D0%B0%D0%B9%D0%BA%D0%B8","/catalog/%D0%9F%D0%B0%D0%BA%D0%B5%D1%82%D1%8B%2C%20%D1%83%D0%BF%D0%B0%D0%BA%D0%BE%D0%B2%D0%BE%D1%87%D0%BD%D1%8B%D0%B5%20%D0%BC%D0%B0%D1%82%D0%B5%D1%80%D0%B8%D0%B0%D0%BB%D1%8B/%D0%9F%D0%B0%D0%BA%D0%B5%D1%82%D1%8B-%D0%BC%D0%B0%D0%B9%D0%BA%D0%B8","200","subcategory","HIGH","Семантически эквивалентная текущая категория «Пакеты-майки»","301"
"https://cloverspb.ru/magazin/folder/fasofochnye-pakety","/magazin/folder/fasofochnye-pakety","200","category","Фасофочные пакеты","Фасофочные пакеты","https://clover-spb.ru/catalog/%D0%9F%D0%B0%D0%BA%D0%B5%D1%82%D1%8B%2C%20%D1%83%D0%BF%D0%B0%D0%BA%D0%BE%D0%B2%D0%BE%D1%87%D0%BD%D1%8B%D0%B5%20%D0%BC%D0%B0%D1%82%D0%B5%D1%80%D0%B8%D0%B0%D0%BB%D1%8B/%D0%9F%D0%B0%D0%BA%D0%B5%D1%82%D1%8B%20%D1%84%D0%B0%D1%81%D0%BE%D0%B2%D0%BE%D1%87%D0%BD%D1%8B%D0%B5","/catalog/%D0%9F%D0%B0%D0%BA%D0%B5%D1%82%D1%8B%2C%20%D1%83%D0%BF%D0%B0%D0%BA%D0%BE%D0%B2%D0%BE%D1%87%D0%BD%D1%8B%D0%B5%20%D0%BC%D0%B0%D1%82%D0%B5%D1%80%D0%B8%D0%B0%D0%BB%D1%8B/%D0%9F%D0%B0%D0%BA%D0%B5%D1%82%D1%8B%20%D1%84%D0%B0%D1%81%D0%BE%D0%B2%D0%BE%D1%87%D0%BD%D1%8B%D0%B5","200","subcategory","HIGH","Семантически эквивалентная текущая категория «Пакеты фасовочные»","301"
"https://cloverspb.ru/magazin/folder/vakuumnye-pakety","/magazin/folder/vakuumnye-pakety","200","category","Вакуумные пакеты","Вакуумные пакеты","https://clover-spb.ru/catalog/%D0%9F%D0%B0%D0%BA%D0%B5%D1%82%D1%8B%2C%20%D1%83%D0%BF%D0%B0%D0%BA%D0%BE%D0%B2%D0%BE%D1%87%D0%BD%D1%8B%D0%B5%20%D0%BC%D0%B0%D1%82%D0%B5%D1%80%D0%B8%D0%B0%D0%BB%D1%8B/%D0%9F%D0%B0%D0%BA%D0%B5%D1%82%D1%8B%20%D0%B2%D0%B0%D0%BA%D1%83%D1%83%D0%BC%D0%BD%D1%8B%D0%B5","/catalog/%D0%9F%D0%B0%D0%BA%D0%B5%D1%82%D1%8B%2C%20%D1%83%D0%BF%D0%B0%D0%BA%D0%BE%D0%B2%D0%BE%D1%87%D0%BD%D1%8B%D0%B5%20%D0%BC%D0%B0%D1%82%D0%B5%D1%80%D0%B8%D0%B0%D0%BB%D1%8B/%D0%9F%D0%B0%D0%BA%D0%B5%D1%82%D1%8B%20%D0%B2%D0%B0%D0%BA%D1%83%D1%83%D0%BC%D0%BD%D1%8B%D0%B5","200","subcategory","HIGH","Семантически эквивалентная текущая категория «Пакеты вакуумные»","301"
"https://cloverspb.ru/magazin/folder/shpagat-vereki-lenty","/magazin/folder/shpagat-vereki-lenty","200","category","Шпагат, кондитерские мешки","Шпагат, кондитерские мешки","https://clover-spb.ru/catalog/%D0%9F%D0%B0%D0%BA%D0%B5%D1%82%D1%8B%2C%20%D1%83%D0%BF%D0%B0%D0%BA%D0%BE%D0%B2%D0%BE%D1%87%D0%BD%D1%8B%D0%B5%20%D0%BC%D0%B0%D1%82%D0%B5%D1%80%D0%B8%D0%B0%D0%BB%D1%8B","/catalog/%D0%9F%D0%B0%D0%BA%D0%B5%D1%82%D1%8B%2C%20%D1%83%D0%BF%D0%B0%D0%BA%D0%BE%D0%B2%D0%BE%D1%87%D0%BD%D1%8B%D0%B5%20%D0%BC%D0%B0%D1%82%D0%B5%D1%80%D0%B8%D0%B0%D0%BB%D1%8B","200","category","HIGH","Семантически эквивалентная текущая категория «Пакеты, упаковочные материалы»","301"
"https://cloverspb.ru/magazin/folder/bumazhnye-pakety","/magazin/folder/bumazhnye-pakety","200","category","Бумажные пакеты","Бумажные пакеты","https://clover-spb.ru/catalog/%D0%9F%D0%B0%D0%BA%D0%B5%D1%82%D1%8B%2C%20%D1%83%D0%BF%D0%B0%D0%BA%D0%BE%D0%B2%D0%BE%D1%87%D0%BD%D1%8B%D0%B5%20%D0%BC%D0%B0%D1%82%D0%B5%D1%80%D0%B8%D0%B0%D0%BB%D1%8B/%D0%91%D1%83%D0%BC%D0%B0%D0%B6%D0%BD%D1%8B%D0%B5%20%D0%BF%D0%B0%D0%BA%D0%B5%D1%82%D1%8B%20%D1%81%20%D1%80%D1%83%D1%87%D0%BA%D0%BE%D0%B9","/catalog/%D0%9F%D0%B0%D0%BA%D0%B5%D1%82%D1%8B%2C%20%D1%83%D0%BF%D0%B0%D0%BA%D0%BE%D0%B2%D0%BE%D1%87%D0%BD%D1%8B%D0%B5%20%D0%BC%D0%B0%D1%82%D0%B5%D1%80%D0%B8%D0%B0%D0%BB%D1%8B/%D0%91%D1%83%D0%BC%D0%B0%D0%B6%D0%BD%D1%8B%D0%B5%20%D0%BF%D0%B0%D0%BA%D0%B5%D1%82%D1%8B%20%D1%81%20%D1%80%D1%83%D1%87%D0%BA%D0%BE%D0%B9","200","subcategory","HIGH","Семантически эквивалентная текущая категория «Бумажные пакеты с ручкой»","301"
"https://cloverspb.ru/magazin/folder/hoztovary","/magazin/folder/hoztovary","200","category","Хозтовары","Хозтовары","https://clover-spb.ru/catalog/%D0%A5%D0%BE%D0%B7%D1%8F%D0%B9%D1%81%D1%82%D0%B2%D0%B5%D0%BD%D0%BD%D1%8B%D0%B5%20%D1%82%D0%BE%D0%B2%D0%B0%D1%80%D1%8B","/catalog/%D0%A5%D0%BE%D0%B7%D1%8F%D0%B9%D1%81%D1%82%D0%B2%D0%B5%D0%BD%D0%BD%D1%8B%D0%B5%20%D1%82%D0%BE%D0%B2%D0%B0%D1%80%D1%8B","200","category","HIGH","Семантически эквивалентная текущая категория «Хозяйственные товары»","301"
"https://cloverspb.ru/magazin/folder/vafelnoe-polotno","/magazin/folder/vafelnoe-polotno","200","category","Вафельное полотно","Вафельное полотно","https://clover-spb.ru/catalog/%D0%A5%D0%BE%D0%B7%D1%8F%D0%B9%D1%81%D1%82%D0%B2%D0%B5%D0%BD%D0%BD%D1%8B%D0%B5%20%D1%82%D0%BE%D0%B2%D0%B0%D1%80%D1%8B","/catalog/%D0%A5%D0%BE%D0%B7%D1%8F%D0%B9%D1%81%D1%82%D0%B2%D0%B5%D0%BD%D0%BD%D1%8B%D0%B5%20%D1%82%D0%BE%D0%B2%D0%B0%D1%80%D1%8B","200","category","HIGH","Семантически эквивалентная текущая категория «Хозяйственные товары»","301"
"https://cloverspb.ru/magazin/folder/folga-plenka","/magazin/folder/folga-plenka","200","category","Фольга, пленка","Фольга, пленка","https://clover-spb.ru/catalog/%D0%A5%D0%BE%D0%B7%D1%8F%D0%B9%D1%81%D1%82%D0%B2%D0%B5%D0%BD%D0%BD%D1%8B%D0%B5%20%D1%82%D0%BE%D0%B2%D0%B0%D1%80%D1%8B/%D0%A4%D0%BE%D0%BB%D1%8C%D0%B3%D0%B0%2C%20%D0%BF%D0%BB%D0%B5%D0%BD%D0%BA%D0%B0%2C%20%D0%BF%D0%B5%D1%80%D0%B3%D0%B0%D0%BC%D0%B5%D0%BD%D1%82","/catalog/%D0%A5%D0%BE%D0%B7%D1%8F%D0%B9%D1%81%D1%82%D0%B2%D0%B5%D0%BD%D0%BD%D1%8B%D0%B5%20%D1%82%D0%BE%D0%B2%D0%B0%D1%80%D1%8B/%D0%A4%D0%BE%D0%BB%D1%8C%D0%B3%D0%B0%2C%20%D0%BF%D0%BB%D0%B5%D0%BD%D0%BA%D0%B0%2C%20%D0%BF%D0%B5%D1%80%D0%B3%D0%B0%D0%BC%D0%B5%D0%BD%D1%82","200","subcategory","HIGH","Семантически эквивалентная текущая категория «Фольга, пленка, пергамент»","301"
"https://cloverspb.ru/magazin/folder/meshki-dlya-musora","/magazin/folder/meshki-dlya-musora","200","category","Мешки для мусора","Мешки для мусора","https://clover-spb.ru/catalog/%D0%A5%D0%BE%D0%B7%D1%8F%D0%B9%D1%81%D1%82%D0%B2%D0%B5%D0%BD%D0%BD%D1%8B%D0%B5%20%D1%82%D0%BE%D0%B2%D0%B0%D1%80%D1%8B/%D0%9C%D0%B5%D1%88%D0%BA%D0%B8%20%D0%B4%D0%BB%D1%8F%20%D0%BC%D1%83%D1%81%D0%BE%D1%80%D0%B0","/catalog/%D0%A5%D0%BE%D0%B7%D1%8F%D0%B9%D1%81%D1%82%D0%B2%D0%B5%D0%BD%D0%BD%D1%8B%D0%B5%20%D1%82%D0%BE%D0%B2%D0%B0%D1%80%D1%8B/%D0%9C%D0%B5%D1%88%D0%BA%D0%B8%20%D0%B4%D0%BB%D1%8F%20%D0%BC%D1%83%D1%81%D0%BE%D1%80%D0%B0","200","subcategory","EXACT","Точное нормализованное название категории/подкатегории","301"
"https://cloverspb.ru/magazin/folder/gubki-mochalki","/magazin/folder/gubki-mochalki","200","category","Губки, мочалки","Губки, мочалки","https://clover-spb.ru/catalog/%D0%A5%D0%BE%D0%B7%D1%8F%D0%B9%D1%81%D1%82%D0%B2%D0%B5%D0%BD%D0%BD%D1%8B%D0%B5%20%D1%82%D0%BE%D0%B2%D0%B0%D1%80%D1%8B/%D0%93%D1%83%D0%B1%D0%BA%D0%B8%20%D0%B4%D0%BB%D1%8F%20%D0%BF%D0%BE%D1%81%D1%83%D0%B4%D1%8B","/catalog/%D0%A5%D0%BE%D0%B7%D1%8F%D0%B9%D1%81%D1%82%D0%B2%D0%B5%D0%BD%D0%BD%D1%8B%D0%B5%20%D1%82%D0%BE%D0%B2%D0%B0%D1%80%D1%8B/%D0%93%D1%83%D0%B1%D0%BA%D0%B8%20%D0%B4%D0%BB%D1%8F%20%D0%BF%D0%BE%D1%81%D1%83%D0%B4%D1%8B","200","subcategory","HIGH","Семантически эквивалентная текущая категория «Губки для посуды»","301"
"https://cloverspb.ru/magazin/folder/vlazhnye-salfetki","/magazin/folder/vlazhnye-salfetki","200","category","Тряпки для стола","Тряпки для стола","https://clover-spb.ru/catalog/%D0%A5%D0%BE%D0%B7%D1%8F%D0%B9%D1%81%D1%82%D0%B2%D0%B5%D0%BD%D0%BD%D1%8B%D0%B5%20%D1%82%D0%BE%D0%B2%D0%B0%D1%80%D1%8B/%D0%A2%D1%80%D1%8F%D0%BF%D0%BA%D0%B8%2C%20%D0%BC%D0%BE%D0%BF%D1%8B%2C%20%D0%BF%D0%BE%D0%BB%D0%BE%D1%82%D0%B5%D0%BD%D1%86%D0%B0","/catalog/%D0%A5%D0%BE%D0%B7%D1%8F%D0%B9%D1%81%D1%82%D0%B2%D0%B5%D0%BD%D0%BD%D1%8B%D0%B5%20%D1%82%D0%BE%D0%B2%D0%B0%D1%80%D1%8B/%D0%A2%D1%80%D1%8F%D0%BF%D0%BA%D0%B8%2C%20%D0%BC%D0%BE%D0%BF%D1%8B%2C%20%D0%BF%D0%BE%D0%BB%D0%BE%D1%82%D0%B5%D0%BD%D1%86%D0%B0","200","subcategory","HIGH","Семантически эквивалентная текущая категория «Тряпки, мопы, полотенца»","301"
"https://cloverspb.ru/magazin/folder/raznoe","/magazin/folder/raznoe","200","category","Тряпки для пола","Тряпки для пола","https://clover-spb.ru/catalog/%D0%A5%D0%BE%D0%B7%D1%8F%D0%B9%D1%81%D1%82%D0%B2%D0%B5%D0%BD%D0%BD%D1%8B%D0%B5%20%D1%82%D0%BE%D0%B2%D0%B0%D1%80%D1%8B/%D0%A2%D1%80%D1%8F%D0%BF%D0%BA%D0%B8%2C%20%D0%BC%D0%BE%D0%BF%D1%8B%2C%20%D0%BF%D0%BE%D0%BB%D0%BE%D1%82%D0%B5%D0%BD%D1%86%D0%B0","/catalog/%D0%A5%D0%BE%D0%B7%D1%8F%D0%B9%D1%81%D1%82%D0%B2%D0%B5%D0%BD%D0%BD%D1%8B%D0%B5%20%D1%82%D0%BE%D0%B2%D0%B0%D1%80%D1%8B/%D0%A2%D1%80%D1%8F%D0%BF%D0%BA%D0%B8%2C%20%D0%BC%D0%BE%D0%BF%D1%8B%2C%20%D0%BF%D0%BE%D0%BB%D0%BE%D1%82%D0%B5%D0%BD%D1%86%D0%B0","200","subcategory","HIGH","Семантически эквивалентная текущая категория «Тряпки, мопы, полотенца»","301"
"https://cloverspb.ru/magazin/folder/kancelyariya","/magazin/folder/kancelyariya","200","category","Канцелярия","Канцелярия","https://clover-spb.ru/catalog/%D0%9A%D0%B0%D0%BD%D1%86%D0%B5%D0%BB%D1%8F%D1%80%D1%81%D0%BA%D0%B8%D0%B5%20%D1%82%D0%BE%D0%B2%D0%B0%D1%80%D1%8B","/catalog/%D0%9A%D0%B0%D0%BD%D1%86%D0%B5%D0%BB%D1%8F%D1%80%D1%81%D0%BA%D0%B8%D0%B5%20%D1%82%D0%BE%D0%B2%D0%B0%D1%80%D1%8B","200","category","HIGH","Семантически эквивалентная текущая категория «Канцелярские товары»","301"
"https://cloverspb.ru/magazin/product/salfetki-bumazhnye-pro-24-sm-h-24-sm-1-sl-500-listov","/magazin/product/salfetki-bumazhnye-pro-24-sm-h-24-sm-1-sl-500-listov","200","product","Салфетки бумажные ""PRO"" 24 см х 24 см 1-сл. 500 листов","Салфетки бумажные ""PRO"" 24 см х 24 см 1-сл. 500 листов","https://clover-spb.ru/catalog/%D0%91%D1%83%D0%BC%D0%B0%D0%B6%D0%BD%D0%B0%D1%8F%20%D0%BF%D1%80%D0%BE%D0%B4%D1%83%D0%BA%D1%86%D0%B8%D1%8F","/catalog/%D0%91%D1%83%D0%BC%D0%B0%D0%B6%D0%BD%D0%B0%D1%8F%20%D0%BF%D1%80%D0%BE%D0%B4%D1%83%D0%BA%D1%86%D0%B8%D1%8F","200","category","HIGH","Точный товар не доказан; безопасный fallback в релевантную категорию «Бумажная продукция»","301"
"https://cloverspb.ru/magazin/product/salfetki-bumazhnye-24-sm-h-24-sm-2-sl-chernye-250-listov","/magazin/product/salfetki-bumazhnye-24-sm-h-24-sm-2-sl-chernye-250-listov","200","product","Салфетки бумажные 24 см х 24 см 2-сл. черные 250 листов","Салфетки бумажные 24 см х 24 см 2-сл. черные 250 листов","https://clover-spb.ru/catalog/%D0%91%D1%83%D0%BC%D0%B0%D0%B6%D0%BD%D0%B0%D1%8F%20%D0%BF%D1%80%D0%BE%D0%B4%D1%83%D0%BA%D1%86%D0%B8%D1%8F/%D0%A1%D0%B0%D0%BB%D1%84%D0%B5%D1%82%D0%BA%D0%B8","/catalog/%D0%91%D1%83%D0%BC%D0%B0%D0%B6%D0%BD%D0%B0%D1%8F%20%D0%BF%D1%80%D0%BE%D0%B4%D1%83%D0%BA%D1%86%D0%B8%D1%8F/%D0%A1%D0%B0%D0%BB%D1%84%D0%B5%D1%82%D0%BA%D0%B8","200","subcategory","HIGH","Точный товар не доказан; безопасный fallback в релевантную категорию «Салфетки»","301"
"https://cloverspb.ru/magazin/product/bumazhnye-polotenca-focus-z-ukladka-2-slojnye-200-listov","/magazin/product/bumazhnye-polotenca-focus-z-ukladka-2-slojnye-200-listov","200","product","Бумажные полотенца Focus Z - укладка 2 - слойные 200 листов","Бумажные полотенца Focus Z - укладка 2 - слойные 200 листов","https://clover-spb.ru/catalog/%D0%91%D1%83%D0%BC%D0%B0%D0%B6%D0%BD%D0%B0%D1%8F%20%D0%BF%D1%80%D0%BE%D0%B4%D1%83%D0%BA%D1%86%D0%B8%D1%8F","/catalog/%D0%91%D1%83%D0%BC%D0%B0%D0%B6%D0%BD%D0%B0%D1%8F%20%D0%BF%D1%80%D0%BE%D0%B4%D1%83%D0%BA%D1%86%D0%B8%D1%8F","200","category","HIGH","Точный товар не доказан; безопасный fallback в релевантную категорию «Бумажная продукция»","301"
"https://cloverspb.ru/magazin/product/bumazhnye-polotenca-v-rulone-familiya-2rul-upak","/magazin/product/bumazhnye-polotenca-v-rulone-familiya-2rul-upak","200","product","Бумажные полотенца в рулоне ""Фамилия"" (2рул/упак)","Бумажные полотенца в рулоне ""Фамилия"" (2рул/упак)","https://clover-spb.ru/catalog/%D0%91%D1%83%D0%BC%D0%B0%D0%B6%D0%BD%D0%B0%D1%8F%20%D0%BF%D1%80%D0%BE%D0%B4%D1%83%D0%BA%D1%86%D0%B8%D1%8F","/catalog/%D0%91%D1%83%D0%BC%D0%B0%D0%B6%D0%BD%D0%B0%D1%8F%20%D0%BF%D1%80%D0%BE%D0%B4%D1%83%D0%BA%D1%86%D0%B8%D1%8F","200","category","HIGH","Точный товар не доказан; безопасный fallback в релевантную категорию «Бумажная продукция»","301"
"https://cloverspb.ru/magazin/product/bumazhnye-polotenca-pro-c-192-v-ukladka-1-slojnye-250-listov","/magazin/product/bumazhnye-polotenca-pro-c-192-v-ukladka-1-slojnye-250-listov","200","product","Бумажные полотенца PRO C-192 V - укладка 1-слойные 250 листов","Бумажные полотенца PRO C-192 V - укладка 1-слойные 250 листов","https://clover-spb.ru/catalog/%D0%91%D1%83%D0%BC%D0%B0%D0%B6%D0%BD%D0%B0%D1%8F%20%D0%BF%D1%80%D0%BE%D0%B4%D1%83%D0%BA%D1%86%D0%B8%D1%8F","/catalog/%D0%91%D1%83%D0%BC%D0%B0%D0%B6%D0%BD%D0%B0%D1%8F%20%D0%BF%D1%80%D0%BE%D0%B4%D1%83%D0%BA%D1%86%D0%B8%D1%8F","200","category","HIGH","Точный товар не доказан; безопасный fallback в релевантную категорию «Бумажная продукция»","301"
"https://cloverspb.ru/magazin/product/polotenca-bumazhnye-v-rulone-veiro-1-sl-belye-cv-300-metrov-kr105","/magazin/product/polotenca-bumazhnye-v-rulone-veiro-1-sl-belye-cv-300-metrov-kr105","200","product","Полотенца бумажные в рулоне VEIRO 1-сл. белые ЦВ 300 метров КР105","Полотенца бумажные в рулоне VEIRO 1-сл. белые ЦВ 300 метров КР105","https://clover-spb.ru/product/%D0%9D%D0%A4-00001999","/product/%D0%9D%D0%A4-00001999","200","product","EXACT","Точное совпадение бренда VEIRO, модели КР105, слоя, цвета и длины 300 м с данными текущего товара","301"
"https://cloverspb.ru/magazin/product/tualetnaya-bumaga-papia-professional-3-sl-8rul-up","/magazin/product/tualetnaya-bumaga-papia-professional-3-sl-8rul-up","200","product","Туалетная бумага Papia Professional 3-сл. (8рул/уп)","Туалетная бумага Papia Professional 3-сл. (8рул/уп)","https://clover-spb.ru/catalog/%D0%91%D1%83%D0%BC%D0%B0%D0%B6%D0%BD%D0%B0%D1%8F%20%D0%BF%D1%80%D0%BE%D0%B4%D1%83%D0%BA%D1%86%D0%B8%D1%8F/%D0%A2%D1%83%D0%B0%D0%BB%D0%B5%D1%82%D0%BD%D0%B0%D1%8F%20%D0%B1%D1%83%D0%BC%D0%B0%D0%B3%D0%B0","/catalog/%D0%91%D1%83%D0%BC%D0%B0%D0%B6%D0%BD%D0%B0%D1%8F%20%D0%BF%D1%80%D0%BE%D0%B4%D1%83%D0%BA%D1%86%D0%B8%D1%8F/%D0%A2%D1%83%D0%B0%D0%BB%D0%B5%D1%82%D0%BD%D0%B0%D1%8F%20%D0%B1%D1%83%D0%BC%D0%B0%D0%B3%D0%B0","200","subcategory","HIGH","Точный товар не доказан; безопасный fallback в релевантную категорию «Туалетная бумага»","301"
"https://cloverspb.ru/magazin/product/tualetnaya-bumaga-tork-t1-1-sl-525-metrov-120195","/magazin/product/tualetnaya-bumaga-tork-t1-1-sl-525-metrov-120195","200","product","Туалетная бумага ТОРК Т1 1-сл. 525 метров 120195","Туалетная бумага ТОРК Т1 1-сл. 525 метров 120195","https://clover-spb.ru/product/%D0%9D%D0%A4-00000645","/product/%D0%9D%D0%A4-00000645","200","product","EXACT","Точное совпадение бренда TORK, системы T1, модели 120195, слоя и длины 525 м с данными текущего товара","301"
"https://cloverspb.ru/magazin/product/shumanit-antizhir-bagi-3-l","/magazin/product/shumanit-antizhir-bagi-3-l","200","product","Шуманит - антижир BAGI 3 л","Шуманит - антижир BAGI 3 л","https://clover-spb.ru/catalog/%D0%A5%D0%B8%D0%BC%D0%B8%D1%8F%2C%20%D1%87%D0%B8%D1%81%D1%82%D1%8F%D1%89%D0%B8%D0%B5%20%D1%81%D1%80%D0%B5%D0%B4%D1%81%D1%82%D0%B2%D0%B0/%D0%96%D0%B8%D1%80%D0%BE%D1%83%D0%B4%D0%B0%D0%BB%D0%B8%D1%82%D0%B5%D0%BB%D0%B8","/catalog/%D0%A5%D0%B8%D0%BC%D0%B8%D1%8F%2C%20%D1%87%D0%B8%D1%81%D1%82%D1%8F%D1%89%D0%B8%D0%B5%20%D1%81%D1%80%D0%B5%D0%B4%D1%81%D1%82%D0%B2%D0%B0/%D0%96%D0%B8%D1%80%D0%BE%D1%83%D0%B4%D0%B0%D0%BB%D0%B8%D1%82%D0%B5%D0%BB%D0%B8","200","subcategory","HIGH","Точный товар не доказан; безопасный fallback в релевантную категорию «Жироудалители»","301"
"https://cloverspb.ru/magazin/product/shumanit-antizhir-bagi-400-ml","/magazin/product/shumanit-antizhir-bagi-400-ml","200","product","Шуманит - антижир BAGI 400 мл","Шуманит - антижир BAGI 400 мл","https://clover-spb.ru/catalog/%D0%A5%D0%B8%D0%BC%D0%B8%D1%8F%2C%20%D1%87%D0%B8%D1%81%D1%82%D1%8F%D1%89%D0%B8%D0%B5%20%D1%81%D1%80%D0%B5%D0%B4%D1%81%D1%82%D0%B2%D0%B0/%D0%96%D0%B8%D1%80%D0%BE%D1%83%D0%B4%D0%B0%D0%BB%D0%B8%D1%82%D0%B5%D0%BB%D0%B8","/catalog/%D0%A5%D0%B8%D0%BC%D0%B8%D1%8F%2C%20%D1%87%D0%B8%D1%81%D1%82%D1%8F%D1%89%D0%B8%D0%B5%20%D1%81%D1%80%D0%B5%D0%B4%D1%81%D1%82%D0%B2%D0%B0/%D0%96%D0%B8%D1%80%D0%BE%D1%83%D0%B4%D0%B0%D0%BB%D0%B8%D1%82%D0%B5%D0%BB%D0%B8","200","subcategory","HIGH","Точный товар не доказан; безопасный fallback в релевантную категорию «Жироудалители»","301"
"https://cloverspb.ru/magazin/product/fasovochnyj-paket-25-sm-h-45-sm-v-rulone","/magazin/product/fasovochnyj-paket-25-sm-h-45-sm-v-rulone","200","product","Фасовочный пакет 25 см х 45 см в рулоне","Фасовочный пакет 25 см х 45 см в рулоне","https://clover-spb.ru/catalog/%D0%9F%D0%B0%D0%BA%D0%B5%D1%82%D1%8B%2C%20%D1%83%D0%BF%D0%B0%D0%BA%D0%BE%D0%B2%D0%BE%D1%87%D0%BD%D1%8B%D0%B5%20%D0%BC%D0%B0%D1%82%D0%B5%D1%80%D0%B8%D0%B0%D0%BB%D1%8B/%D0%9F%D0%B0%D0%BA%D0%B5%D1%82%D1%8B%20%D1%84%D0%B0%D1%81%D0%BE%D0%B2%D0%BE%D1%87%D0%BD%D1%8B%D0%B5","/catalog/%D0%9F%D0%B0%D0%BA%D0%B5%D1%82%D1%8B%2C%20%D1%83%D0%BF%D0%B0%D0%BA%D0%BE%D0%B2%D0%BE%D1%87%D0%BD%D1%8B%D0%B5%20%D0%BC%D0%B0%D1%82%D0%B5%D1%80%D0%B8%D0%B0%D0%BB%D1%8B/%D0%9F%D0%B0%D0%BA%D0%B5%D1%82%D1%8B%20%D1%84%D0%B0%D1%81%D0%BE%D0%B2%D0%BE%D1%87%D0%BD%D1%8B%D0%B5","200","subcategory","HIGH","Точный товар не доказан; безопасный fallback в релевантную категорию «Пакеты фасовочные»","301"
"https://cloverspb.ru/magazin/product/paket-fasovochnyj-25-sm-h-35-sm","/magazin/product/paket-fasovochnyj-25-sm-h-35-sm","200","product","Пакет фасовочный 25 см х 35 см","Пакет фасовочный 25 см х 35 см","https://clover-spb.ru/catalog/%D0%9F%D0%B0%D0%BA%D0%B5%D1%82%D1%8B%2C%20%D1%83%D0%BF%D0%B0%D0%BA%D0%BE%D0%B2%D0%BE%D1%87%D0%BD%D1%8B%D0%B5%20%D0%BC%D0%B0%D1%82%D0%B5%D1%80%D0%B8%D0%B0%D0%BB%D1%8B/%D0%9F%D0%B0%D0%BA%D0%B5%D1%82%D1%8B%20%D1%84%D0%B0%D1%81%D0%BE%D0%B2%D0%BE%D1%87%D0%BD%D1%8B%D0%B5","/catalog/%D0%9F%D0%B0%D0%BA%D0%B5%D1%82%D1%8B%2C%20%D1%83%D0%BF%D0%B0%D0%BA%D0%BE%D0%B2%D0%BE%D1%87%D0%BD%D1%8B%D0%B5%20%D0%BC%D0%B0%D1%82%D0%B5%D1%80%D0%B8%D0%B0%D0%BB%D1%8B/%D0%9F%D0%B0%D0%BA%D0%B5%D1%82%D1%8B%20%D1%84%D0%B0%D1%81%D0%BE%D0%B2%D0%BE%D1%87%D0%BD%D1%8B%D0%B5","200","subcategory","HIGH","Точный товар не доказан; безопасный fallback в релевантную категорию «Пакеты фасовочные»","301"
"https://cloverspb.ru/magazin/product/zhidkoe-mylo-tork-s4","/magazin/product/zhidkoe-mylo-tork-s4","200","product","Жидкое мыло Торк S4","Жидкое мыло Торк S4","https://clover-spb.ru/catalog/%D0%A5%D0%B8%D0%BC%D0%B8%D1%8F%2C%20%D1%87%D0%B8%D1%81%D1%82%D1%8F%D1%89%D0%B8%D0%B5%20%D1%81%D1%80%D0%B5%D0%B4%D1%81%D1%82%D0%B2%D0%B0/%D0%9C%D1%8B%D0%BB%D0%BE","/catalog/%D0%A5%D0%B8%D0%BC%D0%B8%D1%8F%2C%20%D1%87%D0%B8%D1%81%D1%82%D1%8F%D1%89%D0%B8%D0%B5%20%D1%81%D1%80%D0%B5%D0%B4%D1%81%D1%82%D0%B2%D0%B0/%D0%9C%D1%8B%D0%BB%D0%BE","200","subcategory","HIGH","Точный товар не доказан; безопасный fallback в релевантную категорию «Мыло»","301"
"https://cloverspb.ru/magazin/product/polotenca-focus-v-ukladka-1-slojnye-250-listov","/magazin/product/polotenca-focus-v-ukladka-1-slojnye-250-listov","200","product","Полотенца Focus V- укладка 1-слойные 250 листов","Полотенца Focus V- укладка 1-слойные 250 листов","https://clover-spb.ru/catalog/%D0%91%D1%83%D0%BC%D0%B0%D0%B6%D0%BD%D0%B0%D1%8F%20%D0%BF%D1%80%D0%BE%D0%B4%D1%83%D0%BA%D1%86%D0%B8%D1%8F","/catalog/%D0%91%D1%83%D0%BC%D0%B0%D0%B6%D0%BD%D0%B0%D1%8F%20%D0%BF%D1%80%D0%BE%D0%B4%D1%83%D0%BA%D1%86%D0%B8%D1%8F","200","category","HIGH","Точный товар не доказан; безопасный fallback в релевантную категорию «Бумажная продукция»","301"
"https://cloverspb.ru/magazin/product/polotenca-tork-h1-120067","/magazin/product/polotenca-tork-h1-120067","200","product","Полотенца Tork H1 120067","Полотенца Tork H1 120067","https://clover-spb.ru/catalog/%D0%91%D1%83%D0%BC%D0%B0%D0%B6%D0%BD%D0%B0%D1%8F%20%D0%BF%D1%80%D0%BE%D0%B4%D1%83%D0%BA%D1%86%D0%B8%D1%8F/%D0%91%D1%83%D0%BC%D0%B0%D0%B6%D0%BD%D1%8B%D0%B5%20%D0%BF%D0%BE%D0%BB%D0%BE%D1%82%D0%B5%D0%BD%D1%86%D0%B0","/catalog/%D0%91%D1%83%D0%BC%D0%B0%D0%B6%D0%BD%D0%B0%D1%8F%20%D0%BF%D1%80%D0%BE%D0%B4%D1%83%D0%BA%D1%86%D0%B8%D1%8F/%D0%91%D1%83%D0%BC%D0%B0%D0%B6%D0%BD%D1%8B%D0%B5%20%D0%BF%D0%BE%D0%BB%D0%BE%D1%82%D0%B5%D0%BD%D1%86%D0%B0","200","subcategory","HIGH","Точный товар не доказан; безопасный fallback в релевантную категорию «Бумажные полотенца»","301"
"https://cloverspb.ru/magazin/product/polotenca-v-rulone-lime-200-metrov-belye-1-sl-520200","/magazin/product/polotenca-v-rulone-lime-200-metrov-belye-1-sl-520200","200","product","Полотенца в рулоне Lime 200 метров белые 1-сл 520200","Полотенца в рулоне Lime 200 метров белые 1-сл 520200","https://clover-spb.ru/catalog/%D0%91%D1%83%D0%BC%D0%B0%D0%B6%D0%BD%D0%B0%D1%8F%20%D0%BF%D1%80%D0%BE%D0%B4%D1%83%D0%BA%D1%86%D0%B8%D1%8F/%D0%91%D1%83%D0%BC%D0%B0%D0%B6%D0%BD%D1%8B%D0%B5%20%D0%BF%D0%BE%D0%BB%D0%BE%D1%82%D0%B5%D0%BD%D1%86%D0%B0","/catalog/%D0%91%D1%83%D0%BC%D0%B0%D0%B6%D0%BD%D0%B0%D1%8F%20%D0%BF%D1%80%D0%BE%D0%B4%D1%83%D0%BA%D1%86%D0%B8%D1%8F/%D0%91%D1%83%D0%BC%D0%B0%D0%B6%D0%BD%D1%8B%D0%B5%20%D0%BF%D0%BE%D0%BB%D0%BE%D1%82%D0%B5%D0%BD%D1%86%D0%B0","200","subcategory","HIGH","Точный товар не доказан; безопасный fallback в релевантную категорию «Бумажные полотенца»","301"
"https://cloverspb.ru/magazin/product/polotenca-n3-tork-120108","/magazin/product/polotenca-n3-tork-120108","200","product","Полотенца Н3 ТОРК 120108","Полотенца Н3 ТОРК 120108","https://clover-spb.ru/catalog/%D0%91%D1%83%D0%BC%D0%B0%D0%B6%D0%BD%D0%B0%D1%8F%20%D0%BF%D1%80%D0%BE%D0%B4%D1%83%D0%BA%D1%86%D0%B8%D1%8F","/catalog/%D0%91%D1%83%D0%BC%D0%B0%D0%B6%D0%BD%D0%B0%D1%8F%20%D0%BF%D1%80%D0%BE%D0%B4%D1%83%D0%BA%D1%86%D0%B8%D1%8F","200","category","HIGH","Точный товар не доказан; безопасный fallback в релевантную категорию «Бумажная продукция»","301"
"https://cloverspb.ru/magazin/product/polotenca-s-centralnoj-vytyazhkoj-lime-120-metrov-20-120","/magazin/product/polotenca-s-centralnoj-vytyazhkoj-lime-120-metrov-20-120","200","product","Полотенца с центральной вытяжкой Lime 120 метров 20.120","Полотенца с центральной вытяжкой Lime 120 метров 20.120","https://clover-spb.ru/catalog/%D0%91%D1%83%D0%BC%D0%B0%D0%B6%D0%BD%D0%B0%D1%8F%20%D0%BF%D1%80%D0%BE%D0%B4%D1%83%D0%BA%D1%86%D0%B8%D1%8F","/catalog/%D0%91%D1%83%D0%BC%D0%B0%D0%B6%D0%BD%D0%B0%D1%8F%20%D0%BF%D1%80%D0%BE%D0%B4%D1%83%D0%BA%D1%86%D0%B8%D1%8F","200","category","HIGH","Точный товар не доказан; безопасный fallback в релевантную категорию «Бумажная продукция»","301"
"https://cloverspb.ru/magazin/product/polotenca-s-centralnoj-vytyazhkoj-lime-300-metrov-20-300","/magazin/product/polotenca-s-centralnoj-vytyazhkoj-lime-300-metrov-20-300","200","product","Полотенца с центральной вытяжкой Lime 300 метров 20.300","Полотенца с центральной вытяжкой Lime 300 метров 20.300","https://clover-spb.ru/catalog/%D0%91%D1%83%D0%BC%D0%B0%D0%B6%D0%BD%D0%B0%D1%8F%20%D0%BF%D1%80%D0%BE%D0%B4%D1%83%D0%BA%D1%86%D0%B8%D1%8F/%D0%91%D1%83%D0%BC%D0%B0%D0%B6%D0%BD%D1%8B%D0%B5%20%D0%BF%D0%BE%D0%BB%D0%BE%D1%82%D0%B5%D0%BD%D1%86%D0%B0","/catalog/%D0%91%D1%83%D0%BC%D0%B0%D0%B6%D0%BD%D0%B0%D1%8F%20%D0%BF%D1%80%D0%BE%D0%B4%D1%83%D0%BA%D1%86%D0%B8%D1%8F/%D0%91%D1%83%D0%BC%D0%B0%D0%B6%D0%BD%D1%8B%D0%B5%20%D0%BF%D0%BE%D0%BB%D0%BE%D1%82%D0%B5%D0%BD%D1%86%D0%B0","200","subcategory","HIGH","Точный товар не доказан; безопасный fallback в релевантную категорию «Бумажные полотенца»","301"
"https://cloverspb.ru/magazin/product/polotenca-focus-z-ukladka-1-slojnye-200-listov","/magazin/product/polotenca-focus-z-ukladka-1-slojnye-200-listov","200","product","Полотенца Focus Z - укладка 1 - слойные 200 листов","Полотенца Focus Z - укладка 1 - слойные 200 листов","https://clover-spb.ru/catalog/%D0%91%D1%83%D0%BC%D0%B0%D0%B6%D0%BD%D0%B0%D1%8F%20%D0%BF%D1%80%D0%BE%D0%B4%D1%83%D0%BA%D1%86%D0%B8%D1%8F","/catalog/%D0%91%D1%83%D0%BC%D0%B0%D0%B6%D0%BD%D0%B0%D1%8F%20%D0%BF%D1%80%D0%BE%D0%B4%D1%83%D0%BA%D1%86%D0%B8%D1%8F","200","category","HIGH","Точный товар не доказан; безопасный fallback в релевантную категорию «Бумажная продукция»","301"
"https://cloverspb.ru/magazin/product/tualetnaya-bumaga-focus-1-slojnaya-200-metrov","/magazin/product/tualetnaya-bumaga-focus-1-slojnaya-200-metrov","200","product","Туалетная бумага Focus 1 - слойная 200 метров","Туалетная бумага Focus 1 - слойная 200 метров","https://clover-spb.ru/catalog/%D0%91%D1%83%D0%BC%D0%B0%D0%B6%D0%BD%D0%B0%D1%8F%20%D0%BF%D1%80%D0%BE%D0%B4%D1%83%D0%BA%D1%86%D0%B8%D1%8F","/catalog/%D0%91%D1%83%D0%BC%D0%B0%D0%B6%D0%BD%D0%B0%D1%8F%20%D0%BF%D1%80%D0%BE%D0%B4%D1%83%D0%BA%D1%86%D0%B8%D1%8F","200","category","HIGH","Точный товар не доказан; безопасный fallback в релевантную категорию «Бумажная продукция»","301"
"https://cloverspb.ru/magazin/product/akvalon-sredstvo-dlya-mytya-posudy-zelenoe-yabloko-5-l","/magazin/product/akvalon-sredstvo-dlya-mytya-posudy-zelenoe-yabloko-5-l","200","product","АКВАЛОН - средство для мытья посуды ЗЕЛЕНОЕ ЯБЛОКО 5 л","АКВАЛОН - средство для мытья посуды ЗЕЛЕНОЕ ЯБЛОКО 5 л","https://clover-spb.ru/catalog/%D0%A5%D0%B8%D0%BC%D0%B8%D1%8F%2C%20%D1%87%D0%B8%D1%81%D1%82%D1%8F%D1%89%D0%B8%D0%B5%20%D1%81%D1%80%D0%B5%D0%B4%D1%81%D1%82%D0%B2%D0%B0/%D0%94%D0%BB%D1%8F%20%D0%BC%D1%8B%D1%82%D1%8C%D1%8F%20%D0%BF%D0%BE%D1%81%D1%83%D0%B4%D1%8B","/catalog/%D0%A5%D0%B8%D0%BC%D0%B8%D1%8F%2C%20%D1%87%D0%B8%D1%81%D1%82%D1%8F%D1%89%D0%B8%D0%B5%20%D1%81%D1%80%D0%B5%D0%B4%D1%81%D1%82%D0%B2%D0%B0/%D0%94%D0%BB%D1%8F%20%D0%BC%D1%8B%D1%82%D1%8C%D1%8F%20%D0%BF%D0%BE%D1%81%D1%83%D0%B4%D1%8B","200","subcategory","HIGH","Точный товар в текущем каталоге не доказан; тип и назначение однозначно соответствуют наиболее узкой категории «Для мытья посуды»","301"
"https://cloverspb.ru/magazin/product/grass-azelit-anti-zhir-600-ml","/magazin/product/grass-azelit-anti-zhir-600-ml","200","product","GRASS Азелит - анти-жир 600 мл","GRASS Азелит - анти-жир 600 мл","https://clover-spb.ru/catalog/%D0%A5%D0%B8%D0%BC%D0%B8%D1%8F%2C%20%D1%87%D0%B8%D1%81%D1%82%D1%8F%D1%89%D0%B8%D0%B5%20%D1%81%D1%80%D0%B5%D0%B4%D1%81%D1%82%D0%B2%D0%B0","/catalog/%D0%A5%D0%B8%D0%BC%D0%B8%D1%8F%2C%20%D1%87%D0%B8%D1%81%D1%82%D1%8F%D1%89%D0%B8%D0%B5%20%D1%81%D1%80%D0%B5%D0%B4%D1%81%D1%82%D0%B2%D0%B0","200","category","HIGH","Точный товар не доказан; безопасный fallback в релевантную категорию «Химия, чистящие средства»","301"
"https://cloverspb.ru/magazin/product/maska-medicinskaya-odnorazovaya-trehslojnaya","/magazin/product/maska-medicinskaya-odnorazovaya-trehslojnaya","200","product","Маска медицинская одноразовая, трехслойная","Маска медицинская одноразовая, трехслойная","https://clover-spb.ru/catalog/%D0%A5%D0%BE%D0%B7%D1%8F%D0%B9%D1%81%D1%82%D0%B2%D0%B5%D0%BD%D0%BD%D1%8B%D0%B5%20%D1%82%D0%BE%D0%B2%D0%B0%D1%80%D1%8B","/catalog/%D0%A5%D0%BE%D0%B7%D1%8F%D0%B9%D1%81%D1%82%D0%B2%D0%B5%D0%BD%D0%BD%D1%8B%D0%B5%20%D1%82%D0%BE%D0%B2%D0%B0%D1%80%D1%8B","200","category","HIGH","Точный товар не доказан; безопасный fallback в релевантную категорию «Хозяйственные товары»","301"
"https://cloverspb.ru/magazin/product/nika-2","/magazin/product/nika-2","200","product","Ника - 2","Ника - 2","https://clover-spb.ru/catalog/%D0%A5%D0%B8%D0%BC%D0%B8%D1%8F%2C%20%D1%87%D0%B8%D1%81%D1%82%D1%8F%D1%89%D0%B8%D0%B5%20%D1%81%D1%80%D0%B5%D0%B4%D1%81%D1%82%D0%B2%D0%B0/%D0%94%D0%BB%D1%8F%20%D0%B4%D0%B5%D0%B7%D0%B8%D0%BD%D1%84%D0%B5%D0%BA%D1%86%D0%B8%D0%B8","/catalog/%D0%A5%D0%B8%D0%BC%D0%B8%D1%8F%2C%20%D1%87%D0%B8%D1%81%D1%82%D1%8F%D1%89%D0%B8%D0%B5%20%D1%81%D1%80%D0%B5%D0%B4%D1%81%D1%82%D0%B2%D0%B0/%D0%94%D0%BB%D1%8F%20%D0%B4%D0%B5%D0%B7%D0%B8%D0%BD%D1%84%D0%B5%D0%BA%D1%86%D0%B8%D0%B8","200","subcategory","HIGH","Точный товар не доказан; безопасный fallback в релевантную категорию «Для дезинфекции»","301"
"https://cloverspb.ru/magazin/product/sredstvo-dlya-mytya-posudy-help-5-l","/magazin/product/sredstvo-dlya-mytya-posudy-help-5-l","200","product","Средство для мытья посуды ""Help"" 5 л","Средство для мытья посуды ""Help"" 5 л","https://clover-spb.ru/product/%D0%9D%D0%A4-00000629","/product/%D0%9D%D0%A4-00000629","200","product","HIGH","Совпадают бренд Help, назначение и объём 5 л; текущая карточка дополнительно содержит данные упаковки","301"
"https://cloverspb.ru/magazin/product/kontejner-dlya-pirozhnyh-pr-t-85-zolotoe-dno-prozrachnaya-kupolnaya-kryshka","/magazin/product/kontejner-dlya-pirozhnyh-pr-t-85-zolotoe-dno-prozrachnaya-kupolnaya-kryshka","200","product","Контейнер для пирожных ПР-Т-85 золотое дно + прозрачная купольная крышка","Контейнер для пирожных ПР-Т-85 золотое дно + прозрачная купольная крышка","https://clover-spb.ru/catalog/%D0%9E%D0%B4%D0%BD%D0%BE%D1%80%D0%B0%D0%B7%D0%BE%D0%B2%D0%B0%D1%8F%20%D0%BF%D0%BE%D1%81%D1%83%D0%B4%D0%B0/%D0%94%D0%BB%D1%8F%20%D0%BA%D0%BE%D0%BD%D0%B4%D0%B8%D1%82%D0%B5%D1%80%D1%81%D0%BA%D0%B8%D1%85%20%D0%B8%D0%B7%D0%B4%D0%B5%D0%BB%D0%B8%D0%B9","/catalog/%D0%9E%D0%B4%D0%BD%D0%BE%D1%80%D0%B0%D0%B7%D0%BE%D0%B2%D0%B0%D1%8F%20%D0%BF%D0%BE%D1%81%D1%83%D0%B4%D0%B0/%D0%94%D0%BB%D1%8F%20%D0%BA%D0%BE%D0%BD%D0%B4%D0%B8%D1%82%D0%B5%D1%80%D1%81%D0%BA%D0%B8%D1%85%20%D0%B8%D0%B7%D0%B4%D0%B5%D0%BB%D0%B8%D0%B9","200","subcategory","HIGH","Точный товар не доказан; безопасный fallback в релевантную категорию «Для кондитерских изделий»","301"
"https://cloverspb.ru/magazin/product/kontejner-dlya-pirozhnyh-pr-t-85-chernoe-dno-prozrachnaya-kupolnaya-kryshka","/magazin/product/kontejner-dlya-pirozhnyh-pr-t-85-chernoe-dno-prozrachnaya-kupolnaya-kryshka","200","product","Контейнер для пирожных ПР-Т-85 черное дно + прозрачная купольная крышка","Контейнер для пирожных ПР-Т-85 черное дно + прозрачная купольная крышка","https://clover-spb.ru/catalog/%D0%9E%D0%B4%D0%BD%D0%BE%D1%80%D0%B0%D0%B7%D0%BE%D0%B2%D0%B0%D1%8F%20%D0%BF%D0%BE%D1%81%D1%83%D0%B4%D0%B0/%D0%94%D0%BB%D1%8F%20%D0%BA%D0%BE%D0%BD%D0%B4%D0%B8%D1%82%D0%B5%D1%80%D1%81%D0%BA%D0%B8%D1%85%20%D0%B8%D0%B7%D0%B4%D0%B5%D0%BB%D0%B8%D0%B9","/catalog/%D0%9E%D0%B4%D0%BD%D0%BE%D1%80%D0%B0%D0%B7%D0%BE%D0%B2%D0%B0%D1%8F%20%D0%BF%D0%BE%D1%81%D1%83%D0%B4%D0%B0/%D0%94%D0%BB%D1%8F%20%D0%BA%D0%BE%D0%BD%D0%B4%D0%B8%D1%82%D0%B5%D1%80%D1%81%D0%BA%D0%B8%D1%85%20%D0%B8%D0%B7%D0%B4%D0%B5%D0%BB%D0%B8%D0%B9","200","subcategory","HIGH","Точный товар не доказан; безопасный fallback в релевантную категорию «Для кондитерских изделий»","301"
"https://cloverspb.ru/magazin/product/kontejner-rakushka-dlya-pirozhnyh-4-sekcii-kr-15-4","/magazin/product/kontejner-rakushka-dlya-pirozhnyh-4-sekcii-kr-15-4","200","product","Контейнер - ракушка для пирожных 4 секции КР-15/4","Контейнер - ракушка для пирожных 4 секции КР-15/4","https://clover-spb.ru/catalog/%D0%9E%D0%B4%D0%BD%D0%BE%D1%80%D0%B0%D0%B7%D0%BE%D0%B2%D0%B0%D1%8F%20%D0%BF%D0%BE%D1%81%D1%83%D0%B4%D0%B0/%D0%94%D0%BB%D1%8F%20%D0%BA%D0%BE%D0%BD%D0%B4%D0%B8%D1%82%D0%B5%D1%80%D1%81%D0%BA%D0%B8%D1%85%20%D0%B8%D0%B7%D0%B4%D0%B5%D0%BB%D0%B8%D0%B9","/catalog/%D0%9E%D0%B4%D0%BD%D0%BE%D1%80%D0%B0%D0%B7%D0%BE%D0%B2%D0%B0%D1%8F%20%D0%BF%D0%BE%D1%81%D1%83%D0%B4%D0%B0/%D0%94%D0%BB%D1%8F%20%D0%BA%D0%BE%D0%BD%D0%B4%D0%B8%D1%82%D0%B5%D1%80%D1%81%D0%BA%D0%B8%D1%85%20%D0%B8%D0%B7%D0%B4%D0%B5%D0%BB%D0%B8%D0%B9","200","subcategory","HIGH","Точный товар не доказан; безопасный fallback в релевантную категорию «Для кондитерских изделий»","301"
"https://cloverspb.ru/magazin/product/korobka-eco-cake-1900-230-mm-h-140-mm-h-60-mm-dlya-pirozhnyh-kraft","/magazin/product/korobka-eco-cake-1900-230-mm-h-140-mm-h-60-mm-dlya-pirozhnyh-kraft","200","product","Коробка ECO CAKE 1900 230 мм х 140 мм х 60 мм для пирожных крафт","Коробка ECO CAKE 1900 230 мм х 140 мм х 60 мм для пирожных крафт","https://clover-spb.ru/catalog/%D0%9E%D0%B4%D0%BD%D0%BE%D1%80%D0%B0%D0%B7%D0%BE%D0%B2%D0%B0%D1%8F%20%D0%BF%D0%BE%D1%81%D1%83%D0%B4%D0%B0/%D0%94%D0%BB%D1%8F%20%D0%BA%D0%BE%D0%BD%D0%B4%D0%B8%D1%82%D0%B5%D1%80%D1%81%D0%BA%D0%B8%D1%85%20%D0%B8%D0%B7%D0%B4%D0%B5%D0%BB%D0%B8%D0%B9","/catalog/%D0%9E%D0%B4%D0%BD%D0%BE%D1%80%D0%B0%D0%B7%D0%BE%D0%B2%D0%B0%D1%8F%20%D0%BF%D0%BE%D1%81%D1%83%D0%B4%D0%B0/%D0%94%D0%BB%D1%8F%20%D0%BA%D0%BE%D0%BD%D0%B4%D0%B8%D1%82%D0%B5%D1%80%D1%81%D0%BA%D0%B8%D1%85%20%D0%B8%D0%B7%D0%B4%D0%B5%D0%BB%D0%B8%D0%B9","200","subcategory","HIGH","Точный товар не доказан; безопасный fallback в релевантную категорию «Для кондитерских изделий»","301"
"https://cloverspb.ru/magazin/product/korob-kartonnyj-pod-12-kapkejkov-bez-okna-330-mm-h-250-mm-h-100-mm","/magazin/product/korob-kartonnyj-pod-12-kapkejkov-bez-okna-330-mm-h-250-mm-h-100-mm","200","product","Короб картонный под 12 капкейков без окна 330 мм х 250 мм х 100 мм","Короб картонный под 12 капкейков без окна 330 мм х 250 мм х 100 мм","https://clover-spb.ru/catalog/%D0%9E%D0%B4%D0%BD%D0%BE%D1%80%D0%B0%D0%B7%D0%BE%D0%B2%D0%B0%D1%8F%20%D0%BF%D0%BE%D1%81%D1%83%D0%B4%D0%B0/%D0%94%D0%BB%D1%8F%20%D0%BA%D0%BE%D0%BD%D0%B4%D0%B8%D1%82%D0%B5%D1%80%D1%81%D0%BA%D0%B8%D1%85%20%D0%B8%D0%B7%D0%B4%D0%B5%D0%BB%D0%B8%D0%B9","/catalog/%D0%9E%D0%B4%D0%BD%D0%BE%D1%80%D0%B0%D0%B7%D0%BE%D0%B2%D0%B0%D1%8F%20%D0%BF%D0%BE%D1%81%D1%83%D0%B4%D0%B0/%D0%94%D0%BB%D1%8F%20%D0%BA%D0%BE%D0%BD%D0%B4%D0%B8%D1%82%D0%B5%D1%80%D1%81%D0%BA%D0%B8%D1%85%20%D0%B8%D0%B7%D0%B4%D0%B5%D0%BB%D0%B8%D0%B9","200","subcategory","HIGH","Точный товар не доказан; безопасный fallback в релевантную категорию «Для кондитерских изделий»","301"
"https://cloverspb.ru/magazin/product/kontejner-rakushka-rk-31-220-mm-h-155-mm-h-89-mm-prozrachnyj","/magazin/product/kontejner-rakushka-rk-31-220-mm-h-155-mm-h-89-mm-prozrachnyj","200","product","Контейнер - ракушка РК - 31 220 мм х 155 мм х 89 мм прозрачный","Контейнер - ракушка РК - 31 220 мм х 155 мм х 89 мм прозрачный","https://clover-spb.ru/catalog/%D0%9E%D0%B4%D0%BD%D0%BE%D1%80%D0%B0%D0%B7%D0%BE%D0%B2%D0%B0%D1%8F%20%D0%BF%D0%BE%D1%81%D1%83%D0%B4%D0%B0/%D0%9A%D0%BE%D0%BD%D1%82%D0%B5%D0%B9%D0%BD%D0%B5%D1%80%D1%8B","/catalog/%D0%9E%D0%B4%D0%BD%D0%BE%D1%80%D0%B0%D0%B7%D0%BE%D0%B2%D0%B0%D1%8F%20%D0%BF%D0%BE%D1%81%D1%83%D0%B4%D0%B0/%D0%9A%D0%BE%D0%BD%D1%82%D0%B5%D0%B9%D0%BD%D0%B5%D1%80%D1%8B","200","subcategory","HIGH","Точный товар не доказан; безопасный fallback в релевантную категорию «Контейнеры»","301"
"https://cloverspb.ru/magazin/product/kontejner-rakushka-rk-10-121-mm-h-119-mm-h-60-mm-prozrachnyj","/magazin/product/kontejner-rakushka-rk-10-121-mm-h-119-mm-h-60-mm-prozrachnyj","200","product","Контейнер - ракушка РК - 10 121 мм х 119 мм х 60 мм прозрачный","Контейнер - ракушка РК - 10 121 мм х 119 мм х 60 мм прозрачный","https://clover-spb.ru/catalog/%D0%9E%D0%B4%D0%BD%D0%BE%D1%80%D0%B0%D0%B7%D0%BE%D0%B2%D0%B0%D1%8F%20%D0%BF%D0%BE%D1%81%D1%83%D0%B4%D0%B0/%D0%9A%D0%BE%D0%BD%D1%82%D0%B5%D0%B9%D0%BD%D0%B5%D1%80%D1%8B","/catalog/%D0%9E%D0%B4%D0%BD%D0%BE%D1%80%D0%B0%D0%B7%D0%BE%D0%B2%D0%B0%D1%8F%20%D0%BF%D0%BE%D1%81%D1%83%D0%B4%D0%B0/%D0%9A%D0%BE%D0%BD%D1%82%D0%B5%D0%B9%D0%BD%D0%B5%D1%80%D1%8B","200","subcategory","HIGH","Точный товар не доказан; безопасный fallback в релевантную категорию «Контейнеры»","301"
"https://cloverspb.ru/magazin/product/perchatki-rezinovye-sverhprochnye-krasno-belye-s","/magazin/product/perchatki-rezinovye-sverhprochnye-krasno-belye-s","200","product","Перчатки резиновые сверхпрочные красно-белые S","Перчатки резиновые сверхпрочные красно-белые S","https://clover-spb.ru/catalog/%D0%A5%D0%BE%D0%B7%D1%8F%D0%B9%D1%81%D1%82%D0%B2%D0%B5%D0%BD%D0%BD%D1%8B%D0%B5%20%D1%82%D0%BE%D0%B2%D0%B0%D1%80%D1%8B/%D0%9F%D0%B5%D1%80%D1%87%D0%B0%D1%82%D0%BA%D0%B8","/catalog/%D0%A5%D0%BE%D0%B7%D1%8F%D0%B9%D1%81%D1%82%D0%B2%D0%B5%D0%BD%D0%BD%D1%8B%D0%B5%20%D1%82%D0%BE%D0%B2%D0%B0%D1%80%D1%8B/%D0%9F%D0%B5%D1%80%D1%87%D0%B0%D1%82%D0%BA%D0%B8","200","subcategory","HIGH","Размер/цвет текущего товарного кандидата противоречат старой карточке; сохранён поисковый интент через наиболее узкую категорию «Перчатки»","301"
"https://cloverspb.ru/magazin/product/perchatki-rezinovye-sine-zheltye-s","/magazin/product/perchatki-rezinovye-sine-zheltye-s","200","product","Перчатки резиновые сине-желтые S","Перчатки резиновые сине-желтые S","https://clover-spb.ru/product/%D0%9D%D0%A4-00000174","/product/%D0%9D%D0%A4-00000174","200","product","HIGH","Совпадают тип, сине-жёлтое исполнение и размер S; текущая карточка уточняет линейку Bicolor","301"
"https://cloverspb.ru/magazin/product/perchatki-rezinovye-sine-zheltye-bicolor-m","/magazin/product/perchatki-rezinovye-sine-zheltye-bicolor-m","200","product","Перчатки резиновые сине-желтые Bicolor М","Перчатки резиновые сине-желтые Bicolor М","https://clover-spb.ru/catalog/%D0%A5%D0%BE%D0%B7%D1%8F%D0%B9%D1%81%D1%82%D0%B2%D0%B5%D0%BD%D0%BD%D1%8B%D0%B5%20%D1%82%D0%BE%D0%B2%D0%B0%D1%80%D1%8B/%D0%9F%D0%B5%D1%80%D1%87%D0%B0%D1%82%D0%BA%D0%B8","/catalog/%D0%A5%D0%BE%D0%B7%D1%8F%D0%B9%D1%81%D1%82%D0%B2%D0%B5%D0%BD%D0%BD%D1%8B%D0%B5%20%D1%82%D0%BE%D0%B2%D0%B0%D1%80%D1%8B/%D0%9F%D0%B5%D1%80%D1%87%D0%B0%D1%82%D0%BA%D0%B8","200","subcategory","HIGH","Текущий товарный кандидат имеет размер S вместо M; сохранён поисковый интент через категорию «Перчатки»","301"
"https://cloverspb.ru/magazin/product/perchatki-rezinovye-sine-zheltye-bicolor-l","/magazin/product/perchatki-rezinovye-sine-zheltye-bicolor-l","200","product","Перчатки резиновые сине-желтые Bicolor L","Перчатки резиновые сине-желтые Bicolor L","https://clover-spb.ru/catalog/%D0%A5%D0%BE%D0%B7%D1%8F%D0%B9%D1%81%D1%82%D0%B2%D0%B5%D0%BD%D0%BD%D1%8B%D0%B5%20%D1%82%D0%BE%D0%B2%D0%B0%D1%80%D1%8B/%D0%9F%D0%B5%D1%80%D1%87%D0%B0%D1%82%D0%BA%D0%B8","/catalog/%D0%A5%D0%BE%D0%B7%D1%8F%D0%B9%D1%81%D1%82%D0%B2%D0%B5%D0%BD%D0%BD%D1%8B%D0%B5%20%D1%82%D0%BE%D0%B2%D0%B0%D1%80%D1%8B/%D0%9F%D0%B5%D1%80%D1%87%D0%B0%D1%82%D0%BA%D0%B8","200","subcategory","HIGH","Текущий товарный кандидат имеет размер S вместо L; сохранён поисковый интент через категорию «Перчатки»","301"
"https://cloverspb.ru/magazin/product/perchatki-rezinovye-sine-zheltye-bicolor-xl","/magazin/product/perchatki-rezinovye-sine-zheltye-bicolor-xl","200","product","Перчатки резиновые сине-желтые Bicolor XL","Перчатки резиновые сине-желтые Bicolor XL","https://clover-spb.ru/catalog/%D0%A5%D0%BE%D0%B7%D1%8F%D0%B9%D1%81%D1%82%D0%B2%D0%B5%D0%BD%D0%BD%D1%8B%D0%B5%20%D1%82%D0%BE%D0%B2%D0%B0%D1%80%D1%8B/%D0%9F%D0%B5%D1%80%D1%87%D0%B0%D1%82%D0%BA%D0%B8","/catalog/%D0%A5%D0%BE%D0%B7%D1%8F%D0%B9%D1%81%D1%82%D0%B2%D0%B5%D0%BD%D0%BD%D1%8B%D0%B5%20%D1%82%D0%BE%D0%B2%D0%B0%D1%80%D1%8B/%D0%9F%D0%B5%D1%80%D1%87%D0%B0%D1%82%D0%BA%D0%B8","200","subcategory","HIGH","Текущий товарный кандидат имеет размер S вместо XL; сохранён поисковый интент через категорию «Перчатки»","301"
"https://cloverspb.ru/magazin/product/stroitelnye-perchatki-s-pvh-chernye","/magazin/product/stroitelnye-perchatki-s-pvh-chernye","200","product","Строительные перчатки с ПВХ черные","Строительные перчатки с ПВХ черные","https://clover-spb.ru/catalog/%D0%A5%D0%BE%D0%B7%D1%8F%D0%B9%D1%81%D1%82%D0%B2%D0%B5%D0%BD%D0%BD%D1%8B%D0%B5%20%D1%82%D0%BE%D0%B2%D0%B0%D1%80%D1%8B/%D0%9F%D0%B5%D1%80%D1%87%D0%B0%D1%82%D0%BA%D0%B8","/catalog/%D0%A5%D0%BE%D0%B7%D1%8F%D0%B9%D1%81%D1%82%D0%B2%D0%B5%D0%BD%D0%BD%D1%8B%D0%B5%20%D1%82%D0%BE%D0%B2%D0%B0%D1%80%D1%8B/%D0%9F%D0%B5%D1%80%D1%87%D0%B0%D1%82%D0%BA%D0%B8","200","subcategory","HIGH","Точный товар не доказан; безопасный fallback в релевантную категорию «Перчатки»","301"
"https://cloverspb.ru/magazin/product/vafelnoe-polotno-metrovoe","/magazin/product/vafelnoe-polotno-metrovoe","200","product","Вафельное полотно метровое","Вафельное полотно метровое","https://clover-spb.ru/catalog/%D0%A5%D0%BE%D0%B7%D1%8F%D0%B9%D1%81%D1%82%D0%B2%D0%B5%D0%BD%D0%BD%D1%8B%D0%B5%20%D1%82%D0%BE%D0%B2%D0%B0%D1%80%D1%8B","/catalog/%D0%A5%D0%BE%D0%B7%D1%8F%D0%B9%D1%81%D1%82%D0%B2%D0%B5%D0%BD%D0%BD%D1%8B%D0%B5%20%D1%82%D0%BE%D0%B2%D0%B0%D1%80%D1%8B","200","category","HIGH","Точный товар не доказан; безопасный fallback в релевантную категорию «Хозяйственные товары»","301"
"https://cloverspb.ru/magazin/product/paket-dlya-musora-v-rulone-10-sht-120-litrov","/magazin/product/paket-dlya-musora-v-rulone-10-sht-120-litrov","200","product","Пакет для мусора в рулоне 10 шт 120 литров","Пакет для мусора в рулоне 10 шт 120 литров","https://clover-spb.ru/catalog/%D0%A5%D0%BE%D0%B7%D1%8F%D0%B9%D1%81%D1%82%D0%B2%D0%B5%D0%BD%D0%BD%D1%8B%D0%B5%20%D1%82%D0%BE%D0%B2%D0%B0%D1%80%D1%8B/%D0%9C%D0%B5%D1%88%D0%BA%D0%B8%20%D0%B4%D0%BB%D1%8F%20%D0%BC%D1%83%D1%81%D0%BE%D1%80%D0%B0","/catalog/%D0%A5%D0%BE%D0%B7%D1%8F%D0%B9%D1%81%D1%82%D0%B2%D0%B5%D0%BD%D0%BD%D1%8B%D0%B5%20%D1%82%D0%BE%D0%B2%D0%B0%D1%80%D1%8B/%D0%9C%D0%B5%D1%88%D0%BA%D0%B8%20%D0%B4%D0%BB%D1%8F%20%D0%BC%D1%83%D1%81%D0%BE%D1%80%D0%B0","200","subcategory","HIGH","Точный товар не доказан; безопасный fallback в релевантную категорию «Мешки для мусора»","301"
"https://cloverspb.ru/magazin/product/korobka-dlya-piccy-piroga-hachapuri-280h180h50mm-buraya","/magazin/product/korobka-dlya-piccy-piroga-hachapuri-280h180h50mm-buraya","200","product","Коробка для пиццы/пирога/хачапури 280х180х50мм бурая","Коробка для пиццы/пирога/хачапури 280х180х50мм бурая","https://clover-spb.ru/product/%D0%9D%D0%A4-00002851","/product/%D0%9D%D0%A4-00002851","200","product","EXACT","Точное нормализованное публичное название товара «Коробка для пиццы/пирога/хачапури 280х180х50мм бурая»","301"
"https://cloverspb.ru/magazin/product/salfetki-bumazhnye-24-sm-h-24-sm-1-slojnye-krasnye-400sht","/magazin/product/salfetki-bumazhnye-24-sm-h-24-sm-1-slojnye-krasnye-400sht","200","product","Салфетки бумажные 24 см х 24 см 1 - слойные красные (400шт)","Салфетки бумажные 24 см х 24 см 1 - слойные красные (400шт)","https://clover-spb.ru/catalog/%D0%91%D1%83%D0%BC%D0%B0%D0%B6%D0%BD%D0%B0%D1%8F%20%D0%BF%D1%80%D0%BE%D0%B4%D1%83%D0%BA%D1%86%D0%B8%D1%8F/%D0%A1%D0%B0%D0%BB%D1%84%D0%B5%D1%82%D0%BA%D0%B8","/catalog/%D0%91%D1%83%D0%BC%D0%B0%D0%B6%D0%BD%D0%B0%D1%8F%20%D0%BF%D1%80%D0%BE%D0%B4%D1%83%D0%BA%D1%86%D0%B8%D1%8F/%D0%A1%D0%B0%D0%BB%D1%84%D0%B5%D1%82%D0%BA%D0%B8","200","subcategory","HIGH","Точный товар не доказан; безопасный fallback в релевантную категорию «Салфетки»","301"
"https://cloverspb.ru/magazin/product/salfetki-bumazhnye-33-sm-h-33-sm-krasnye-200sht","/magazin/product/salfetki-bumazhnye-33-sm-h-33-sm-krasnye-200sht","200","product","Салфетки бумажные 33 см х 33 см красные (200шт)","Салфетки бумажные 33 см х 33 см красные (200шт)","https://clover-spb.ru/catalog/%D0%91%D1%83%D0%BC%D0%B0%D0%B6%D0%BD%D0%B0%D1%8F%20%D0%BF%D1%80%D0%BE%D0%B4%D1%83%D0%BA%D1%86%D0%B8%D1%8F/%D0%A1%D0%B0%D0%BB%D1%84%D0%B5%D1%82%D0%BA%D0%B8","/catalog/%D0%91%D1%83%D0%BC%D0%B0%D0%B6%D0%BD%D0%B0%D1%8F%20%D0%BF%D1%80%D0%BE%D0%B4%D1%83%D0%BA%D1%86%D0%B8%D1%8F/%D0%A1%D0%B0%D0%BB%D1%84%D0%B5%D1%82%D0%BA%D0%B8","200","subcategory","HIGH","Точный товар не доказан; безопасный fallback в релевантную категорию «Салфетки»","301"
"https://cloverspb.ru/magazin/product/folga-30-sm-100-metrov","/magazin/product/folga-30-sm-100-metrov","200","product","Фольга 30 см 100 метров","Фольга 30 см 100 метров","https://clover-spb.ru/catalog/%D0%A5%D0%BE%D0%B7%D1%8F%D0%B9%D1%81%D1%82%D0%B2%D0%B5%D0%BD%D0%BD%D1%8B%D0%B5%20%D1%82%D0%BE%D0%B2%D0%B0%D1%80%D1%8B/%D0%A4%D0%BE%D0%BB%D1%8C%D0%B3%D0%B0%2C%20%D0%BF%D0%BB%D0%B5%D0%BD%D0%BA%D0%B0%2C%20%D0%BF%D0%B5%D1%80%D0%B3%D0%B0%D0%BC%D0%B5%D0%BD%D1%82","/catalog/%D0%A5%D0%BE%D0%B7%D1%8F%D0%B9%D1%81%D1%82%D0%B2%D0%B5%D0%BD%D0%BD%D1%8B%D0%B5%20%D1%82%D0%BE%D0%B2%D0%B0%D1%80%D1%8B/%D0%A4%D0%BE%D0%BB%D1%8C%D0%B3%D0%B0%2C%20%D0%BF%D0%BB%D0%B5%D0%BD%D0%BA%D0%B0%2C%20%D0%BF%D0%B5%D1%80%D0%B3%D0%B0%D0%BC%D0%B5%D0%BD%D1%82","200","subcategory","HIGH","Точный товар не доказан; безопасный fallback в релевантную категорию «Фольга, пленка, пергамент»","301"
"https://cloverspb.ru/magazin/product/folga-45-sm-100-metrov","/magazin/product/folga-45-sm-100-metrov","200","product","Фольга 45 см 100 метров","Фольга 45 см 100 метров","https://clover-spb.ru/catalog/%D0%A5%D0%BE%D0%B7%D1%8F%D0%B9%D1%81%D1%82%D0%B2%D0%B5%D0%BD%D0%BD%D1%8B%D0%B5%20%D1%82%D0%BE%D0%B2%D0%B0%D1%80%D1%8B/%D0%A4%D0%BE%D0%BB%D1%8C%D0%B3%D0%B0%2C%20%D0%BF%D0%BB%D0%B5%D0%BD%D0%BA%D0%B0%2C%20%D0%BF%D0%B5%D1%80%D0%B3%D0%B0%D0%BC%D0%B5%D0%BD%D1%82","/catalog/%D0%A5%D0%BE%D0%B7%D1%8F%D0%B9%D1%81%D1%82%D0%B2%D0%B5%D0%BD%D0%BD%D1%8B%D0%B5%20%D1%82%D0%BE%D0%B2%D0%B0%D1%80%D1%8B/%D0%A4%D0%BE%D0%BB%D1%8C%D0%B3%D0%B0%2C%20%D0%BF%D0%BB%D0%B5%D0%BD%D0%BA%D0%B0%2C%20%D0%BF%D0%B5%D1%80%D0%B3%D0%B0%D0%BC%D0%B5%D0%BD%D1%82","200","subcategory","HIGH","Точный товар не доказан; безопасный fallback в релевантную категорию «Фольга, пленка, пергамент»","301"
"https://cloverspb.ru/magazin/product/pishchevaya-plenka-30-sm-250-metrov","/magazin/product/pishchevaya-plenka-30-sm-250-metrov","200","product","Пищевая пленка 30 см 250 метров","Пищевая пленка 30 см 250 метров","https://clover-spb.ru/product/%D0%9D%D0%A4-00000134","/product/%D0%9D%D0%A4-00000134","200","product","EXACT","Точное совпадение типа товара и размеров 30 см × 250 м с данными текущего товара","301"
"https://cloverspb.ru/magazin/product/pishchevaya-plenka-45-sm-250-metrov","/magazin/product/pishchevaya-plenka-45-sm-250-metrov","200","product","Пищевая пленка 45 см 250 метров","Пищевая пленка 45 см 250 метров","https://clover-spb.ru/product/%D0%9D%D0%A4-00000869","/product/%D0%9D%D0%A4-00000869","200","product","EXACT","Точное совпадение типа товара и размеров 45 см × 250 м с данными текущего товара","301"
"https://cloverspb.ru/magazin/product/salfetka-viskoznaya-30-sm-h-30-sm-3sht","/magazin/product/salfetka-viskoznaya-30-sm-h-30-sm-3sht","200","product","Салфетка вискозная 30 см х 30 см (3шт)","Салфетка вискозная 30 см х 30 см (3шт)","https://clover-spb.ru/catalog/%D0%A5%D0%BE%D0%B7%D1%8F%D0%B9%D1%81%D1%82%D0%B2%D0%B5%D0%BD%D0%BD%D1%8B%D0%B5%20%D1%82%D0%BE%D0%B2%D0%B0%D1%80%D1%8B/%D0%A2%D1%80%D1%8F%D0%BF%D0%BA%D0%B8%2C%20%D0%BC%D0%BE%D0%BF%D1%8B%2C%20%D0%BF%D0%BE%D0%BB%D0%BE%D1%82%D0%B5%D0%BD%D1%86%D0%B0","/catalog/%D0%A5%D0%BE%D0%B7%D1%8F%D0%B9%D1%81%D1%82%D0%B2%D0%B5%D0%BD%D0%BD%D1%8B%D0%B5%20%D1%82%D0%BE%D0%B2%D0%B0%D1%80%D1%8B/%D0%A2%D1%80%D1%8F%D0%BF%D0%BA%D0%B8%2C%20%D0%BC%D0%BE%D0%BF%D1%8B%2C%20%D0%BF%D0%BE%D0%BB%D0%BE%D1%82%D0%B5%D0%BD%D1%86%D0%B0","200","subcategory","HIGH","Точный товар не доказан; безопасный fallback в релевантную категорию «Тряпки, мопы, полотенца»","301"
"https://cloverspb.ru/magazin/product/salfetka-iz-mikrofibry-30-sm-h-30-sm","/magazin/product/salfetka-iz-mikrofibry-30-sm-h-30-sm","200","product","Салфетка из микрофибры 30 см х 30 см","Салфетка из микрофибры 30 см х 30 см","https://clover-spb.ru/catalog/%D0%A5%D0%BE%D0%B7%D1%8F%D0%B9%D1%81%D1%82%D0%B2%D0%B5%D0%BD%D0%BD%D1%8B%D0%B5%20%D1%82%D0%BE%D0%B2%D0%B0%D1%80%D1%8B/%D0%A2%D1%80%D1%8F%D0%BF%D0%BA%D0%B8%2C%20%D0%BC%D0%BE%D0%BF%D1%8B%2C%20%D0%BF%D0%BE%D0%BB%D0%BE%D1%82%D0%B5%D0%BD%D1%86%D0%B0","/catalog/%D0%A5%D0%BE%D0%B7%D1%8F%D0%B9%D1%81%D1%82%D0%B2%D0%B5%D0%BD%D0%BD%D1%8B%D0%B5%20%D1%82%D0%BE%D0%B2%D0%B0%D1%80%D1%8B/%D0%A2%D1%80%D1%8F%D0%BF%D0%BA%D0%B8%2C%20%D0%BC%D0%BE%D0%BF%D1%8B%2C%20%D0%BF%D0%BE%D0%BB%D0%BE%D1%82%D0%B5%D0%BD%D1%86%D0%B0","200","subcategory","HIGH","Цвет старой салфетки не указан, а текущий товарный кандидат цветоспецифичен; выбран наиболее узкий релевантный раздел","301"
"https://cloverspb.ru/magazin/product/paket-majka-fa-chernyj-100sht","/magazin/product/paket-majka-fa-chernyj-100sht","200","product","Пакет - майка Fa черный (100шт)","Пакет - майка Fa черный (100шт)","https://clover-spb.ru/catalog/%D0%9F%D0%B0%D0%BA%D0%B5%D1%82%D1%8B%2C%20%D1%83%D0%BF%D0%B0%D0%BA%D0%BE%D0%B2%D0%BE%D1%87%D0%BD%D1%8B%D0%B5%20%D0%BC%D0%B0%D1%82%D0%B5%D1%80%D0%B8%D0%B0%D0%BB%D1%8B/%D0%9F%D0%B0%D0%BA%D0%B5%D1%82%D1%8B-%D0%BC%D0%B0%D0%B9%D0%BA%D0%B8","/catalog/%D0%9F%D0%B0%D0%BA%D0%B5%D1%82%D1%8B%2C%20%D1%83%D0%BF%D0%B0%D0%BA%D0%BE%D0%B2%D0%BE%D1%87%D0%BD%D1%8B%D0%B5%20%D0%BC%D0%B0%D1%82%D0%B5%D1%80%D0%B8%D0%B0%D0%BB%D1%8B/%D0%9F%D0%B0%D0%BA%D0%B5%D1%82%D1%8B-%D0%BC%D0%B0%D0%B9%D0%BA%D0%B8","200","subcategory","HIGH","Точный товар не доказан; безопасный fallback в релевантную категорию «Пакеты-майки»","301"
"https://cloverspb.ru/magazin/product/paket-majka-fa-krasnyj-100sht","/magazin/product/paket-majka-fa-krasnyj-100sht","200","product","Пакет - майка Fa красный (100шт)","Пакет - майка Fa красный (100шт)","https://clover-spb.ru/catalog/%D0%9F%D0%B0%D0%BA%D0%B5%D1%82%D1%8B%2C%20%D1%83%D0%BF%D0%B0%D0%BA%D0%BE%D0%B2%D0%BE%D1%87%D0%BD%D1%8B%D0%B5%20%D0%BC%D0%B0%D1%82%D0%B5%D1%80%D0%B8%D0%B0%D0%BB%D1%8B/%D0%9F%D0%B0%D0%BA%D0%B5%D1%82%D1%8B-%D0%BC%D0%B0%D0%B9%D0%BA%D0%B8","/catalog/%D0%9F%D0%B0%D0%BA%D0%B5%D1%82%D1%8B%2C%20%D1%83%D0%BF%D0%B0%D0%BA%D0%BE%D0%B2%D0%BE%D1%87%D0%BD%D1%8B%D0%B5%20%D0%BC%D0%B0%D1%82%D0%B5%D1%80%D0%B8%D0%B0%D0%BB%D1%8B/%D0%9F%D0%B0%D0%BA%D0%B5%D1%82%D1%8B-%D0%BC%D0%B0%D0%B9%D0%BA%D0%B8","200","subcategory","HIGH","Точный товар не доказан; безопасный fallback в релевантную категорию «Пакеты-майки»","301"
"https://cloverspb.ru/magazin/product/paket-majka-fa-zheltyj-100sht","/magazin/product/paket-majka-fa-zheltyj-100sht","200","product","Пакет - майка Fa желтый (100шт)","Пакет - майка Fa желтый (100шт)","https://clover-spb.ru/catalog/%D0%9F%D0%B0%D0%BA%D0%B5%D1%82%D1%8B%2C%20%D1%83%D0%BF%D0%B0%D0%BA%D0%BE%D0%B2%D0%BE%D1%87%D0%BD%D1%8B%D0%B5%20%D0%BC%D0%B0%D1%82%D0%B5%D1%80%D0%B8%D0%B0%D0%BB%D1%8B/%D0%9F%D0%B0%D0%BA%D0%B5%D1%82%D1%8B-%D0%BC%D0%B0%D0%B9%D0%BA%D0%B8","/catalog/%D0%9F%D0%B0%D0%BA%D0%B5%D1%82%D1%8B%2C%20%D1%83%D0%BF%D0%B0%D0%BA%D0%BE%D0%B2%D0%BE%D1%87%D0%BD%D1%8B%D0%B5%20%D0%BC%D0%B0%D1%82%D0%B5%D1%80%D0%B8%D0%B0%D0%BB%D1%8B/%D0%9F%D0%B0%D0%BA%D0%B5%D1%82%D1%8B-%D0%BC%D0%B0%D0%B9%D0%BA%D0%B8","200","subcategory","HIGH","Точный товар не доказан; безопасный fallback в релевантную категорию «Пакеты-майки»","301"
"https://cloverspb.ru/magazin/product/paket-majka-fa-sinij-100sht","/magazin/product/paket-majka-fa-sinij-100sht","200","product","Пакет - майка Fa синий (100шт)","Пакет - майка Fa синий (100шт)","https://clover-spb.ru/catalog/%D0%9F%D0%B0%D0%BA%D0%B5%D1%82%D1%8B%2C%20%D1%83%D0%BF%D0%B0%D0%BA%D0%BE%D0%B2%D0%BE%D1%87%D0%BD%D1%8B%D0%B5%20%D0%BC%D0%B0%D1%82%D0%B5%D1%80%D0%B8%D0%B0%D0%BB%D1%8B/%D0%9F%D0%B0%D0%BA%D0%B5%D1%82%D1%8B-%D0%BC%D0%B0%D0%B9%D0%BA%D0%B8","/catalog/%D0%9F%D0%B0%D0%BA%D0%B5%D1%82%D1%8B%2C%20%D1%83%D0%BF%D0%B0%D0%BA%D0%BE%D0%B2%D0%BE%D1%87%D0%BD%D1%8B%D0%B5%20%D0%BC%D0%B0%D1%82%D0%B5%D1%80%D0%B8%D0%B0%D0%BB%D1%8B/%D0%9F%D0%B0%D0%BA%D0%B5%D1%82%D1%8B-%D0%BC%D0%B0%D0%B9%D0%BA%D0%B8","200","subcategory","HIGH","Точный товар не доказан; безопасный fallback в релевантную категорию «Пакеты-майки»","301"
"https://cloverspb.ru/magazin/product/paket-majka-fa-zelenyj-100sht","/magazin/product/paket-majka-fa-zelenyj-100sht","200","product","Пакет - майка Fa зеленый (100шт)","Пакет - майка Fa зеленый (100шт)","https://clover-spb.ru/catalog/%D0%9F%D0%B0%D0%BA%D0%B5%D1%82%D1%8B%2C%20%D1%83%D0%BF%D0%B0%D0%BA%D0%BE%D0%B2%D0%BE%D1%87%D0%BD%D1%8B%D0%B5%20%D0%BC%D0%B0%D1%82%D0%B5%D1%80%D0%B8%D0%B0%D0%BB%D1%8B/%D0%9F%D0%B0%D0%BA%D0%B5%D1%82%D1%8B-%D0%BC%D0%B0%D0%B9%D0%BA%D0%B8","/catalog/%D0%9F%D0%B0%D0%BA%D0%B5%D1%82%D1%8B%2C%20%D1%83%D0%BF%D0%B0%D0%BA%D0%BE%D0%B2%D0%BE%D1%87%D0%BD%D1%8B%D0%B5%20%D0%BC%D0%B0%D1%82%D0%B5%D1%80%D0%B8%D0%B0%D0%BB%D1%8B/%D0%9F%D0%B0%D0%BA%D0%B5%D1%82%D1%8B-%D0%BC%D0%B0%D0%B9%D0%BA%D0%B8","200","subcategory","HIGH","Точный товар не доказан; безопасный fallback в релевантную категорию «Пакеты-майки»","301"
"https://cloverspb.ru/magazin/product/stakan-bumazhnyj-pod-kofe-belyj-250-280ml-50sht-upak","/magazin/product/stakan-bumazhnyj-pod-kofe-belyj-250-280ml-50sht-upak","200","product","Стакан бумажный под кофе белый 250/280мл (50шт/упак)","Стакан бумажный под кофе белый 250/280мл (50шт/упак)","https://clover-spb.ru/catalog/%D0%9E%D0%B4%D0%BD%D0%BE%D1%80%D0%B0%D0%B7%D0%BE%D0%B2%D0%B0%D1%8F%20%D0%BF%D0%BE%D1%81%D1%83%D0%B4%D0%B0/%D0%A1%D1%82%D0%B0%D0%BA%D0%B0%D0%BD%D1%8B","/catalog/%D0%9E%D0%B4%D0%BD%D0%BE%D1%80%D0%B0%D0%B7%D0%BE%D0%B2%D0%B0%D1%8F%20%D0%BF%D0%BE%D1%81%D1%83%D0%B4%D0%B0/%D0%A1%D1%82%D0%B0%D0%BA%D0%B0%D0%BD%D1%8B","200","subcategory","HIGH","Точный товар не доказан; безопасный fallback в релевантную категорию «Стаканы»","301"
"https://cloverspb.ru/magazin/product/stakan-bumazhnyj-pod-kofe-belyj-300-430ml-50sht-upak","/magazin/product/stakan-bumazhnyj-pod-kofe-belyj-300-430ml-50sht-upak","200","product","Стакан бумажный под кофе белый 300/430мл (50шт/упак)","Стакан бумажный под кофе белый 300/430мл (50шт/упак)","https://clover-spb.ru/catalog/%D0%9E%D0%B4%D0%BD%D0%BE%D1%80%D0%B0%D0%B7%D0%BE%D0%B2%D0%B0%D1%8F%20%D0%BF%D0%BE%D1%81%D1%83%D0%B4%D0%B0/%D0%A1%D1%82%D0%B0%D0%BA%D0%B0%D0%BD%D1%8B","/catalog/%D0%9E%D0%B4%D0%BD%D0%BE%D1%80%D0%B0%D0%B7%D0%BE%D0%B2%D0%B0%D1%8F%20%D0%BF%D0%BE%D1%81%D1%83%D0%B4%D0%B0/%D0%A1%D1%82%D0%B0%D0%BA%D0%B0%D0%BD%D1%8B","200","subcategory","HIGH","Точный товар не доказан; безопасный fallback в релевантную категорию «Стаканы»","301"
"https://cloverspb.ru/magazin/product/kryshka-belaya-plastikovaya-s-otverstiem-dlya-kofejnogo-stakanchika-80mm-100sht-upak","/magazin/product/kryshka-belaya-plastikovaya-s-otverstiem-dlya-kofejnogo-stakanchika-80mm-100sht-upak","200","product","Крышка БЕЛАЯ пластиковая с отверстием для кофейного стаканчика 80мм (100шт/упак)","Крышка БЕЛАЯ пластиковая с отверстием для кофейного стаканчика 80мм (100шт/упак)","https://clover-spb.ru/catalog/%D0%9E%D0%B4%D0%BD%D0%BE%D1%80%D0%B0%D0%B7%D0%BE%D0%B2%D0%B0%D1%8F%20%D0%BF%D0%BE%D1%81%D1%83%D0%B4%D0%B0","/catalog/%D0%9E%D0%B4%D0%BD%D0%BE%D1%80%D0%B0%D0%B7%D0%BE%D0%B2%D0%B0%D1%8F%20%D0%BF%D0%BE%D1%81%D1%83%D0%B4%D0%B0","200","category","HIGH","Точный товар не доказан; безопасный fallback в релевантную категорию «Одноразовая посуда»","301"
"https://cloverspb.ru/magazin/product/manzhet-iz-kraft-kartona-dlya-kofejnyh-stakanchikov-eco-cup-keeper-50sht-upak","/magazin/product/manzhet-iz-kraft-kartona-dlya-kofejnyh-stakanchikov-eco-cup-keeper-50sht-upak","200","product","Манжет из крафт картона для кофейных стаканчиков ECO CUP KEEPER (50шт/упак)","Манжет из крафт картона для кофейных стаканчиков ECO CUP KEEPER (50шт/упак)","https://clover-spb.ru/catalog/%D0%9E%D0%B4%D0%BD%D0%BE%D1%80%D0%B0%D0%B7%D0%BE%D0%B2%D0%B0%D1%8F%20%D0%BF%D0%BE%D1%81%D1%83%D0%B4%D0%B0","/catalog/%D0%9E%D0%B4%D0%BD%D0%BE%D1%80%D0%B0%D0%B7%D0%BE%D0%B2%D0%B0%D1%8F%20%D0%BF%D0%BE%D1%81%D1%83%D0%B4%D0%B0","200","category","HIGH","Точный товар не доказан; безопасный fallback в релевантную категорию «Одноразовая посуда»","301"
"https://cloverspb.ru/magazin/product/derzhatel-dlya-2h-stakanov","/magazin/product/derzhatel-dlya-2h-stakanov","200","product","Держатель для 2х стаканов","Держатель для 2х стаканов","https://clover-spb.ru/catalog/%D0%9E%D0%B4%D0%BD%D0%BE%D1%80%D0%B0%D0%B7%D0%BE%D0%B2%D0%B0%D1%8F%20%D0%BF%D0%BE%D1%81%D1%83%D0%B4%D0%B0/%D0%A1%D1%82%D0%B0%D0%BA%D0%B0%D0%BD%D1%8B","/catalog/%D0%9E%D0%B4%D0%BD%D0%BE%D1%80%D0%B0%D0%B7%D0%BE%D0%B2%D0%B0%D1%8F%20%D0%BF%D0%BE%D1%81%D1%83%D0%B4%D0%B0/%D0%A1%D1%82%D0%B0%D0%BA%D0%B0%D0%BD%D1%8B","200","subcategory","HIGH","Точный товар не доказан; безопасный fallback в релевантную категорию «Стаканы»","301"
"https://cloverspb.ru/magazin/product/derzhatel-dlya-4h-stakanov","/magazin/product/derzhatel-dlya-4h-stakanov","200","product","Держатель для 4х стаканов","Держатель для 4х стаканов","https://clover-spb.ru/catalog/%D0%9E%D0%B4%D0%BD%D0%BE%D1%80%D0%B0%D0%B7%D0%BE%D0%B2%D0%B0%D1%8F%20%D0%BF%D0%BE%D1%81%D1%83%D0%B4%D0%B0/%D0%A1%D1%82%D0%B0%D0%BA%D0%B0%D0%BD%D1%8B","/catalog/%D0%9E%D0%B4%D0%BD%D0%BE%D1%80%D0%B0%D0%B7%D0%BE%D0%B2%D0%B0%D1%8F%20%D0%BF%D0%BE%D1%81%D1%83%D0%B4%D0%B0/%D0%A1%D1%82%D0%B0%D0%BA%D0%B0%D0%BD%D1%8B","200","subcategory","HIGH","Точный товар в текущем каталоге не доказан; тип и назначение однозначно соответствуют наиболее узкой категории «Стаканы»","301"
"https://cloverspb.ru/magazin/product/stakan-bumazhnyj-300ml-1-sl-d90mm","/magazin/product/stakan-bumazhnyj-300ml-1-sl-d90mm","200","product","Стакан бумажный 300мл 1-сл d90мм","Стакан бумажный 300мл 1-сл d90мм","https://clover-spb.ru/catalog/%D0%9E%D0%B4%D0%BD%D0%BE%D1%80%D0%B0%D0%B7%D0%BE%D0%B2%D0%B0%D1%8F%20%D0%BF%D0%BE%D1%81%D1%83%D0%B4%D0%B0/%D0%A1%D1%82%D0%B0%D0%BA%D0%B0%D0%BD%D1%8B","/catalog/%D0%9E%D0%B4%D0%BD%D0%BE%D1%80%D0%B0%D0%B7%D0%BE%D0%B2%D0%B0%D1%8F%20%D0%BF%D0%BE%D1%81%D1%83%D0%B4%D0%B0/%D0%A1%D1%82%D0%B0%D0%BA%D0%B0%D0%BD%D1%8B","200","subcategory","HIGH","Точный товар не доказан; безопасный fallback в релевантную категорию «Стаканы»","301"
"https://cloverspb.ru/magazin/product/stakan-bumazhnyj-250ml-1-sl-d80mm","/magazin/product/stakan-bumazhnyj-250ml-1-sl-d80mm","200","product","Стакан бумажный 250мл 1-сл d80мм","Стакан бумажный 250мл 1-сл d80мм","https://clover-spb.ru/catalog/%D0%9E%D0%B4%D0%BD%D0%BE%D1%80%D0%B0%D0%B7%D0%BE%D0%B2%D0%B0%D1%8F%20%D0%BF%D0%BE%D1%81%D1%83%D0%B4%D0%B0/%D0%A1%D1%82%D0%B0%D0%BA%D0%B0%D0%BD%D1%8B","/catalog/%D0%9E%D0%B4%D0%BD%D0%BE%D1%80%D0%B0%D0%B7%D0%BE%D0%B2%D0%B0%D1%8F%20%D0%BF%D0%BE%D1%81%D1%83%D0%B4%D0%B0/%D0%A1%D1%82%D0%B0%D0%BA%D0%B0%D0%BD%D1%8B","200","subcategory","HIGH","Точный товар не доказан; безопасный fallback в релевантную категорию «Стаканы»","301"
"https://cloverspb.ru/magazin/product/kryshka-belaya-plastikovaya-s-otverstiem-dlya-kofejnogo-stakanchika-72mm-100sht-upak","/magazin/product/kryshka-belaya-plastikovaya-s-otverstiem-dlya-kofejnogo-stakanchika-72mm-100sht-upak","200","product","Крышка БЕЛАЯ пластиковая с отверстием для кофейного стаканчика 72мм (100шт/упак)","Крышка БЕЛАЯ пластиковая с отверстием для кофейного стаканчика 72мм (100шт/упак)","https://clover-spb.ru/catalog/%D0%9E%D0%B4%D0%BD%D0%BE%D1%80%D0%B0%D0%B7%D0%BE%D0%B2%D0%B0%D1%8F%20%D0%BF%D0%BE%D1%81%D1%83%D0%B4%D0%B0","/catalog/%D0%9E%D0%B4%D0%BD%D0%BE%D1%80%D0%B0%D0%B7%D0%BE%D0%B2%D0%B0%D1%8F%20%D0%BF%D0%BE%D1%81%D1%83%D0%B4%D0%B0","200","category","HIGH","Точный товар не доказан; безопасный fallback в релевантную категорию «Одноразовая посуда»","301"
"https://cloverspb.ru/magazin/product/kryshka-belaya-plastikovaya-s-otverstiem-dlya-kofejnogo-stakanchika-90mm-100sht-upak","/magazin/product/kryshka-belaya-plastikovaya-s-otverstiem-dlya-kofejnogo-stakanchika-90mm-100sht-upak","200","product","Крышка БЕЛАЯ пластиковая с отверстием для кофейного стаканчика 90мм (100шт/упак)","Крышка БЕЛАЯ пластиковая с отверстием для кофейного стаканчика 90мм (100шт/упак)","https://clover-spb.ru/catalog/%D0%9E%D0%B4%D0%BD%D0%BE%D1%80%D0%B0%D0%B7%D0%BE%D0%B2%D0%B0%D1%8F%20%D0%BF%D0%BE%D1%81%D1%83%D0%B4%D0%B0","/catalog/%D0%9E%D0%B4%D0%BD%D0%BE%D1%80%D0%B0%D0%B7%D0%BE%D0%B2%D0%B0%D1%8F%20%D0%BF%D0%BE%D1%81%D1%83%D0%B4%D0%B0","200","category","HIGH","Точный товар не доказан; безопасный fallback в релевантную категорию «Одноразовая посуда»","301"
"https://cloverspb.ru/magazin/product/stakan-pet-prozrachnyj-200ml-50sht-upak","/magazin/product/stakan-pet-prozrachnyj-200ml-50sht-upak","200","product","Стакан ПЭТ прозрачный 200мл (50шт/упак)","Стакан ПЭТ прозрачный 200мл (50шт/упак)","https://clover-spb.ru/catalog/%D0%9E%D0%B4%D0%BD%D0%BE%D1%80%D0%B0%D0%B7%D0%BE%D0%B2%D0%B0%D1%8F%20%D0%BF%D0%BE%D1%81%D1%83%D0%B4%D0%B0/%D0%A1%D1%82%D0%B0%D0%BA%D0%B0%D0%BD%D1%8B","/catalog/%D0%9E%D0%B4%D0%BD%D0%BE%D1%80%D0%B0%D0%B7%D0%BE%D0%B2%D0%B0%D1%8F%20%D0%BF%D0%BE%D1%81%D1%83%D0%B4%D0%B0/%D0%A1%D1%82%D0%B0%D0%BA%D0%B0%D0%BD%D1%8B","200","subcategory","HIGH","Точный товар в текущем каталоге не доказан; тип и назначение однозначно соответствуют наиболее узкой категории «Стаканы»","301"
"https://cloverspb.ru/magazin/product/stakan-pet-prozrachnyj-500ml-50sht-upak","/magazin/product/stakan-pet-prozrachnyj-500ml-50sht-upak","200","product","Стакан ПЭТ прозрачный 500мл (50шт/упак)","Стакан ПЭТ прозрачный 500мл (50шт/упак)","https://clover-spb.ru/catalog/%D0%9E%D0%B4%D0%BD%D0%BE%D1%80%D0%B0%D0%B7%D0%BE%D0%B2%D0%B0%D1%8F%20%D0%BF%D0%BE%D1%81%D1%83%D0%B4%D0%B0/%D0%A1%D1%82%D0%B0%D0%BA%D0%B0%D0%BD%D1%8B","/catalog/%D0%9E%D0%B4%D0%BD%D0%BE%D1%80%D0%B0%D0%B7%D0%BE%D0%B2%D0%B0%D1%8F%20%D0%BF%D0%BE%D1%81%D1%83%D0%B4%D0%B0/%D0%A1%D1%82%D0%B0%D0%BA%D0%B0%D0%BD%D1%8B","200","subcategory","HIGH","Точный товар в текущем каталоге не доказан; тип и назначение однозначно соответствуют наиболее узкой категории «Стаканы»","301"
"https://cloverspb.ru/magazin/product/kryshka-kupolnaya-s-otverstiem-k-pet-stakanu-d95mm-50sht-upak","/magazin/product/kryshka-kupolnaya-s-otverstiem-k-pet-stakanu-d95mm-50sht-upak","200","product","Крышка купольная С ОТВЕРСТИЕМ к ПЭТ стакану d=95мм (50шт/упак)","Крышка купольная С ОТВЕРСТИЕМ к ПЭТ стакану d=95мм (50шт/упак)","https://clover-spb.ru/catalog/%D0%9E%D0%B4%D0%BD%D0%BE%D1%80%D0%B0%D0%B7%D0%BE%D0%B2%D0%B0%D1%8F%20%D0%BF%D0%BE%D1%81%D1%83%D0%B4%D0%B0/%D0%A1%D1%82%D0%B0%D0%BA%D0%B0%D0%BD%D1%8B","/catalog/%D0%9E%D0%B4%D0%BD%D0%BE%D1%80%D0%B0%D0%B7%D0%BE%D0%B2%D0%B0%D1%8F%20%D0%BF%D0%BE%D1%81%D1%83%D0%B4%D0%B0/%D0%A1%D1%82%D0%B0%D0%BA%D0%B0%D0%BD%D1%8B","200","subcategory","HIGH","Точный товар не доказан; безопасный fallback в релевантную категорию «Стаканы»","301"
"https://cloverspb.ru/magazin/product/kryshka-ploskaya-k-pet-stakanu-d95mm-s-krest-otverstiem-50sht-upak","/magazin/product/kryshka-ploskaya-k-pet-stakanu-d95mm-s-krest-otverstiem-50sht-upak","200","product","Крышка плоская к ПЭТ стакану d=95мм с крест.отверстием (50шт/упак)","Крышка плоская к ПЭТ стакану d=95мм с крест.отверстием (50шт/упак)","https://clover-spb.ru/catalog/%D0%9E%D0%B4%D0%BD%D0%BE%D1%80%D0%B0%D0%B7%D0%BE%D0%B2%D0%B0%D1%8F%20%D0%BF%D0%BE%D1%81%D1%83%D0%B4%D0%B0/%D0%A1%D1%82%D0%B0%D0%BA%D0%B0%D0%BD%D1%8B","/catalog/%D0%9E%D0%B4%D0%BD%D0%BE%D1%80%D0%B0%D0%B7%D0%BE%D0%B2%D0%B0%D1%8F%20%D0%BF%D0%BE%D1%81%D1%83%D0%B4%D0%B0/%D0%A1%D1%82%D0%B0%D0%BA%D0%B0%D0%BD%D1%8B","200","subcategory","HIGH","Точный товар не доказан; безопасный fallback в релевантную категорию «Стаканы»","301"
"https://cloverspb.ru/magazin/product/stakan-plastikovyj-100ml-100sht-upak","/magazin/product/stakan-plastikovyj-100ml-100sht-upak","200","product","Стакан пластиковый 100мл (100шт/упак)","Стакан пластиковый 100мл (100шт/упак)","https://clover-spb.ru/catalog/%D0%9E%D0%B4%D0%BD%D0%BE%D1%80%D0%B0%D0%B7%D0%BE%D0%B2%D0%B0%D1%8F%20%D0%BF%D0%BE%D1%81%D1%83%D0%B4%D0%B0","/catalog/%D0%9E%D0%B4%D0%BD%D0%BE%D1%80%D0%B0%D0%B7%D0%BE%D0%B2%D0%B0%D1%8F%20%D0%BF%D0%BE%D1%81%D1%83%D0%B4%D0%B0","200","category","HIGH","Точный товар не доказан; безопасный fallback в релевантную категорию «Одноразовая посуда»","301"
"https://cloverspb.ru/magazin/product/stakan-plastikovyj-prozrachnyj-200ml-100sht-upak","/magazin/product/stakan-plastikovyj-prozrachnyj-200ml-100sht-upak","200","product","Стакан пластиковый прозрачный 200мл (100шт/упак)","Стакан пластиковый прозрачный 200мл (100шт/упак)","https://clover-spb.ru/catalog/%D0%9E%D0%B4%D0%BD%D0%BE%D1%80%D0%B0%D0%B7%D0%BE%D0%B2%D0%B0%D1%8F%20%D0%BF%D0%BE%D1%81%D1%83%D0%B4%D0%B0","/catalog/%D0%9E%D0%B4%D0%BD%D0%BE%D1%80%D0%B0%D0%B7%D0%BE%D0%B2%D0%B0%D1%8F%20%D0%BF%D0%BE%D1%81%D1%83%D0%B4%D0%B0","200","category","HIGH","Точный товар не доказан; безопасный fallback в релевантную категорию «Одноразовая посуда»","301"
"https://cloverspb.ru/magazin/product/stakan-plastikovyj-330ml-100sht-upak","/magazin/product/stakan-plastikovyj-330ml-100sht-upak","200","product","Стакан пластиковый 330мл (100шт/упак)","Стакан пластиковый 330мл (100шт/упак)","https://clover-spb.ru/catalog/%D0%9E%D0%B4%D0%BD%D0%BE%D1%80%D0%B0%D0%B7%D0%BE%D0%B2%D0%B0%D1%8F%20%D0%BF%D0%BE%D1%81%D1%83%D0%B4%D0%B0/%D0%A1%D1%82%D0%B0%D0%BA%D0%B0%D0%BD%D1%8B","/catalog/%D0%9E%D0%B4%D0%BD%D0%BE%D1%80%D0%B0%D0%B7%D0%BE%D0%B2%D0%B0%D1%8F%20%D0%BF%D0%BE%D1%81%D1%83%D0%B4%D0%B0/%D0%A1%D1%82%D0%B0%D0%BA%D0%B0%D0%BD%D1%8B","200","subcategory","HIGH","Точный товар не доказан; безопасный fallback в релевантную категорию «Стаканы»","301"
"https://cloverspb.ru/magazin/product/stakan-pivnoj-plastikovyj-500ml","/magazin/product/stakan-pivnoj-plastikovyj-500ml","200","product","Стакан пивной пластиковый 500мл","Стакан пивной пластиковый 500мл","https://clover-spb.ru/catalog/%D0%9E%D0%B4%D0%BD%D0%BE%D1%80%D0%B0%D0%B7%D0%BE%D0%B2%D0%B0%D1%8F%20%D0%BF%D0%BE%D1%81%D1%83%D0%B4%D0%B0/%D0%A1%D1%82%D0%B0%D0%BA%D0%B0%D0%BD%D1%8B","/catalog/%D0%9E%D0%B4%D0%BD%D0%BE%D1%80%D0%B0%D0%B7%D0%BE%D0%B2%D0%B0%D1%8F%20%D0%BF%D0%BE%D1%81%D1%83%D0%B4%D0%B0/%D0%A1%D1%82%D0%B0%D0%BA%D0%B0%D0%BD%D1%8B","200","subcategory","HIGH","Точный товар не доказан; безопасный fallback в релевантную категорию «Стаканы»","301"
"https://cloverspb.ru/magazin/product/lotok-279-223-35-5-sekcij-chernyj-110-110-0055_00200","/magazin/product/lotok-279-223-35-5-sekcij-chernyj-110-110-0055_00200","200","product","Лоток 279*223*35, 5 секций черный 110/110 0055_00200","Лоток 279*223*35, 5 секций черный 110/110 0055_00200","https://clover-spb.ru/catalog/%D0%9E%D0%B4%D0%BD%D0%BE%D1%80%D0%B0%D0%B7%D0%BE%D0%B2%D0%B0%D1%8F%20%D0%BF%D0%BE%D1%81%D1%83%D0%B4%D0%B0/%D0%9B%D0%BE%D1%82%D0%BA%D0%B8","/catalog/%D0%9E%D0%B4%D0%BD%D0%BE%D1%80%D0%B0%D0%B7%D0%BE%D0%B2%D0%B0%D1%8F%20%D0%BF%D0%BE%D1%81%D1%83%D0%B4%D0%B0/%D0%9B%D0%BE%D1%82%D0%BA%D0%B8","200","subcategory","HIGH","Точный товар в текущем каталоге не доказан; тип и назначение однозначно соответствуют наиболее узкой категории «Лотки»","301"
"https://cloverspb.ru/magazin/product/lotok-kryshka-280-225-25mm-pet-110-110-0055_00201","/magazin/product/lotok-kryshka-280-225-25mm-pet-110-110-0055_00201","200","product","Лоток — крышка 280*225*25мм ПЭТ 110/110 0055_00201","Лоток — крышка 280*225*25мм ПЭТ 110/110 0055_00201","https://clover-spb.ru/catalog/%D0%9E%D0%B4%D0%BD%D0%BE%D1%80%D0%B0%D0%B7%D0%BE%D0%B2%D0%B0%D1%8F%20%D0%BF%D0%BE%D1%81%D1%83%D0%B4%D0%B0/%D0%9B%D0%BE%D1%82%D0%BA%D0%B8","/catalog/%D0%9E%D0%B4%D0%BD%D0%BE%D1%80%D0%B0%D0%B7%D0%BE%D0%B2%D0%B0%D1%8F%20%D0%BF%D0%BE%D1%81%D1%83%D0%B4%D0%B0/%D0%9B%D0%BE%D1%82%D0%BA%D0%B8","200","subcategory","HIGH","Точный товар в текущем каталоге не доказан; тип и назначение однозначно соответствуют наиболее узкой категории «Лотки»","301"
"https://cloverspb.ru/magazin/product/lanch-boks-spk-257-3-257h202h37mm-chernyj","/magazin/product/lanch-boks-spk-257-3-257h202h37mm-chernyj","200","product","Ланч-бокс СпК-257-3 (257х202х37мм), черный","Ланч-бокс СпК-257-3 (257х202х37мм), черный","https://clover-spb.ru/catalog/%D0%9E%D0%B4%D0%BD%D0%BE%D1%80%D0%B0%D0%B7%D0%BE%D0%B2%D0%B0%D1%8F%20%D0%BF%D0%BE%D1%81%D1%83%D0%B4%D0%B0/%D0%9B%D0%B0%D0%BD%D1%87-%D0%B1%D0%BE%D0%BA%D1%81%D1%8B","/catalog/%D0%9E%D0%B4%D0%BD%D0%BE%D1%80%D0%B0%D0%B7%D0%BE%D0%B2%D0%B0%D1%8F%20%D0%BF%D0%BE%D1%81%D1%83%D0%B4%D0%B0/%D0%9B%D0%B0%D0%BD%D1%87-%D0%B1%D0%BE%D0%BA%D1%81%D1%8B","200","subcategory","HIGH","Точный товар в текущем каталоге не доказан; тип и назначение однозначно соответствуют наиболее узкой категории «Ланч-боксы»","301"
"https://cloverspb.ru/magazin/product/kryshka-spk-257k-3-257h202h35mm","/magazin/product/kryshka-spk-257k-3-257h202h35mm","200","product","Крышка СпК-257К-3 (257х202х35мм)","Крышка СпК-257К-3 (257х202х35мм)","https://clover-spb.ru/catalog/%D0%9E%D0%B4%D0%BD%D0%BE%D1%80%D0%B0%D0%B7%D0%BE%D0%B2%D0%B0%D1%8F%20%D0%BF%D0%BE%D1%81%D1%83%D0%B4%D0%B0/%D0%9B%D0%B0%D0%BD%D1%87-%D0%B1%D0%BE%D0%BA%D1%81%D1%8B","/catalog/%D0%9E%D0%B4%D0%BD%D0%BE%D1%80%D0%B0%D0%B7%D0%BE%D0%B2%D0%B0%D1%8F%20%D0%BF%D0%BE%D1%81%D1%83%D0%B4%D0%B0/%D0%9B%D0%B0%D0%BD%D1%87-%D0%B1%D0%BE%D0%BA%D1%81%D1%8B","200","subcategory","HIGH","Точный товар в текущем каталоге не доказан; тип и назначение однозначно соответствуют наиболее узкой категории «Ланч-боксы»","301"
"https://cloverspb.ru/magazin/product/kontejner-pr-ms-350ml-kruglyj-chernyj-pp","/magazin/product/kontejner-pr-ms-350ml-kruglyj-chernyj-pp","200","product","Контейнер ""ПР-МС"" 350мл круглый черный (ПП)","Контейнер ""ПР-МС"" 350мл круглый черный (ПП)","https://clover-spb.ru/catalog/%D0%9E%D0%B4%D0%BD%D0%BE%D1%80%D0%B0%D0%B7%D0%BE%D0%B2%D0%B0%D1%8F%20%D0%BF%D0%BE%D1%81%D1%83%D0%B4%D0%B0/%D0%9A%D0%BE%D0%BD%D1%82%D0%B5%D0%B9%D0%BD%D0%B5%D1%80%D1%8B","/catalog/%D0%9E%D0%B4%D0%BD%D0%BE%D1%80%D0%B0%D0%B7%D0%BE%D0%B2%D0%B0%D1%8F%20%D0%BF%D0%BE%D1%81%D1%83%D0%B4%D0%B0/%D0%9A%D0%BE%D0%BD%D1%82%D0%B5%D0%B9%D0%BD%D0%B5%D1%80%D1%8B","200","subcategory","HIGH","Точный товар в текущем каталоге не доказан; тип и назначение однозначно соответствуют наиболее узкой категории «Контейнеры»","301"
"https://cloverspb.ru/magazin/product/kontejner-pr-ms-500ml-kruglyj-chernyj-pp","/magazin/product/kontejner-pr-ms-500ml-kruglyj-chernyj-pp","200","product","Контейнер ""ПР-МС"" 500мл круглый черный (ПП)","Контейнер ""ПР-МС"" 500мл круглый черный (ПП)","https://clover-spb.ru/catalog/%D0%9E%D0%B4%D0%BD%D0%BE%D1%80%D0%B0%D0%B7%D0%BE%D0%B2%D0%B0%D1%8F%20%D0%BF%D0%BE%D1%81%D1%83%D0%B4%D0%B0/%D0%9A%D0%BE%D0%BD%D1%82%D0%B5%D0%B9%D0%BD%D0%B5%D1%80%D1%8B","/catalog/%D0%9E%D0%B4%D0%BD%D0%BE%D1%80%D0%B0%D0%B7%D0%BE%D0%B2%D0%B0%D1%8F%20%D0%BF%D0%BE%D1%81%D1%83%D0%B4%D0%B0/%D0%9A%D0%BE%D0%BD%D1%82%D0%B5%D0%B9%D0%BD%D0%B5%D1%80%D1%8B","200","subcategory","HIGH","Точный товар не доказан; безопасный fallback в релевантную категорию «Контейнеры»","301"
"https://cloverspb.ru/magazin/product/kontejner-500ml-d112-kruglyj-prochnyj-prozrachnyj-perint","/magazin/product/kontejner-500ml-d112-kruglyj-prochnyj-prozrachnyj-perint","200","product","Контейнер 500мл (d112) круглый прочный прозрачный (Перинт)","Контейнер 500мл (d112) круглый прочный прозрачный (Перинт)","https://clover-spb.ru/catalog/%D0%9E%D0%B4%D0%BD%D0%BE%D1%80%D0%B0%D0%B7%D0%BE%D0%B2%D0%B0%D1%8F%20%D0%BF%D0%BE%D1%81%D1%83%D0%B4%D0%B0/%D0%9A%D0%BE%D0%BD%D1%82%D0%B5%D0%B9%D0%BD%D0%B5%D1%80%D1%8B","/catalog/%D0%9E%D0%B4%D0%BD%D0%BE%D1%80%D0%B0%D0%B7%D0%BE%D0%B2%D0%B0%D1%8F%20%D0%BF%D0%BE%D1%81%D1%83%D0%B4%D0%B0/%D0%9A%D0%BE%D0%BD%D1%82%D0%B5%D0%B9%D0%BD%D0%B5%D1%80%D1%8B","200","subcategory","HIGH","Точный товар не доказан; безопасный fallback в релевантную категорию «Контейнеры»","301"
"https://cloverspb.ru/magazin/product/kontejner-500ml-d112-kruglyj-prozrachnyj-pp-60sht-s-kryshkoj","/magazin/product/kontejner-500ml-d112-kruglyj-prozrachnyj-pp-60sht-s-kryshkoj","200","product","Контейнер 500мл (d112) круглый прозрачный ПП 60шт с крышкой","Контейнер 500мл (d112) круглый прозрачный ПП 60шт с крышкой","https://clover-spb.ru/catalog/%D0%9E%D0%B4%D0%BD%D0%BE%D1%80%D0%B0%D0%B7%D0%BE%D0%B2%D0%B0%D1%8F%20%D0%BF%D0%BE%D1%81%D1%83%D0%B4%D0%B0/%D0%9A%D0%BE%D0%BD%D1%82%D0%B5%D0%B9%D0%BD%D0%B5%D1%80%D1%8B","/catalog/%D0%9E%D0%B4%D0%BD%D0%BE%D1%80%D0%B0%D0%B7%D0%BE%D0%B2%D0%B0%D1%8F%20%D0%BF%D0%BE%D1%81%D1%83%D0%B4%D0%B0/%D0%9A%D0%BE%D0%BD%D1%82%D0%B5%D0%B9%D0%BD%D0%B5%D1%80%D1%8B","200","subcategory","HIGH","Точный товар в текущем каталоге не доказан; тип и назначение однозначно соответствуют наиболее узкой категории «Контейнеры»","301"
"https://cloverspb.ru/magazin/product/kryshka-k-kont-pr-ms-350-500ml-prozrachnaya-pp","/magazin/product/kryshka-k-kont-pr-ms-350-500ml-prozrachnaya-pp","200","product","Крышка к конт. ""ПР-МС"" 350,500мл прозрачная (ПП)","Крышка к конт. ""ПР-МС"" 350,500мл прозрачная (ПП)","https://clover-spb.ru/catalog/%D0%9E%D0%B4%D0%BD%D0%BE%D1%80%D0%B0%D0%B7%D0%BE%D0%B2%D0%B0%D1%8F%20%D0%BF%D0%BE%D1%81%D1%83%D0%B4%D0%B0/%D0%9A%D0%BE%D0%BD%D1%82%D0%B5%D0%B9%D0%BD%D0%B5%D1%80%D1%8B","/catalog/%D0%9E%D0%B4%D0%BD%D0%BE%D1%80%D0%B0%D0%B7%D0%BE%D0%B2%D0%B0%D1%8F%20%D0%BF%D0%BE%D1%81%D1%83%D0%B4%D0%B0/%D0%9A%D0%BE%D0%BD%D1%82%D0%B5%D0%B9%D0%BD%D0%B5%D1%80%D1%8B","200","subcategory","HIGH","Точный товар не доказан; безопасный fallback в релевантную категорию «Контейнеры»","301"
"https://cloverspb.ru/magazin/product/kryshka-k-kont-360-500-600ml-d112-200sht-up-perint","/magazin/product/kryshka-k-kont-360-500-600ml-d112-200sht-up-perint","200","product","Крышка к конт. 360/500/600мл (d112) (200шт/уп) (Перинт)","Крышка к конт. 360/500/600мл (d112) (200шт/уп) (Перинт)","https://clover-spb.ru/catalog/%D0%9E%D0%B4%D0%BD%D0%BE%D1%80%D0%B0%D0%B7%D0%BE%D0%B2%D0%B0%D1%8F%20%D0%BF%D0%BE%D1%81%D1%83%D0%B4%D0%B0/%D0%9A%D0%BE%D0%BD%D1%82%D0%B5%D0%B9%D0%BD%D0%B5%D1%80%D1%8B","/catalog/%D0%9E%D0%B4%D0%BD%D0%BE%D1%80%D0%B0%D0%B7%D0%BE%D0%B2%D0%B0%D1%8F%20%D0%BF%D0%BE%D1%81%D1%83%D0%B4%D0%B0/%D0%9A%D0%BE%D0%BD%D1%82%D0%B5%D0%B9%D0%BD%D0%B5%D1%80%D1%8B","200","subcategory","HIGH","Точный товар не доказан; безопасный fallback в релевантную категорию «Контейнеры»","301"
"https://cloverspb.ru/magazin/product/kontejner-spk-190d-750ml-kruglyj-chernyj-pet","/magazin/product/kontejner-spk-190d-750ml-kruglyj-chernyj-pet","200","product","Контейнер СпК-190Д 750мл круглый черный ПЭТ","Контейнер СпК-190Д 750мл круглый черный ПЭТ","https://clover-spb.ru/catalog/%D0%9E%D0%B4%D0%BD%D0%BE%D1%80%D0%B0%D0%B7%D0%BE%D0%B2%D0%B0%D1%8F%20%D0%BF%D0%BE%D1%81%D1%83%D0%B4%D0%B0/%D0%9A%D0%BE%D0%BD%D1%82%D0%B5%D0%B9%D0%BD%D0%B5%D1%80%D1%8B","/catalog/%D0%9E%D0%B4%D0%BD%D0%BE%D1%80%D0%B0%D0%B7%D0%BE%D0%B2%D0%B0%D1%8F%20%D0%BF%D0%BE%D1%81%D1%83%D0%B4%D0%B0/%D0%9A%D0%BE%D0%BD%D1%82%D0%B5%D0%B9%D0%BD%D0%B5%D1%80%D1%8B","200","subcategory","HIGH","Точный товар в текущем каталоге не доказан; тип и назначение однозначно соответствуют наиболее узкой категории «Контейнеры»","301"
"https://cloverspb.ru/magazin/product/kryshka-k-kont-spk-190k-750ml-kruglaya-prozrachnaya-pet","/magazin/product/kryshka-k-kont-spk-190k-750ml-kruglaya-prozrachnaya-pet","200","product","Крышка к конт. ""СпК-190К"" 750мл круглая прозрачная ПЭТ","Крышка к конт. ""СпК-190К"" 750мл круглая прозрачная ПЭТ","https://clover-spb.ru/catalog/%D0%9E%D0%B4%D0%BD%D0%BE%D1%80%D0%B0%D0%B7%D0%BE%D0%B2%D0%B0%D1%8F%20%D0%BF%D0%BE%D1%81%D1%83%D0%B4%D0%B0/%D0%9A%D0%BE%D0%BD%D1%82%D0%B5%D0%B9%D0%BD%D0%B5%D1%80%D1%8B","/catalog/%D0%9E%D0%B4%D0%BD%D0%BE%D1%80%D0%B0%D0%B7%D0%BE%D0%B2%D0%B0%D1%8F%20%D0%BF%D0%BE%D1%81%D1%83%D0%B4%D0%B0/%D0%9A%D0%BE%D0%BD%D1%82%D0%B5%D0%B9%D0%BD%D0%B5%D1%80%D1%8B","200","subcategory","HIGH","Точный товар в текущем каталоге не доказан; тип и назначение однозначно соответствуют наиболее узкой категории «Контейнеры»","301"
"https://cloverspb.ru/magazin/product/lanch-boks-pps-1-sekc-chernyj-100","/magazin/product/lanch-boks-pps-1-sekc-chernyj-100","200","product","Ланч-бокс ППС 1-секц. черный (100)","Ланч-бокс ППС 1-секц. черный (100)","https://clover-spb.ru/catalog/%D0%9E%D0%B4%D0%BD%D0%BE%D1%80%D0%B0%D0%B7%D0%BE%D0%B2%D0%B0%D1%8F%20%D0%BF%D0%BE%D1%81%D1%83%D0%B4%D0%B0/%D0%9B%D0%B0%D0%BD%D1%87-%D0%B1%D0%BE%D0%BA%D1%81%D1%8B","/catalog/%D0%9E%D0%B4%D0%BD%D0%BE%D1%80%D0%B0%D0%B7%D0%BE%D0%B2%D0%B0%D1%8F%20%D0%BF%D0%BE%D1%81%D1%83%D0%B4%D0%B0/%D0%9B%D0%B0%D0%BD%D1%87-%D0%B1%D0%BE%D0%BA%D1%81%D1%8B","200","subcategory","HIGH","Точный товар не доказан; безопасный fallback в релевантную категорию «Ланч-боксы»","301"
"https://cloverspb.ru/magazin/product/lanch-boks-pps-2-sekc-chernyj-100","/magazin/product/lanch-boks-pps-2-sekc-chernyj-100","200","product","Ланч-бокс ППС 2-секц. черный (100)","Ланч-бокс ППС 2-секц. черный (100)","https://clover-spb.ru/catalog/%D0%9E%D0%B4%D0%BD%D0%BE%D1%80%D0%B0%D0%B7%D0%BE%D0%B2%D0%B0%D1%8F%20%D0%BF%D0%BE%D1%81%D1%83%D0%B4%D0%B0/%D0%9B%D0%B0%D0%BD%D1%87-%D0%B1%D0%BE%D0%BA%D1%81%D1%8B","/catalog/%D0%9E%D0%B4%D0%BD%D0%BE%D1%80%D0%B0%D0%B7%D0%BE%D0%B2%D0%B0%D1%8F%20%D0%BF%D0%BE%D1%81%D1%83%D0%B4%D0%B0/%D0%9B%D0%B0%D0%BD%D1%87-%D0%B1%D0%BE%D0%BA%D1%81%D1%8B","200","subcategory","HIGH","Точный товар не доказан; безопасный fallback в релевантную категорию «Ланч-боксы»","301"
"https://cloverspb.ru/magazin/product/lanch-boks-pps-3-sekc-chernyj-100","/magazin/product/lanch-boks-pps-3-sekc-chernyj-100","200","product","Ланч-бокс ППС 3-секц. черный (100)","Ланч-бокс ППС 3-секц. черный (100)","https://clover-spb.ru/catalog/%D0%9E%D0%B4%D0%BD%D0%BE%D1%80%D0%B0%D0%B7%D0%BE%D0%B2%D0%B0%D1%8F%20%D0%BF%D0%BE%D1%81%D1%83%D0%B4%D0%B0/%D0%9B%D0%B0%D0%BD%D1%87-%D0%B1%D0%BE%D0%BA%D1%81%D1%8B","/catalog/%D0%9E%D0%B4%D0%BD%D0%BE%D1%80%D0%B0%D0%B7%D0%BE%D0%B2%D0%B0%D1%8F%20%D0%BF%D0%BE%D1%81%D1%83%D0%B4%D0%B0/%D0%9B%D0%B0%D0%BD%D1%87-%D0%B1%D0%BE%D0%BA%D1%81%D1%8B","200","subcategory","HIGH","Точный товар не доказан; безопасный fallback в релевантную категорию «Ланч-боксы»","301"
"https://cloverspb.ru/magazin/product/korobki-dlya-piccy-33-33sm-45mm-belyj-gofrokarton-50","/magazin/product/korobki-dlya-piccy-33-33sm-45mm-belyj-gofrokarton-50","200","product","Коробки для пиццы 33*33см*45мм белый гофрокартон (50)","Коробки для пиццы 33*33см*45мм белый гофрокартон (50)","https://clover-spb.ru/catalog/%D0%9E%D0%B4%D0%BD%D0%BE%D1%80%D0%B0%D0%B7%D0%BE%D0%B2%D0%B0%D1%8F%20%D0%BF%D0%BE%D1%81%D1%83%D0%B4%D0%B0/%D0%9A%D0%BE%D1%80%D0%BE%D0%B1%D0%BA%D0%B8%20%D0%B4%D0%BB%D1%8F%20%D0%BF%D0%B8%D1%86%D1%86%D1%8B","/catalog/%D0%9E%D0%B4%D0%BD%D0%BE%D1%80%D0%B0%D0%B7%D0%BE%D0%B2%D0%B0%D1%8F%20%D0%BF%D0%BE%D1%81%D1%83%D0%B4%D0%B0/%D0%9A%D0%BE%D1%80%D0%BE%D0%B1%D0%BA%D0%B8%20%D0%B4%D0%BB%D1%8F%20%D0%BF%D0%B8%D1%86%D1%86%D1%8B","200","subcategory","HIGH","Точный товар не доказан; безопасный fallback в релевантную категорию «Коробки для пиццы»","301"
"https://cloverspb.ru/magazin/product/yat-400-g-stiralnyj-poroshok","/magazin/product/yat-400-g-stiralnyj-poroshok","200","product","Ять 400 г стиральный порошок","Ять 400 г стиральный порошок","https://clover-spb.ru/catalog/%D0%A5%D0%B8%D0%BC%D0%B8%D1%8F%2C%20%D1%87%D0%B8%D1%81%D1%82%D1%8F%D1%89%D0%B8%D0%B5%20%D1%81%D1%80%D0%B5%D0%B4%D1%81%D1%82%D0%B2%D0%B0/%D0%9F%D0%BE%D1%80%D0%BE%D1%88%D0%BA%D0%B8","/catalog/%D0%A5%D0%B8%D0%BC%D0%B8%D1%8F%2C%20%D1%87%D0%B8%D1%81%D1%82%D1%8F%D1%89%D0%B8%D0%B5%20%D1%81%D1%80%D0%B5%D0%B4%D1%81%D1%82%D0%B2%D0%B0/%D0%9F%D0%BE%D1%80%D0%BE%D1%88%D0%BA%D0%B8","200","subcategory","HIGH","Точный товар не доказан; безопасный fallback в релевантную категорию «Порошки»","301"
"https://cloverspb.ru/magazin/product/mennyj-ballon-airwick-freshmatic-250ml","/magazin/product/mennyj-ballon-airwick-freshmatic-250ml","200","product","менный баллон AIRWICK FRESHMATIC 250мл","менный баллон AIRWICK FRESHMATIC 250мл","https://clover-spb.ru/catalog/%D0%A5%D0%B8%D0%BC%D0%B8%D1%8F%2C%20%D1%87%D0%B8%D1%81%D1%82%D1%8F%D1%89%D0%B8%D0%B5%20%D1%81%D1%80%D0%B5%D0%B4%D1%81%D1%82%D0%B2%D0%B0/%D0%9E%D1%81%D0%B2%D0%B5%D0%B6%D0%B8%D1%82%D0%B5%D0%BB%D0%B8%20%D0%B2%D0%BE%D0%B7%D0%B4%D1%83%D1%85%D0%B0","/catalog/%D0%A5%D0%B8%D0%BC%D0%B8%D1%8F%2C%20%D1%87%D0%B8%D1%81%D1%82%D1%8F%D1%89%D0%B8%D0%B5%20%D1%81%D1%80%D0%B5%D0%B4%D1%81%D1%82%D0%B2%D0%B0/%D0%9E%D1%81%D0%B2%D0%B5%D0%B6%D0%B8%D1%82%D0%B5%D0%BB%D0%B8%20%D0%B2%D0%BE%D0%B7%D0%B4%D1%83%D1%85%D0%B0","200","subcategory","HIGH","Точный товар не доказан; безопасный fallback в релевантную категорию «Освежители воздуха»","301"
"https://cloverspb.ru/magazin/product/salfetki-stolovye-dlya-dispensera-lime-247100","/magazin/product/salfetki-stolovye-dlya-dispensera-lime-247100","200","product","Салфетки столовые для диспенсера Lime 247100","Салфетки столовые для диспенсера Lime 247100","https://clover-spb.ru/catalog/%D0%91%D1%83%D0%BC%D0%B0%D0%B6%D0%BD%D0%B0%D1%8F%20%D0%BF%D1%80%D0%BE%D0%B4%D1%83%D0%BA%D1%86%D0%B8%D1%8F","/catalog/%D0%91%D1%83%D0%BC%D0%B0%D0%B6%D0%BD%D0%B0%D1%8F%20%D0%BF%D1%80%D0%BE%D0%B4%D1%83%D0%BA%D1%86%D0%B8%D1%8F","200","category","HIGH","Точный товар не доказан; безопасный fallback в релевантную категорию «Бумажная продукция»","301"
"https://cloverspb.ru/magazin/product/pilotka-bumazhnaya-belaya","/magazin/product/pilotka-bumazhnaya-belaya","200","product","Пилотка бумажная белая","Пилотка бумажная белая","https://clover-spb.ru/product/%D0%9D%D0%A4-00000138","/product/%D0%9D%D0%A4-00000138","200","product","EXACT","Точное нормализованное публичное название товара «Пилотка бумажная белая»","301"
"https://cloverspb.ru/magazin/product/pemolyuks-chistyashchij-poroshok-400-gr","/magazin/product/pemolyuks-chistyashchij-poroshok-400-gr","200","product","Пемолюкс - чистящий порошок 400 гр","Пемолюкс - чистящий порошок 400 гр","https://clover-spb.ru/catalog/%D0%A5%D0%B8%D0%BC%D0%B8%D1%8F%2C%20%D1%87%D0%B8%D1%81%D1%82%D1%8F%D1%89%D0%B8%D0%B5%20%D1%81%D1%80%D0%B5%D0%B4%D1%81%D1%82%D0%B2%D0%B0/%D0%94%D0%BB%D1%8F%20%D0%BC%D1%8B%D1%82%D1%8C%D1%8F%20%D0%BF%D0%BE%D1%81%D1%83%D0%B4%D1%8B","/catalog/%D0%A5%D0%B8%D0%BC%D0%B8%D1%8F%2C%20%D1%87%D0%B8%D1%81%D1%82%D1%8F%D1%89%D0%B8%D0%B5%20%D1%81%D1%80%D0%B5%D0%B4%D1%81%D1%82%D0%B2%D0%B0/%D0%94%D0%BB%D1%8F%20%D0%BC%D1%8B%D1%82%D1%8C%D1%8F%20%D0%BF%D0%BE%D1%81%D1%83%D0%B4%D1%8B","200","subcategory","HIGH","Точный товар не доказан; безопасный fallback в релевантную категорию «Для мытья посуды»","301"
"https://cloverspb.ru/magazin/product/pasticciere-korob-kartonnyj-belyj-hrom-erzac-280h280h140mm-100sht-kor","/magazin/product/pasticciere-korob-kartonnyj-belyj-hrom-erzac-280h280h140mm-100sht-kor","200","product","Pasticciere Короб картонный белый Хром-Эрзац 280х280х140мм (100шт/кор)","Pasticciere Короб картонный белый Хром-Эрзац 280х280х140мм (100шт/кор)","https://clover-spb.ru/catalog/%D0%A5%D0%BE%D0%B7%D1%8F%D0%B9%D1%81%D1%82%D0%B2%D0%B5%D0%BD%D0%BD%D1%8B%D0%B5%20%D1%82%D0%BE%D0%B2%D0%B0%D1%80%D1%8B","/catalog/%D0%A5%D0%BE%D0%B7%D1%8F%D0%B9%D1%81%D1%82%D0%B2%D0%B5%D0%BD%D0%BD%D1%8B%D0%B5%20%D1%82%D0%BE%D0%B2%D0%B0%D1%80%D1%8B","200","category","HIGH","Точный товар не доказан; безопасный fallback в релевантную категорию «Хозяйственные товары»","301"
"https://cloverspb.ru/magazin/product/lanch-boks-odnosekcionnyj-belyj-premium","/magazin/product/lanch-boks-odnosekcionnyj-belyj-premium","200","product","Ланч - бокс односекционный белый Premium","Ланч - бокс односекционный белый Premium","https://clover-spb.ru/catalog/%D0%9E%D0%B4%D0%BD%D0%BE%D1%80%D0%B0%D0%B7%D0%BE%D0%B2%D0%B0%D1%8F%20%D0%BF%D0%BE%D1%81%D1%83%D0%B4%D0%B0/%D0%9B%D0%B0%D0%BD%D1%87-%D0%B1%D0%BE%D0%BA%D1%81%D1%8B","/catalog/%D0%9E%D0%B4%D0%BD%D0%BE%D1%80%D0%B0%D0%B7%D0%BE%D0%B2%D0%B0%D1%8F%20%D0%BF%D0%BE%D1%81%D1%83%D0%B4%D0%B0/%D0%9B%D0%B0%D0%BD%D1%87-%D0%B1%D0%BE%D0%BA%D1%81%D1%8B","200","subcategory","HIGH","Точный товар не доказан; безопасный fallback в релевантную категорию «Ланч-боксы»","301"
"https://cloverspb.ru/magazin/product/lanch-boks-2-sekcionnyj-belyj-premium","/magazin/product/lanch-boks-2-sekcionnyj-belyj-premium","200","product","Ланч - бокс 2-секционный белый Premium","Ланч - бокс 2-секционный белый Premium","https://clover-spb.ru/catalog/%D0%9E%D0%B4%D0%BD%D0%BE%D1%80%D0%B0%D0%B7%D0%BE%D0%B2%D0%B0%D1%8F%20%D0%BF%D0%BE%D1%81%D1%83%D0%B4%D0%B0/%D0%9B%D0%B0%D0%BD%D1%87-%D0%B1%D0%BE%D0%BA%D1%81%D1%8B","/catalog/%D0%9E%D0%B4%D0%BD%D0%BE%D1%80%D0%B0%D0%B7%D0%BE%D0%B2%D0%B0%D1%8F%20%D0%BF%D0%BE%D1%81%D1%83%D0%B4%D0%B0/%D0%9B%D0%B0%D0%BD%D1%87-%D0%B1%D0%BE%D0%BA%D1%81%D1%8B","200","subcategory","HIGH","Точный товар не доказан; безопасный fallback в релевантную категорию «Ланч-боксы»","301"
"https://cloverspb.ru/magazin/product/lanch-boks-3-sekcionnyj-belyj-premium","/magazin/product/lanch-boks-3-sekcionnyj-belyj-premium","200","product","Ланч - бокс 3-секционный белый Premium","Ланч - бокс 3-секционный белый Premium","https://clover-spb.ru/catalog/%D0%9E%D0%B4%D0%BD%D0%BE%D1%80%D0%B0%D0%B7%D0%BE%D0%B2%D0%B0%D1%8F%20%D0%BF%D0%BE%D1%81%D1%83%D0%B4%D0%B0/%D0%9B%D0%B0%D0%BD%D1%87-%D0%B1%D0%BE%D0%BA%D1%81%D1%8B","/catalog/%D0%9E%D0%B4%D0%BD%D0%BE%D1%80%D0%B0%D0%B7%D0%BE%D0%B2%D0%B0%D1%8F%20%D0%BF%D0%BE%D1%81%D1%83%D0%B4%D0%B0/%D0%9B%D0%B0%D0%BD%D1%87-%D0%B1%D0%BE%D0%BA%D1%81%D1%8B","200","subcategory","HIGH","Точный товар не доказан; безопасный fallback в релевантную категорию «Ланч-боксы»","301"
"https://cloverspb.ru/magazin/product/perchatki-rezinovye-usilennye-m-vileda","/magazin/product/perchatki-rezinovye-usilennye-m-vileda","200","product","Перчатки резиновые усиленные М Vileda","Перчатки резиновые усиленные М Vileda","https://clover-spb.ru/catalog/%D0%A5%D0%BE%D0%B7%D1%8F%D0%B9%D1%81%D1%82%D0%B2%D0%B5%D0%BD%D0%BD%D1%8B%D0%B5%20%D1%82%D0%BE%D0%B2%D0%B0%D1%80%D1%8B/%D0%9F%D0%B5%D1%80%D1%87%D0%B0%D1%82%D0%BA%D0%B8","/catalog/%D0%A5%D0%BE%D0%B7%D1%8F%D0%B9%D1%81%D1%82%D0%B2%D0%B5%D0%BD%D0%BD%D1%8B%D0%B5%20%D1%82%D0%BE%D0%B2%D0%B0%D1%80%D1%8B/%D0%9F%D0%B5%D1%80%D1%87%D0%B0%D1%82%D0%BA%D0%B8","200","subcategory","HIGH","Точный товар не доказан; безопасный fallback в релевантную категорию «Перчатки»","301"
"https://cloverspb.ru/magazin/product/perchatki-rezinovye-usilennye-l-vileda","/magazin/product/perchatki-rezinovye-usilennye-l-vileda","200","product","Перчатки резиновые усиленные L Vileda","Перчатки резиновые усиленные L Vileda","https://clover-spb.ru/catalog/%D0%A5%D0%BE%D0%B7%D1%8F%D0%B9%D1%81%D1%82%D0%B2%D0%B5%D0%BD%D0%BD%D1%8B%D0%B5%20%D1%82%D0%BE%D0%B2%D0%B0%D1%80%D1%8B/%D0%9F%D0%B5%D1%80%D1%87%D0%B0%D1%82%D0%BA%D0%B8","/catalog/%D0%A5%D0%BE%D0%B7%D1%8F%D0%B9%D1%81%D1%82%D0%B2%D0%B5%D0%BD%D0%BD%D1%8B%D0%B5%20%D1%82%D0%BE%D0%B2%D0%B0%D1%80%D1%8B/%D0%9F%D0%B5%D1%80%D1%87%D0%B0%D1%82%D0%BA%D0%B8","200","subcategory","HIGH","Точный товар не доказан; безопасный fallback в релевантную категорию «Перчатки»","301"
"https://cloverspb.ru/magazin/product/paket-fasovochnyj-30-sm-h-40-sm","/magazin/product/paket-fasovochnyj-30-sm-h-40-sm","200","product","Пакет фасовочный 30 см х 40 см","Пакет фасовочный 30 см х 40 см","https://clover-spb.ru/catalog/%D0%9F%D0%B0%D0%BA%D0%B5%D1%82%D1%8B%2C%20%D1%83%D0%BF%D0%B0%D0%BA%D0%BE%D0%B2%D0%BE%D1%87%D0%BD%D1%8B%D0%B5%20%D0%BC%D0%B0%D1%82%D0%B5%D1%80%D0%B8%D0%B0%D0%BB%D1%8B/%D0%9F%D0%B0%D0%BA%D0%B5%D1%82%D1%8B%20%D1%84%D0%B0%D1%81%D0%BE%D0%B2%D0%BE%D1%87%D0%BD%D1%8B%D0%B5","/catalog/%D0%9F%D0%B0%D0%BA%D0%B5%D1%82%D1%8B%2C%20%D1%83%D0%BF%D0%B0%D0%BA%D0%BE%D0%B2%D0%BE%D1%87%D0%BD%D1%8B%D0%B5%20%D0%BC%D0%B0%D1%82%D0%B5%D1%80%D0%B8%D0%B0%D0%BB%D1%8B/%D0%9F%D0%B0%D0%BA%D0%B5%D1%82%D1%8B%20%D1%84%D0%B0%D1%81%D0%BE%D0%B2%D0%BE%D1%87%D0%BD%D1%8B%D0%B5","200","subcategory","HIGH","Точный товар не доказан; безопасный fallback в релевантную категорию «Пакеты фасовочные»","301"
"https://cloverspb.ru/magazin/product/konditerskij-meshok-sinij-53-sm-75-mkm-100sht","/magazin/product/konditerskij-meshok-sinij-53-sm-75-mkm-100sht","200","product","Кондитерский мешок синий 53 см 75 мкм (100шт)","Кондитерский мешок синий 53 см 75 мкм (100шт)","https://clover-spb.ru/catalog/%D0%9E%D0%B4%D0%BD%D0%BE%D1%80%D0%B0%D0%B7%D0%BE%D0%B2%D0%B0%D1%8F%20%D0%BF%D0%BE%D1%81%D1%83%D0%B4%D0%B0/%D0%94%D0%BB%D1%8F%20%D0%BA%D0%BE%D0%BD%D0%B4%D0%B8%D1%82%D0%B5%D1%80%D1%81%D0%BA%D0%B8%D1%85%20%D0%B8%D0%B7%D0%B4%D0%B5%D0%BB%D0%B8%D0%B9","/catalog/%D0%9E%D0%B4%D0%BD%D0%BE%D1%80%D0%B0%D0%B7%D0%BE%D0%B2%D0%B0%D1%8F%20%D0%BF%D0%BE%D1%81%D1%83%D0%B4%D0%B0/%D0%94%D0%BB%D1%8F%20%D0%BA%D0%BE%D0%BD%D0%B4%D0%B8%D1%82%D0%B5%D1%80%D1%81%D0%BA%D0%B8%D1%85%20%D0%B8%D0%B7%D0%B4%D0%B5%D0%BB%D0%B8%D0%B9","200","subcategory","HIGH","Текущая карточка не доказывает толщину 75 мкм; выбран наиболее узкий релевантный раздел","301"
"https://cloverspb.ru/magazin/product/paket-dlya-musora-v-rulone-20-sht-60-litrov-osoboprochnye","/magazin/product/paket-dlya-musora-v-rulone-20-sht-60-litrov-osoboprochnye","200","product","Пакет для мусора в рулоне 20 шт 60 литров особопрочные","Пакет для мусора в рулоне 20 шт 60 литров особопрочные","https://clover-spb.ru/catalog/%D0%A5%D0%BE%D0%B7%D1%8F%D0%B9%D1%81%D1%82%D0%B2%D0%B5%D0%BD%D0%BD%D1%8B%D0%B5%20%D1%82%D0%BE%D0%B2%D0%B0%D1%80%D1%8B/%D0%9C%D0%B5%D1%88%D0%BA%D0%B8%20%D0%B4%D0%BB%D1%8F%20%D0%BC%D1%83%D1%81%D0%BE%D1%80%D0%B0","/catalog/%D0%A5%D0%BE%D0%B7%D1%8F%D0%B9%D1%81%D1%82%D0%B2%D0%B5%D0%BD%D0%BD%D1%8B%D0%B5%20%D1%82%D0%BE%D0%B2%D0%B0%D1%80%D1%8B/%D0%9C%D0%B5%D1%88%D0%BA%D0%B8%20%D0%B4%D0%BB%D1%8F%20%D0%BC%D1%83%D1%81%D0%BE%D1%80%D0%B0","200","subcategory","HIGH","Точный товар не доказан; безопасный fallback в релевантную категорию «Мешки для мусора»","301"
"https://cloverspb.ru/magazin/product/salfetki-bumazhnye-23-5-sm-h-23-5-sm-1-slojnye","/magazin/product/salfetki-bumazhnye-23-5-sm-h-23-5-sm-1-slojnye","200","product","Салфетки бумажные 23,5 см х 23,5 см 1 - слойные","Салфетки бумажные 23,5 см х 23,5 см 1 - слойные","https://clover-spb.ru/catalog/%D0%91%D1%83%D0%BC%D0%B0%D0%B6%D0%BD%D0%B0%D1%8F%20%D0%BF%D1%80%D0%BE%D0%B4%D1%83%D0%BA%D1%86%D0%B8%D1%8F","/catalog/%D0%91%D1%83%D0%BC%D0%B0%D0%B6%D0%BD%D0%B0%D1%8F%20%D0%BF%D1%80%D0%BE%D0%B4%D1%83%D0%BA%D1%86%D0%B8%D1%8F","200","category","HIGH","Точный товар не доказан; безопасный fallback в релевантную категорию «Бумажная продукция»","301"
"https://cloverspb.ru/magazin/product/korobka-dlya-piccy-25sm-h-25sm-belyj-gofrokarton","/magazin/product/korobka-dlya-piccy-25sm-h-25sm-belyj-gofrokarton","200","product","Коробка для пиццы 25см х 25см белый гофрокартон","Коробка для пиццы 25см х 25см белый гофрокартон","https://clover-spb.ru/catalog/%D0%9E%D0%B4%D0%BD%D0%BE%D1%80%D0%B0%D0%B7%D0%BE%D0%B2%D0%B0%D1%8F%20%D0%BF%D0%BE%D1%81%D1%83%D0%B4%D0%B0/%D0%9A%D0%BE%D1%80%D0%BE%D0%B1%D0%BA%D0%B8%20%D0%B4%D0%BB%D1%8F%20%D0%BF%D0%B8%D1%86%D1%86%D1%8B","/catalog/%D0%9E%D0%B4%D0%BD%D0%BE%D1%80%D0%B0%D0%B7%D0%BE%D0%B2%D0%B0%D1%8F%20%D0%BF%D0%BE%D1%81%D1%83%D0%B4%D0%B0/%D0%9A%D0%BE%D1%80%D0%BE%D0%B1%D0%BA%D0%B8%20%D0%B4%D0%BB%D1%8F%20%D0%BF%D0%B8%D1%86%D1%86%D1%8B","200","subcategory","HIGH","Точный товар не доказан; безопасный fallback в релевантную категорию «Коробки для пиццы»","301"
"https://cloverspb.ru/magazin/product/korobka-dlya-piccy-40-5sm-h-40-5sm-belyj-gofrokarton","/magazin/product/korobka-dlya-piccy-40-5sm-h-40-5sm-belyj-gofrokarton","200","product","Коробка для пиццы 40,5см х 40,5см белый гофрокартон","Коробка для пиццы 40,5см х 40,5см белый гофрокартон","https://clover-spb.ru/catalog/%D0%9E%D0%B4%D0%BD%D0%BE%D1%80%D0%B0%D0%B7%D0%BE%D0%B2%D0%B0%D1%8F%20%D0%BF%D0%BE%D1%81%D1%83%D0%B4%D0%B0/%D0%9A%D0%BE%D1%80%D0%BE%D0%B1%D0%BA%D0%B8%20%D0%B4%D0%BB%D1%8F%20%D0%BF%D0%B8%D1%86%D1%86%D1%8B","/catalog/%D0%9E%D0%B4%D0%BD%D0%BE%D1%80%D0%B0%D0%B7%D0%BE%D0%B2%D0%B0%D1%8F%20%D0%BF%D0%BE%D1%81%D1%83%D0%B4%D0%B0/%D0%9A%D0%BE%D1%80%D0%BE%D0%B1%D0%BA%D0%B8%20%D0%B4%D0%BB%D1%8F%20%D0%BF%D0%B8%D1%86%D1%86%D1%8B","200","subcategory","HIGH","Точный товар не доказан; безопасный fallback в релевантную категорию «Коробки для пиццы»","301"
"https://cloverspb.ru/magazin/product/restorannyj-schet","/magazin/product/restorannyj-schet","200","product","Ресторанный счёт","Ресторанный счёт","https://clover-spb.ru/product/%D0%9D%D0%A4-00000372","/product/%D0%9D%D0%A4-00000372","200","product","EXACT","Точное нормализованное публичное название товара «Ресторанный счет»","301"
"https://cloverspb.ru/magazin/product/bloknot-a6","/magazin/product/bloknot-a6","200","product","Блокнот А6","Блокнот А6","https://clover-spb.ru/catalog/%D0%9A%D0%B0%D0%BD%D1%86%D0%B5%D0%BB%D1%8F%D1%80%D1%81%D0%BA%D0%B8%D0%B5%20%D1%82%D0%BE%D0%B2%D0%B0%D1%80%D1%8B","/catalog/%D0%9A%D0%B0%D0%BD%D1%86%D0%B5%D0%BB%D1%8F%D1%80%D1%81%D0%BA%D0%B8%D0%B5%20%D1%82%D0%BE%D0%B2%D0%B0%D1%80%D1%8B","200","category","HIGH","Точный товар не доказан; безопасный fallback в релевантную категорию «Канцелярские товары»","301"
"https://cloverspb.ru/magazin/product/ruchka-sharikovaya","/magazin/product/ruchka-sharikovaya","200","product","Ручка шариковая","Ручка шариковая","https://clover-spb.ru/catalog/%D0%9A%D0%B0%D0%BD%D1%86%D0%B5%D0%BB%D1%8F%D1%80%D1%81%D0%BA%D0%B8%D0%B5%20%D1%82%D0%BE%D0%B2%D0%B0%D1%80%D1%8B","/catalog/%D0%9A%D0%B0%D0%BD%D1%86%D0%B5%D0%BB%D1%8F%D1%80%D1%81%D0%BA%D0%B8%D0%B5%20%D1%82%D0%BE%D0%B2%D0%B0%D1%80%D1%8B","200","category","HIGH","Точный товар не доказан; безопасный fallback в релевантную категорию «Канцелярские товары»","301"
"https://cloverspb.ru/magazin/product/marker-chernyj","/magazin/product/marker-chernyj","200","product","Маркер черный","Маркер черный","https://clover-spb.ru/catalog/%D0%9A%D0%B0%D0%BD%D1%86%D0%B5%D0%BB%D1%8F%D1%80%D1%81%D0%BA%D0%B8%D0%B5%20%D1%82%D0%BE%D0%B2%D0%B0%D1%80%D1%8B","/catalog/%D0%9A%D0%B0%D0%BD%D1%86%D0%B5%D0%BB%D1%8F%D1%80%D1%81%D0%BA%D0%B8%D0%B5%20%D1%82%D0%BE%D0%B2%D0%B0%D1%80%D1%8B","200","category","HIGH","Точный товар не доказан; безопасный fallback в релевантную категорию «Канцелярские товары»","301"
"https://cloverspb.ru/magazin/product/bumazhnoe-polotence-myagkij-znak","/magazin/product/bumazhnoe-polotence-myagkij-znak","200","product","Бумажное полотенце ""Мягкий знак""","Бумажное полотенце ""Мягкий знак""","https://clover-spb.ru/product/%D0%9D%D0%A4-00000126","/product/%D0%9D%D0%A4-00000126","200","product","EXACT","Уникальный с обеих сторон публичный артикул 0126 совпадает с кодом нового каталога НФ-00000126","301"
"https://cloverspb.ru/magazin/product/stakan-bumazhnyj-chernyj-400-ml","/magazin/product/stakan-bumazhnyj-chernyj-400-ml","200","product","Стакан бумажный черный 400 мл","Стакан бумажный черный 400 мл","https://clover-spb.ru/product/%D0%9D%D0%A4-00003128","/product/%D0%9D%D0%A4-00003128","200","product","EXACT","Точное нормализованное публичное название товара «Стакан бумажный черный 400 мл»","301"
"https://cloverspb.ru/magazin/product/salfetki-bumazhnye-big-pak-33h33-1-sl-belye-300sht","/magazin/product/salfetki-bumazhnye-big-pak-33h33-1-sl-belye-300sht","200","product","Салфетки бумажные БИГ-ПАК 33х33 1-сл белые (300шт)","Салфетки бумажные БИГ-ПАК 33х33 1-сл белые (300шт)","https://clover-spb.ru/catalog/%D0%91%D1%83%D0%BC%D0%B0%D0%B6%D0%BD%D0%B0%D1%8F%20%D0%BF%D1%80%D0%BE%D0%B4%D1%83%D0%BA%D1%86%D0%B8%D1%8F/%D0%A1%D0%B0%D0%BB%D1%84%D0%B5%D1%82%D0%BA%D0%B8","/catalog/%D0%91%D1%83%D0%BC%D0%B0%D0%B6%D0%BD%D0%B0%D1%8F%20%D0%BF%D1%80%D0%BE%D0%B4%D1%83%D0%BA%D1%86%D0%B8%D1%8F/%D0%A1%D0%B0%D0%BB%D1%84%D0%B5%D1%82%D0%BA%D0%B8","200","subcategory","HIGH","Точный товар не доказан; безопасный fallback в релевантную категорию «Салфетки»","301"
"https://cloverspb.ru/magazin/product/bumaga-tualetnaya-1-sl-svetlo-seraya-200m","/magazin/product/bumaga-tualetnaya-1-sl-svetlo-seraya-200m","200","product","Бумага туалетная 1-сл светло-серая 200м","Бумага туалетная 1-сл светло-серая 200м","https://clover-spb.ru/catalog/%D0%91%D1%83%D0%BC%D0%B0%D0%B6%D0%BD%D0%B0%D1%8F%20%D0%BF%D1%80%D0%BE%D0%B4%D1%83%D0%BA%D1%86%D0%B8%D1%8F/%D0%A2%D1%83%D0%B0%D0%BB%D0%B5%D1%82%D0%BD%D0%B0%D1%8F%20%D0%B1%D1%83%D0%BC%D0%B0%D0%B3%D0%B0","/catalog/%D0%91%D1%83%D0%BC%D0%B0%D0%B6%D0%BD%D0%B0%D1%8F%20%D0%BF%D1%80%D0%BE%D0%B4%D1%83%D0%BA%D1%86%D0%B8%D1%8F/%D0%A2%D1%83%D0%B0%D0%BB%D0%B5%D1%82%D0%BD%D0%B0%D1%8F%20%D0%B1%D1%83%D0%BC%D0%B0%D0%B3%D0%B0","200","subcategory","HIGH","Текущая карточка не доказывает светло-серый цвет; выбран наиболее узкий релевантный раздел","301"
"https://cloverspb.ru/magazin/product/bumaga-tualetnaya-myagkij-znak-1-sl-belaya","/magazin/product/bumaga-tualetnaya-myagkij-znak-1-sl-belaya","200","product","Бумага туалетная Мягкий знак 1-сл белая","Бумага туалетная Мягкий знак 1-сл белая","https://clover-spb.ru/product/%D0%9D%D0%A4-00000207","/product/%D0%9D%D0%A4-00000207","200","product","EXACT","Уникальный с обеих сторон публичный артикул 0207 совпадает с кодом нового каталога НФ-00000207","301"
"https://cloverspb.ru/magazin/product/bumaga-tualetnaya-myagkij-znak-bukvy-2-sl-belaya-4rul-up","/magazin/product/bumaga-tualetnaya-myagkij-znak-bukvy-2-sl-belaya-4rul-up","200","product","Бумага туалетная Мягкий знак БУКВЫ 2-сл белая (4рул/уп)","Бумага туалетная Мягкий знак БУКВЫ 2-сл белая (4рул/уп)","https://clover-spb.ru/product/%D0%9D%D0%A4-00000125","/product/%D0%9D%D0%A4-00000125","200","product","EXACT","Уникальный с обеих сторон публичный артикул 0125 совпадает с кодом нового каталога НФ-00000125","301"
"https://cloverspb.ru/magazin/product/salatnik-s-prozrachnoj-kryshkoj-black-edition","/magazin/product/salatnik-s-prozrachnoj-kryshkoj-black-edition","200","product","САЛАТНИК С ПРОЗРАЧНОЙ КРЫШКОЙ «BLACK EDITION»","САЛАТНИК С ПРОЗРАЧНОЙ КРЫШКОЙ «BLACK EDITION»","https://clover-spb.ru/catalog/%D0%9E%D0%B4%D0%BD%D0%BE%D1%80%D0%B0%D0%B7%D0%BE%D0%B2%D0%B0%D1%8F%20%D0%BF%D0%BE%D1%81%D1%83%D0%B4%D0%B0","/catalog/%D0%9E%D0%B4%D0%BD%D0%BE%D1%80%D0%B0%D0%B7%D0%BE%D0%B2%D0%B0%D1%8F%20%D0%BF%D0%BE%D1%81%D1%83%D0%B4%D0%B0","200","category","HIGH","Точный товар не доказан; безопасный fallback в релевантную категорию «Одноразовая посуда»","301"
"https://cloverspb.ru/magazin/product/kontejner-pryamoug-750ml-179-130-52mm-chernyj-pp-polier-500-500","/magazin/product/kontejner-pryamoug-750ml-179-130-52mm-chernyj-pp-polier-500-500","200","product","Контейнер прямоуг.750мл 179*130*52мм ЧЕРНЫЙ ПП ПолиЭр 500/500","Контейнер прямоуг.750мл 179*130*52мм ЧЕРНЫЙ ПП ПолиЭр 500/500","https://clover-spb.ru/catalog/%D0%9E%D0%B4%D0%BD%D0%BE%D1%80%D0%B0%D0%B7%D0%BE%D0%B2%D0%B0%D1%8F%20%D0%BF%D0%BE%D1%81%D1%83%D0%B4%D0%B0/%D0%9A%D0%BE%D0%BD%D1%82%D0%B5%D0%B9%D0%BD%D0%B5%D1%80%D1%8B","/catalog/%D0%9E%D0%B4%D0%BD%D0%BE%D1%80%D0%B0%D0%B7%D0%BE%D0%B2%D0%B0%D1%8F%20%D0%BF%D0%BE%D1%81%D1%83%D0%B4%D0%B0/%D0%9A%D0%BE%D0%BD%D1%82%D0%B5%D0%B9%D0%BD%D0%B5%D1%80%D1%8B","200","subcategory","HIGH","Точный товар не доказан; безопасный fallback в релевантную категорию «Контейнеры»","301"
"https://cloverspb.ru/magazin/product/kontejner-pryamoug-750ml-179-130-52mm-prozr-pp-polier-500-500","/magazin/product/kontejner-pryamoug-750ml-179-130-52mm-prozr-pp-polier-500-500","200","product","Контейнер прямоуг.750мл 179*130*52мм прозр.ПП ПолиЭр 500/500","Контейнер прямоуг.750мл 179*130*52мм прозр.ПП ПолиЭр 500/500","https://clover-spb.ru/product/%D0%9D%D0%A4-00000021","/product/%D0%9D%D0%A4-00000021","200","product","EXACT","Уникальный с обеих сторон публичный артикул 0021 совпадает с кодом нового каталога НФ-00000021","301"
"https://cloverspb.ru/magazin/product/kontejner-pryamoug-750ml-139-102-86mm-prozr-pp-polier-500-500","/magazin/product/kontejner-pryamoug-750ml-139-102-86mm-prozr-pp-polier-500-500","200","product","Контейнер прямоуг.750мл 139*102*86мм прозр. ПП ПолиЭр 500/500","Контейнер прямоуг.750мл 139*102*86мм прозр. ПП ПолиЭр 500/500","https://clover-spb.ru/catalog/%D0%9E%D0%B4%D0%BD%D0%BE%D1%80%D0%B0%D0%B7%D0%BE%D0%B2%D0%B0%D1%8F%20%D0%BF%D0%BE%D1%81%D1%83%D0%B4%D0%B0/%D0%9A%D0%BE%D0%BD%D1%82%D0%B5%D0%B9%D0%BD%D0%B5%D1%80%D1%8B","/catalog/%D0%9E%D0%B4%D0%BD%D0%BE%D1%80%D0%B0%D0%B7%D0%BE%D0%B2%D0%B0%D1%8F%20%D0%BF%D0%BE%D1%81%D1%83%D0%B4%D0%B0/%D0%9A%D0%BE%D0%BD%D1%82%D0%B5%D0%B9%D0%BD%D0%B5%D1%80%D1%8B","200","subcategory","HIGH","Точный товар не доказан; безопасный fallback в релевантную категорию «Контейнеры»","301"
"https://cloverspb.ru/magazin/product/kontejner-pryamoug-500ml-prozr-139-102-56-bez-kryshki-pp-polier-50-500","/magazin/product/kontejner-pryamoug-500ml-prozr-139-102-56-bez-kryshki-pp-polier-50-500","200","product","Контейнер прямоуг.500мл прозр. 139*102*56 БЕЗ/КРЫШКИ ПП ПолиЭр 50/500","Контейнер прямоуг.500мл прозр. 139*102*56 БЕЗ/КРЫШКИ ПП ПолиЭр 50/500","https://clover-spb.ru/catalog/%D0%9E%D0%B4%D0%BD%D0%BE%D1%80%D0%B0%D0%B7%D0%BE%D0%B2%D0%B0%D1%8F%20%D0%BF%D0%BE%D1%81%D1%83%D0%B4%D0%B0/%D0%9A%D0%BE%D0%BD%D1%82%D0%B5%D0%B9%D0%BD%D0%B5%D1%80%D1%8B","/catalog/%D0%9E%D0%B4%D0%BD%D0%BE%D1%80%D0%B0%D0%B7%D0%BE%D0%B2%D0%B0%D1%8F%20%D0%BF%D0%BE%D1%81%D1%83%D0%B4%D0%B0/%D0%9A%D0%BE%D0%BD%D1%82%D0%B5%D0%B9%D0%BD%D0%B5%D1%80%D1%8B","200","subcategory","HIGH","Точный товар не доказан; безопасный fallback в релевантную категорию «Контейнеры»","301"
"https://cloverspb.ru/magazin/product/kontejner-pryamoug-500ml-179-130-52mm-chernyj-pp-polier-500-500","/magazin/product/kontejner-pryamoug-500ml-179-130-52mm-chernyj-pp-polier-500-500","200","product","Контейнер прямоуг.500мл 179*130*52мм черный ПП ПолиЭр 500/500","Контейнер прямоуг.500мл 179*130*52мм черный ПП ПолиЭр 500/500","https://clover-spb.ru/catalog/%D0%9E%D0%B4%D0%BD%D0%BE%D1%80%D0%B0%D0%B7%D0%BE%D0%B2%D0%B0%D1%8F%20%D0%BF%D0%BE%D1%81%D1%83%D0%B4%D0%B0/%D0%9A%D0%BE%D0%BD%D1%82%D0%B5%D0%B9%D0%BD%D0%B5%D1%80%D1%8B","/catalog/%D0%9E%D0%B4%D0%BD%D0%BE%D1%80%D0%B0%D0%B7%D0%BE%D0%B2%D0%B0%D1%8F%20%D0%BF%D0%BE%D1%81%D1%83%D0%B4%D0%B0/%D0%9A%D0%BE%D0%BD%D1%82%D0%B5%D0%B9%D0%BD%D0%B5%D1%80%D1%8B","200","subcategory","HIGH","Точный товар не доказан; безопасный fallback в релевантную категорию «Контейнеры»","301"
"https://cloverspb.ru/magazin/product/kontejner-pryamoug-500ml-179-130-35mm-prozr-pp-polier-500-500","/magazin/product/kontejner-pryamoug-500ml-179-130-35mm-prozr-pp-polier-500-500","200","product","Контейнер прямоуг.500мл 179*130*35мм прозр. ПП ПолиЭр 500/500","Контейнер прямоуг.500мл 179*130*35мм прозр. ПП ПолиЭр 500/500","https://clover-spb.ru/product/%D0%9D%D0%A4-00000020","/product/%D0%9D%D0%A4-00000020","200","product","EXACT","Уникальный с обеих сторон публичный артикул 0020 совпадает с кодом нового каталога НФ-00000020","301"
"https://cloverspb.ru/magazin/product/kontejner-pryamoug-2000ml-179-130-123mm-prozr-pp-polier-500-500","/magazin/product/kontejner-pryamoug-2000ml-179-130-123mm-prozr-pp-polier-500-500","200","product","Контейнер прямоуг.2000мл 179*130*123мм прозр.ПП ПолиЭр 500/500","Контейнер прямоуг.2000мл 179*130*123мм прозр.ПП ПолиЭр 500/500","https://clover-spb.ru/product/%D0%9D%D0%A4-00000390","/product/%D0%9D%D0%A4-00000390","200","product","EXACT","Уникальный с обеих сторон публичный артикул 0390 совпадает с кодом нового каталога НФ-00000390","301"
"https://cloverspb.ru/magazin/product/kontejner-pryamoug-1500ml-179-130-98-mm-prozr-pp-polier-500-500","/magazin/product/kontejner-pryamoug-1500ml-179-130-98-mm-prozr-pp-polier-500-500","200","product","Контейнер прямоуг.1500мл 179*130*98 мм прозр.ПП ПолиЭр 500/500","Контейнер прямоуг.1500мл 179*130*98 мм прозр.ПП ПолиЭр 500/500","https://clover-spb.ru/product/%D0%9D%D0%A4-00000313","/product/%D0%9D%D0%A4-00000313","200","product","EXACT","Уникальный с обеих сторон публичный артикул 0313 совпадает с кодом нового каталога НФ-00000313","301"
"https://cloverspb.ru/magazin/product/kontejner-pryam-1000ml-179-132-prozr-pp-polier","/magazin/product/kontejner-pryam-1000ml-179-132-prozr-pp-polier","200","product","Контейнер прям.1000мл 179*132 прозр.ПП ПОЛИЭР","Контейнер прям.1000мл 179*132 прозр.ПП ПОЛИЭР","https://clover-spb.ru/product/%D0%9D%D0%A4-00000022","/product/%D0%9D%D0%A4-00000022","200","product","EXACT","Уникальный с обеих сторон публичный артикул 0022 совпадает с кодом нового каталога НФ-00000022","301"
"https://cloverspb.ru/magazin/product/kontejner-pryam-1000ml-179-132-chernyj-pp-polier","/magazin/product/kontejner-pryam-1000ml-179-132-chernyj-pp-polier","200","product","Контейнер прям.1000мл 179*132 ЧЕРНЫЙ .ПП ПОЛИЭР","Контейнер прям.1000мл 179*132 ЧЕРНЫЙ .ПП ПОЛИЭР","https://clover-spb.ru/catalog/%D0%9E%D0%B4%D0%BD%D0%BE%D1%80%D0%B0%D0%B7%D0%BE%D0%B2%D0%B0%D1%8F%20%D0%BF%D0%BE%D1%81%D1%83%D0%B4%D0%B0/%D0%9A%D0%BE%D0%BD%D1%82%D0%B5%D0%B9%D0%BD%D0%B5%D1%80%D1%8B","/catalog/%D0%9E%D0%B4%D0%BD%D0%BE%D1%80%D0%B0%D0%B7%D0%BE%D0%B2%D0%B0%D1%8F%20%D0%BF%D0%BE%D1%81%D1%83%D0%B4%D0%B0/%D0%9A%D0%BE%D0%BD%D1%82%D0%B5%D0%B9%D0%BD%D0%B5%D1%80%D1%8B","200","subcategory","HIGH","Точный товар в текущем каталоге не доказан; тип и назначение однозначно соответствуют наиболее узкой категории «Контейнеры»","301"
"https://cloverspb.ru/magazin/product/kontejner-pryam-350ml-prozr-139-102-39ml-bez-kryshki-pp-polier-50-50","/magazin/product/kontejner-pryam-350ml-prozr-139-102-39ml-bez-kryshki-pp-polier-50-50","200","product","Контейнер прям.350мл прозр.139*102*39мл БЕЗ/КРЫШКИ ПП ПолиЭр 50/50","Контейнер прям.350мл прозр.139*102*39мл БЕЗ/КРЫШКИ ПП ПолиЭр 50/50","https://clover-spb.ru/catalog/%D0%9E%D0%B4%D0%BD%D0%BE%D1%80%D0%B0%D0%B7%D0%BE%D0%B2%D0%B0%D1%8F%20%D0%BF%D0%BE%D1%81%D1%83%D0%B4%D0%B0/%D0%9A%D0%BE%D0%BD%D1%82%D0%B5%D0%B9%D0%BD%D0%B5%D1%80%D1%8B","/catalog/%D0%9E%D0%B4%D0%BD%D0%BE%D1%80%D0%B0%D0%B7%D0%BE%D0%B2%D0%B0%D1%8F%20%D0%BF%D0%BE%D1%81%D1%83%D0%B4%D0%B0/%D0%9A%D0%BE%D0%BD%D1%82%D0%B5%D0%B9%D0%BD%D0%B5%D1%80%D1%8B","200","subcategory","HIGH","Точный товар не доказан; безопасный fallback в релевантную категорию «Контейнеры»","301"
"https://cloverspb.ru/magazin/product/kontejner-pryamoug-250ml-108-82-48mm-bez-kryshki100-1000","/magazin/product/kontejner-pryamoug-250ml-108-82-48mm-bez-kryshki100-1000","200","product","Контейнер прямоуг.250мл 108*82*48мм БЕЗ КРЫШКИ100/1000","Контейнер прямоуг.250мл 108*82*48мм БЕЗ КРЫШКИ100/1000","https://clover-spb.ru/catalog/%D0%9E%D0%B4%D0%BD%D0%BE%D1%80%D0%B0%D0%B7%D0%BE%D0%B2%D0%B0%D1%8F%20%D0%BF%D0%BE%D1%81%D1%83%D0%B4%D0%B0/%D0%9A%D0%BE%D0%BD%D1%82%D0%B5%D0%B9%D0%BD%D0%B5%D1%80%D1%8B","/catalog/%D0%9E%D0%B4%D0%BD%D0%BE%D1%80%D0%B0%D0%B7%D0%BE%D0%B2%D0%B0%D1%8F%20%D0%BF%D0%BE%D1%81%D1%83%D0%B4%D0%B0/%D0%9A%D0%BE%D0%BD%D1%82%D0%B5%D0%B9%D0%BD%D0%B5%D1%80%D1%8B","200","subcategory","HIGH","Точный товар не доказан; безопасный fallback в релевантную категорию «Контейнеры»","301"
"https://cloverspb.ru/magazin/product/kontejner-pryamoug-125ml-108-82-25mm-b-kryshki-prozr-pp-polier-100-100","/magazin/product/kontejner-pryamoug-125ml-108-82-25mm-b-kryshki-prozr-pp-polier-100-100","200","product","Контейнер прямоуг.125мл 108*82*25мм Б/КРЫШКИ прозр.ПП ПолиЭр 100/100","Контейнер прямоуг.125мл 108*82*25мм Б/КРЫШКИ прозр.ПП ПолиЭр 100/100","https://clover-spb.ru/product/%D0%9D%D0%A4-00000544","/product/%D0%9D%D0%A4-00000544","200","product","EXACT","Уникальный с обеих сторон публичный артикул 0544 совпадает с кодом нового каталога НФ-00000544","301"
"https://cloverspb.ru/magazin/product/kontejner-pryamoug-bez-kryshki-500ml-108-82-100mm-pp-100-100","/magazin/product/kontejner-pryamoug-bez-kryshki-500ml-108-82-100mm-pp-100-100","200","product","Контейнер прямоуг. БЕЗ КРЫШКИ 500мл 108*82*100мм ПП 100/100","Контейнер прямоуг. БЕЗ КРЫШКИ 500мл 108*82*100мм ПП 100/100","https://clover-spb.ru/catalog/%D0%9E%D0%B4%D0%BD%D0%BE%D1%80%D0%B0%D0%B7%D0%BE%D0%B2%D0%B0%D1%8F%20%D0%BF%D0%BE%D1%81%D1%83%D0%B4%D0%B0/%D0%9A%D0%BE%D0%BD%D1%82%D0%B5%D0%B9%D0%BD%D0%B5%D1%80%D1%8B","/catalog/%D0%9E%D0%B4%D0%BD%D0%BE%D1%80%D0%B0%D0%B7%D0%BE%D0%B2%D0%B0%D1%8F%20%D0%BF%D0%BE%D1%81%D1%83%D0%B4%D0%B0/%D0%9A%D0%BE%D0%BD%D1%82%D0%B5%D0%B9%D0%BD%D0%B5%D1%80%D1%8B","200","subcategory","HIGH","Точный товар не доказан; безопасный fallback в релевантную категорию «Контейнеры»","301"
"https://cloverspb.ru/magazin/product/kontejner-prozr-kruglyj-360ml-rr-bk-50-500-bez-kryshki","/magazin/product/kontejner-prozr-kruglyj-360ml-rr-bk-50-500-bez-kryshki","200","product","Контейнер прозр.круглый 360мл РР БК 50/500 БЕЗ крышки","Контейнер прозр.круглый 360мл РР БК 50/500 БЕЗ крышки","https://clover-spb.ru/product/%D0%9D%D0%A4-00000725","/product/%D0%9D%D0%A4-00000725","200","product","EXACT","Уникальный с обеих сторон публичный артикул 0725 совпадает с кодом нового каталога НФ-00000725","301"
"https://cloverspb.ru/magazin/product/lanchboks-2-sekcii-246h196h70-mm-belyj-vsp-50-200","/magazin/product/lanchboks-2-sekcii-246h196h70-mm-belyj-vsp-50-200","200","product","Ланчбокс 2 секции 246х196х70 мм белый ВСП 50/200","Ланчбокс 2 секции 246х196х70 мм белый ВСП 50/200","https://clover-spb.ru/catalog/%D0%9E%D0%B4%D0%BD%D0%BE%D1%80%D0%B0%D0%B7%D0%BE%D0%B2%D0%B0%D1%8F%20%D0%BF%D0%BE%D1%81%D1%83%D0%B4%D0%B0/%D0%9B%D0%B0%D0%BD%D1%87-%D0%B1%D0%BE%D0%BA%D1%81%D1%8B","/catalog/%D0%9E%D0%B4%D0%BD%D0%BE%D1%80%D0%B0%D0%B7%D0%BE%D0%B2%D0%B0%D1%8F%20%D0%BF%D0%BE%D1%81%D1%83%D0%B4%D0%B0/%D0%9B%D0%B0%D0%BD%D1%87-%D0%B1%D0%BE%D0%BA%D1%81%D1%8B","200","subcategory","HIGH","Точный товар не доказан; безопасный fallback в релевантную категорию «Ланч-боксы»","301"
"https://cloverspb.ru/magazin/product/lanchboks-3-sekcii-246h196h70-mm-belyj-vsp-50-200","/magazin/product/lanchboks-3-sekcii-246h196h70-mm-belyj-vsp-50-200","200","product","Ланчбокс 3 секции 246х196х70 мм белый ВСП 50/200","Ланчбокс 3 секции 246х196х70 мм белый ВСП 50/200","https://clover-spb.ru/catalog/%D0%9E%D0%B4%D0%BD%D0%BE%D1%80%D0%B0%D0%B7%D0%BE%D0%B2%D0%B0%D1%8F%20%D0%BF%D0%BE%D1%81%D1%83%D0%B4%D0%B0/%D0%9B%D0%B0%D0%BD%D1%87-%D0%B1%D0%BE%D0%BA%D1%81%D1%8B","/catalog/%D0%9E%D0%B4%D0%BD%D0%BE%D1%80%D0%B0%D0%B7%D0%BE%D0%B2%D0%B0%D1%8F%20%D0%BF%D0%BE%D1%81%D1%83%D0%B4%D0%B0/%D0%9B%D0%B0%D0%BD%D1%87-%D0%B1%D0%BE%D0%BA%D1%81%D1%8B","200","subcategory","HIGH","Точный товар не доказан; безопасный fallback в релевантную категорию «Ланч-боксы»","301"
"https://cloverspb.ru/magazin/product/lanchboks-bez-sekcij-246h196h70-belyj-vsp-50-200","/magazin/product/lanchboks-bez-sekcij-246h196h70-belyj-vsp-50-200","200","product","Ланчбокс без секций 246х196х70 белый ВСП 50/200","Ланчбокс без секций 246х196х70 белый ВСП 50/200","https://clover-spb.ru/catalog/%D0%9E%D0%B4%D0%BD%D0%BE%D1%80%D0%B0%D0%B7%D0%BE%D0%B2%D0%B0%D1%8F%20%D0%BF%D0%BE%D1%81%D1%83%D0%B4%D0%B0/%D0%9B%D0%B0%D0%BD%D1%87-%D0%B1%D0%BE%D0%BA%D1%81%D1%8B","/catalog/%D0%9E%D0%B4%D0%BD%D0%BE%D1%80%D0%B0%D0%B7%D0%BE%D0%B2%D0%B0%D1%8F%20%D0%BF%D0%BE%D1%81%D1%83%D0%B4%D0%B0/%D0%9B%D0%B0%D0%BD%D1%87-%D0%B1%D0%BE%D0%BA%D1%81%D1%8B","200","subcategory","HIGH","Точный товар не доказан; безопасный fallback в релевантную категорию «Ланч-боксы»","301"
"https://cloverspb.ru/magazin/product/sousnik-30ml-80sht-upak","/magazin/product/sousnik-30ml-80sht-upak","200","product","Соусник 30мл (80шт/упак)","Соусник 30мл (80шт/упак)","https://clover-spb.ru/product/%D0%9D%D0%A4-00000509","/product/%D0%9D%D0%A4-00000509","200","product","EXACT","Уникальный с обеих сторон публичный артикул 0509 совпадает с кодом нового каталога НФ-00000509","301"
"https://cloverspb.ru/magazin/product/sousnik-50ml-80sht-upak","/magazin/product/sousnik-50ml-80sht-upak","200","product","Соусник 50мл (80шт/упак)","Соусник 50мл (80шт/упак)","https://clover-spb.ru/product/%D0%9D%D0%A4-00000449","/product/%D0%9D%D0%A4-00000449","200","product","EXACT","Уникальный с обеих сторон публичный артикул 0449 совпадает с кодом нового каталога НФ-00000449","301"
"https://cloverspb.ru/magazin/product/sousnik-80ml-80sht-upak","/magazin/product/sousnik-80ml-80sht-upak","200","product","Соусник 80мл (80шт/упак)","Соусник 80мл (80шт/упак)","https://clover-spb.ru/catalog/%D0%9E%D0%B4%D0%BD%D0%BE%D1%80%D0%B0%D0%B7%D0%BE%D0%B2%D0%B0%D1%8F%20%D0%BF%D0%BE%D1%81%D1%83%D0%B4%D0%B0/%D0%A1%D0%BE%D1%83%D1%81%D0%BD%D0%B8%D0%BA%D0%B8","/catalog/%D0%9E%D0%B4%D0%BD%D0%BE%D1%80%D0%B0%D0%B7%D0%BE%D0%B2%D0%B0%D1%8F%20%D0%BF%D0%BE%D1%81%D1%83%D0%B4%D0%B0/%D0%A1%D0%BE%D1%83%D1%81%D0%BD%D0%B8%D0%BA%D0%B8","200","subcategory","HIGH","Точный товар не доказан; безопасный fallback в релевантную категорию «Соусники»","301"
"https://cloverspb.ru/magazin/product/tarelka-odnorazovaya-175-mm-belaya-kartonnaya-pavlovsk-1000-1000","/magazin/product/tarelka-odnorazovaya-175-mm-belaya-kartonnaya-pavlovsk-1000-1000","200","product","Тарелка одноразовая 175 мм белая картонная Павловск 1000/1000","Тарелка одноразовая 175 мм белая картонная Павловск 1000/1000","https://clover-spb.ru/product/%D0%9D%D0%A4-00000016","/product/%D0%9D%D0%A4-00000016","200","product","EXACT","Уникальный с обеих сторон публичный артикул 0016 совпадает с кодом нового каталога НФ-00000016","301"
"https://cloverspb.ru/magazin/product/tarelka-odnorazovaya-205mm-3-h-sekcionnaya-belaya-ps-polier-100-1800","/magazin/product/tarelka-odnorazovaya-205mm-3-h-sekcionnaya-belaya-ps-polier-100-1800","200","product","Тарелка одноразовая 205мм 3-х секционная белая ПС ПолиЭр 100/1800","Тарелка одноразовая 205мм 3-х секционная белая ПС ПолиЭр 100/1800","https://clover-spb.ru/product/%D0%9D%D0%A4-00000013","/product/%D0%9D%D0%A4-00000013","200","product","EXACT","Уникальный с обеих сторон публичный артикул 0013 совпадает с кодом нового каталога НФ-00000013","301"
"https://cloverspb.ru/magazin/product/vilka-odn-165-mm-belaya-ps-rts-100-2000","/magazin/product/vilka-odn-165-mm-belaya-ps-rts-100-2000","200","product","Вилка одн.165 мм белая ПС РТС 100/2000.","Вилка одн.165 мм белая ПС РТС 100/2000.","https://clover-spb.ru/product/%D0%9D%D0%A4-00000041","/product/%D0%9D%D0%A4-00000041","200","product","EXACT","Уникальный с обеих сторон публичный артикул 0041 совпадает с кодом нового каталога НФ-00000041","301"
"https://cloverspb.ru/magazin/product/vilka-odn-180-mm-prozr-ps-pokrov-50-2000","/magazin/product/vilka-odn-180-mm-prozr-ps-pokrov-50-2000","200","product","Вилка одн.180 мм прозр. ПС Покров 50/2000","Вилка одн.180 мм прозр. ПС Покров 50/2000","https://clover-spb.ru/catalog/%D0%9E%D0%B4%D0%BD%D0%BE%D1%80%D0%B0%D0%B7%D0%BE%D0%B2%D0%B0%D1%8F%20%D0%BF%D0%BE%D1%81%D1%83%D0%B4%D0%B0","/catalog/%D0%9E%D0%B4%D0%BD%D0%BE%D1%80%D0%B0%D0%B7%D0%BE%D0%B2%D0%B0%D1%8F%20%D0%BF%D0%BE%D1%81%D1%83%D0%B4%D0%B0","200","category","HIGH","Точный товар не доказан; безопасный fallback в релевантную категорию «Одноразовая посуда»","301"
"https://cloverspb.ru/magazin/product/lozhka-stolovaya-odn-165mm-bel-ps-rts-100-2000","/magazin/product/lozhka-stolovaya-odn-165mm-bel-ps-rts-100-2000","200","product","Ложка столовая одн.165мм бел.ПС РТС 100/2000","Ложка столовая одн.165мм бел.ПС РТС 100/2000","https://clover-spb.ru/product/%D0%9D%D0%A4-00000043","/product/%D0%9D%D0%A4-00000043","200","product","EXACT","Уникальный с обеих сторон публичный артикул 0043 совпадает с кодом нового каталога НФ-00000043","301"
"https://cloverspb.ru/magazin/product/lozhka-chajnaya-odn-125-mm-bel-ps-rts-100-4000","/magazin/product/lozhka-chajnaya-odn-125-mm-bel-ps-rts-100-4000","200","product","Ложка чайная одн.125 мм бел. ПС РТС 100/4000","Ложка чайная одн.125 мм бел. ПС РТС 100/4000","https://clover-spb.ru/product/%D0%9D%D0%A4-00000044","/product/%D0%9D%D0%A4-00000044","200","product","EXACT","Уникальный с обеих сторон публичный артикул 0044 совпадает с кодом нового каталога НФ-00000044","301"
"https://cloverspb.ru/magazin/product/nozh-odn-165-mm-belyj-ps-200-5000","/magazin/product/nozh-odn-165-mm-belyj-ps-200-5000","200","product","Нож одн. 165 мм белый ПС 200/5000","Нож одн. 165 мм белый ПС 200/5000","https://clover-spb.ru/product/%D0%9D%D0%A4-00000042","/product/%D0%9D%D0%A4-00000042","200","product","EXACT","Уникальный с обеих сторон публичный артикул 0042 совпадает с кодом нового каталога НФ-00000042","301"
"https://cloverspb.ru/magazin/product/lozhka-stolovaya-plastikovaya-chernaya-premium","/magazin/product/lozhka-stolovaya-plastikovaya-chernaya-premium","200","product","Ложка столовая пластиковая черная премиум","Ложка столовая пластиковая черная премиум","https://clover-spb.ru/product/%D0%9D%D0%A4-00000499","/product/%D0%9D%D0%A4-00000499","200","product","EXACT","Уникальный с обеих сторон публичный артикул 0499 совпадает с кодом нового каталога НФ-00000499","301"
"https://cloverspb.ru/magazin/product/vilka-plastikovaya-chernaya-premium","/magazin/product/vilka-plastikovaya-chernaya-premium","200","product","Вилка пластиковая черная премиум","Вилка пластиковая черная премиум","https://clover-spb.ru/product/%D0%9D%D0%A4-00000498","/product/%D0%9D%D0%A4-00000498","200","product","EXACT","Уникальный с обеих сторон публичный артикул 0498 совпадает с кодом нового каталога НФ-00000498","301"
"https://cloverspb.ru/magazin/product/lozhka-plastikovaya-prozrachnaya-premium","/magazin/product/lozhka-plastikovaya-prozrachnaya-premium","200","product","Ложка пластиковая прозрачная премиум","Ложка пластиковая прозрачная премиум","https://clover-spb.ru/product/%D0%9D%D0%A4-00000332","/product/%D0%9D%D0%A4-00000332","200","product","EXACT","Уникальный с обеих сторон публичный артикул 0332 совпадает с кодом нового каталога НФ-00000332","301"
"https://cloverspb.ru/magazin/product/nozh-plastikovyj-prozrachnyj-premium","/magazin/product/nozh-plastikovyj-prozrachnyj-premium","200","product","Нож пластиковый прозрачный премиум","Нож пластиковый прозрачный премиум","https://clover-spb.ru/product/%D0%9D%D0%A4-00000688","/product/%D0%9D%D0%A4-00000688","200","product","EXACT","Уникальный с обеих сторон публичный артикул 0688 совпадает с кодом нового каталога НФ-00000688","301"
"https://cloverspb.ru/magazin/product/palochki-dlya-edy-23-sm-kruglye-s-zubochistkoj-v-pe-upakovke","/magazin/product/palochki-dlya-edy-23-sm-kruglye-s-zubochistkoj-v-pe-upakovke","200","product","Палочки для еды 23 см круглые с зубочисткой в ПЭ упаковке","Палочки для еды 23 см круглые с зубочисткой в ПЭ упаковке","https://clover-spb.ru/catalog/%D0%91%D0%B0%D1%80%D0%BD%D1%8B%D0%B5%20%D0%B0%D0%BA%D1%81%D0%B5%D1%81%D1%81%D1%83%D0%B0%D1%80%D1%8B","/catalog/%D0%91%D0%B0%D1%80%D0%BD%D1%8B%D0%B5%20%D0%B0%D0%BA%D1%81%D0%B5%D1%81%D1%81%D1%83%D0%B0%D1%80%D1%8B","200","category","HIGH","Точный товар не доказан; безопасный fallback в релевантную категорию «Барные аксессуары»","301"
"https://cloverspb.ru/magazin/product/palochki-dlya-shashlyka-20sm-100sht-upak","/magazin/product/palochki-dlya-shashlyka-20sm-100sht-upak","200","product","Палочки для шашлыка 20см (100шт/упак)","Палочки для шашлыка 20см (100шт/упак)","https://clover-spb.ru/product/%D0%9D%D0%A4-00000172","/product/%D0%9D%D0%A4-00000172","200","product","EXACT","Уникальный с обеих сторон публичный артикул 0172 совпадает с кодом нового каталога НФ-00000172","301"
"https://cloverspb.ru/magazin/product/palochki-dlya-shashlyka-25sm-100sht-upak","/magazin/product/palochki-dlya-shashlyka-25sm-100sht-upak","200","product","Палочки для шашлыка 25см (100шт/упак)","Палочки для шашлыка 25см (100шт/упак)","https://clover-spb.ru/product/%D0%9D%D0%A4-00000173","/product/%D0%9D%D0%A4-00000173","200","product","EXACT","Точное совпадение типа товара, длины 25 см и упаковки 100 шт. с данными текущего товара","301"
"https://cloverspb.ru/magazin/product/zubochistki-v-individ-p-e-upakovke-1000sht-upak","/magazin/product/zubochistki-v-individ-p-e-upakovke-1000sht-upak","200","product","Зубочистки в индивид. п/э упаковке (1000шт/упак)","Зубочистки в индивид. п/э упаковке (1000шт/упак)","https://clover-spb.ru/product/%D0%9D%D0%A4-00000133","/product/%D0%9D%D0%A4-00000133","200","product","EXACT","Уникальный с обеих сторон публичный артикул 0133 совпадает с кодом нового каталога НФ-00000133","301"
"https://cloverspb.ru/magazin/product/zubochistki-v-individ-p-e-upakovke-mentol-500sht-upak","/magazin/product/zubochistki-v-individ-p-e-upakovke-mentol-500sht-upak","200","product","Зубочистки в индивид. п/э упаковке ментол (500шт/упак)","Зубочистки в индивид. п/э упаковке ментол (500шт/упак)","https://clover-spb.ru/catalog/%D0%91%D0%B0%D1%80%D0%BD%D1%8B%D0%B5%20%D0%B0%D0%BA%D1%81%D0%B5%D1%81%D1%81%D1%83%D0%B0%D1%80%D1%8B","/catalog/%D0%91%D0%B0%D1%80%D0%BD%D1%8B%D0%B5%20%D0%B0%D0%BA%D1%81%D0%B5%D1%81%D1%81%D1%83%D0%B0%D1%80%D1%8B","200","category","HIGH","Точный товар не доказан; безопасный fallback в релевантную категорию «Барные аксессуары»","301"
"https://cloverspb.ru/magazin/product/pika-uzelok-bambuk-6sm-100sht-upak","/magazin/product/pika-uzelok-bambuk-6sm-100sht-upak","200","product","Пика Узелок бамбук 6см (100шт/упак)","Пика Узелок бамбук 6см (100шт/упак)","https://clover-spb.ru/product/%D0%9D%D0%A4-00000768","/product/%D0%9D%D0%A4-00000768","200","product","EXACT","Уникальный с обеих сторон публичный артикул 0768 совпадает с кодом нового каталога НФ-00000768","301"
"https://cloverspb.ru/magazin/product/pika-uzelok-bambuk-10sm-100sht-upak","/magazin/product/pika-uzelok-bambuk-10sm-100sht-upak","200","product","Пика Узелок бамбук 10см (100шт/упак)","Пика Узелок бамбук 10см (100шт/упак)","https://clover-spb.ru/product/%D0%9D%D0%A4-00000166","/product/%D0%9D%D0%A4-00000166","200","product","EXACT","Уникальный с обеих сторон публичный артикул 0166 совпадает с кодом нового каталога НФ-00000166","301"
"https://cloverspb.ru/magazin/product/pika-mech-ps-cvetn-70mm-500sht-up-rossiya","/magazin/product/pika-mech-ps-cvetn-70mm-500sht-up-rossiya","200","product","Пика ""Меч"" ПС цветн.70мм (500шт/уп) РОССИЯ","Пика ""Меч"" ПС цветн.70мм (500шт/уп) РОССИЯ","https://clover-spb.ru/catalog/%D0%91%D0%B0%D1%80%D0%BD%D1%8B%D0%B5%20%D0%B0%D0%BA%D1%81%D0%B5%D1%81%D1%81%D1%83%D0%B0%D1%80%D1%8B","/catalog/%D0%91%D0%B0%D1%80%D0%BD%D1%8B%D0%B5%20%D0%B0%D0%BA%D1%81%D0%B5%D1%81%D1%81%D1%83%D0%B0%D1%80%D1%8B","200","category","HIGH","Точный товар не доказан; безопасный fallback в релевантную категорию «Барные аксессуары»","301"
"https://cloverspb.ru/magazin/product/trubochki-cvetnye-gofra-5-210mm-1000sht-upak","/magazin/product/trubochki-cvetnye-gofra-5-210mm-1000sht-upak","200","product","Трубочки цветные гофра 5*210мм (1000шт/упак)","Трубочки цветные гофра 5*210мм (1000шт/упак)","https://clover-spb.ru/product/%D0%9D%D0%A4-00000621","/product/%D0%9D%D0%A4-00000621","200","product","EXACT","Уникальный с обеих сторон публичный артикул 0621 совпадает с кодом нового каталога НФ-00000621","301"
"https://cloverspb.ru/magazin/product/trubochki-chernye-pryamye-8-240mm","/magazin/product/trubochki-chernye-pryamye-8-240mm","200","product","Трубочки черные прямые 8*240мм","Трубочки черные прямые 8*240мм","https://clover-spb.ru/product/%D0%9D%D0%A4-00000130","/product/%D0%9D%D0%A4-00000130","200","product","EXACT","Уникальный с обеих сторон публичный артикул 0130 совпадает с кодом нового каталога НФ-00000130","301"
"https://cloverspb.ru/magazin/product/trubochki-chernye-5-125mm","/magazin/product/trubochki-chernye-5-125mm","200","product","Трубочки черные 5*125мм","Трубочки черные 5*125мм","https://clover-spb.ru/product/%D0%9D%D0%A4-00000131","/product/%D0%9D%D0%A4-00000131","200","product","EXACT","Уникальный с обеих сторон публичный артикул 0131 совпадает с кодом нового каталога НФ-00000131","301"
"https://cloverspb.ru/magazin/product/butylka-pet-0-5l-gaz-prozrachnaya-s-chernoj-probkoj-100sht-upak","/magazin/product/butylka-pet-0-5l-gaz-prozrachnaya-s-chernoj-probkoj-100sht-upak","200","product","Бутылка ПЭТ 0,5л газ прозрачная с черной пробкой (100шт/упак)","Бутылка ПЭТ 0,5л газ прозрачная с черной пробкой (100шт/упак)","https://clover-spb.ru/product/%D0%9D%D0%A4-00000031","/product/%D0%9D%D0%A4-00000031","200","product","EXACT","Уникальный с обеих сторон публичный артикул 0031 совпадает с кодом нового каталога НФ-00000031","301"
"https://cloverspb.ru/magazin/product/butylka-pet-1l-gaz-prozrachnaya-s-chernoj-probkoj","/magazin/product/butylka-pet-1l-gaz-prozrachnaya-s-chernoj-probkoj","200","product","Бутылка ПЭТ 1л газ прозрачная с черной пробкой","Бутылка ПЭТ 1л газ прозрачная с черной пробкой","https://clover-spb.ru/product/%D0%9D%D0%A4-00000032","/product/%D0%9D%D0%A4-00000032","200","product","EXACT","Уникальный с обеих сторон публичный артикул 0032 совпадает с кодом нового каталога НФ-00000032","301"
"https://cloverspb.ru/magazin/product/unicum-gold-zhiroudalitel-s-triggerom-500ml","/magazin/product/unicum-gold-zhiroudalitel-s-triggerom-500ml","200","product","UNICUM GOLD жироудалитель с триггером 500мл","UNICUM GOLD жироудалитель с триггером 500мл","https://clover-spb.ru/product/%D0%9D%D0%A4-00000058","/product/%D0%9D%D0%A4-00000058","200","product","EXACT","Уникальный с обеих сторон публичный артикул 0058 совпадает с кодом нового каталога НФ-00000058","301"
"https://cloverspb.ru/magazin/product/unicum-gold-zhiroudalitel-3l","/magazin/product/unicum-gold-zhiroudalitel-3l","200","product","UNICUM GOLD жироудалитель 3л","UNICUM GOLD жироудалитель 3л","https://clover-spb.ru/product/%D0%9D%D0%A4-00000055","/product/%D0%9D%D0%A4-00000055","200","product","EXACT","Уникальный с обеих сторон публичный артикул 0055 совпадает с кодом нового каталога НФ-00000055","301"
"https://cloverspb.ru/magazin/product/adriel-dlya-plit-850ml","/magazin/product/adriel-dlya-plit-850ml","200","product","АДРИЭЛЬ для плит 850мл","АДРИЭЛЬ для плит 850мл","https://clover-spb.ru/product/%D0%9D%D0%A4-00000062","/product/%D0%9D%D0%A4-00000062","200","product","EXACT","Уникальный с обеих сторон публичный артикул 0062 совпадает с кодом нового каталога НФ-00000062","301"
"https://cloverspb.ru/magazin/product/adriel-dlya-udaleniya-zhira-5l","/magazin/product/adriel-dlya-udaleniya-zhira-5l","200","product","АДРИЭЛЬ для удаления жира 5л","АДРИЭЛЬ для удаления жира 5л","https://clover-spb.ru/product/%D0%9D%D0%A4-00000063","/product/%D0%9D%D0%A4-00000063","200","product","EXACT","Уникальный с обеих сторон публичный артикул 0063 совпадает с кодом нового каталога НФ-00000063","301"
"https://cloverspb.ru/magazin/product/raduga-dlya-posudy-5l","/magazin/product/raduga-dlya-posudy-5l","200","product","РАДУГА для посуды 5л","РАДУГА для посуды 5л","https://clover-spb.ru/catalog/%D0%A5%D0%B8%D0%BC%D0%B8%D1%8F%2C%20%D1%87%D0%B8%D1%81%D1%82%D1%8F%D1%89%D0%B8%D0%B5%20%D1%81%D1%80%D0%B5%D0%B4%D1%81%D1%82%D0%B2%D0%B0/%D0%94%D0%BB%D1%8F%20%D0%BC%D1%8B%D1%82%D1%8C%D1%8F%20%D0%BF%D0%BE%D1%81%D1%83%D0%B4%D1%8B","/catalog/%D0%A5%D0%B8%D0%BC%D0%B8%D1%8F%2C%20%D1%87%D0%B8%D1%81%D1%82%D1%8F%D1%89%D0%B8%D0%B5%20%D1%81%D1%80%D0%B5%D0%B4%D1%81%D1%82%D0%B2%D0%B0/%D0%94%D0%BB%D1%8F%20%D0%BC%D1%8B%D1%82%D1%8C%D1%8F%20%D0%BF%D0%BE%D1%81%D1%83%D0%B4%D1%8B","200","subcategory","HIGH","Точный товар не доказан; безопасный fallback в релевантную категорию «Для мытья посуды»","301"
"https://cloverspb.ru/magazin/product/adriol-dlya-posudy-5l","/magazin/product/adriol-dlya-posudy-5l","200","product","АДРИОЛЬ для посуды 5л","АДРИОЛЬ для посуды 5л","https://clover-spb.ru/product/%D0%9D%D0%A4-00000052","/product/%D0%9D%D0%A4-00000052","200","product","EXACT","Уникальный с обеих сторон публичный артикул 0052 совпадает с кодом нового каталога НФ-00000052","301"
"https://cloverspb.ru/magazin/product/mister-proper-univ-moyushchee-sr-vo-5l","/magazin/product/mister-proper-univ-moyushchee-sr-vo-5l","200","product","МИСТЕР ПРОПЕР Унив.моющее ср-во 5л","МИСТЕР ПРОПЕР Унив.моющее ср-во 5л","https://clover-spb.ru/catalog/%D0%A5%D0%B8%D0%BC%D0%B8%D1%8F%2C%20%D1%87%D0%B8%D1%81%D1%82%D1%8F%D1%89%D0%B8%D0%B5%20%D1%81%D1%80%D0%B5%D0%B4%D1%81%D1%82%D0%B2%D0%B0/%D0%94%D0%BB%D1%8F%20%D0%BF%D0%BE%D0%BB%D0%BE%D0%B2","/catalog/%D0%A5%D0%B8%D0%BC%D0%B8%D1%8F%2C%20%D1%87%D0%B8%D1%81%D1%82%D1%8F%D1%89%D0%B8%D0%B5%20%D1%81%D1%80%D0%B5%D0%B4%D1%81%D1%82%D0%B2%D0%B0/%D0%94%D0%BB%D1%8F%20%D0%BF%D0%BE%D0%BB%D0%BE%D0%B2","200","subcategory","HIGH","Точный товар не доказан; безопасный fallback в релевантную категорию «Для полов»","301"
"https://cloverspb.ru/magazin/product/yut-sredstvo-moyushchee-dlya-pola-5l","/magazin/product/yut-sredstvo-moyushchee-dlya-pola-5l","200","product","ЮТ Средство моющее для пола 5л","ЮТ Средство моющее для пола 5л","https://clover-spb.ru/product/%D0%9D%D0%A4-00000068","/product/%D0%9D%D0%A4-00000068","200","product","EXACT","Уникальный с обеих сторон публичный артикул 0068 совпадает с кодом нового каталога НФ-00000068","301"
"https://cloverspb.ru/magazin/product/sanoks-chistyashchaya-zhidkost-5l","/magazin/product/sanoks-chistyashchaya-zhidkost-5l","200","product","САНОКС чистящая жидкость 5л","САНОКС чистящая жидкость 5л","https://clover-spb.ru/catalog/%D0%A5%D0%B8%D0%BC%D0%B8%D1%8F%2C%20%D1%87%D0%B8%D1%81%D1%82%D1%8F%D1%89%D0%B8%D0%B5%20%D1%81%D1%80%D0%B5%D0%B4%D1%81%D1%82%D0%B2%D0%B0/%D0%94%D0%BB%D1%8F%20%D1%81%D0%B0%D0%BD%D1%82%D0%B5%D1%85%D0%BD%D0%B8%D0%BA%D0%B8","/catalog/%D0%A5%D0%B8%D0%BC%D0%B8%D1%8F%2C%20%D1%87%D0%B8%D1%81%D1%82%D1%8F%D1%89%D0%B8%D0%B5%20%D1%81%D1%80%D0%B5%D0%B4%D1%81%D1%82%D0%B2%D0%B0/%D0%94%D0%BB%D1%8F%20%D1%81%D0%B0%D0%BD%D1%82%D0%B5%D1%85%D0%BD%D0%B8%D0%BA%D0%B8","200","subcategory","HIGH","Точный товар не доказан; безопасный fallback в релевантную категорию «Для сантехники»","301"
"https://cloverspb.ru/magazin/product/sanoks-chistyashchaya-zhidkost-750ml","/magazin/product/sanoks-chistyashchaya-zhidkost-750ml","200","product","САНОКС чистящая жидкость 750мл","САНОКС чистящая жидкость 750мл","https://clover-spb.ru/product/%D0%9D%D0%A4-00000067","/product/%D0%9D%D0%A4-00000067","200","product","EXACT","Уникальный с обеих сторон публичный артикул 0067 совпадает с кодом нового каталога НФ-00000067","301"
"https://cloverspb.ru/magazin/product/adrilan-dlya-santehniki-5l","/magazin/product/adrilan-dlya-santehniki-5l","200","product","АДРИЛАН для сантехники 5л","АДРИЛАН для сантехники 5л","https://clover-spb.ru/product/%D0%9D%D0%A4-00000061","/product/%D0%9D%D0%A4-00000061","200","product","EXACT","Уникальный с обеих сторон публичный артикул 0061 совпадает с кодом нового каталога НФ-00000061","301"
"https://cloverspb.ru/magazin/product/mylo-hozyajstvennoe-aist-150gr","/magazin/product/mylo-hozyajstvennoe-aist-150gr","200","product","Мыло хозяйственное АИСТ 150гр","Мыло хозяйственное АИСТ 150гр","https://clover-spb.ru/catalog/%D0%A5%D0%B8%D0%BC%D0%B8%D1%8F%2C%20%D1%87%D0%B8%D1%81%D1%82%D1%8F%D1%89%D0%B8%D0%B5%20%D1%81%D1%80%D0%B5%D0%B4%D1%81%D1%82%D0%B2%D0%B0","/catalog/%D0%A5%D0%B8%D0%BC%D0%B8%D1%8F%2C%20%D1%87%D0%B8%D1%81%D1%82%D1%8F%D1%89%D0%B8%D0%B5%20%D1%81%D1%80%D0%B5%D0%B4%D1%81%D1%82%D0%B2%D0%B0","200","category","HIGH","Точный товар не доказан; безопасный fallback в релевантную категорию «Химия, чистящие средства»","301"
"https://cloverspb.ru/magazin/product/mylo-krem-s-perlamutrom-5-l","/magazin/product/mylo-krem-s-perlamutrom-5-l","200","product","Мыло-крем с перламутром 5 л","Мыло-крем с перламутром 5 л","https://clover-spb.ru/catalog/%D0%A5%D0%B8%D0%BC%D0%B8%D1%8F%2C%20%D1%87%D0%B8%D1%81%D1%82%D1%8F%D1%89%D0%B8%D0%B5%20%D1%81%D1%80%D0%B5%D0%B4%D1%81%D1%82%D0%B2%D0%B0","/catalog/%D0%A5%D0%B8%D0%BC%D0%B8%D1%8F%2C%20%D1%87%D0%B8%D1%81%D1%82%D1%8F%D1%89%D0%B8%D0%B5%20%D1%81%D1%80%D0%B5%D0%B4%D1%81%D1%82%D0%B2%D0%B0","200","category","HIGH","Точный товар не доказан; безопасный fallback в релевантную категорию «Химия, чистящие средства»","301"
"https://cloverspb.ru/magazin/product/krot-specialist-sredstvo-dlya-ustraneniya-zasorov-1l","/magazin/product/krot-specialist-sredstvo-dlya-ustraneniya-zasorov-1l","200","product","Крот/Специалист - средство для устранения засоров 1л","Крот/Специалист - средство для устранения засоров 1л","https://clover-spb.ru/product/%D0%9D%D0%A4-00000064","/product/%D0%9D%D0%A4-00000064","200","product","EXACT","Уникальный с обеих сторон публичный артикул 0064 совпадает с кодом нового каталога НФ-00000064","301"
"https://cloverspb.ru/magazin/product/gold-wind-osvezhitel-vozduha-300ml","/magazin/product/gold-wind-osvezhitel-vozduha-300ml","200","product","GOLD WIND освежитель воздуха 300мл","GOLD WIND освежитель воздуха 300мл","https://clover-spb.ru/product/%D0%9D%D0%A4-00000091","/product/%D0%9D%D0%A4-00000091","200","product","EXACT","Уникальный с обеих сторон публичный артикул 0091 совпадает с кодом нового каталога НФ-00000091","301"
"https://cloverspb.ru/magazin/product/perchatki-pnd-razmery-v-assortimente","/magazin/product/perchatki-pnd-razmery-v-assortimente","200","product","Перчатки ПНД размеры в ассортименте","Перчатки ПНД размеры в ассортименте","https://clover-spb.ru/catalog/%D0%A5%D0%BE%D0%B7%D1%8F%D0%B9%D1%81%D1%82%D0%B2%D0%B5%D0%BD%D0%BD%D1%8B%D0%B5%20%D1%82%D0%BE%D0%B2%D0%B0%D1%80%D1%8B/%D0%9F%D0%B5%D1%80%D1%87%D0%B0%D1%82%D0%BA%D0%B8","/catalog/%D0%A5%D0%BE%D0%B7%D1%8F%D0%B9%D1%81%D1%82%D0%B2%D0%B5%D0%BD%D0%BD%D1%8B%D0%B5%20%D1%82%D0%BE%D0%B2%D0%B0%D1%80%D1%8B/%D0%9F%D0%B5%D1%80%D1%87%D0%B0%D1%82%D0%BA%D0%B8","200","subcategory","HIGH","Точный товар не доказан; безопасный fallback в релевантную категорию «Перчатки»","301"
"https://cloverspb.ru/magazin/product/perchatki-nitrilovye-s-100sht-upak","/magazin/product/perchatki-nitrilovye-s-100sht-upak","200","product","Перчатки нитриловые S (100шт/упак)","Перчатки нитриловые S (100шт/упак)","https://clover-spb.ru/catalog/%D0%A5%D0%BE%D0%B7%D1%8F%D0%B9%D1%81%D1%82%D0%B2%D0%B5%D0%BD%D0%BD%D1%8B%D0%B5%20%D1%82%D0%BE%D0%B2%D0%B0%D1%80%D1%8B/%D0%9F%D0%B5%D1%80%D1%87%D0%B0%D1%82%D0%BA%D0%B8","/catalog/%D0%A5%D0%BE%D0%B7%D1%8F%D0%B9%D1%81%D1%82%D0%B2%D0%B5%D0%BD%D0%BD%D1%8B%D0%B5%20%D1%82%D0%BE%D0%B2%D0%B0%D1%80%D1%8B/%D0%9F%D0%B5%D1%80%D1%87%D0%B0%D1%82%D0%BA%D0%B8","200","subcategory","HIGH","Точный товар не доказан; безопасный fallback в релевантную категорию «Перчатки»","301"
"https://cloverspb.ru/magazin/product/perchatki-nitrilovye-m-100sht-upak","/magazin/product/perchatki-nitrilovye-m-100sht-upak","200","product","Перчатки нитриловые M (100шт/упак)","Перчатки нитриловые M (100шт/упак)","https://clover-spb.ru/catalog/%D0%A5%D0%BE%D0%B7%D1%8F%D0%B9%D1%81%D1%82%D0%B2%D0%B5%D0%BD%D0%BD%D1%8B%D0%B5%20%D1%82%D0%BE%D0%B2%D0%B0%D1%80%D1%8B/%D0%9F%D0%B5%D1%80%D1%87%D0%B0%D1%82%D0%BA%D0%B8","/catalog/%D0%A5%D0%BE%D0%B7%D1%8F%D0%B9%D1%81%D1%82%D0%B2%D0%B5%D0%BD%D0%BD%D1%8B%D0%B5%20%D1%82%D0%BE%D0%B2%D0%B0%D1%80%D1%8B/%D0%9F%D0%B5%D1%80%D1%87%D0%B0%D1%82%D0%BA%D0%B8","200","subcategory","HIGH","Точный товар не доказан; безопасный fallback в релевантную категорию «Перчатки»","301"
"https://cloverspb.ru/magazin/product/perchatki-nitrilovye-l-100sht-upak","/magazin/product/perchatki-nitrilovye-l-100sht-upak","200","product","Перчатки нитриловые L (100шт/упак)","Перчатки нитриловые L (100шт/упак)","https://clover-spb.ru/catalog/%D0%A5%D0%BE%D0%B7%D1%8F%D0%B9%D1%81%D1%82%D0%B2%D0%B5%D0%BD%D0%BD%D1%8B%D0%B5%20%D1%82%D0%BE%D0%B2%D0%B0%D1%80%D1%8B/%D0%9F%D0%B5%D1%80%D1%87%D0%B0%D1%82%D0%BA%D0%B8","/catalog/%D0%A5%D0%BE%D0%B7%D1%8F%D0%B9%D1%81%D1%82%D0%B2%D0%B5%D0%BD%D0%BD%D1%8B%D0%B5%20%D1%82%D0%BE%D0%B2%D0%B0%D1%80%D1%8B/%D0%9F%D0%B5%D1%80%D1%87%D0%B0%D1%82%D0%BA%D0%B8","200","subcategory","HIGH","Точный товар не доказан; безопасный fallback в релевантную категорию «Перчатки»","301"
"https://cloverspb.ru/magazin/product/perchatki-nitrilovye-hl-100sht-upak","/magazin/product/perchatki-nitrilovye-hl-100sht-upak","200","product","Перчатки нитриловые ХL (100шт/упак)","Перчатки нитриловые ХL (100шт/упак)","https://clover-spb.ru/catalog/%D0%A5%D0%BE%D0%B7%D1%8F%D0%B9%D1%81%D1%82%D0%B2%D0%B5%D0%BD%D0%BD%D1%8B%D0%B5%20%D1%82%D0%BE%D0%B2%D0%B0%D1%80%D1%8B/%D0%9F%D0%B5%D1%80%D1%87%D0%B0%D1%82%D0%BA%D0%B8","/catalog/%D0%A5%D0%BE%D0%B7%D1%8F%D0%B9%D1%81%D1%82%D0%B2%D0%B5%D0%BD%D0%BD%D1%8B%D0%B5%20%D1%82%D0%BE%D0%B2%D0%B0%D1%80%D1%8B/%D0%9F%D0%B5%D1%80%D1%87%D0%B0%D1%82%D0%BA%D0%B8","200","subcategory","HIGH","Точный товар не доказан; безопасный fallback в релевантную категорию «Перчатки»","301"
"https://cloverspb.ru/magazin/product/perchatki-odnorazovye-lateks-opudr-medic-l-100sht-upak","/magazin/product/perchatki-odnorazovye-lateks-opudr-medic-l-100sht-upak","200","product","Перчатки одноразовые латекс опудр. медиц. L (100шт/упак)","Перчатки одноразовые латекс опудр. медиц. L (100шт/упак)","https://clover-spb.ru/catalog/%D0%A5%D0%BE%D0%B7%D1%8F%D0%B9%D1%81%D1%82%D0%B2%D0%B5%D0%BD%D0%BD%D1%8B%D0%B5%20%D1%82%D0%BE%D0%B2%D0%B0%D1%80%D1%8B/%D0%9F%D0%B5%D1%80%D1%87%D0%B0%D1%82%D0%BA%D0%B8","/catalog/%D0%A5%D0%BE%D0%B7%D1%8F%D0%B9%D1%81%D1%82%D0%B2%D0%B5%D0%BD%D0%BD%D1%8B%D0%B5%20%D1%82%D0%BE%D0%B2%D0%B0%D1%80%D1%8B/%D0%9F%D0%B5%D1%80%D1%87%D0%B0%D1%82%D0%BA%D0%B8","200","subcategory","HIGH","Точный товар не доказан; безопасный fallback в релевантную категорию «Перчатки»","301"
"https://cloverspb.ru/magazin/product/perchatki-odnorazovye-lateks-opudr-medic-m-100sht-upak","/magazin/product/perchatki-odnorazovye-lateks-opudr-medic-m-100sht-upak","200","product","Перчатки одноразовые латекс опудр. медиц. М (100шт/упак)","Перчатки одноразовые латекс опудр. медиц. М (100шт/упак)","https://clover-spb.ru/product/%D0%9D%D0%A4-00000183","/product/%D0%9D%D0%A4-00000183","200","product","EXACT","Уникальный с обеих сторон публичный артикул 0183 совпадает с кодом нового каталога НФ-00000183","301"
"https://cloverspb.ru/magazin/product/perchatki-odnorazovye-lateks-opudr-medic-s-100sht-upak","/magazin/product/perchatki-odnorazovye-lateks-opudr-medic-s-100sht-upak","200","product","Перчатки одноразовые латекс опудр. медиц. S (100шт/упак)","Перчатки одноразовые латекс опудр. медиц. S (100шт/упак)","https://clover-spb.ru/product/%D0%9D%D0%A4-00000182","/product/%D0%9D%D0%A4-00000182","200","product","EXACT","Уникальный с обеих сторон публичный артикул 0182 совпадает с кодом нового каталога НФ-00000182","301"
"https://cloverspb.ru/magazin/product/perchatki-odnorazovye-lateks-opudr-medic-hl-100sht-upak","/magazin/product/perchatki-odnorazovye-lateks-opudr-medic-hl-100sht-upak","200","product","Перчатки одноразовые латекс опудр. медиц. ХL (100шт/упак)","Перчатки одноразовые латекс опудр. медиц. ХL (100шт/упак)","https://clover-spb.ru/product/%D0%9D%D0%A4-00000185","/product/%D0%9D%D0%A4-00000185","200","product","EXACT","Уникальный с обеих сторон публичный артикул 0185 совпадает с кодом нового каталога НФ-00000185","301"
"https://cloverspb.ru/magazin/product/perchatki-vinilovye-neopudr-s-100sht-upak","/magazin/product/perchatki-vinilovye-neopudr-s-100sht-upak","200","product","Перчатки виниловые неопудр. S (100шт/упак)","Перчатки виниловые неопудр. S (100шт/упак)","https://clover-spb.ru/catalog/%D0%A5%D0%BE%D0%B7%D1%8F%D0%B9%D1%81%D1%82%D0%B2%D0%B5%D0%BD%D0%BD%D1%8B%D0%B5%20%D1%82%D0%BE%D0%B2%D0%B0%D1%80%D1%8B/%D0%9F%D0%B5%D1%80%D1%87%D0%B0%D1%82%D0%BA%D0%B8","/catalog/%D0%A5%D0%BE%D0%B7%D1%8F%D0%B9%D1%81%D1%82%D0%B2%D0%B5%D0%BD%D0%BD%D1%8B%D0%B5%20%D1%82%D0%BE%D0%B2%D0%B0%D1%80%D1%8B/%D0%9F%D0%B5%D1%80%D1%87%D0%B0%D1%82%D0%BA%D0%B8","200","subcategory","HIGH","Точный товар не доказан; безопасный fallback в релевантную категорию «Перчатки»","301"
"https://cloverspb.ru/magazin/product/perchatki-vinilovye-neopudr-m-100sht-upak","/magazin/product/perchatki-vinilovye-neopudr-m-100sht-upak","200","product","Перчатки виниловые неопудр. М (100шт/упак)","Перчатки виниловые неопудр. М (100шт/упак)","https://clover-spb.ru/catalog/%D0%A5%D0%BE%D0%B7%D1%8F%D0%B9%D1%81%D1%82%D0%B2%D0%B5%D0%BD%D0%BD%D1%8B%D0%B5%20%D1%82%D0%BE%D0%B2%D0%B0%D1%80%D1%8B/%D0%9F%D0%B5%D1%80%D1%87%D0%B0%D1%82%D0%BA%D0%B8","/catalog/%D0%A5%D0%BE%D0%B7%D1%8F%D0%B9%D1%81%D1%82%D0%B2%D0%B5%D0%BD%D0%BD%D1%8B%D0%B5%20%D1%82%D0%BE%D0%B2%D0%B0%D1%80%D1%8B/%D0%9F%D0%B5%D1%80%D1%87%D0%B0%D1%82%D0%BA%D0%B8","200","subcategory","HIGH","Точный товар не доказан; безопасный fallback в релевантную категорию «Перчатки»","301"
"https://cloverspb.ru/magazin/product/perchatki-vinilovye-neopudr-l-100sht-upak","/magazin/product/perchatki-vinilovye-neopudr-l-100sht-upak","200","product","Перчатки виниловые неопудр. L (100шт/упак)","Перчатки виниловые неопудр. L (100шт/упак)","https://clover-spb.ru/catalog/%D0%A5%D0%BE%D0%B7%D1%8F%D0%B9%D1%81%D1%82%D0%B2%D0%B5%D0%BD%D0%BD%D1%8B%D0%B5%20%D1%82%D0%BE%D0%B2%D0%B0%D1%80%D1%8B/%D0%9F%D0%B5%D1%80%D1%87%D0%B0%D1%82%D0%BA%D0%B8","/catalog/%D0%A5%D0%BE%D0%B7%D1%8F%D0%B9%D1%81%D1%82%D0%B2%D0%B5%D0%BD%D0%BD%D1%8B%D0%B5%20%D1%82%D0%BE%D0%B2%D0%B0%D1%80%D1%8B/%D0%9F%D0%B5%D1%80%D1%87%D0%B0%D1%82%D0%BA%D0%B8","200","subcategory","HIGH","Точный товар не доказан; безопасный fallback в релевантную категорию «Перчатки»","301"
"https://cloverspb.ru/magazin/product/perchatki-vinilovye-neopudr-hl-100sht-upak","/magazin/product/perchatki-vinilovye-neopudr-hl-100sht-upak","200","product","Перчатки виниловые неопудр. ХL (100шт/упак)","Перчатки виниловые неопудр. ХL (100шт/упак)","https://clover-spb.ru/catalog/%D0%A5%D0%BE%D0%B7%D1%8F%D0%B9%D1%81%D1%82%D0%B2%D0%B5%D0%BD%D0%BD%D1%8B%D0%B5%20%D1%82%D0%BE%D0%B2%D0%B0%D1%80%D1%8B/%D0%9F%D0%B5%D1%80%D1%87%D0%B0%D1%82%D0%BA%D0%B8","/catalog/%D0%A5%D0%BE%D0%B7%D1%8F%D0%B9%D1%81%D1%82%D0%B2%D0%B5%D0%BD%D0%BD%D1%8B%D0%B5%20%D1%82%D0%BE%D0%B2%D0%B0%D1%80%D1%8B/%D0%9F%D0%B5%D1%80%D1%87%D0%B0%D1%82%D0%BA%D0%B8","200","subcategory","HIGH","Точный товар не доказан; безопасный fallback в релевантную категорию «Перчатки»","301"
"https://cloverspb.ru/magazin/product/stroitelnye-perchatki-s-pvh","/magazin/product/stroitelnye-perchatki-s-pvh","200","product","Строительные перчатки с ПВХ","Строительные перчатки с ПВХ","https://clover-spb.ru/product/%D0%9D%D0%A4-00000083","/product/%D0%9D%D0%A4-00000083","200","product","EXACT","Уникальный с обеих сторон публичный артикул 0083 совпадает с кодом нового каталога НФ-00000083","301"
"https://cloverspb.ru/magazin/product/akvalon-5l","/magazin/product/akvalon-5l","200","product","Аквалон 5л","Аквалон 5л","https://clover-spb.ru/catalog/%D0%A5%D0%B8%D0%BC%D0%B8%D1%8F%2C%20%D1%87%D0%B8%D1%81%D1%82%D1%8F%D1%89%D0%B8%D0%B5%20%D1%81%D1%80%D0%B5%D0%B4%D1%81%D1%82%D0%B2%D0%B0/%D0%94%D0%BB%D1%8F%20%D0%BC%D1%8B%D1%82%D1%8C%D1%8F%20%D0%BF%D0%BE%D1%81%D1%83%D0%B4%D1%8B","/catalog/%D0%A5%D0%B8%D0%BC%D0%B8%D1%8F%2C%20%D1%87%D0%B8%D1%81%D1%82%D1%8F%D1%89%D0%B8%D0%B5%20%D1%81%D1%80%D0%B5%D0%B4%D1%81%D1%82%D0%B2%D0%B0/%D0%94%D0%BB%D1%8F%20%D0%BC%D1%8B%D1%82%D1%8C%D1%8F%20%D0%BF%D0%BE%D1%81%D1%83%D0%B4%D1%8B","200","subcategory","HIGH","Точный товар не доказан; безопасный fallback в релевантную категорию «Для мытья посуды»","301"
"https://cloverspb.ru/magazin/product/perednik-pnd-100sht-upak","/magazin/product/perednik-pnd-100sht-upak","200","product","Передник ПНД (100шт/упак)","Передник ПНД (100шт/упак)","https://clover-spb.ru/catalog/%D0%A5%D0%BE%D0%B7%D1%8F%D0%B9%D1%81%D1%82%D0%B2%D0%B5%D0%BD%D0%BD%D1%8B%D0%B5%20%D1%82%D0%BE%D0%B2%D0%B0%D1%80%D1%8B/%D0%9E%D0%B4%D0%BD%D0%BE%D1%80%D0%B0%D0%B7%D0%BE%D0%B2%D0%B0%D1%8F%20%D0%BE%D0%B4%D0%B5%D0%B6%D0%B4%D0%B0","/catalog/%D0%A5%D0%BE%D0%B7%D1%8F%D0%B9%D1%81%D1%82%D0%B2%D0%B5%D0%BD%D0%BD%D1%8B%D0%B5%20%D1%82%D0%BE%D0%B2%D0%B0%D1%80%D1%8B/%D0%9E%D0%B4%D0%BD%D0%BE%D1%80%D0%B0%D0%B7%D0%BE%D0%B2%D0%B0%D1%8F%20%D0%BE%D0%B4%D0%B5%D0%B6%D0%B4%D0%B0","200","subcategory","HIGH","Точный товар не доказан; безопасный fallback в релевантную категорию «Одноразовая одежда»","301"
"https://cloverspb.ru/magazin/product/halat-laboratornyj-belyj","/magazin/product/halat-laboratornyj-belyj","200","product","Халат лабораторный белый","Халат лабораторный белый","https://clover-spb.ru/product/%D0%9D%D0%A4-00000440","/product/%D0%9D%D0%A4-00000440","200","product","EXACT","Уникальный с обеих сторон публичный артикул 0440 совпадает с кодом нового каталога НФ-00000440","301"
"https://cloverspb.ru/magazin/product/shapochka-flizelinovaya-belaya-100sht-upak","/magazin/product/shapochka-flizelinovaya-belaya-100sht-upak","200","product","Шапочка флизелиновая белая (100шт/упак)","Шапочка флизелиновая белая (100шт/упак)","https://clover-spb.ru/product/%D0%9D%D0%A4-00000256","/product/%D0%9D%D0%A4-00000256","200","product","EXACT","Уникальный с обеих сторон публичный артикул 0256 совпадает с кодом нового каталога НФ-00000256","301"
"https://cloverspb.ru/magazin/product/paket-majka-pnd-belyj-30-60sm-100sht-upak","/magazin/product/paket-majka-pnd-belyj-30-60sm-100sht-upak","200","product","Пакет майка ПНД белый 30*60см (100шт/упак)","Пакет майка ПНД белый 30*60см (100шт/упак)","https://clover-spb.ru/product/%D0%9D%D0%A4-00000571","/product/%D0%9D%D0%A4-00000571","200","product","EXACT","Уникальный с обеих сторон публичный артикул 0571 совпадает с кодом нового каталога НФ-00000571","301"
"https://cloverspb.ru/magazin/product/paket-majka-pnd-chernyj-30-60sm-100sht-upak","/magazin/product/paket-majka-pnd-chernyj-30-60sm-100sht-upak","200","product","Пакет майка ПНД черный 30*60см (100шт/упак)","Пакет майка ПНД черный 30*60см (100шт/упак)","https://clover-spb.ru/product/%D0%9D%D0%A4-00000039","/product/%D0%9D%D0%A4-00000039","200","product","EXACT","Уникальный с обеих сторон публичный артикул 0039 совпадает с кодом нового каталога НФ-00000039","301"
"https://cloverspb.ru/magazin/product/paket-majka-36-65-polosa-belaya-100sht-upak","/magazin/product/paket-majka-36-65-polosa-belaya-100sht-upak","200","product","Пакет майка 36*65 ""Полоса"" белая (100шт/упак)","Пакет майка 36*65 ""Полоса"" белая (100шт/упак)","https://clover-spb.ru/product/%D0%9D%D0%A4-00000217","/product/%D0%9D%D0%A4-00000217","200","product","EXACT","Уникальный с обеих сторон публичный артикул 0217 совпадает с кодом нового каталога НФ-00000217","301"
"https://cloverspb.ru/magazin/product/paket-majka-pnd-24-44sm-100sht-upak","/magazin/product/paket-majka-pnd-24-44sm-100sht-upak","200","product","Пакет майка ПНД 24*44см (100шт/упак)","Пакет майка ПНД 24*44см (100шт/упак)","https://clover-spb.ru/catalog/%D0%9F%D0%B0%D0%BA%D0%B5%D1%82%D1%8B%2C%20%D1%83%D0%BF%D0%B0%D0%BA%D0%BE%D0%B2%D0%BE%D1%87%D0%BD%D1%8B%D0%B5%20%D0%BC%D0%B0%D1%82%D0%B5%D1%80%D0%B8%D0%B0%D0%BB%D1%8B/%D0%9F%D0%B0%D0%BA%D0%B5%D1%82%D1%8B-%D0%BC%D0%B0%D0%B9%D0%BA%D0%B8","/catalog/%D0%9F%D0%B0%D0%BA%D0%B5%D1%82%D1%8B%2C%20%D1%83%D0%BF%D0%B0%D0%BA%D0%BE%D0%B2%D0%BE%D1%87%D0%BD%D1%8B%D0%B5%20%D0%BC%D0%B0%D1%82%D0%B5%D1%80%D0%B8%D0%B0%D0%BB%D1%8B/%D0%9F%D0%B0%D0%BA%D0%B5%D1%82%D1%8B-%D0%BC%D0%B0%D0%B9%D0%BA%D0%B8","200","subcategory","HIGH","Точный товар не доказан; безопасный fallback в релевантную категорию «Пакеты-майки»","301"
"https://cloverspb.ru/magazin/product/paket-fasovochnyj-15-20sm-1000sht-upak","/magazin/product/paket-fasovochnyj-15-20sm-1000sht-upak","200","product","Пакет фасовочный 15*20см (1000шт/упак)","Пакет фасовочный 15*20см (1000шт/упак)","https://clover-spb.ru/catalog/%D0%9F%D0%B0%D0%BA%D0%B5%D1%82%D1%8B%2C%20%D1%83%D0%BF%D0%B0%D0%BA%D0%BE%D0%B2%D0%BE%D1%87%D0%BD%D1%8B%D0%B5%20%D0%BC%D0%B0%D1%82%D0%B5%D1%80%D0%B8%D0%B0%D0%BB%D1%8B/%D0%9F%D0%B0%D0%BA%D0%B5%D1%82%D1%8B%20%D1%84%D0%B0%D1%81%D0%BE%D0%B2%D0%BE%D1%87%D0%BD%D1%8B%D0%B5","/catalog/%D0%9F%D0%B0%D0%BA%D0%B5%D1%82%D1%8B%2C%20%D1%83%D0%BF%D0%B0%D0%BA%D0%BE%D0%B2%D0%BE%D1%87%D0%BD%D1%8B%D0%B5%20%D0%BC%D0%B0%D1%82%D0%B5%D1%80%D0%B8%D0%B0%D0%BB%D1%8B/%D0%9F%D0%B0%D0%BA%D0%B5%D1%82%D1%8B%20%D1%84%D0%B0%D1%81%D0%BE%D0%B2%D0%BE%D1%87%D0%BD%D1%8B%D0%B5","200","subcategory","HIGH","Точный товар не доказан; безопасный fallback в релевантную категорию «Пакеты фасовочные»","301"
"https://cloverspb.ru/magazin/product/paket-fasovochnyj-30-40sm-1000sht-upak","/magazin/product/paket-fasovochnyj-30-40sm-1000sht-upak","200","product","Пакет фасовочный 30*40см (1000шт/упак)","Пакет фасовочный 30*40см (1000шт/упак)","https://clover-spb.ru/catalog/%D0%9F%D0%B0%D0%BA%D0%B5%D1%82%D1%8B%2C%20%D1%83%D0%BF%D0%B0%D0%BA%D0%BE%D0%B2%D0%BE%D1%87%D0%BD%D1%8B%D0%B5%20%D0%BC%D0%B0%D1%82%D0%B5%D1%80%D0%B8%D0%B0%D0%BB%D1%8B/%D0%9F%D0%B0%D0%BA%D0%B5%D1%82%D1%8B%20%D1%84%D0%B0%D1%81%D0%BE%D0%B2%D0%BE%D1%87%D0%BD%D1%8B%D0%B5","/catalog/%D0%9F%D0%B0%D0%BA%D0%B5%D1%82%D1%8B%2C%20%D1%83%D0%BF%D0%B0%D0%BA%D0%BE%D0%B2%D0%BE%D1%87%D0%BD%D1%8B%D0%B5%20%D0%BC%D0%B0%D1%82%D0%B5%D1%80%D0%B8%D0%B0%D0%BB%D1%8B/%D0%9F%D0%B0%D0%BA%D0%B5%D1%82%D1%8B%20%D1%84%D0%B0%D1%81%D0%BE%D0%B2%D0%BE%D1%87%D0%BD%D1%8B%D0%B5","200","subcategory","HIGH","Точный товар не доказан; безопасный fallback в релевантную категорию «Пакеты фасовочные»","301"
"https://cloverspb.ru/magazin/product/paket-vakuumnyj-11-16sm-60mkm-100sht-upak","/magazin/product/paket-vakuumnyj-11-16sm-60mkm-100sht-upak","200","product","Пакет вакуумный 11*16см 60мкм (100шт/упак)","Пакет вакуумный 11*16см 60мкм (100шт/упак)","https://clover-spb.ru/product/%D0%9D%D0%A4-00000398","/product/%D0%9D%D0%A4-00000398","200","product","EXACT","Уникальный с обеих сторон публичный артикул 0398 совпадает с кодом нового каталога НФ-00000398","301"
"https://cloverspb.ru/magazin/product/paket-vakuumnyj-16-25sm-60mkm-100sht-upak","/magazin/product/paket-vakuumnyj-16-25sm-60mkm-100sht-upak","200","product","Пакет вакуумный 16*25см 60мкм (100шт/упак)","Пакет вакуумный 16*25см 60мкм (100шт/упак)","https://clover-spb.ru/product/%D0%9D%D0%A4-00000399","/product/%D0%9D%D0%A4-00000399","200","product","EXACT","Уникальный с обеих сторон публичный артикул 0399 совпадает с кодом нового каталога НФ-00000399","301"
"https://cloverspb.ru/magazin/product/paket-vakuumnyj-20-30sm-60mkm-100sht-upak","/magazin/product/paket-vakuumnyj-20-30sm-60mkm-100sht-upak","200","product","Пакет вакуумный 20*30см 60мкм (100шт/упак)","Пакет вакуумный 20*30см 60мкм (100шт/упак)","https://clover-spb.ru/product/%D0%9D%D0%A4-00000400","/product/%D0%9D%D0%A4-00000400","200","product","EXACT","Уникальный с обеих сторон публичный артикул 0400 совпадает с кодом нового каталога НФ-00000400","301"
"https://cloverspb.ru/magazin/product/paket-pvd-s-zamkom-15-10","/magazin/product/paket-pvd-s-zamkom-15-10","200","product","Пакет ПВД с замком 15*10","Пакет ПВД с замком 15*10","https://clover-spb.ru/catalog/%D0%9F%D0%B0%D0%BA%D0%B5%D1%82%D1%8B%2C%20%D1%83%D0%BF%D0%B0%D0%BA%D0%BE%D0%B2%D0%BE%D1%87%D0%BD%D1%8B%D0%B5%20%D0%BC%D0%B0%D1%82%D0%B5%D1%80%D0%B8%D0%B0%D0%BB%D1%8B/%D0%9F%D0%B0%D0%BA%D0%B5%D1%82%D1%8B%20zip-lock","/catalog/%D0%9F%D0%B0%D0%BA%D0%B5%D1%82%D1%8B%2C%20%D1%83%D0%BF%D0%B0%D0%BA%D0%BE%D0%B2%D0%BE%D1%87%D0%BD%D1%8B%D0%B5%20%D0%BC%D0%B0%D1%82%D0%B5%D1%80%D0%B8%D0%B0%D0%BB%D1%8B/%D0%9F%D0%B0%D0%BA%D0%B5%D1%82%D1%8B%20zip-lock","200","subcategory","HIGH","Точный товар в текущем каталоге не доказан; тип и назначение однозначно соответствуют наиболее узкой категории «Пакеты zip-lock»","301"
"https://cloverspb.ru/magazin/product/shpagat-dzhutovyj-100m","/magazin/product/shpagat-dzhutovyj-100m","200","product","Шпагат джутовый 100м","Шпагат джутовый 100м","https://clover-spb.ru/catalog/%D0%9F%D0%B0%D0%BA%D0%B5%D1%82%D1%8B%2C%20%D1%83%D0%BF%D0%B0%D0%BA%D0%BE%D0%B2%D0%BE%D1%87%D0%BD%D1%8B%D0%B5%20%D0%BC%D0%B0%D1%82%D0%B5%D1%80%D0%B8%D0%B0%D0%BB%D1%8B","/catalog/%D0%9F%D0%B0%D0%BA%D0%B5%D1%82%D1%8B%2C%20%D1%83%D0%BF%D0%B0%D0%BA%D0%BE%D0%B2%D0%BE%D1%87%D0%BD%D1%8B%D0%B5%20%D0%BC%D0%B0%D1%82%D0%B5%D1%80%D0%B8%D0%B0%D0%BB%D1%8B","200","category","HIGH","Точный товар не доказан; безопасный fallback в релевантную категорию «Пакеты, упаковочные материалы»","301"
"https://cloverspb.ru/magazin/product/paket-s-kr-ruch-b-p-240h140h280-kraft","/magazin/product/paket-s-kr-ruch-b-p-240h140h280-kraft","200","product","Пакет с кр. руч. б/п 240х140х280 крафт","Пакет с кр. руч. б/п 240х140х280 крафт","https://clover-spb.ru/catalog/%D0%9F%D0%B0%D0%BA%D0%B5%D1%82%D1%8B%2C%20%D1%83%D0%BF%D0%B0%D0%BA%D0%BE%D0%B2%D0%BE%D1%87%D0%BD%D1%8B%D0%B5%20%D0%BC%D0%B0%D1%82%D0%B5%D1%80%D0%B8%D0%B0%D0%BB%D1%8B/%D0%91%D1%83%D0%BC%D0%B0%D0%B6%D0%BD%D1%8B%D0%B5%20%D0%BF%D0%B0%D0%BA%D0%B5%D1%82%D1%8B%20%D1%81%20%D1%80%D1%83%D1%87%D0%BA%D0%BE%D0%B9","/catalog/%D0%9F%D0%B0%D0%BA%D0%B5%D1%82%D1%8B%2C%20%D1%83%D0%BF%D0%B0%D0%BA%D0%BE%D0%B2%D0%BE%D1%87%D0%BD%D1%8B%D0%B5%20%D0%BC%D0%B0%D1%82%D0%B5%D1%80%D0%B8%D0%B0%D0%BB%D1%8B/%D0%91%D1%83%D0%BC%D0%B0%D0%B6%D0%BD%D1%8B%D0%B5%20%D0%BF%D0%B0%D0%BA%D0%B5%D1%82%D1%8B%20%D1%81%20%D1%80%D1%83%D1%87%D0%BA%D0%BE%D0%B9","200","subcategory","HIGH","Точный товар не доказан; безопасный fallback в релевантную категорию «Бумажные пакеты с ручкой»","301"
"https://cloverspb.ru/magazin/product/paket-s-kr-ruch-b-p-320h200h370-kraft","/magazin/product/paket-s-kr-ruch-b-p-320h200h370-kraft","200","product","Пакет с кр. руч. б/п 320х200х370 крафт","Пакет с кр. руч. б/п 320х200х370 крафт","https://clover-spb.ru/catalog/%D0%9F%D0%B0%D0%BA%D0%B5%D1%82%D1%8B%2C%20%D1%83%D0%BF%D0%B0%D0%BA%D0%BE%D0%B2%D0%BE%D1%87%D0%BD%D1%8B%D0%B5%20%D0%BC%D0%B0%D1%82%D0%B5%D1%80%D0%B8%D0%B0%D0%BB%D1%8B/%D0%91%D1%83%D0%BC%D0%B0%D0%B6%D0%BD%D1%8B%D0%B5%20%D0%BF%D0%B0%D0%BA%D0%B5%D1%82%D1%8B%20%D1%81%20%D1%80%D1%83%D1%87%D0%BA%D0%BE%D0%B9","/catalog/%D0%9F%D0%B0%D0%BA%D0%B5%D1%82%D1%8B%2C%20%D1%83%D0%BF%D0%B0%D0%BA%D0%BE%D0%B2%D0%BE%D1%87%D0%BD%D1%8B%D0%B5%20%D0%BC%D0%B0%D1%82%D0%B5%D1%80%D0%B8%D0%B0%D0%BB%D1%8B/%D0%91%D1%83%D0%BC%D0%B0%D0%B6%D0%BD%D1%8B%D0%B5%20%D0%BF%D0%B0%D0%BA%D0%B5%D1%82%D1%8B%20%D1%81%20%D1%80%D1%83%D1%87%D0%BA%D0%BE%D0%B9","200","subcategory","HIGH","Точный товар не доказан; безопасный fallback в релевантную категорию «Бумажные пакеты с ручкой»","301"
"https://cloverspb.ru/magazin/product/vafelnoe-polotno-40-sm-otbelennoe-plotn-110-50-m","/magazin/product/vafelnoe-polotno-40-sm-otbelennoe-plotn-110-50-m","200","product","Вафельное полотно 40 см отбеленное плотн. 110 50 м","Вафельное полотно 40 см отбеленное плотн. 110 50 м","https://clover-spb.ru/product/%D0%9D%D0%A4-00000209","/product/%D0%9D%D0%A4-00000209","200","product","EXACT","Уникальный с обеих сторон публичный артикул 0209 совпадает с кодом нового каталога НФ-00000209","301"
"https://cloverspb.ru/magazin/product/vafelnoe-polotno-45-sm-otbelennoe-plotn-125-50-m","/magazin/product/vafelnoe-polotno-45-sm-otbelennoe-plotn-125-50-m","200","product","Вафельное полотно 45 см отбеленное плотн. 125 50 м","Вафельное полотно 45 см отбеленное плотн. 125 50 м","https://clover-spb.ru/product/%D0%9D%D0%A4-00000239","/product/%D0%9D%D0%A4-00000239","200","product","EXACT","Уникальный с обеих сторон публичный артикул 0239 совпадает с кодом нового каталога НФ-00000239","301"
"https://cloverspb.ru/magazin/product/plenka-strejch-500-h-17-mkm-ves-netto-2-0-kg","/magazin/product/plenka-strejch-500-h-17-mkm-ves-netto-2-0-kg","200","product","Пленка-стрейч 500 х 17 мкм вес нетто 2,0 кг","Пленка-стрейч 500 х 17 мкм вес нетто 2,0 кг","https://clover-spb.ru/catalog/%D0%A5%D0%BE%D0%B7%D1%8F%D0%B9%D1%81%D1%82%D0%B2%D0%B5%D0%BD%D0%BD%D1%8B%D0%B5%20%D1%82%D0%BE%D0%B2%D0%B0%D1%80%D1%8B/%D0%A4%D0%BE%D0%BB%D1%8C%D0%B3%D0%B0%2C%20%D0%BF%D0%BB%D0%B5%D0%BD%D0%BA%D0%B0%2C%20%D0%BF%D0%B5%D1%80%D0%B3%D0%B0%D0%BC%D0%B5%D0%BD%D1%82","/catalog/%D0%A5%D0%BE%D0%B7%D1%8F%D0%B9%D1%81%D1%82%D0%B2%D0%B5%D0%BD%D0%BD%D1%8B%D0%B5%20%D1%82%D0%BE%D0%B2%D0%B0%D1%80%D1%8B/%D0%A4%D0%BE%D0%BB%D1%8C%D0%B3%D0%B0%2C%20%D0%BF%D0%BB%D0%B5%D0%BD%D0%BA%D0%B0%2C%20%D0%BF%D0%B5%D1%80%D0%B3%D0%B0%D0%BC%D0%B5%D0%BD%D1%82","200","subcategory","HIGH","Точный товар не доказан; безопасный fallback в релевантную категорию «Фольга, пленка, пергамент»","301"
"https://cloverspb.ru/magazin/product/paket-dlya-musora-70h110-pvd-60-mkm-v-400-120-l","/magazin/product/paket-dlya-musora-70h110-pvd-60-mkm-v-400-120-l","200","product","Пакет для мусора 70х110 ПВД 60 мкм В (400) 120 л","Пакет для мусора 70х110 ПВД 60 мкм В (400) 120 л","https://clover-spb.ru/product/%D0%9D%D0%A4-00000152","/product/%D0%9D%D0%A4-00000152","200","product","EXACT","Уникальный с обеих сторон публичный артикул 0152 совпадает с кодом нового каталога НФ-00000152","301"
"https://cloverspb.ru/magazin/product/paket-dlya-musora-90h110-pvd-60-mkm-v-300-160-l","/magazin/product/paket-dlya-musora-90h110-pvd-60-mkm-v-300-160-l","200","product","Пакет для мусора 90х110 ПВД 60 мкм В (300) 160 л","Пакет для мусора 90х110 ПВД 60 мкм В (300) 160 л","https://clover-spb.ru/catalog/%D0%A5%D0%BE%D0%B7%D1%8F%D0%B9%D1%81%D1%82%D0%B2%D0%B5%D0%BD%D0%BD%D1%8B%D0%B5%20%D1%82%D0%BE%D0%B2%D0%B0%D1%80%D1%8B/%D0%9C%D0%B5%D1%88%D0%BA%D0%B8%20%D0%B4%D0%BB%D1%8F%20%D0%BC%D1%83%D1%81%D0%BE%D1%80%D0%B0","/catalog/%D0%A5%D0%BE%D0%B7%D1%8F%D0%B9%D1%81%D1%82%D0%B2%D0%B5%D0%BD%D0%BD%D1%8B%D0%B5%20%D1%82%D0%BE%D0%B2%D0%B0%D1%80%D1%8B/%D0%9C%D0%B5%D1%88%D0%BA%D0%B8%20%D0%B4%D0%BB%D1%8F%20%D0%BC%D1%83%D1%81%D0%BE%D1%80%D0%B0","200","subcategory","HIGH","Точный товар не доказан; безопасный fallback в релевантную категорию «Мешки для мусора»","301"
"https://cloverspb.ru/magazin/product/paket-dlya-musora-90h140-pvd-60-mkm-v-240-l","/magazin/product/paket-dlya-musora-90h140-pvd-60-mkm-v-240-l","200","product","Пакет для мусора 90х140 ПВД 60 мкм В 240 л","Пакет для мусора 90х140 ПВД 60 мкм В 240 л","https://clover-spb.ru/catalog/%D0%A5%D0%BE%D0%B7%D1%8F%D0%B9%D1%81%D1%82%D0%B2%D0%B5%D0%BD%D0%BD%D1%8B%D0%B5%20%D1%82%D0%BE%D0%B2%D0%B0%D1%80%D1%8B/%D0%9C%D0%B5%D1%88%D0%BA%D0%B8%20%D0%B4%D0%BB%D1%8F%20%D0%BC%D1%83%D1%81%D0%BE%D1%80%D0%B0","/catalog/%D0%A5%D0%BE%D0%B7%D1%8F%D0%B9%D1%81%D1%82%D0%B2%D0%B5%D0%BD%D0%BD%D1%8B%D0%B5%20%D1%82%D0%BE%D0%B2%D0%B0%D1%80%D1%8B/%D0%9C%D0%B5%D1%88%D0%BA%D0%B8%20%D0%B4%D0%BB%D1%8F%20%D0%BC%D1%83%D1%81%D0%BE%D1%80%D0%B0","200","subcategory","HIGH","Точный товар не доказан; безопасный fallback в релевантную категорию «Мешки для мусора»","301"
"https://cloverspb.ru/magazin/product/paket-dlya-musora-pvd-rulon-30-l-50-sht","/magazin/product/paket-dlya-musora-pvd-rulon-30-l-50-sht","200","product","Пакет для мусора ПВД рулон 30 л 50 шт.","Пакет для мусора ПВД рулон 30 л 50 шт.","https://clover-spb.ru/product/%D0%9D%D0%A4-00000150","/product/%D0%9D%D0%A4-00000150","200","product","EXACT","Уникальный с обеих сторон публичный артикул 0150 совпадает с кодом нового каталога НФ-00000150","301"
"https://cloverspb.ru/magazin/product/paket-dlya-musora-pvd-rulon-60-l-50-sht","/magazin/product/paket-dlya-musora-pvd-rulon-60-l-50-sht","200","product","Пакет для мусора ПВД рулон 60 л 50 шт.","Пакет для мусора ПВД рулон 60 л 50 шт.","https://clover-spb.ru/catalog/%D0%A5%D0%BE%D0%B7%D1%8F%D0%B9%D1%81%D1%82%D0%B2%D0%B5%D0%BD%D0%BD%D1%8B%D0%B5%20%D1%82%D0%BE%D0%B2%D0%B0%D1%80%D1%8B/%D0%9C%D0%B5%D1%88%D0%BA%D0%B8%20%D0%B4%D0%BB%D1%8F%20%D0%BC%D1%83%D1%81%D0%BE%D1%80%D0%B0","/catalog/%D0%A5%D0%BE%D0%B7%D1%8F%D0%B9%D1%81%D1%82%D0%B2%D0%B5%D0%BD%D0%BD%D1%8B%D0%B5%20%D1%82%D0%BE%D0%B2%D0%B0%D1%80%D1%8B/%D0%9C%D0%B5%D1%88%D0%BA%D0%B8%20%D0%B4%D0%BB%D1%8F%20%D0%BC%D1%83%D1%81%D0%BE%D1%80%D0%B0","200","subcategory","HIGH","Точный товар не доказан; безопасный fallback в релевантную категорию «Мешки для мусора»","301"
"https://cloverspb.ru/magazin/product/gubka-dlya-posudy-5-sht-mega-10h6-5h4-sm-15up-kor","/magazin/product/gubka-dlya-posudy-5-sht-mega-10h6-5h4-sm-15up-kor","200","product","Губка для посуды 5 шт Мега 10х6,5х4 см (15уп/кор)","Губка для посуды 5 шт Мега 10х6,5х4 см (15уп/кор)","https://clover-spb.ru/product/%D0%9D%D0%A4-00000115","/product/%D0%9D%D0%A4-00000115","200","product","EXACT","Уникальный с обеих сторон публичный артикул 0115 совпадает с кодом нового каталога НФ-00000115","301"
"https://cloverspb.ru/magazin/product/mochalka-metallicheskaya-3-sht-v-setke","/magazin/product/mochalka-metallicheskaya-3-sht-v-setke","200","product","Мочалка металлическая 3 шт. в сетке","Мочалка металлическая 3 шт. в сетке","https://clover-spb.ru/product/%D0%9D%D0%A4-00000116","/product/%D0%9D%D0%A4-00000116","200","product","EXACT","Уникальный с обеих сторон публичный артикул 0116 совпадает с кодом нового каталога НФ-00000116","301"
"https://cloverspb.ru/magazin/product/mochalka-metallicheskaya-maksi-40-gr-v-setke-30sht-kor","/magazin/product/mochalka-metallicheskaya-maksi-40-gr-v-setke-30sht-kor","200","product","Мочалка металлическая Макси 40 гр в сетке (30шт/кор)","Мочалка металлическая Макси 40 гр в сетке (30шт/кор)","https://clover-spb.ru/catalog/%D0%A5%D0%BE%D0%B7%D1%8F%D0%B9%D1%81%D1%82%D0%B2%D0%B5%D0%BD%D0%BD%D1%8B%D0%B5%20%D1%82%D0%BE%D0%B2%D0%B0%D1%80%D1%8B/%D0%93%D1%83%D0%B1%D0%BA%D0%B8%20%D0%B4%D0%BB%D1%8F%20%D0%BF%D0%BE%D1%81%D1%83%D0%B4%D1%8B","/catalog/%D0%A5%D0%BE%D0%B7%D1%8F%D0%B9%D1%81%D1%82%D0%B2%D0%B5%D0%BD%D0%BD%D1%8B%D0%B5%20%D1%82%D0%BE%D0%B2%D0%B0%D1%80%D1%8B/%D0%93%D1%83%D0%B1%D0%BA%D0%B8%20%D0%B4%D0%BB%D1%8F%20%D0%BF%D0%BE%D1%81%D1%83%D0%B4%D1%8B","200","subcategory","HIGH","Точный товар не доказан; безопасный fallback в релевантную категорию «Губки для посуды»","301"
"https://cloverspb.ru/magazin/product/mochalka-dlya-posudy-metall-pletenaya-v-setke-140-gr-10-sht","/magazin/product/mochalka-dlya-posudy-metall-pletenaya-v-setke-140-gr-10-sht","200","product","Мочалка для посуды металл.плетеная в сетке 140 гр 10 шт","Мочалка для посуды металл.плетеная в сетке 140 гр 10 шт","https://clover-spb.ru/product/%D0%9D%D0%A4-00000119","/product/%D0%9D%D0%A4-00000119","200","product","EXACT","Уникальный с обеих сторон публичный артикул 0119 совпадает с кодом нового каталога НФ-00000119","301"
"https://cloverspb.ru/magazin/product/forma-alyum-r28l-430ml-144h119hh40mm","/magazin/product/forma-alyum-r28l-430ml-144h119hh40mm","200","product","Форма алюм. R28L 430мл (144х119хh40мм)","Форма алюм. R28L 430мл (144х119хh40мм)","https://clover-spb.ru/catalog/%D0%9E%D0%B4%D0%BD%D0%BE%D1%80%D0%B0%D0%B7%D0%BE%D0%B2%D0%B0%D1%8F%20%D0%BF%D0%BE%D1%81%D1%83%D0%B4%D0%B0/%D0%A4%D0%BE%D1%80%D0%BC%D1%8B%20%D0%B0%D0%BB%D1%8E%D0%BC%D0%B8%D0%BD%D0%B8%D0%B5%D0%B2%D1%8B%D0%B5","/catalog/%D0%9E%D0%B4%D0%BD%D0%BE%D1%80%D0%B0%D0%B7%D0%BE%D0%B2%D0%B0%D1%8F%20%D0%BF%D0%BE%D1%81%D1%83%D0%B4%D0%B0/%D0%A4%D0%BE%D1%80%D0%BC%D1%8B%20%D0%B0%D0%BB%D1%8E%D0%BC%D0%B8%D0%BD%D0%B8%D0%B5%D0%B2%D1%8B%D0%B5","200","subcategory","HIGH","Точный товар в текущем каталоге не доказан; тип и назначение однозначно соответствуют наиболее узкой категории «Формы алюминиевые»","301"
"https://cloverspb.ru/magazin/product/forma-alyum-r44-r14l-900ml-220h115hh55mm","/magazin/product/forma-alyum-r44-r14l-900ml-220h115hh55mm","200","product","Форма алюм. R44/R14L 900мл (220х115хh55мм)","Форма алюм. R44/R14L 900мл (220х115хh55мм)","https://clover-spb.ru/product/%D0%9D%D0%A4-00000484","/product/%D0%9D%D0%A4-00000484","200","product","EXACT","Уникальный с обеих сторон публичный артикул 0484 совпадает с кодом нового каталога НФ-00000484","301"
"https://cloverspb.ru/magazin/product/kryshka-alyum-kart-cr28l-140x155mm-k-forme-alyum-rn28l","/magazin/product/kryshka-alyum-kart-cr28l-140x155mm-k-forme-alyum-rn28l","200","product","Крышка алюм.карт.CR28L (140x155мм) к форме алюм.RN28L","Крышка алюм.карт.CR28L (140x155мм) к форме алюм.RN28L","https://clover-spb.ru/catalog/%D0%9E%D0%B4%D0%BD%D0%BE%D1%80%D0%B0%D0%B7%D0%BE%D0%B2%D0%B0%D1%8F%20%D0%BF%D0%BE%D1%81%D1%83%D0%B4%D0%B0/%D0%9A%D0%BE%D0%BD%D1%82%D0%B5%D0%B9%D0%BD%D0%B5%D1%80%D1%8B","/catalog/%D0%9E%D0%B4%D0%BD%D0%BE%D1%80%D0%B0%D0%B7%D0%BE%D0%B2%D0%B0%D1%8F%20%D0%BF%D0%BE%D1%81%D1%83%D0%B4%D0%B0/%D0%9A%D0%BE%D0%BD%D1%82%D0%B5%D0%B9%D0%BD%D0%B5%D1%80%D1%8B","200","subcategory","HIGH","Точный товар не доказан; безопасный fallback в релевантную категорию «Контейнеры»","301"
"https://cloverspb.ru/magazin/product/kryshka-alyum-kart-cr14l-r15l-62-217x112mm-k-forme-r14l-62l","/magazin/product/kryshka-alyum-kart-cr14l-r15l-62-217x112mm-k-forme-r14l-62l","200","product","Крышка алюм.карт. CR14L-R15L/62(217x112мм) к форме.R14L/62L","Крышка алюм.карт. CR14L-R15L/62(217x112мм) к форме.R14L/62L","https://clover-spb.ru/product/%D0%9D%D0%A4-00000480","/product/%D0%9D%D0%A4-00000480","200","product","EXACT","Уникальный с обеих сторон публичный артикул 0480 совпадает с кодом нового каталога НФ-00000480","301"
"https://cloverspb.ru/magazin/product/salfetka-cellyuloznaya-14h16-sm-3-sht-50sht-kor","/magazin/product/salfetka-cellyuloznaya-14h16-sm-3-sht-50sht-kor","200","product","Салфетка целлюлозная 14х16 см 3 шт. (50шт/кор)","Салфетка целлюлозная 14х16 см 3 шт. (50шт/кор)","https://clover-spb.ru/product/%D0%9D%D0%A4-00000383","/product/%D0%9D%D0%A4-00000383","200","product","EXACT","Уникальный с обеих сторон публичный артикул 0383 совпадает с кодом нового каталога НФ-00000383","301"
"https://cloverspb.ru/magazin/product/tryapka-dlya-pola-hpp-80h100-sm-25sht-kor","/magazin/product/tryapka-dlya-pola-hpp-80h100-sm-25sht-kor","200","product","Тряпка для пола ХПП 80х100 см (25шт/кор)","Тряпка для пола ХПП 80х100 см (25шт/кор)","https://clover-spb.ru/product/%D0%9D%D0%A4-00000121","/product/%D0%9D%D0%A4-00000121","200","product","EXACT","Уникальный с обеих сторон публичный артикул 0121 совпадает с кодом нового каталога НФ-00000121","301"
"https://cloverspb.ru/magazin/product/tryapka-netkol-hlopkovaya-50-80sm-2-sl","/magazin/product/tryapka-netkol-hlopkovaya-50-80sm-2-sl","200","product","Тряпка неткол хлопковая 50*80см 2-сл.","Тряпка неткол хлопковая 50*80см 2-сл.","https://clover-spb.ru/product/%D0%9D%D0%A4-00000756","/product/%D0%9D%D0%A4-00000756","200","product","EXACT","Уникальный с обеих сторон публичный артикул 0756 совпадает с кодом нового каталога НФ-00000756","301"
"https://cloverspb.ru/magazin/product/tryapka-netkol-hlopkovaya-60-80sm-3-sl","/magazin/product/tryapka-netkol-hlopkovaya-60-80sm-3-sl","200","product","Тряпка неткол хлопковая 60*80см 3-сл.","Тряпка неткол хлопковая 60*80см 3-сл.","https://clover-spb.ru/product/%D0%9D%D0%A4-00000757","/product/%D0%9D%D0%A4-00000757","200","product","EXACT","Уникальный с обеих сторон публичный артикул 0757 совпадает с кодом нового каталога НФ-00000757","301"
"https://cloverspb.ru/magazin/product/bumaga-a4-80g-m2-500l-upak","/magazin/product/bumaga-a4-80g-m2-500l-upak","200","product","Бумага А4 80г/м2 (500л/упак)","Бумага А4 80г/м2 (500л/упак)","https://clover-spb.ru/product/%D0%9D%D0%A4-00000210","/product/%D0%9D%D0%A4-00000210","200","product","EXACT","Уникальный с обеих сторон публичный артикул 0210 совпадает с кодом нового каталога НФ-00000210","301"
"https://cloverspb.ru/magazin/product/lenta-kassovaya-57-12mm-17m","/magazin/product/lenta-kassovaya-57-12mm-17m","200","product","Лента кассовая 57*12мм 17м","Лента кассовая 57*12мм 17м","https://clover-spb.ru/product/%D0%9D%D0%A4-00000163","/product/%D0%9D%D0%A4-00000163","200","product","EXACT","Уникальный с обеих сторон публичный артикул 0163 совпадает с кодом нового каталога НФ-00000163","301"
"https://cloverspb.ru/magazin/product/lenta-kassovaya-57-12mm-40m","/magazin/product/lenta-kassovaya-57-12mm-40m","200","product","Лента кассовая 57*12мм 40м","Лента кассовая 57*12мм 40м","https://clover-spb.ru/product/%D0%9D%D0%A4-00000164","/product/%D0%9D%D0%A4-00000164","200","product","EXACT","Уникальный с обеих сторон публичный артикул 0164 совпадает с кодом нового каталога НФ-00000164","301"
"https://cloverspb.ru/magazin/product/lenta-kassovaya-80-12mm-70m","/magazin/product/lenta-kassovaya-80-12mm-70m","200","product","Лента кассовая 80*12мм 70м","Лента кассовая 80*12мм 70м","https://clover-spb.ru/catalog/%D0%9A%D0%B0%D0%BD%D1%86%D0%B5%D0%BB%D1%8F%D1%80%D1%81%D0%BA%D0%B8%D0%B5%20%D1%82%D0%BE%D0%B2%D0%B0%D1%80%D1%8B","/catalog/%D0%9A%D0%B0%D0%BD%D1%86%D0%B5%D0%BB%D1%8F%D1%80%D1%81%D0%BA%D0%B8%D0%B5%20%D1%82%D0%BE%D0%B2%D0%B0%D1%80%D1%8B","200","category","HIGH","Точный товар не доказан; безопасный fallback в релевантную категорию «Канцелярские товары»","301"
"https://cloverspb.ru/magazin/product/kontejner-bumazhnyj-eco-opsalad-500-kraft-s-prozr-krysh","/magazin/product/kontejner-bumazhnyj-eco-opsalad-500-kraft-s-prozr-krysh","200","product","Контейнер бумажный ""ECO OpSALAD 500"" крафт с прозр. крыш.","Контейнер бумажный ""ECO OpSALAD 500"" крафт с прозр. крыш.","https://clover-spb.ru/product/%D0%9D%D0%A4-00000477","/product/%D0%9D%D0%A4-00000477","200","product","EXACT","Уникальный с обеих сторон публичный артикул 0477 совпадает с кодом нового каталога НФ-00000477","301"
"https://cloverspb.ru/magazin/product/kontejner-bumazhnyj-eco-opsalad-800-kraft-s-prozr-krysh","/magazin/product/kontejner-bumazhnyj-eco-opsalad-800-kraft-s-prozr-krysh","200","product","Контейнер бумажный ""ECO OpSALAD 800"" крафт с прозр. крыш.","Контейнер бумажный ""ECO OpSALAD 800"" крафт с прозр. крыш.","https://clover-spb.ru/product/%D0%9D%D0%A4-00000518","/product/%D0%9D%D0%A4-00000518","200","product","EXACT","Уникальный с обеих сторон публичный артикул 0518 совпадает с кодом нового каталога НФ-00000518","301"
"https://cloverspb.ru/magazin/product/kontejner-bumazhnyj-eco-opsalad-900-kraft-s-prozr-krysh","/magazin/product/kontejner-bumazhnyj-eco-opsalad-900-kraft-s-prozr-krysh","200","product","Контейнер бумажный ""ECO OpSALAD 900"" крафт с прозр. крыш.","Контейнер бумажный ""ECO OpSALAD 900"" крафт с прозр. крыш.","https://clover-spb.ru/catalog/%D0%9E%D0%B4%D0%BD%D0%BE%D1%80%D0%B0%D0%B7%D0%BE%D0%B2%D0%B0%D1%8F%20%D0%BF%D0%BE%D1%81%D1%83%D0%B4%D0%B0","/catalog/%D0%9E%D0%B4%D0%BD%D0%BE%D1%80%D0%B0%D0%B7%D0%BE%D0%B2%D0%B0%D1%8F%20%D0%BF%D0%BE%D1%81%D1%83%D0%B4%D0%B0","200","category","HIGH","Точный товар не доказан; безопасный fallback в релевантную категорию «Одноразовая посуда»","301"
"https://cloverspb.ru/magazin/product/kontejner-bumazhnyj-eco-opsalad-800-black-edition-chernyj-s-prozr-krysh","/magazin/product/kontejner-bumazhnyj-eco-opsalad-800-black-edition-chernyj-s-prozr-krysh","200","product","Контейнер бумажный ""ECO OpSALAD 800 Black Edition"" черный с прозр. крыш.","Контейнер бумажный ""ECO OpSALAD 800 Black Edition"" черный с прозр. крыш.","https://clover-spb.ru/catalog/%D0%9E%D0%B4%D0%BD%D0%BE%D1%80%D0%B0%D0%B7%D0%BE%D0%B2%D0%B0%D1%8F%20%D0%BF%D0%BE%D1%81%D1%83%D0%B4%D0%B0","/catalog/%D0%9E%D0%B4%D0%BD%D0%BE%D1%80%D0%B0%D0%B7%D0%BE%D0%B2%D0%B0%D1%8F%20%D0%BF%D0%BE%D1%81%D1%83%D0%B4%D0%B0","200","category","HIGH","Точный товар не доказан; безопасный fallback в релевантную категорию «Одноразовая посуда»","301"
"https://cloverspb.ru/magazin/product/belizna","/magazin/product/belizna","200","product","Белизна","Белизна","https://clover-spb.ru/product/%D0%9D%D0%A4-00000070","/product/%D0%9D%D0%A4-00000070","200","product","EXACT","Уникальный с обеих сторон публичный артикул 0070 совпадает с кодом нового каталога НФ-00000070","301"
"https://cloverspb.ru/magazin/product/belizna-gel-1l","/magazin/product/belizna-gel-1l","200","product","Белизна гель 1л","Белизна гель 1л","https://clover-spb.ru/product/%D0%9D%D0%A4-00000238","/product/%D0%9D%D0%A4-00000238","200","product","EXACT","Уникальный с обеих сторон публичный артикул 0238 совпадает с кодом нового каталога НФ-00000238","301"
"https://cloverspb.ru/magazin/product/kontejner-kartonnyj-eco-opsalad-350ml-chernyj-s-prozrachnoj-kryshkoj-121-106-55mm-osq-50-350","/magazin/product/kontejner-kartonnyj-eco-opsalad-350ml-chernyj-s-prozrachnoj-kryshkoj-121-106-55mm-osq-50-350","200","product","Контейнер картонный ""Eco OpSalad"" 350мл черный с прозрачной крышкой 121*106*55мм OSQ (50/350)","Контейнер картонный ""Eco OpSalad"" 350мл черный с прозрачной крышкой 121*106*55мм OSQ (50/350)","https://clover-spb.ru/catalog/%D0%9E%D0%B4%D0%BD%D0%BE%D1%80%D0%B0%D0%B7%D0%BE%D0%B2%D0%B0%D1%8F%20%D0%BF%D0%BE%D1%81%D1%83%D0%B4%D0%B0","/catalog/%D0%9E%D0%B4%D0%BD%D0%BE%D1%80%D0%B0%D0%B7%D0%BE%D0%B2%D0%B0%D1%8F%20%D0%BF%D0%BE%D1%81%D1%83%D0%B4%D0%B0","200","category","HIGH","Точный товар не доказан; безопасный fallback в релевантную категорию «Одноразовая посуда»","301"
"https://cloverspb.ru/magazin/product/kontejner-kartonnyj-eco-opsalad-350ml-s-prozrachnoj-kryshkoj-121-106-55mm-osq-50-350","/magazin/product/kontejner-kartonnyj-eco-opsalad-350ml-s-prozrachnoj-kryshkoj-121-106-55mm-osq-50-350","200","product","Контейнер картонный ""Eco OpSalad"" 350мл с прозрачной крышкой 121*106*55мм OSQ (50/350)","Контейнер картонный ""Eco OpSalad"" 350мл с прозрачной крышкой 121*106*55мм OSQ (50/350)","https://clover-spb.ru/catalog/%D0%9E%D0%B4%D0%BD%D0%BE%D1%80%D0%B0%D0%B7%D0%BE%D0%B2%D0%B0%D1%8F%20%D0%BF%D0%BE%D1%81%D1%83%D0%B4%D0%B0","/catalog/%D0%9E%D0%B4%D0%BD%D0%BE%D1%80%D0%B0%D0%B7%D0%BE%D0%B2%D0%B0%D1%8F%20%D0%BF%D0%BE%D1%81%D1%83%D0%B4%D0%B0","200","category","HIGH","Точный товар не доказан; безопасный fallback в релевантную категорию «Одноразовая посуда»","301"
"https://cloverspb.ru/magazin/product/kontejner-bumazhnyj-eco-opsalad-400-ml-chernyj-s-kryshkoj","/magazin/product/kontejner-bumazhnyj-eco-opsalad-400-ml-chernyj-s-kryshkoj","200","product","Контейнер бумажный ECO OpSalad 400 мл черный с крышкой","Контейнер бумажный ECO OpSalad 400 мл черный с крышкой","https://clover-spb.ru/catalog/%D0%9E%D0%B4%D0%BD%D0%BE%D1%80%D0%B0%D0%B7%D0%BE%D0%B2%D0%B0%D1%8F%20%D0%BF%D0%BE%D1%81%D1%83%D0%B4%D0%B0","/catalog/%D0%9E%D0%B4%D0%BD%D0%BE%D1%80%D0%B0%D0%B7%D0%BE%D0%B2%D0%B0%D1%8F%20%D0%BF%D0%BE%D1%81%D1%83%D0%B4%D0%B0","200","category","HIGH","Точный товар не доказан; безопасный fallback в релевантную категорию «Одноразовая посуда»","301"
"https://cloverspb.ru/magazin/product/kontejner-bumazhnyj-eco-opsalad-1000-ml-kraft-s-kryshkoj","/magazin/product/kontejner-bumazhnyj-eco-opsalad-1000-ml-kraft-s-kryshkoj","200","product","Контейнер бумажный ECO OpSalad 1000 мл крафт с крышкой","Контейнер бумажный ECO OpSalad 1000 мл крафт с крышкой","https://clover-spb.ru/catalog/%D0%9E%D0%B4%D0%BD%D0%BE%D1%80%D0%B0%D0%B7%D0%BE%D0%B2%D0%B0%D1%8F%20%D0%BF%D0%BE%D1%81%D1%83%D0%B4%D0%B0","/catalog/%D0%9E%D0%B4%D0%BD%D0%BE%D1%80%D0%B0%D0%B7%D0%BE%D0%B2%D0%B0%D1%8F%20%D0%BF%D0%BE%D1%81%D1%83%D0%B4%D0%B0","200","category","HIGH","Точный товар не доказан; безопасный fallback в релевантную категорию «Одноразовая посуда»","301"
"https://cloverspb.ru/magazin/product/kontejner-bumazhnyj-eco-opsalad-1000-ml-chernyj-s-kryshkoj","/magazin/product/kontejner-bumazhnyj-eco-opsalad-1000-ml-chernyj-s-kryshkoj","200","product","Контейнер бумажный ECO OpSalad 1000 мл черный с крышкой","Контейнер бумажный ECO OpSalad 1000 мл черный с крышкой","https://clover-spb.ru/catalog/%D0%9E%D0%B4%D0%BD%D0%BE%D1%80%D0%B0%D0%B7%D0%BE%D0%B2%D0%B0%D1%8F%20%D0%BF%D0%BE%D1%81%D1%83%D0%B4%D0%B0","/catalog/%D0%9E%D0%B4%D0%BD%D0%BE%D1%80%D0%B0%D0%B7%D0%BE%D0%B2%D0%B0%D1%8F%20%D0%BF%D0%BE%D1%81%D1%83%D0%B4%D0%B0","200","category","HIGH","Точный товар не доказан; безопасный fallback в релевантную категорию «Одноразовая посуда»","301"
"https://cloverspb.ru/magazin/product/paket-dlya-vakuumirovaniya-300-mm-h-400-mm-60-mkm","/magazin/product/paket-dlya-vakuumirovaniya-300-mm-h-400-mm-60-mkm","200","product","Пакет для вакуумирования 300 мм х 400 мм 60 мкм","Пакет для вакуумирования 300 мм х 400 мм 60 мкм","https://clover-spb.ru/catalog/%D0%9F%D0%B0%D0%BA%D0%B5%D1%82%D1%8B%2C%20%D1%83%D0%BF%D0%B0%D0%BA%D0%BE%D0%B2%D0%BE%D1%87%D0%BD%D1%8B%D0%B5%20%D0%BC%D0%B0%D1%82%D0%B5%D1%80%D0%B8%D0%B0%D0%BB%D1%8B/%D0%9F%D0%B0%D0%BA%D0%B5%D1%82%D1%8B%20%D0%B2%D0%B0%D0%BA%D1%83%D1%83%D0%BC%D0%BD%D1%8B%D0%B5","/catalog/%D0%9F%D0%B0%D0%BA%D0%B5%D1%82%D1%8B%2C%20%D1%83%D0%BF%D0%B0%D0%BA%D0%BE%D0%B2%D0%BE%D1%87%D0%BD%D1%8B%D0%B5%20%D0%BC%D0%B0%D1%82%D0%B5%D1%80%D0%B8%D0%B0%D0%BB%D1%8B/%D0%9F%D0%B0%D0%BA%D0%B5%D1%82%D1%8B%20%D0%B2%D0%B0%D0%BA%D1%83%D1%83%D0%BC%D0%BD%D1%8B%D0%B5","200","subcategory","HIGH","Точный товар не доказан; безопасный fallback в релевантную категорию «Пакеты вакуумные»","301"
"https://cloverspb.ru/magazin/product/paket-dlya-vakuumirovaniya-250-mm-h-350-mm-60-mkm","/magazin/product/paket-dlya-vakuumirovaniya-250-mm-h-350-mm-60-mkm","200","product","Пакет для вакуумирования 250 мм х 350 мм 60 мкм","Пакет для вакуумирования 250 мм х 350 мм 60 мкм","https://clover-spb.ru/catalog/%D0%9F%D0%B0%D0%BA%D0%B5%D1%82%D1%8B%2C%20%D1%83%D0%BF%D0%B0%D0%BA%D0%BE%D0%B2%D0%BE%D1%87%D0%BD%D1%8B%D0%B5%20%D0%BC%D0%B0%D1%82%D0%B5%D1%80%D0%B8%D0%B0%D0%BB%D1%8B/%D0%9F%D0%B0%D0%BA%D0%B5%D1%82%D1%8B%20%D0%B2%D0%B0%D0%BA%D1%83%D1%83%D0%BC%D0%BD%D1%8B%D0%B5","/catalog/%D0%9F%D0%B0%D0%BA%D0%B5%D1%82%D1%8B%2C%20%D1%83%D0%BF%D0%B0%D0%BA%D0%BE%D0%B2%D0%BE%D1%87%D0%BD%D1%8B%D0%B5%20%D0%BC%D0%B0%D1%82%D0%B5%D1%80%D0%B8%D0%B0%D0%BB%D1%8B/%D0%9F%D0%B0%D0%BA%D0%B5%D1%82%D1%8B%20%D0%B2%D0%B0%D0%BA%D1%83%D1%83%D0%BC%D0%BD%D1%8B%D0%B5","200","subcategory","HIGH","Точный товар не доказан; безопасный fallback в релевантную категорию «Пакеты вакуумные»","301"
"https://cloverspb.ru/magazin/product/paket-dlya-vakuumirovaniya-200-mm-h-250-mm-60-mkm","/magazin/product/paket-dlya-vakuumirovaniya-200-mm-h-250-mm-60-mkm","200","product","Пакет для вакуумирования 200 мм х 250 мм 60 мкм","Пакет для вакуумирования 200 мм х 250 мм 60 мкм","https://clover-spb.ru/catalog/%D0%9F%D0%B0%D0%BA%D0%B5%D1%82%D1%8B%2C%20%D1%83%D0%BF%D0%B0%D0%BA%D0%BE%D0%B2%D0%BE%D1%87%D0%BD%D1%8B%D0%B5%20%D0%BC%D0%B0%D1%82%D0%B5%D1%80%D0%B8%D0%B0%D0%BB%D1%8B/%D0%9F%D0%B0%D0%BA%D0%B5%D1%82%D1%8B%20%D0%B2%D0%B0%D0%BA%D1%83%D1%83%D0%BC%D0%BD%D1%8B%D0%B5","/catalog/%D0%9F%D0%B0%D0%BA%D0%B5%D1%82%D1%8B%2C%20%D1%83%D0%BF%D0%B0%D0%BA%D0%BE%D0%B2%D0%BE%D1%87%D0%BD%D1%8B%D0%B5%20%D0%BC%D0%B0%D1%82%D0%B5%D1%80%D0%B8%D0%B0%D0%BB%D1%8B/%D0%9F%D0%B0%D0%BA%D0%B5%D1%82%D1%8B%20%D0%B2%D0%B0%D0%BA%D1%83%D1%83%D0%BC%D0%BD%D1%8B%D0%B5","200","subcategory","HIGH","Точный товар не доказан; безопасный fallback в релевантную категорию «Пакеты вакуумные»","301"
"https://cloverspb.ru/magazin/product/paket-dlya-vakuumirovaniya-160-mm-h-210-mm-60-mkm","/magazin/product/paket-dlya-vakuumirovaniya-160-mm-h-210-mm-60-mkm","200","product","Пакет для вакуумирования 160 мм х 210 мм 60 мкм","Пакет для вакуумирования 160 мм х 210 мм 60 мкм","https://clover-spb.ru/catalog/%D0%9F%D0%B0%D0%BA%D0%B5%D1%82%D1%8B%2C%20%D1%83%D0%BF%D0%B0%D0%BA%D0%BE%D0%B2%D0%BE%D1%87%D0%BD%D1%8B%D0%B5%20%D0%BC%D0%B0%D1%82%D0%B5%D1%80%D0%B8%D0%B0%D0%BB%D1%8B/%D0%9F%D0%B0%D0%BA%D0%B5%D1%82%D1%8B%20%D0%B2%D0%B0%D0%BA%D1%83%D1%83%D0%BC%D0%BD%D1%8B%D0%B5","/catalog/%D0%9F%D0%B0%D0%BA%D0%B5%D1%82%D1%8B%2C%20%D1%83%D0%BF%D0%B0%D0%BA%D0%BE%D0%B2%D0%BE%D1%87%D0%BD%D1%8B%D0%B5%20%D0%BC%D0%B0%D1%82%D0%B5%D1%80%D0%B8%D0%B0%D0%BB%D1%8B/%D0%9F%D0%B0%D0%BA%D0%B5%D1%82%D1%8B%20%D0%B2%D0%B0%D0%BA%D1%83%D1%83%D0%BC%D0%BD%D1%8B%D0%B5","200","subcategory","HIGH","Точный товар не доказан; безопасный fallback в релевантную категорию «Пакеты вакуумные»","301"
"https://cloverspb.ru/magazin/product/paket-dlya-vakuumirovaniya-150-mm-h-300-mm-60-mkm","/magazin/product/paket-dlya-vakuumirovaniya-150-mm-h-300-mm-60-mkm","200","product","Пакет для вакуумирования 150 мм х 300 мм 60 мкм","Пакет для вакуумирования 150 мм х 300 мм 60 мкм","https://clover-spb.ru/catalog/%D0%9F%D0%B0%D0%BA%D0%B5%D1%82%D1%8B%2C%20%D1%83%D0%BF%D0%B0%D0%BA%D0%BE%D0%B2%D0%BE%D1%87%D0%BD%D1%8B%D0%B5%20%D0%BC%D0%B0%D1%82%D0%B5%D1%80%D0%B8%D0%B0%D0%BB%D1%8B/%D0%9F%D0%B0%D0%BA%D0%B5%D1%82%D1%8B%20%D0%B2%D0%B0%D0%BA%D1%83%D1%83%D0%BC%D0%BD%D1%8B%D0%B5","/catalog/%D0%9F%D0%B0%D0%BA%D0%B5%D1%82%D1%8B%2C%20%D1%83%D0%BF%D0%B0%D0%BA%D0%BE%D0%B2%D0%BE%D1%87%D0%BD%D1%8B%D0%B5%20%D0%BC%D0%B0%D1%82%D0%B5%D1%80%D0%B8%D0%B0%D0%BB%D1%8B/%D0%9F%D0%B0%D0%BA%D0%B5%D1%82%D1%8B%20%D0%B2%D0%B0%D0%BA%D1%83%D1%83%D0%BC%D0%BD%D1%8B%D0%B5","200","subcategory","HIGH","Точный товар не доказан; безопасный fallback в релевантную категорию «Пакеты вакуумные»","301"
"https://cloverspb.ru/magazin/product/paket-dlya-vakuumirovaniya-150-mm-h-200-mm-60-mkm","/magazin/product/paket-dlya-vakuumirovaniya-150-mm-h-200-mm-60-mkm","200","product","Пакет для вакуумирования 150 мм х 200 мм 60 мкм","Пакет для вакуумирования 150 мм х 200 мм 60 мкм","https://clover-spb.ru/catalog/%D0%9F%D0%B0%D0%BA%D0%B5%D1%82%D1%8B%2C%20%D1%83%D0%BF%D0%B0%D0%BA%D0%BE%D0%B2%D0%BE%D1%87%D0%BD%D1%8B%D0%B5%20%D0%BC%D0%B0%D1%82%D0%B5%D1%80%D0%B8%D0%B0%D0%BB%D1%8B/%D0%9F%D0%B0%D0%BA%D0%B5%D1%82%D1%8B%20%D0%B2%D0%B0%D0%BA%D1%83%D1%83%D0%BC%D0%BD%D1%8B%D0%B5","/catalog/%D0%9F%D0%B0%D0%BA%D0%B5%D1%82%D1%8B%2C%20%D1%83%D0%BF%D0%B0%D0%BA%D0%BE%D0%B2%D0%BE%D1%87%D0%BD%D1%8B%D0%B5%20%D0%BC%D0%B0%D1%82%D0%B5%D1%80%D0%B8%D0%B0%D0%BB%D1%8B/%D0%9F%D0%B0%D0%BA%D0%B5%D1%82%D1%8B%20%D0%B2%D0%B0%D0%BA%D1%83%D1%83%D0%BC%D0%BD%D1%8B%D0%B5","200","subcategory","HIGH","Точный товар не доказан; безопасный fallback в релевантную категорию «Пакеты вакуумные»","301"
"https://cloverspb.ru/magazin/product/tarelka-plastikovaya-16-5-sm-bez-sekcij","/magazin/product/tarelka-plastikovaya-16-5-sm-bez-sekcij","200","product","Тарелка пластиковая 16,5 см без секций","Тарелка пластиковая 16,5 см без секций","https://clover-spb.ru/catalog/%D0%91%D1%83%D0%BC%D0%B0%D0%B6%D0%BD%D0%B0%D1%8F%20%D0%BF%D1%80%D0%BE%D0%B4%D1%83%D0%BA%D1%86%D0%B8%D1%8F","/catalog/%D0%91%D1%83%D0%BC%D0%B0%D0%B6%D0%BD%D0%B0%D1%8F%20%D0%BF%D1%80%D0%BE%D0%B4%D1%83%D0%BA%D1%86%D0%B8%D1%8F","200","category","HIGH","Точный товар не доказан; безопасный fallback в релевантную категорию «Бумажная продукция»","301"
"https://cloverspb.ru/magazin/product/help-sredstvo-dlya-mytya-stekol-i-zerkal-750-ml","/magazin/product/help-sredstvo-dlya-mytya-stekol-i-zerkal-750-ml","200","product","Help - средство для мытья стёкол и зеркал 750 мл","Help - средство для мытья стёкол и зеркал 750 мл","https://clover-spb.ru/catalog/%D0%A5%D0%B8%D0%BC%D0%B8%D1%8F%2C%20%D1%87%D0%B8%D1%81%D1%82%D1%8F%D1%89%D0%B8%D0%B5%20%D1%81%D1%80%D0%B5%D0%B4%D1%81%D1%82%D0%B2%D0%B0/%D0%94%D0%BB%D1%8F%20%D0%BE%D0%BA%D0%BE%D0%BD","/catalog/%D0%A5%D0%B8%D0%BC%D0%B8%D1%8F%2C%20%D1%87%D0%B8%D1%81%D1%82%D1%8F%D1%89%D0%B8%D0%B5%20%D1%81%D1%80%D0%B5%D0%B4%D1%81%D1%82%D0%B2%D0%B0/%D0%94%D0%BB%D1%8F%20%D0%BE%D0%BA%D0%BE%D0%BD","200","subcategory","HIGH","Точный товар не доказан; безопасный fallback в релевантную категорию «Для окон»","301"
"https://cloverspb.ru/magazin/product/rail-sredstvo-dlya-kuhni-i-plit-500-ml","/magazin/product/rail-sredstvo-dlya-kuhni-i-plit-500-ml","200","product","Rail - средство для кухни и плит 500 мл","Rail - средство для кухни и плит 500 мл","https://clover-spb.ru/product/%D0%9D%D0%A4-00000654","/product/%D0%9D%D0%A4-00000654","200","product","HIGH","Совпадают бренд Rail, назначение для кухни и плит и объём 500 мл; текущая карточка содержит дополнительные атрибуты","301"
"https://cloverspb.ru/magazin/product/sredstvo-dlya-mytya-posudy-purity-new-vv-5l-4","/magazin/product/sredstvo-dlya-mytya-posudy-purity-new-vv-5l-4","200","product","Средство для мытья посуды Purity new ВВ 5л (4)","Средство для мытья посуды Purity new ВВ 5л (4)","https://clover-spb.ru/product/%D0%9D%D0%A4-00002609","/product/%D0%9D%D0%A4-00002609","200","product","EXACT","Точное нормализованное публичное наименование 1С «Средство для мытья посуды Purity new ВВ 5л (4)»","301"
"https://cloverspb.ru/magazin/product/sredstvo-dlya-mytya-pola-floor-wash-vv-5-l-4","/magazin/product/sredstvo-dlya-mytya-pola-floor-wash-vv-5-l-4","200","product","Средство для мытья пола Floor Wash ВВ 5 л (4)","Средство для мытья пола Floor Wash ВВ 5 л (4)","https://clover-spb.ru/product/%D0%9D%D0%A4-00000236","/product/%D0%9D%D0%A4-00000236","200","product","EXACT","Точное нормализованное публичное наименование 1С «Средство для мытья пола Floor Wash ВВ 5 л (4)»","301"
"https://cloverspb.ru/magazin/product/sredstvo-zhiroudalitel-hot-clean-pro-vv-5-l-4","/magazin/product/sredstvo-zhiroudalitel-hot-clean-pro-vv-5-l-4","200","product","Средство жироудалитель Hot Clean Pro ВВ 5 л (4)","Средство жироудалитель Hot Clean Pro ВВ 5 л (4)","https://clover-spb.ru/product/%D0%9D%D0%A4-00003228","/product/%D0%9D%D0%A4-00003228","200","product","EXACT","Точное нормализованное публичное наименование 1С «Средство жироудалитель Hot Clean Pro ВВ 5 л (4)»","301"
"https://cloverspb.ru/magazin/product/stakan-bumazhnyj-180-ml","/magazin/product/stakan-bumazhnyj-180-ml","200","product","Стакан бумажный 180 мл","Стакан бумажный 180 мл","https://clover-spb.ru/product/%D0%9D%D0%A4-00001189","/product/%D0%9D%D0%A4-00001189","200","product","EXACT","Точное нормализованное публичное название товара «Стакан бумажный 180 мл»","301"
"https://cloverspb.ru/magazin/product/stakan-shejker-400-ml","/magazin/product/stakan-shejker-400-ml","200","product","Стакан - шейкер 400 мл","Стакан - шейкер 400 мл","https://clover-spb.ru/catalog/%D0%9E%D0%B4%D0%BD%D0%BE%D1%80%D0%B0%D0%B7%D0%BE%D0%B2%D0%B0%D1%8F%20%D0%BF%D0%BE%D1%81%D1%83%D0%B4%D0%B0/%D0%A1%D1%82%D0%B0%D0%BA%D0%B0%D0%BD%D1%8B","/catalog/%D0%9E%D0%B4%D0%BD%D0%BE%D1%80%D0%B0%D0%B7%D0%BE%D0%B2%D0%B0%D1%8F%20%D0%BF%D0%BE%D1%81%D1%83%D0%B4%D0%B0/%D0%A1%D1%82%D0%B0%D0%BA%D0%B0%D0%BD%D1%8B","200","subcategory","HIGH","Точный товар в текущем каталоге не доказан; тип и назначение однозначно соответствуют наиболее узкой категории «Стаканы»","301"
"https://cloverspb.ru/magazin/product/tarelka-22-sm-bez-sekcij-plastikovaya-belaya","/magazin/product/tarelka-22-sm-bez-sekcij-plastikovaya-belaya","200","product","Тарелка 22 см без секций пластиковая белая","Тарелка 22 см без секций пластиковая белая","https://clover-spb.ru/catalog/%D0%9E%D0%B4%D0%BD%D0%BE%D1%80%D0%B0%D0%B7%D0%BE%D0%B2%D0%B0%D1%8F%20%D0%BF%D0%BE%D1%81%D1%83%D0%B4%D0%B0/%D0%A2%D0%B0%D1%80%D0%B5%D0%BB%D0%BA%D0%B8%2C%20%D0%BC%D0%B8%D1%81%D0%BA%D0%B8","/catalog/%D0%9E%D0%B4%D0%BD%D0%BE%D1%80%D0%B0%D0%B7%D0%BE%D0%B2%D0%B0%D1%8F%20%D0%BF%D0%BE%D1%81%D1%83%D0%B4%D0%B0/%D0%A2%D0%B0%D1%80%D0%B5%D0%BB%D0%BA%D0%B8%2C%20%D0%BC%D0%B8%D1%81%D0%BA%D0%B8","200","subcategory","HIGH","Цвет текущего товарного кандидата противоречит старой карточке; выбран наиболее узкий релевантный раздел","301"
"https://cloverspb.ru/magazin/product/vedro-800-ml-s-kryshkoj","/magazin/product/vedro-800-ml-s-kryshkoj","200","product","Ведро 800 мл с крышкой","Ведро 800 мл с крышкой","https://clover-spb.ru/catalog/%D0%9E%D0%B4%D0%BD%D0%BE%D1%80%D0%B0%D0%B7%D0%BE%D0%B2%D0%B0%D1%8F%20%D0%BF%D0%BE%D1%81%D1%83%D0%B4%D0%B0/%D0%92%D0%B5%D0%B4%D1%80%D0%B0","/catalog/%D0%9E%D0%B4%D0%BD%D0%BE%D1%80%D0%B0%D0%B7%D0%BE%D0%B2%D0%B0%D1%8F%20%D0%BF%D0%BE%D1%81%D1%83%D0%B4%D0%B0/%D0%92%D0%B5%D0%B4%D1%80%D0%B0","200","subcategory","HIGH","Точный товар в текущем каталоге не доказан; тип и назначение однозначно соответствуют наиболее узкой категории «Ведра»","301"
"https://cloverspb.ru/magazin/product/vedro-1000-ml-s-kryshkoj","/magazin/product/vedro-1000-ml-s-kryshkoj","200","product","Ведро 1000 мл с крышкой","Ведро 1000 мл с крышкой","https://clover-spb.ru/catalog/%D0%9E%D0%B4%D0%BD%D0%BE%D1%80%D0%B0%D0%B7%D0%BE%D0%B2%D0%B0%D1%8F%20%D0%BF%D0%BE%D1%81%D1%83%D0%B4%D0%B0/%D0%92%D0%B5%D0%B4%D1%80%D0%B0","/catalog/%D0%9E%D0%B4%D0%BD%D0%BE%D1%80%D0%B0%D0%B7%D0%BE%D0%B2%D0%B0%D1%8F%20%D0%BF%D0%BE%D1%81%D1%83%D0%B4%D0%B0/%D0%92%D0%B5%D0%B4%D1%80%D0%B0","200","subcategory","HIGH","Точный товар в текущем каталоге не доказан; тип и назначение однозначно соответствуют наиболее узкой категории «Ведра»","301"
"https://cloverspb.ru/magazin/product/vedro-1500-ml-s-kryshkoj","/magazin/product/vedro-1500-ml-s-kryshkoj","200","product","Ведро 1500 мл с крышкой","Ведро 1500 мл с крышкой","https://clover-spb.ru/catalog/%D0%9E%D0%B4%D0%BD%D0%BE%D1%80%D0%B0%D0%B7%D0%BE%D0%B2%D0%B0%D1%8F%20%D0%BF%D0%BE%D1%81%D1%83%D0%B4%D0%B0/%D0%92%D0%B5%D0%B4%D1%80%D0%B0","/catalog/%D0%9E%D0%B4%D0%BD%D0%BE%D1%80%D0%B0%D0%B7%D0%BE%D0%B2%D0%B0%D1%8F%20%D0%BF%D0%BE%D1%81%D1%83%D0%B4%D0%B0/%D0%92%D0%B5%D0%B4%D1%80%D0%B0","200","subcategory","HIGH","Точный товар в текущем каталоге не доказан; тип и назначение однозначно соответствуют наиболее узкой категории «Ведра»","301"
"https://cloverspb.ru/magazin/product/vedro-2000-ml-s-kryshkoj","/magazin/product/vedro-2000-ml-s-kryshkoj","200","product","Ведро 2000 мл с крышкой","Ведро 2000 мл с крышкой","https://clover-spb.ru/catalog/%D0%9E%D0%B4%D0%BD%D0%BE%D1%80%D0%B0%D0%B7%D0%BE%D0%B2%D0%B0%D1%8F%20%D0%BF%D0%BE%D1%81%D1%83%D0%B4%D0%B0/%D0%92%D0%B5%D0%B4%D1%80%D0%B0","/catalog/%D0%9E%D0%B4%D0%BD%D0%BE%D1%80%D0%B0%D0%B7%D0%BE%D0%B2%D0%B0%D1%8F%20%D0%BF%D0%BE%D1%81%D1%83%D0%B4%D0%B0/%D0%92%D0%B5%D0%B4%D1%80%D0%B0","200","subcategory","HIGH","Точный товар в текущем каталоге не доказан; тип и назначение однозначно соответствуют наиболее узкой категории «Ведра»","301"
"https://cloverspb.ru/magazin/product/vedro-2250-ml-s-kryshkoj","/magazin/product/vedro-2250-ml-s-kryshkoj","200","product","Ведро 2250 мл с крышкой","Ведро 2250 мл с крышкой","https://clover-spb.ru/catalog/%D0%9E%D0%B4%D0%BD%D0%BE%D1%80%D0%B0%D0%B7%D0%BE%D0%B2%D0%B0%D1%8F%20%D0%BF%D0%BE%D1%81%D1%83%D0%B4%D0%B0/%D0%92%D0%B5%D0%B4%D1%80%D0%B0","/catalog/%D0%9E%D0%B4%D0%BD%D0%BE%D1%80%D0%B0%D0%B7%D0%BE%D0%B2%D0%B0%D1%8F%20%D0%BF%D0%BE%D1%81%D1%83%D0%B4%D0%B0/%D0%92%D0%B5%D0%B4%D1%80%D0%B0","200","subcategory","HIGH","Точный товар в текущем каталоге не доказан; тип и назначение однозначно соответствуют наиболее узкой категории «Ведра»","301"
"https://cloverspb.ru/magazin/product/vedro-3300-ml-s-kryshkoj","/magazin/product/vedro-3300-ml-s-kryshkoj","200","product","Ведро 3300 мл с крышкой","Ведро 3300 мл с крышкой","https://clover-spb.ru/catalog/%D0%9E%D0%B4%D0%BD%D0%BE%D1%80%D0%B0%D0%B7%D0%BE%D0%B2%D0%B0%D1%8F%20%D0%BF%D0%BE%D1%81%D1%83%D0%B4%D0%B0/%D0%92%D0%B5%D0%B4%D1%80%D0%B0","/catalog/%D0%9E%D0%B4%D0%BD%D0%BE%D1%80%D0%B0%D0%B7%D0%BE%D0%B2%D0%B0%D1%8F%20%D0%BF%D0%BE%D1%81%D1%83%D0%B4%D0%B0/%D0%92%D0%B5%D0%B4%D1%80%D0%B0","200","subcategory","HIGH","Точный товар в текущем каталоге не доказан; тип и назначение однозначно соответствуют наиболее узкой категории «Ведра»","301"
"https://cloverspb.ru/magazin/product/vedro-5000-ml-s-kryshkoj","/magazin/product/vedro-5000-ml-s-kryshkoj","200","product","Ведро 5000 мл с крышкой","Ведро 5000 мл с крышкой","https://clover-spb.ru/catalog/%D0%9E%D0%B4%D0%BD%D0%BE%D1%80%D0%B0%D0%B7%D0%BE%D0%B2%D0%B0%D1%8F%20%D0%BF%D0%BE%D1%81%D1%83%D0%B4%D0%B0/%D0%92%D0%B5%D0%B4%D1%80%D0%B0","/catalog/%D0%9E%D0%B4%D0%BD%D0%BE%D1%80%D0%B0%D0%B7%D0%BE%D0%B2%D0%B0%D1%8F%20%D0%BF%D0%BE%D1%81%D1%83%D0%B4%D0%B0/%D0%92%D0%B5%D0%B4%D1%80%D0%B0","200","subcategory","HIGH","Точный товар в текущем каталоге не доказан; тип и назначение однозначно соответствуют наиболее узкой категории «Ведра»","301"
"https://cloverspb.ru/magazin/product/butylka-prozrachnaya-kruglaya-s-probkoj-100-ml","/magazin/product/butylka-prozrachnaya-kruglaya-s-probkoj-100-ml","200","product","Бутылка прозрачная круглая с пробкой 100 мл","Бутылка прозрачная круглая с пробкой 100 мл","https://clover-spb.ru/product/%D0%9D%D0%A4-00000909","/product/%D0%9D%D0%A4-00000909","200","product","HIGH","Совпадают прозрачная бутылка с пробкой и объём 100 мл; форма не противоречит текущей карточке","301"
"https://cloverspb.ru/magazin/product/butylka-prozrachnaya-kruglaya-s-probkoj-250-ml","/magazin/product/butylka-prozrachnaya-kruglaya-s-probkoj-250-ml","200","product","Бутылка прозрачная круглая с пробкой 250 мл","Бутылка прозрачная круглая с пробкой 250 мл","https://clover-spb.ru/product/%D0%9D%D0%A4-00000388","/product/%D0%9D%D0%A4-00000388","200","product","EXACT","Точное нормализованное публичное название товара «Бутылка прозрачная круглая с пробкой 250 мл»","301"
"https://cloverspb.ru/magazin/product/butylka-prozrachnaya-kvadratnaya-s-probkoj-300-ml","/magazin/product/butylka-prozrachnaya-kvadratnaya-s-probkoj-300-ml","200","product","Бутылка прозрачная квадратная с пробкой 300 мл","Бутылка прозрачная квадратная с пробкой 300 мл","https://clover-spb.ru/product/%D0%9D%D0%A4-00003547","/product/%D0%9D%D0%A4-00003547","200","product","EXACT","Точное нормализованное публичное название товара «Бутылка прозрачная квадратная с пробкой 300 мл»","301"
"https://cloverspb.ru/magazin/product/butylka-prozrachnaya-kvadratnaya-s-probkoj-500-ml","/magazin/product/butylka-prozrachnaya-kvadratnaya-s-probkoj-500-ml","200","product","Бутылка прозрачная квадратная с пробкой 500 мл","Бутылка прозрачная квадратная с пробкой 500 мл","https://clover-spb.ru/product/%D0%9D%D0%A4-00001034","/product/%D0%9D%D0%A4-00001034","200","product","EXACT","Точное нормализованное публичное название товара «Бутылка прозрачная квадратная с пробкой 500 мл»","301"
"https://cloverspb.ru/magazin/product/butylka-prozrachnaya-kvadratnaya-s-probkoj-1000-ml","/magazin/product/butylka-prozrachnaya-kvadratnaya-s-probkoj-1000-ml","200","product","Бутылка прозрачная квадратная с пробкой 1000 мл","Бутылка прозрачная квадратная с пробкой 1000 мл","https://clover-spb.ru/catalog/%D0%9E%D0%B4%D0%BD%D0%BE%D1%80%D0%B0%D0%B7%D0%BE%D0%B2%D0%B0%D1%8F%20%D0%BF%D0%BE%D1%81%D1%83%D0%B4%D0%B0/%D0%91%D1%83%D1%82%D1%8B%D0%BB%D0%BA%D0%B8","/catalog/%D0%9E%D0%B4%D0%BD%D0%BE%D1%80%D0%B0%D0%B7%D0%BE%D0%B2%D0%B0%D1%8F%20%D0%BF%D0%BE%D1%81%D1%83%D0%B4%D0%B0/%D0%91%D1%83%D1%82%D1%8B%D0%BB%D0%BA%D0%B8","200","subcategory","HIGH","Точный товар не доказан; безопасный fallback в релевантную категорию «Бутылки»","301"
"https://cloverspb.ru/magazin/product/sousnik-s11s2-2-sekc-117h85h30-prozrachnyj","/magazin/product/sousnik-s11s2-2-sekc-117h85h30-prozrachnyj","200","product","Соусник С11С2 2-секц 117х85х30 прозрачный","Соусник С11С2 2-секц 117х85х30 прозрачный","https://clover-spb.ru/product/%D0%9D%D0%A4-00001200","/product/%D0%9D%D0%A4-00001200","200","product","EXACT","Точное совпадение модели С11С2, двух секций, размеров 117×85×30 и прозрачного исполнения","301"
"https://cloverspb.ru/magazin/product/kryshka-k-sousniku-s11-117h85-prozrachnaya","/magazin/product/kryshka-k-sousniku-s11-117h85-prozrachnaya","200","product","Крышка к соуснику С11 117х85 прозрачная","Крышка к соуснику С11 117х85 прозрачная","https://clover-spb.ru/product/%D0%9D%D0%A4-00001201","/product/%D0%9D%D0%A4-00001201","200","product","EXACT","Точное нормализованное публичное название товара «Крышка к соуснику С11 117х85 прозрачная»","301"
"https://cloverspb.ru/magazin/product/sousnik-s-kryshkoj-30-ml-pokrov-chernyj","/magazin/product/sousnik-s-kryshkoj-30-ml-pokrov-chernyj","200","product","Соусник с крышкой 30 мл Покров черный","Соусник с крышкой 30 мл Покров черный","https://clover-spb.ru/product/%D0%9D%D0%A4-00001171","/product/%D0%9D%D0%A4-00001171","200","product","EXACT","Точное совпадение соусника с крышкой, объёма 30 мл, производителя Покров и чёрного цвета","301"
"https://cloverspb.ru/magazin/product/sousnik-s-kryshkoj-50-ml-pokrov-chernyj","/magazin/product/sousnik-s-kryshkoj-50-ml-pokrov-chernyj","200","product","Соусник с крышкой 50 мл Покров черный","Соусник с крышкой 50 мл Покров черный","https://clover-spb.ru/product/%D0%9D%D0%A4-00001172","/product/%D0%9D%D0%A4-00001172","200","product","EXACT","Точное совпадение соусника с крышкой, объёма 50 мл, производителя Покров и чёрного цвета","301"
"https://cloverspb.ru/magazin/product/kontejner-530-ml-kruglyj-chernyj-s-prozrachnoj-kryshkoj","/magazin/product/kontejner-530-ml-kruglyj-chernyj-s-prozrachnoj-kryshkoj","200","product","Контейнер 530 мл круглый черный с прозрачной крышкой","Контейнер 530 мл круглый черный с прозрачной крышкой","https://clover-spb.ru/product/%D0%9D%D0%A4-00001209","/product/%D0%9D%D0%A4-00001209","200","product","EXACT","Точное совпадение контейнера: 530 мл, круглый, чёрный, с прозрачной крышкой","301"
"https://cloverspb.ru/magazin/product/kontejner-950-ml-kruglyj-chernyj-s-prozrachnoj-kryshkoj","/magazin/product/kontejner-950-ml-kruglyj-chernyj-s-prozrachnoj-kryshkoj","200","product","Контейнер 950 мл круглый черный с прозрачной крышкой","Контейнер 950 мл круглый черный с прозрачной крышкой","https://clover-spb.ru/product/%D0%9D%D0%A4-00000789","/product/%D0%9D%D0%A4-00000789","200","product","EXACT","Точное совпадение контейнера: 950 мл, круглый, чёрный, с прозрачной крышкой","301"
"https://cloverspb.ru/sitemap","/sitemap","200","info","Карта сайта","Карта сайта","https://clover-spb.ru/catalog","/catalog","200","catalog","HIGH","HTML-карта каталога заменена текущим публичным каталогом","301"
"https://cloverspb.ru/o-nas","/o-nas","200","info","О нас - Clover, Санкт- Петербург","О нас","","","","","NO_MATCH","На новом сайте нет доказанного эквивалентного публичного материала","410"
"https://cloverspb.ru/dostavka","/dostavka","200","info","Доставка компании Clover, Санкт- Петербург","Доставка","","","","","NO_MATCH","На новом сайте нет доказанного эквивалентного публичного материала","410"
"https://cloverspb.ru/oplata","/oplata","200","info","Оплата","Оплата","","","","","NO_MATCH","На новом сайте нет доказанного эквивалентного публичного материала","410"
"https://cloverspb.ru/aktsii","/aktsii","200","info","Акции","Акции","","","","","NO_MATCH","На новом сайте нет доказанного эквивалентного публичного материала","410"
"https://cloverspb.ru/kontakty","/kontakty","200","info","Контакты компании Clover, Санкт- Петербург","Контакты","https://clover-spb.ru/contacts","/contacts","200","info","EXACT","Эквивалентная публичная страница контактов","301"
"https://cloverspb.ru/usloviya-vozvrata","/usloviya-vozvrata","200","info","Условия возврата","Условия возврата","","","","","NO_MATCH","На новом сайте нет доказанного эквивалентного публичного материала","410"
"https://cloverspb.ru/optovikam","/optovikam","200","info","Оптовикам","Оптовикам","","","","","NO_MATCH","На новом сайте нет доказанного эквивалентного публичного материала","410"
"https://cloverspb.ru/registraciya/forgot_password","/registraciya/forgot_password","200","info","Регистрация","Восстановление пароля","","","","","NO_MATCH","На новом сайте нет доказанного эквивалентного публичного материала","410"
"https://cloverspb.ru/registraciya/register","/registraciya/register","200","info","Регистрация","Регистрация","","","","","NO_MATCH","На новом сайте нет доказанного эквивалентного публичного материала","410"
"https://cloverspb.ru/registraciya/agreement","/registraciya/agreement","200","info","Согласие на обработку персональных данных","Согласие на обработку персональных данных","","","","","NO_MATCH","На новом сайте нет доказанного эквивалентного публичного материала","410"
"https://cloverspb.ru/registraciya/policy","/registraciya/policy","200","info","Политика обработки персональных данных","Политика обработки персональных данных","","","","","NO_MATCH","На новом сайте нет доказанного эквивалентного публичного материала","410"
"https://cloverspb.ru/magazin/folder/bumazhnaya-produkciya/p/1","/magazin/folder/bumazhnaya-produkciya/p/1","200","index_page","Бумажная продукция стр.2","Бумажная продукция","https://clover-spb.ru/catalog/%D0%91%D1%83%D0%BC%D0%B0%D0%B6%D0%BD%D0%B0%D1%8F%20%D0%BF%D1%80%D0%BE%D0%B4%D1%83%D0%BA%D1%86%D0%B8%D1%8F","/catalog/%D0%91%D1%83%D0%BC%D0%B0%D0%B6%D0%BD%D0%B0%D1%8F%20%D0%BF%D1%80%D0%BE%D0%B4%D1%83%D0%BA%D1%86%D0%B8%D1%8F","200","category","EXACT","Страница пагинации имеет каноническую старую категорию /magazin/folder/bumazhnaya-produkciya и наследует её доказанную цель","301"
"https://cloverspb.ru/magazin/folder/odnorazovaya-posuda/p/1","/magazin/folder/odnorazovaya-posuda/p/1","200","index_page","Одноразовая посуда стр.2","Одноразовая посуда","https://clover-spb.ru/catalog/%D0%9E%D0%B4%D0%BD%D0%BE%D1%80%D0%B0%D0%B7%D0%BE%D0%B2%D0%B0%D1%8F%20%D0%BF%D0%BE%D1%81%D1%83%D0%B4%D0%B0","/catalog/%D0%9E%D0%B4%D0%BD%D0%BE%D1%80%D0%B0%D0%B7%D0%BE%D0%B2%D0%B0%D1%8F%20%D0%BF%D0%BE%D1%81%D1%83%D0%B4%D0%B0","200","category","EXACT","Страница пагинации имеет каноническую старую категорию /magazin/folder/odnorazovaya-posuda и наследует её доказанную цель","301"
"https://cloverspb.ru/magazin/folder/odnorazovaya-posuda/p/2","/magazin/folder/odnorazovaya-posuda/p/2","200","index_page","Одноразовая посуда стр.3","Одноразовая посуда","https://clover-spb.ru/catalog/%D0%9E%D0%B4%D0%BD%D0%BE%D1%80%D0%B0%D0%B7%D0%BE%D0%B2%D0%B0%D1%8F%20%D0%BF%D0%BE%D1%81%D1%83%D0%B4%D0%B0","/catalog/%D0%9E%D0%B4%D0%BD%D0%BE%D1%80%D0%B0%D0%B7%D0%BE%D0%B2%D0%B0%D1%8F%20%D0%BF%D0%BE%D1%81%D1%83%D0%B4%D0%B0","200","category","EXACT","Страница пагинации имеет каноническую старую категорию /magazin/folder/odnorazovaya-posuda и наследует её доказанную цель","301"
"https://cloverspb.ru/magazin/folder/odnorazovaya-posuda/p/7","/magazin/folder/odnorazovaya-posuda/p/7","200","index_page","Одноразовая посуда стр.8","Одноразовая посуда","https://clover-spb.ru/catalog/%D0%9E%D0%B4%D0%BD%D0%BE%D1%80%D0%B0%D0%B7%D0%BE%D0%B2%D0%B0%D1%8F%20%D0%BF%D0%BE%D1%81%D1%83%D0%B4%D0%B0","/catalog/%D0%9E%D0%B4%D0%BD%D0%BE%D1%80%D0%B0%D0%B7%D0%BE%D0%B2%D0%B0%D1%8F%20%D0%BF%D0%BE%D1%81%D1%83%D0%B4%D0%B0","200","category","EXACT","Страница пагинации имеет каноническую старую категорию /magazin/folder/odnorazovaya-posuda и наследует её доказанную цель","301"
"https://cloverspb.ru/magazin/folder/kontejnery/p/1","/magazin/folder/kontejnery/p/1","200","index_page","Контейнеры стр.2","Контейнеры","https://clover-spb.ru/catalog/%D0%9E%D0%B4%D0%BD%D0%BE%D1%80%D0%B0%D0%B7%D0%BE%D0%B2%D0%B0%D1%8F%20%D0%BF%D0%BE%D1%81%D1%83%D0%B4%D0%B0/%D0%9A%D0%BE%D0%BD%D1%82%D0%B5%D0%B9%D0%BD%D0%B5%D1%80%D1%8B","/catalog/%D0%9E%D0%B4%D0%BD%D0%BE%D1%80%D0%B0%D0%B7%D0%BE%D0%B2%D0%B0%D1%8F%20%D0%BF%D0%BE%D1%81%D1%83%D0%B4%D0%B0/%D0%9A%D0%BE%D0%BD%D1%82%D0%B5%D0%B9%D0%BD%D0%B5%D1%80%D1%8B","200","subcategory","EXACT","Страница пагинации имеет каноническую старую категорию /magazin/folder/kontejnery и наследует её доказанную цель","301"
"https://cloverspb.ru/magazin/folder/kontejnery/p/2","/magazin/folder/kontejnery/p/2","200","index_page","Контейнеры стр.3","Контейнеры","https://clover-spb.ru/catalog/%D0%9E%D0%B4%D0%BD%D0%BE%D1%80%D0%B0%D0%B7%D0%BE%D0%B2%D0%B0%D1%8F%20%D0%BF%D0%BE%D1%81%D1%83%D0%B4%D0%B0/%D0%9A%D0%BE%D0%BD%D1%82%D0%B5%D0%B9%D0%BD%D0%B5%D1%80%D1%8B","/catalog/%D0%9E%D0%B4%D0%BD%D0%BE%D1%80%D0%B0%D0%B7%D0%BE%D0%B2%D0%B0%D1%8F%20%D0%BF%D0%BE%D1%81%D1%83%D0%B4%D0%B0/%D0%9A%D0%BE%D0%BD%D1%82%D0%B5%D0%B9%D0%BD%D0%B5%D1%80%D1%8B","200","subcategory","EXACT","Страница пагинации имеет каноническую старую категорию /magazin/folder/kontejnery и наследует её доказанную цель","301"
"https://cloverspb.ru/magazin/folder/stakany/p/1","/magazin/folder/stakany/p/1","200","index_page","Стаканы стр.2","Стаканы","https://clover-spb.ru/catalog/%D0%9E%D0%B4%D0%BD%D0%BE%D1%80%D0%B0%D0%B7%D0%BE%D0%B2%D0%B0%D1%8F%20%D0%BF%D0%BE%D1%81%D1%83%D0%B4%D0%B0/%D0%A1%D1%82%D0%B0%D0%BA%D0%B0%D0%BD%D1%8B","/catalog/%D0%9E%D0%B4%D0%BD%D0%BE%D1%80%D0%B0%D0%B7%D0%BE%D0%B2%D0%B0%D1%8F%20%D0%BF%D0%BE%D1%81%D1%83%D0%B4%D0%B0/%D0%A1%D1%82%D0%B0%D0%BA%D0%B0%D0%BD%D1%8B","200","subcategory","EXACT","Страница пагинации имеет каноническую старую категорию /magazin/folder/stakany и наследует её доказанную цель","301"
"https://cloverspb.ru/magazin/folder/bytovaya-himiya/p/1","/magazin/folder/bytovaya-himiya/p/1","200","index_page","Бытовая Химия стр.2","Бытовая Химия","https://clover-spb.ru/catalog/%D0%A5%D0%B8%D0%BC%D0%B8%D1%8F%2C%20%D1%87%D0%B8%D1%81%D1%82%D1%8F%D1%89%D0%B8%D0%B5%20%D1%81%D1%80%D0%B5%D0%B4%D1%81%D1%82%D0%B2%D0%B0","/catalog/%D0%A5%D0%B8%D0%BC%D0%B8%D1%8F%2C%20%D1%87%D0%B8%D1%81%D1%82%D1%8F%D1%89%D0%B8%D0%B5%20%D1%81%D1%80%D0%B5%D0%B4%D1%81%D1%82%D0%B2%D0%B0","200","category","HIGH","Страница пагинации имеет каноническую старую категорию /magazin/folder/bytovaya-himiya и наследует её доказанную цель","301"
"https://cloverspb.ru/magazin/folder/bytovaya-himiya/p/2","/magazin/folder/bytovaya-himiya/p/2","200","index_page","Бытовая Химия стр.3","Бытовая Химия","https://clover-spb.ru/catalog/%D0%A5%D0%B8%D0%BC%D0%B8%D1%8F%2C%20%D1%87%D0%B8%D1%81%D1%82%D1%8F%D1%89%D0%B8%D0%B5%20%D1%81%D1%80%D0%B5%D0%B4%D1%81%D1%82%D0%B2%D0%B0","/catalog/%D0%A5%D0%B8%D0%BC%D0%B8%D1%8F%2C%20%D1%87%D0%B8%D1%81%D1%82%D1%8F%D1%89%D0%B8%D0%B5%20%D1%81%D1%80%D0%B5%D0%B4%D1%81%D1%82%D0%B2%D0%B0","200","category","HIGH","Страница пагинации имеет каноническую старую категорию /magazin/folder/bytovaya-himiya и наследует её доказанную цель","301"
"https://cloverspb.ru/magazin/folder/sredstva-zashchity/p/1","/magazin/folder/sredstva-zashchity/p/1","200","index_page","Средства защиты стр.2","Средства защиты","https://clover-spb.ru/catalog/%D0%A5%D0%BE%D0%B7%D1%8F%D0%B9%D1%81%D1%82%D0%B2%D0%B5%D0%BD%D0%BD%D1%8B%D0%B5%20%D1%82%D0%BE%D0%B2%D0%B0%D1%80%D1%8B","/catalog/%D0%A5%D0%BE%D0%B7%D1%8F%D0%B9%D1%81%D1%82%D0%B2%D0%B5%D0%BD%D0%BD%D1%8B%D0%B5%20%D1%82%D0%BE%D0%B2%D0%B0%D1%80%D1%8B","200","category","HIGH","Страница пагинации имеет каноническую старую категорию /magazin/folder/sredstva-zashchity и наследует её доказанную цель","301"
"https://cloverspb.ru/magazin/folder/upakovka/p/1","/magazin/folder/upakovka/p/1","200","index_page","Упаковка стр.2","Упаковка","https://clover-spb.ru/catalog/%D0%9F%D0%B0%D0%BA%D0%B5%D1%82%D1%8B%2C%20%D1%83%D0%BF%D0%B0%D0%BA%D0%BE%D0%B2%D0%BE%D1%87%D0%BD%D1%8B%D0%B5%20%D0%BC%D0%B0%D1%82%D0%B5%D1%80%D0%B8%D0%B0%D0%BB%D1%8B","/catalog/%D0%9F%D0%B0%D0%BA%D0%B5%D1%82%D1%8B%2C%20%D1%83%D0%BF%D0%B0%D0%BA%D0%BE%D0%B2%D0%BE%D1%87%D0%BD%D1%8B%D0%B5%20%D0%BC%D0%B0%D1%82%D0%B5%D1%80%D0%B8%D0%B0%D0%BB%D1%8B","200","category","HIGH","Страница пагинации имеет каноническую старую категорию /magazin/folder/upakovka и наследует её доказанную цель","301"
"https://cloverspb.ru/magazin/folder/hoztovary/p/1","/magazin/folder/hoztovary/p/1","200","index_page","Хозтовары стр.2","Хозтовары","https://clover-spb.ru/catalog/%D0%A5%D0%BE%D0%B7%D1%8F%D0%B9%D1%81%D1%82%D0%B2%D0%B5%D0%BD%D0%BD%D1%8B%D0%B5%20%D1%82%D0%BE%D0%B2%D0%B0%D1%80%D1%8B","/catalog/%D0%A5%D0%BE%D0%B7%D1%8F%D0%B9%D1%81%D1%82%D0%B2%D0%B5%D0%BD%D0%BD%D1%8B%D0%B5%20%D1%82%D0%BE%D0%B2%D0%B0%D1%80%D1%8B","200","category","HIGH","Страница пагинации имеет каноническую старую категорию /magazin/folder/hoztovary и наследует её доказанную цель","301"
"https://cloverspb.ru/magazin/product/salfetki-bumazhnye-pro-24-sm-h-24-sm-1-sl-500-listov/prev","/magazin/product/salfetki-bumazhnye-pro-24-sm-h-24-sm-1-sl-500-listov/prev","301","alias","","","https://clover-spb.ru/catalog/%D0%91%D1%83%D0%BC%D0%B0%D0%B6%D0%BD%D0%B0%D1%8F%20%D0%BF%D1%80%D0%BE%D0%B4%D1%83%D0%BA%D1%86%D0%B8%D1%8F","/catalog/%D0%91%D1%83%D0%BC%D0%B0%D0%B6%D0%BD%D0%B0%D1%8F%20%D0%BF%D1%80%D0%BE%D0%B4%D1%83%D0%BA%D1%86%D0%B8%D1%8F","200","category","HIGH","Старый URL уже перенаправлял на /magazin/product/salfetki-stolovye-dlya-dispensera-lime-247100 и наследует доказанное решение этой сущности","301"
"https://cloverspb.ru/magazin/product/salfetki-bumazhnye-pro-24-sm-h-24-sm-1-sl-500-listov/next","/magazin/product/salfetki-bumazhnye-pro-24-sm-h-24-sm-1-sl-500-listov/next","301","alias","","","https://clover-spb.ru/catalog/%D0%91%D1%83%D0%BC%D0%B0%D0%B6%D0%BD%D0%B0%D1%8F%20%D0%BF%D1%80%D0%BE%D0%B4%D1%83%D0%BA%D1%86%D0%B8%D1%8F/%D0%A1%D0%B0%D0%BB%D1%84%D0%B5%D1%82%D0%BA%D0%B8","/catalog/%D0%91%D1%83%D0%BC%D0%B0%D0%B6%D0%BD%D0%B0%D1%8F%20%D0%BF%D1%80%D0%BE%D0%B4%D1%83%D0%BA%D1%86%D0%B8%D1%8F/%D0%A1%D0%B0%D0%BB%D1%84%D0%B5%D1%82%D0%BA%D0%B8","200","subcategory","HIGH","Старый URL уже перенаправлял на /magazin/product/salfetki-bumazhnye-24-sm-h-24-sm-1-slojnye-krasnye-400sht и наследует доказанное решение этой сущности","301"
"https://cloverspb.ru/magazin/product/salfetki-bumazhnye-24-sm-h-24-sm-2-sl-chernye-250-listov/prev","/magazin/product/salfetki-bumazhnye-24-sm-h-24-sm-2-sl-chernye-250-listov/prev","301","alias","","","https://clover-spb.ru/catalog/%D0%91%D1%83%D0%BC%D0%B0%D0%B6%D0%BD%D0%B0%D1%8F%20%D0%BF%D1%80%D0%BE%D0%B4%D1%83%D0%BA%D1%86%D0%B8%D1%8F/%D0%A1%D0%B0%D0%BB%D1%84%D0%B5%D1%82%D0%BA%D0%B8","/catalog/%D0%91%D1%83%D0%BC%D0%B0%D0%B6%D0%BD%D0%B0%D1%8F%20%D0%BF%D1%80%D0%BE%D0%B4%D1%83%D0%BA%D1%86%D0%B8%D1%8F/%D0%A1%D0%B0%D0%BB%D1%84%D0%B5%D1%82%D0%BA%D0%B8","200","subcategory","HIGH","Старый URL уже перенаправлял на /magazin/product/salfetki-bumazhnye-big-pak-33h33-1-sl-belye-300sht и наследует доказанное решение этой сущности","301"
"https://cloverspb.ru/magazin/product/salfetki-bumazhnye-24-sm-h-24-sm-2-sl-chernye-250-listov/next","/magazin/product/salfetki-bumazhnye-24-sm-h-24-sm-2-sl-chernye-250-listov/next","301","alias","","","https://clover-spb.ru/catalog/%D0%91%D1%83%D0%BC%D0%B0%D0%B6%D0%BD%D0%B0%D1%8F%20%D0%BF%D1%80%D0%BE%D0%B4%D1%83%D0%BA%D1%86%D0%B8%D1%8F/%D0%A1%D0%B0%D0%BB%D1%84%D0%B5%D1%82%D0%BA%D0%B8","/catalog/%D0%91%D1%83%D0%BC%D0%B0%D0%B6%D0%BD%D0%B0%D1%8F%20%D0%BF%D1%80%D0%BE%D0%B4%D1%83%D0%BA%D1%86%D0%B8%D1%8F/%D0%A1%D0%B0%D0%BB%D1%84%D0%B5%D1%82%D0%BA%D0%B8","200","subcategory","HIGH","Старый URL уже перенаправлял на /magazin/product/salfetki-bumazhnye-33-sm-h-33-sm-krasnye-200sht и наследует доказанное решение этой сущности","301"
"https://cloverspb.ru/magazin/product/bumazhnye-polotenca-focus-z-ukladka-2-slojnye-200-listov/prev","/magazin/product/bumazhnye-polotenca-focus-z-ukladka-2-slojnye-200-listov/prev","301","alias","","","https://clover-spb.ru/catalog/%D0%91%D1%83%D0%BC%D0%B0%D0%B6%D0%BD%D0%B0%D1%8F%20%D0%BF%D1%80%D0%BE%D0%B4%D1%83%D0%BA%D1%86%D0%B8%D1%8F","/catalog/%D0%91%D1%83%D0%BC%D0%B0%D0%B6%D0%BD%D0%B0%D1%8F%20%D0%BF%D1%80%D0%BE%D0%B4%D1%83%D0%BA%D1%86%D0%B8%D1%8F","200","category","HIGH","Старый URL уже перенаправлял на /magazin/product/polotenca-focus-z-ukladka-1-slojnye-200-listov и наследует доказанное решение этой сущности","301"
"https://cloverspb.ru/magazin/product/bumazhnye-polotenca-focus-z-ukladka-2-slojnye-200-listov/next","/magazin/product/bumazhnye-polotenca-focus-z-ukladka-2-slojnye-200-listov/next","301","alias","","","https://clover-spb.ru/catalog/%D0%91%D1%83%D0%BC%D0%B0%D0%B6%D0%BD%D0%B0%D1%8F%20%D0%BF%D1%80%D0%BE%D0%B4%D1%83%D0%BA%D1%86%D0%B8%D1%8F","/catalog/%D0%91%D1%83%D0%BC%D0%B0%D0%B6%D0%BD%D0%B0%D1%8F%20%D0%BF%D1%80%D0%BE%D0%B4%D1%83%D0%BA%D1%86%D0%B8%D1%8F","200","category","HIGH","Старый URL уже перенаправлял на /magazin/product/polotenca-n3-tork-120108 и наследует доказанное решение этой сущности","301"
"https://cloverspb.ru/magazin/product/bumazhnye-polotenca-v-rulone-familiya-2rul-upak/prev","/magazin/product/bumazhnye-polotenca-v-rulone-familiya-2rul-upak/prev","301","alias","","","https://clover-spb.ru/catalog/%D0%91%D1%83%D0%BC%D0%B0%D0%B6%D0%BD%D0%B0%D1%8F%20%D0%BF%D1%80%D0%BE%D0%B4%D1%83%D0%BA%D1%86%D0%B8%D1%8F","/catalog/%D0%91%D1%83%D0%BC%D0%B0%D0%B6%D0%BD%D0%B0%D1%8F%20%D0%BF%D1%80%D0%BE%D0%B4%D1%83%D0%BA%D1%86%D0%B8%D1%8F","200","category","HIGH","Старый URL уже перенаправлял на /magazin/product/bumazhnye-polotenca-pro-c-192-v-ukladka-1-slojnye-250-listov и наследует доказанное решение этой сущности","301"
"https://cloverspb.ru/magazin/product/bumazhnye-polotenca-v-rulone-familiya-2rul-upak/next","/magazin/product/bumazhnye-polotenca-v-rulone-familiya-2rul-upak/next","301","alias","","","https://clover-spb.ru/catalog/%D0%91%D1%83%D0%BC%D0%B0%D0%B6%D0%BD%D0%B0%D1%8F%20%D0%BF%D1%80%D0%BE%D0%B4%D1%83%D0%BA%D1%86%D0%B8%D1%8F","/catalog/%D0%91%D1%83%D0%BC%D0%B0%D0%B6%D0%BD%D0%B0%D1%8F%20%D0%BF%D1%80%D0%BE%D0%B4%D1%83%D0%BA%D1%86%D0%B8%D1%8F","200","category","HIGH","Старый URL уже перенаправлял на /magazin/product/polotenca-focus-v-ukladka-1-slojnye-250-listov и наследует доказанное решение этой сущности","301"
"https://cloverspb.ru/magazin/product/bumazhnye-polotenca-pro-c-192-v-ukladka-1-slojnye-250-listov/prev","/magazin/product/bumazhnye-polotenca-pro-c-192-v-ukladka-1-slojnye-250-listov/prev","301","alias","","","https://clover-spb.ru/catalog/%D0%91%D1%83%D0%BC%D0%B0%D0%B6%D0%BD%D0%B0%D1%8F%20%D0%BF%D1%80%D0%BE%D0%B4%D1%83%D0%BA%D1%86%D0%B8%D1%8F/%D0%91%D1%83%D0%BC%D0%B0%D0%B6%D0%BD%D1%8B%D0%B5%20%D0%BF%D0%BE%D0%BB%D0%BE%D1%82%D0%B5%D0%BD%D1%86%D0%B0","/catalog/%D0%91%D1%83%D0%BC%D0%B0%D0%B6%D0%BD%D0%B0%D1%8F%20%D0%BF%D1%80%D0%BE%D0%B4%D1%83%D0%BA%D1%86%D0%B8%D1%8F/%D0%91%D1%83%D0%BC%D0%B0%D0%B6%D0%BD%D1%8B%D0%B5%20%D0%BF%D0%BE%D0%BB%D0%BE%D1%82%D0%B5%D0%BD%D1%86%D0%B0","200","subcategory","HIGH","Старый URL уже перенаправлял на /magazin/product/polotenca-tork-h1-120067 и наследует доказанное решение этой сущности","301"
"https://cloverspb.ru/magazin/product/bumazhnye-polotenca-pro-c-192-v-ukladka-1-slojnye-250-listov/next","/magazin/product/bumazhnye-polotenca-pro-c-192-v-ukladka-1-slojnye-250-listov/next","301","alias","","","https://clover-spb.ru/catalog/%D0%91%D1%83%D0%BC%D0%B0%D0%B6%D0%BD%D0%B0%D1%8F%20%D0%BF%D1%80%D0%BE%D0%B4%D1%83%D0%BA%D1%86%D0%B8%D1%8F","/catalog/%D0%91%D1%83%D0%BC%D0%B0%D0%B6%D0%BD%D0%B0%D1%8F%20%D0%BF%D1%80%D0%BE%D0%B4%D1%83%D0%BA%D1%86%D0%B8%D1%8F","200","category","HIGH","Старый URL уже перенаправлял на /magazin/product/bumazhnye-polotenca-v-rulone-familiya-2rul-upak и наследует доказанное решение этой сущности","301"
"https://cloverspb.ru/magazin/product/polotenca-bumazhnye-v-rulone-veiro-1-sl-belye-cv-300-metrov-kr105/prev","/magazin/product/polotenca-bumazhnye-v-rulone-veiro-1-sl-belye-cv-300-metrov-kr105/prev","301","alias","","","https://clover-spb.ru/catalog/%D0%91%D1%83%D0%BC%D0%B0%D0%B6%D0%BD%D0%B0%D1%8F%20%D0%BF%D1%80%D0%BE%D0%B4%D1%83%D0%BA%D1%86%D0%B8%D1%8F","/catalog/%D0%91%D1%83%D0%BC%D0%B0%D0%B6%D0%BD%D0%B0%D1%8F%20%D0%BF%D1%80%D0%BE%D0%B4%D1%83%D0%BA%D1%86%D0%B8%D1%8F","200","category","HIGH","Старый URL уже перенаправлял на /magazin/product/polotenca-s-centralnoj-vytyazhkoj-lime-120-metrov-20-120 и наследует доказанное решение этой сущности","301"
"https://cloverspb.ru/magazin/product/polotenca-bumazhnye-v-rulone-veiro-1-sl-belye-cv-300-metrov-kr105/next","/magazin/product/polotenca-bumazhnye-v-rulone-veiro-1-sl-belye-cv-300-metrov-kr105/next","301","alias","","","https://clover-spb.ru/catalog/%D0%91%D1%83%D0%BC%D0%B0%D0%B6%D0%BD%D0%B0%D1%8F%20%D0%BF%D1%80%D0%BE%D0%B4%D1%83%D0%BA%D1%86%D0%B8%D1%8F/%D0%91%D1%83%D0%BC%D0%B0%D0%B6%D0%BD%D1%8B%D0%B5%20%D0%BF%D0%BE%D0%BB%D0%BE%D1%82%D0%B5%D0%BD%D1%86%D0%B0","/catalog/%D0%91%D1%83%D0%BC%D0%B0%D0%B6%D0%BD%D0%B0%D1%8F%20%D0%BF%D1%80%D0%BE%D0%B4%D1%83%D0%BA%D1%86%D0%B8%D1%8F/%D0%91%D1%83%D0%BC%D0%B0%D0%B6%D0%BD%D1%8B%D0%B5%20%D0%BF%D0%BE%D0%BB%D0%BE%D1%82%D0%B5%D0%BD%D1%86%D0%B0","200","subcategory","HIGH","Старый URL уже перенаправлял на /magazin/product/polotenca-v-rulone-lime-200-metrov-belye-1-sl-520200 и наследует доказанное решение этой сущности","301"
"https://cloverspb.ru/magazin/product/tualetnaya-bumaga-papia-professional-3-sl-8rul-up/prev","/magazin/product/tualetnaya-bumaga-papia-professional-3-sl-8rul-up/prev","301","alias","","","https://clover-spb.ru/catalog/%D0%91%D1%83%D0%BC%D0%B0%D0%B6%D0%BD%D0%B0%D1%8F%20%D0%BF%D1%80%D0%BE%D0%B4%D1%83%D0%BA%D1%86%D0%B8%D1%8F","/catalog/%D0%91%D1%83%D0%BC%D0%B0%D0%B6%D0%BD%D0%B0%D1%8F%20%D0%BF%D1%80%D0%BE%D0%B4%D1%83%D0%BA%D1%86%D0%B8%D1%8F","200","category","HIGH","Старый URL уже перенаправлял на /magazin/product/tualetnaya-bumaga-focus-1-slojnaya-200-metrov и наследует доказанное решение этой сущности","301"
"https://cloverspb.ru/magazin/product/tualetnaya-bumaga-papia-professional-3-sl-8rul-up/next","/magazin/product/tualetnaya-bumaga-papia-professional-3-sl-8rul-up/next","301","alias","","","https://clover-spb.ru/product/%D0%9D%D0%A4-00000645","/product/%D0%9D%D0%A4-00000645","200","product","EXACT","Старый URL уже перенаправлял на /magazin/product/tualetnaya-bumaga-tork-t1-1-sl-525-metrov-120195 и наследует доказанное решение этой сущности","301"
"https://cloverspb.ru/magazin/product/tualetnaya-bumaga-tork-t1-1-sl-525-metrov-120195/prev","/magazin/product/tualetnaya-bumaga-tork-t1-1-sl-525-metrov-120195/prev","301","alias","","","https://clover-spb.ru/catalog/%D0%91%D1%83%D0%BC%D0%B0%D0%B6%D0%BD%D0%B0%D1%8F%20%D0%BF%D1%80%D0%BE%D0%B4%D1%83%D0%BA%D1%86%D0%B8%D1%8F/%D0%A2%D1%83%D0%B0%D0%BB%D0%B5%D1%82%D0%BD%D0%B0%D1%8F%20%D0%B1%D1%83%D0%BC%D0%B0%D0%B3%D0%B0","/catalog/%D0%91%D1%83%D0%BC%D0%B0%D0%B6%D0%BD%D0%B0%D1%8F%20%D0%BF%D1%80%D0%BE%D0%B4%D1%83%D0%BA%D1%86%D0%B8%D1%8F/%D0%A2%D1%83%D0%B0%D0%BB%D0%B5%D1%82%D0%BD%D0%B0%D1%8F%20%D0%B1%D1%83%D0%BC%D0%B0%D0%B3%D0%B0","200","subcategory","HIGH","Старый URL уже перенаправлял на /magazin/product/tualetnaya-bumaga-papia-professional-3-sl-8rul-up и наследует доказанное решение этой сущности","301"
"https://cloverspb.ru/magazin/product/tualetnaya-bumaga-tork-t1-1-sl-525-metrov-120195/next","/magazin/product/tualetnaya-bumaga-tork-t1-1-sl-525-metrov-120195/next","301","alias","","","https://clover-spb.ru/product/%D0%9D%D0%A4-00000207","/product/%D0%9D%D0%A4-00000207","200","product","EXACT","Старый URL уже перенаправлял на /magazin/product/bumaga-tualetnaya-myagkij-znak-1-sl-belaya и наследует доказанное решение этой сущности","301"
"https://cloverspb.ru/magazin/product/shumanit-antizhir-bagi-3-l/prev","/magazin/product/shumanit-antizhir-bagi-3-l/prev","301","alias","","","https://clover-spb.ru/product/%D0%9D%D0%A4-00000055","/product/%D0%9D%D0%A4-00000055","200","product","EXACT","Старый URL уже перенаправлял на /magazin/product/unicum-gold-zhiroudalitel-3l и наследует доказанное решение этой сущности","301"
"https://cloverspb.ru/magazin/product/shumanit-antizhir-bagi-3-l/next","/magazin/product/shumanit-antizhir-bagi-3-l/next","301","alias","","","https://clover-spb.ru/product/%D0%9D%D0%A4-00000062","/product/%D0%9D%D0%A4-00000062","200","product","EXACT","Старый URL уже перенаправлял на /magazin/product/adriel-dlya-plit-850ml и наследует доказанное решение этой сущности","301"
"https://cloverspb.ru/magazin/product/shumanit-antizhir-bagi-400-ml/prev","/magazin/product/shumanit-antizhir-bagi-400-ml/prev","301","alias","","","https://clover-spb.ru/product/%D0%9D%D0%A4-00000058","/product/%D0%9D%D0%A4-00000058","200","product","EXACT","Старый URL уже перенаправлял на /magazin/product/unicum-gold-zhiroudalitel-s-triggerom-500ml и наследует доказанное решение этой сущности","301"
"https://cloverspb.ru/magazin/product/shumanit-antizhir-bagi-400-ml/next","/magazin/product/shumanit-antizhir-bagi-400-ml/next","301","alias","","","https://clover-spb.ru/product/%D0%9D%D0%A4-00003228","/product/%D0%9D%D0%A4-00003228","200","product","EXACT","Старый URL уже перенаправлял на /magazin/product/sredstvo-zhiroudalitel-hot-clean-pro-vv-5-l-4 и наследует доказанное решение этой сущности","301"
"https://cloverspb.ru/magazin/product/fasovochnyj-paket-25-sm-h-45-sm-v-rulone/prev","/magazin/product/fasovochnyj-paket-25-sm-h-45-sm-v-rulone/prev","301","alias","","","https://clover-spb.ru/catalog/%D0%9F%D0%B0%D0%BA%D0%B5%D1%82%D1%8B%2C%20%D1%83%D0%BF%D0%B0%D0%BA%D0%BE%D0%B2%D0%BE%D1%87%D0%BD%D1%8B%D0%B5%20%D0%BC%D0%B0%D1%82%D0%B5%D1%80%D0%B8%D0%B0%D0%BB%D1%8B/%D0%9F%D0%B0%D0%BA%D0%B5%D1%82%D1%8B%20%D1%84%D0%B0%D1%81%D0%BE%D0%B2%D0%BE%D1%87%D0%BD%D1%8B%D0%B5","/catalog/%D0%9F%D0%B0%D0%BA%D0%B5%D1%82%D1%8B%2C%20%D1%83%D0%BF%D0%B0%D0%BA%D0%BE%D0%B2%D0%BE%D1%87%D0%BD%D1%8B%D0%B5%20%D0%BC%D0%B0%D1%82%D0%B5%D1%80%D0%B8%D0%B0%D0%BB%D1%8B/%D0%9F%D0%B0%D0%BA%D0%B5%D1%82%D1%8B%20%D1%84%D0%B0%D1%81%D0%BE%D0%B2%D0%BE%D1%87%D0%BD%D1%8B%D0%B5","200","subcategory","HIGH","Старый URL уже перенаправлял на /magazin/product/paket-fasovochnyj-30-40sm-1000sht-upak и наследует доказанное решение этой сущности","301"
"https://cloverspb.ru/magazin/product/fasovochnyj-paket-25-sm-h-45-sm-v-rulone/next","/magazin/product/fasovochnyj-paket-25-sm-h-45-sm-v-rulone/next","301","alias","","","https://clover-spb.ru/catalog/%D0%9F%D0%B0%D0%BA%D0%B5%D1%82%D1%8B%2C%20%D1%83%D0%BF%D0%B0%D0%BA%D0%BE%D0%B2%D0%BE%D1%87%D0%BD%D1%8B%D0%B5%20%D0%BC%D0%B0%D1%82%D0%B5%D1%80%D0%B8%D0%B0%D0%BB%D1%8B/%D0%9F%D0%B0%D0%BA%D0%B5%D1%82%D1%8B%20%D1%84%D0%B0%D1%81%D0%BE%D0%B2%D0%BE%D1%87%D0%BD%D1%8B%D0%B5","/catalog/%D0%9F%D0%B0%D0%BA%D0%B5%D1%82%D1%8B%2C%20%D1%83%D0%BF%D0%B0%D0%BA%D0%BE%D0%B2%D0%BE%D1%87%D0%BD%D1%8B%D0%B5%20%D0%BC%D0%B0%D1%82%D0%B5%D1%80%D0%B8%D0%B0%D0%BB%D1%8B/%D0%9F%D0%B0%D0%BA%D0%B5%D1%82%D1%8B%20%D1%84%D0%B0%D1%81%D0%BE%D0%B2%D0%BE%D1%87%D0%BD%D1%8B%D0%B5","200","subcategory","HIGH","Старый URL уже перенаправлял на /magazin/product/paket-fasovochnyj-25-sm-h-35-sm и наследует доказанное решение этой сущности","301"
"https://cloverspb.ru/magazin/product/paket-fasovochnyj-25-sm-h-35-sm/prev","/magazin/product/paket-fasovochnyj-25-sm-h-35-sm/prev","301","alias","","","https://clover-spb.ru/catalog/%D0%9F%D0%B0%D0%BA%D0%B5%D1%82%D1%8B%2C%20%D1%83%D0%BF%D0%B0%D0%BA%D0%BE%D0%B2%D0%BE%D1%87%D0%BD%D1%8B%D0%B5%20%D0%BC%D0%B0%D1%82%D0%B5%D1%80%D0%B8%D0%B0%D0%BB%D1%8B/%D0%9F%D0%B0%D0%BA%D0%B5%D1%82%D1%8B%20%D1%84%D0%B0%D1%81%D0%BE%D0%B2%D0%BE%D1%87%D0%BD%D1%8B%D0%B5","/catalog/%D0%9F%D0%B0%D0%BA%D0%B5%D1%82%D1%8B%2C%20%D1%83%D0%BF%D0%B0%D0%BA%D0%BE%D0%B2%D0%BE%D1%87%D0%BD%D1%8B%D0%B5%20%D0%BC%D0%B0%D1%82%D0%B5%D1%80%D0%B8%D0%B0%D0%BB%D1%8B/%D0%9F%D0%B0%D0%BA%D0%B5%D1%82%D1%8B%20%D1%84%D0%B0%D1%81%D0%BE%D0%B2%D0%BE%D1%87%D0%BD%D1%8B%D0%B5","200","subcategory","HIGH","Старый URL уже перенаправлял на /magazin/product/fasovochnyj-paket-25-sm-h-45-sm-v-rulone и наследует доказанное решение этой сущности","301"
"https://cloverspb.ru/magazin/product/paket-fasovochnyj-25-sm-h-35-sm/next","/magazin/product/paket-fasovochnyj-25-sm-h-35-sm/next","301","alias","","","https://clover-spb.ru/catalog/%D0%9F%D0%B0%D0%BA%D0%B5%D1%82%D1%8B%2C%20%D1%83%D0%BF%D0%B0%D0%BA%D0%BE%D0%B2%D0%BE%D1%87%D0%BD%D1%8B%D0%B5%20%D0%BC%D0%B0%D1%82%D0%B5%D1%80%D0%B8%D0%B0%D0%BB%D1%8B/%D0%9F%D0%B0%D0%BA%D0%B5%D1%82%D1%8B%20%D1%84%D0%B0%D1%81%D0%BE%D0%B2%D0%BE%D1%87%D0%BD%D1%8B%D0%B5","/catalog/%D0%9F%D0%B0%D0%BA%D0%B5%D1%82%D1%8B%2C%20%D1%83%D0%BF%D0%B0%D0%BA%D0%BE%D0%B2%D0%BE%D1%87%D0%BD%D1%8B%D0%B5%20%D0%BC%D0%B0%D1%82%D0%B5%D1%80%D0%B8%D0%B0%D0%BB%D1%8B/%D0%9F%D0%B0%D0%BA%D0%B5%D1%82%D1%8B%20%D1%84%D0%B0%D1%81%D0%BE%D0%B2%D0%BE%D1%87%D0%BD%D1%8B%D0%B5","200","subcategory","HIGH","Старый URL уже перенаправлял на /magazin/product/paket-fasovochnyj-30-sm-h-40-sm и наследует доказанное решение этой сущности","301"
"https://cloverspb.ru/magazin/product/zhidkoe-mylo-tork-s4/prev","/magazin/product/zhidkoe-mylo-tork-s4/prev","301","alias","","","https://clover-spb.ru/catalog/%D0%A5%D0%B8%D0%BC%D0%B8%D1%8F%2C%20%D1%87%D0%B8%D1%81%D1%82%D1%8F%D1%89%D0%B8%D0%B5%20%D1%81%D1%80%D0%B5%D0%B4%D1%81%D1%82%D0%B2%D0%B0","/catalog/%D0%A5%D0%B8%D0%BC%D0%B8%D1%8F%2C%20%D1%87%D0%B8%D1%81%D1%82%D1%8F%D1%89%D0%B8%D0%B5%20%D1%81%D1%80%D0%B5%D0%B4%D1%81%D1%82%D0%B2%D0%B0","200","category","HIGH","Старый URL уже перенаправлял на /magazin/product/mylo-krem-s-perlamutrom-5-l и наследует доказанное решение этой сущности","301"
"https://cloverspb.ru/magazin/product/zhidkoe-mylo-tork-s4/next","/magazin/product/zhidkoe-mylo-tork-s4/next","301","alias","","","https://clover-spb.ru/catalog/%D0%A5%D0%B8%D0%BC%D0%B8%D1%8F%2C%20%D1%87%D0%B8%D1%81%D1%82%D1%8F%D1%89%D0%B8%D0%B5%20%D1%81%D1%80%D0%B5%D0%B4%D1%81%D1%82%D0%B2%D0%B0","/catalog/%D0%A5%D0%B8%D0%BC%D0%B8%D1%8F%2C%20%D1%87%D0%B8%D1%81%D1%82%D1%8F%D1%89%D0%B8%D0%B5%20%D1%81%D1%80%D0%B5%D0%B4%D1%81%D1%82%D0%B2%D0%B0","200","category","HIGH","Старый URL уже перенаправлял на /magazin/product/mylo-hozyajstvennoe-aist-150gr и наследует доказанное решение этой сущности","301"
"https://cloverspb.ru/magazin/product/polotenca-focus-v-ukladka-1-slojnye-250-listov/prev","/magazin/product/polotenca-focus-v-ukladka-1-slojnye-250-listov/prev","301","alias","","","https://clover-spb.ru/catalog/%D0%91%D1%83%D0%BC%D0%B0%D0%B6%D0%BD%D0%B0%D1%8F%20%D0%BF%D1%80%D0%BE%D0%B4%D1%83%D0%BA%D1%86%D0%B8%D1%8F","/catalog/%D0%91%D1%83%D0%BC%D0%B0%D0%B6%D0%BD%D0%B0%D1%8F%20%D0%BF%D1%80%D0%BE%D0%B4%D1%83%D0%BA%D1%86%D0%B8%D1%8F","200","category","HIGH","Старый URL уже перенаправлял на /magazin/product/bumazhnye-polotenca-v-rulone-familiya-2rul-upak и наследует доказанное решение этой сущности","301"
"https://cloverspb.ru/magazin/product/polotenca-focus-v-ukladka-1-slojnye-250-listov/next","/magazin/product/polotenca-focus-v-ukladka-1-slojnye-250-listov/next","301","alias","","","https://clover-spb.ru/product/%D0%9D%D0%A4-00000126","/product/%D0%9D%D0%A4-00000126","200","product","EXACT","Старый URL уже перенаправлял на /magazin/product/bumazhnoe-polotence-myagkij-znak и наследует доказанное решение этой сущности","301"
"https://cloverspb.ru/magazin/product/polotenca-tork-h1-120067/prev","/magazin/product/polotenca-tork-h1-120067/prev","301","alias","","","https://clover-spb.ru/catalog/%D0%91%D1%83%D0%BC%D0%B0%D0%B6%D0%BD%D0%B0%D1%8F%20%D0%BF%D1%80%D0%BE%D0%B4%D1%83%D0%BA%D1%86%D0%B8%D1%8F/%D0%91%D1%83%D0%BC%D0%B0%D0%B6%D0%BD%D1%8B%D0%B5%20%D0%BF%D0%BE%D0%BB%D0%BE%D1%82%D0%B5%D0%BD%D1%86%D0%B0","/catalog/%D0%91%D1%83%D0%BC%D0%B0%D0%B6%D0%BD%D0%B0%D1%8F%20%D0%BF%D1%80%D0%BE%D0%B4%D1%83%D0%BA%D1%86%D0%B8%D1%8F/%D0%91%D1%83%D0%BC%D0%B0%D0%B6%D0%BD%D1%8B%D0%B5%20%D0%BF%D0%BE%D0%BB%D0%BE%D1%82%D0%B5%D0%BD%D1%86%D0%B0","200","subcategory","HIGH","Старый URL уже перенаправлял на /magazin/product/polotenca-s-centralnoj-vytyazhkoj-lime-300-metrov-20-300 и наследует доказанное решение этой сущности","301"
"https://cloverspb.ru/magazin/product/polotenca-tork-h1-120067/next","/magazin/product/polotenca-tork-h1-120067/next","301","alias","","","https://clover-spb.ru/catalog/%D0%91%D1%83%D0%BC%D0%B0%D0%B6%D0%BD%D0%B0%D1%8F%20%D0%BF%D1%80%D0%BE%D0%B4%D1%83%D0%BA%D1%86%D0%B8%D1%8F","/catalog/%D0%91%D1%83%D0%BC%D0%B0%D0%B6%D0%BD%D0%B0%D1%8F%20%D0%BF%D1%80%D0%BE%D0%B4%D1%83%D0%BA%D1%86%D0%B8%D1%8F","200","category","HIGH","Старый URL уже перенаправлял на /magazin/product/bumazhnye-polotenca-pro-c-192-v-ukladka-1-slojnye-250-listov и наследует доказанное решение этой сущности","301"
"https://cloverspb.ru/magazin/product/polotenca-v-rulone-lime-200-metrov-belye-1-sl-520200/prev","/magazin/product/polotenca-v-rulone-lime-200-metrov-belye-1-sl-520200/prev","301","alias","","","https://clover-spb.ru/product/%D0%9D%D0%A4-00001999","/product/%D0%9D%D0%A4-00001999","200","product","EXACT","Старый URL уже перенаправлял на /magazin/product/polotenca-bumazhnye-v-rulone-veiro-1-sl-belye-cv-300-metrov-kr105 и наследует доказанное решение этой сущности","301"
"https://cloverspb.ru/magazin/product/polotenca-v-rulone-lime-200-metrov-belye-1-sl-520200/next","/magazin/product/polotenca-v-rulone-lime-200-metrov-belye-1-sl-520200/next","301","alias","","","https://clover-spb.ru/catalog/%D0%91%D1%83%D0%BC%D0%B0%D0%B6%D0%BD%D0%B0%D1%8F%20%D0%BF%D1%80%D0%BE%D0%B4%D1%83%D0%BA%D1%86%D0%B8%D1%8F/%D0%91%D1%83%D0%BC%D0%B0%D0%B6%D0%BD%D1%8B%D0%B5%20%D0%BF%D0%BE%D0%BB%D0%BE%D1%82%D0%B5%D0%BD%D1%86%D0%B0","/catalog/%D0%91%D1%83%D0%BC%D0%B0%D0%B6%D0%BD%D0%B0%D1%8F%20%D0%BF%D1%80%D0%BE%D0%B4%D1%83%D0%BA%D1%86%D0%B8%D1%8F/%D0%91%D1%83%D0%BC%D0%B0%D0%B6%D0%BD%D1%8B%D0%B5%20%D0%BF%D0%BE%D0%BB%D0%BE%D1%82%D0%B5%D0%BD%D1%86%D0%B0","200","subcategory","HIGH","Старый URL уже перенаправлял на /magazin/product/polotenca-s-centralnoj-vytyazhkoj-lime-300-metrov-20-300 и наследует доказанное решение этой сущности","301"
"https://cloverspb.ru/magazin/product/polotenca-n3-tork-120108/prev","/magazin/product/polotenca-n3-tork-120108/prev","301","alias","","","https://clover-spb.ru/catalog/%D0%91%D1%83%D0%BC%D0%B0%D0%B6%D0%BD%D0%B0%D1%8F%20%D0%BF%D1%80%D0%BE%D0%B4%D1%83%D0%BA%D1%86%D0%B8%D1%8F","/catalog/%D0%91%D1%83%D0%BC%D0%B0%D0%B6%D0%BD%D0%B0%D1%8F%20%D0%BF%D1%80%D0%BE%D0%B4%D1%83%D0%BA%D1%86%D0%B8%D1%8F","200","category","HIGH","Старый URL уже перенаправлял на /magazin/product/bumazhnye-polotenca-focus-z-ukladka-2-slojnye-200-listov и наследует доказанное решение этой сущности","301"
"https://cloverspb.ru/magazin/product/polotenca-n3-tork-120108/next","/magazin/product/polotenca-n3-tork-120108/next","301","alias","","","https://clover-spb.ru/catalog/%D0%91%D1%83%D0%BC%D0%B0%D0%B6%D0%BD%D0%B0%D1%8F%20%D0%BF%D1%80%D0%BE%D0%B4%D1%83%D0%BA%D1%86%D0%B8%D1%8F","/catalog/%D0%91%D1%83%D0%BC%D0%B0%D0%B6%D0%BD%D0%B0%D1%8F%20%D0%BF%D1%80%D0%BE%D0%B4%D1%83%D0%BA%D1%86%D0%B8%D1%8F","200","category","HIGH","Старый URL уже перенаправлял на /magazin/product/polotenca-s-centralnoj-vytyazhkoj-lime-120-metrov-20-120 и наследует доказанное решение этой сущности","301"
"https://cloverspb.ru/magazin/product/polotenca-s-centralnoj-vytyazhkoj-lime-120-metrov-20-120/prev","/magazin/product/polotenca-s-centralnoj-vytyazhkoj-lime-120-metrov-20-120/prev","301","alias","","","https://clover-spb.ru/catalog/%D0%91%D1%83%D0%BC%D0%B0%D0%B6%D0%BD%D0%B0%D1%8F%20%D0%BF%D1%80%D0%BE%D0%B4%D1%83%D0%BA%D1%86%D0%B8%D1%8F","/catalog/%D0%91%D1%83%D0%BC%D0%B0%D0%B6%D0%BD%D0%B0%D1%8F%20%D0%BF%D1%80%D0%BE%D0%B4%D1%83%D0%BA%D1%86%D0%B8%D1%8F","200","category","HIGH","Старый URL уже перенаправлял на /magazin/product/polotenca-n3-tork-120108 и наследует доказанное решение этой сущности","301"
"https://cloverspb.ru/magazin/product/polotenca-s-centralnoj-vytyazhkoj-lime-120-metrov-20-120/next","/magazin/product/polotenca-s-centralnoj-vytyazhkoj-lime-120-metrov-20-120/next","301","alias","","","https://clover-spb.ru/product/%D0%9D%D0%A4-00001999","/product/%D0%9D%D0%A4-00001999","200","product","EXACT","Старый URL уже перенаправлял на /magazin/product/polotenca-bumazhnye-v-rulone-veiro-1-sl-belye-cv-300-metrov-kr105 и наследует доказанное решение этой сущности","301"
"https://cloverspb.ru/magazin/product/polotenca-s-centralnoj-vytyazhkoj-lime-300-metrov-20-300/prev","/magazin/product/polotenca-s-centralnoj-vytyazhkoj-lime-300-metrov-20-300/prev","301","alias","","","https://clover-spb.ru/catalog/%D0%91%D1%83%D0%BC%D0%B0%D0%B6%D0%BD%D0%B0%D1%8F%20%D0%BF%D1%80%D0%BE%D0%B4%D1%83%D0%BA%D1%86%D0%B8%D1%8F/%D0%91%D1%83%D0%BC%D0%B0%D0%B6%D0%BD%D1%8B%D0%B5%20%D0%BF%D0%BE%D0%BB%D0%BE%D1%82%D0%B5%D0%BD%D1%86%D0%B0","/catalog/%D0%91%D1%83%D0%BC%D0%B0%D0%B6%D0%BD%D0%B0%D1%8F%20%D0%BF%D1%80%D0%BE%D0%B4%D1%83%D0%BA%D1%86%D0%B8%D1%8F/%D0%91%D1%83%D0%BC%D0%B0%D0%B6%D0%BD%D1%8B%D0%B5%20%D0%BF%D0%BE%D0%BB%D0%BE%D1%82%D0%B5%D0%BD%D1%86%D0%B0","200","subcategory","HIGH","Старый URL уже перенаправлял на /magazin/product/polotenca-v-rulone-lime-200-metrov-belye-1-sl-520200 и наследует доказанное решение этой сущности","301"
"https://cloverspb.ru/magazin/product/polotenca-s-centralnoj-vytyazhkoj-lime-300-metrov-20-300/next","/magazin/product/polotenca-s-centralnoj-vytyazhkoj-lime-300-metrov-20-300/next","301","alias","","","https://clover-spb.ru/catalog/%D0%91%D1%83%D0%BC%D0%B0%D0%B6%D0%BD%D0%B0%D1%8F%20%D0%BF%D1%80%D0%BE%D0%B4%D1%83%D0%BA%D1%86%D0%B8%D1%8F/%D0%91%D1%83%D0%BC%D0%B0%D0%B6%D0%BD%D1%8B%D0%B5%20%D0%BF%D0%BE%D0%BB%D0%BE%D1%82%D0%B5%D0%BD%D1%86%D0%B0","/catalog/%D0%91%D1%83%D0%BC%D0%B0%D0%B6%D0%BD%D0%B0%D1%8F%20%D0%BF%D1%80%D0%BE%D0%B4%D1%83%D0%BA%D1%86%D0%B8%D1%8F/%D0%91%D1%83%D0%BC%D0%B0%D0%B6%D0%BD%D1%8B%D0%B5%20%D0%BF%D0%BE%D0%BB%D0%BE%D1%82%D0%B5%D0%BD%D1%86%D0%B0","200","subcategory","HIGH","Старый URL уже перенаправлял на /magazin/product/polotenca-tork-h1-120067 и наследует доказанное решение этой сущности","301"
"https://cloverspb.ru/magazin/product/polotenca-focus-z-ukladka-1-slojnye-200-listov/prev","/magazin/product/polotenca-focus-z-ukladka-1-slojnye-200-listov/prev","301","alias","","","https://clover-spb.ru/product/%D0%9D%D0%A4-00000126","/product/%D0%9D%D0%A4-00000126","200","product","EXACT","Старый URL уже перенаправлял на /magazin/product/bumazhnoe-polotence-myagkij-znak и наследует доказанное решение этой сущности","301"
"https://cloverspb.ru/magazin/product/polotenca-focus-z-ukladka-1-slojnye-200-listov/next","/magazin/product/polotenca-focus-z-ukladka-1-slojnye-200-listov/next","301","alias","","","https://clover-spb.ru/catalog/%D0%91%D1%83%D0%BC%D0%B0%D0%B6%D0%BD%D0%B0%D1%8F%20%D0%BF%D1%80%D0%BE%D0%B4%D1%83%D0%BA%D1%86%D0%B8%D1%8F","/catalog/%D0%91%D1%83%D0%BC%D0%B0%D0%B6%D0%BD%D0%B0%D1%8F%20%D0%BF%D1%80%D0%BE%D0%B4%D1%83%D0%BA%D1%86%D0%B8%D1%8F","200","category","HIGH","Старый URL уже перенаправлял на /magazin/product/bumazhnye-polotenca-focus-z-ukladka-2-slojnye-200-listov и наследует доказанное решение этой сущности","301"
"https://cloverspb.ru/magazin/product/tualetnaya-bumaga-focus-1-slojnaya-200-metrov/prev","/magazin/product/tualetnaya-bumaga-focus-1-slojnaya-200-metrov/prev","301","alias","","","https://clover-spb.ru/product/%D0%9D%D0%A4-00000125","/product/%D0%9D%D0%A4-00000125","200","product","EXACT","Старый URL уже перенаправлял на /magazin/product/bumaga-tualetnaya-myagkij-znak-bukvy-2-sl-belaya-4rul-up и наследует доказанное решение этой сущности","301"
"https://cloverspb.ru/magazin/product/tualetnaya-bumaga-focus-1-slojnaya-200-metrov/next","/magazin/product/tualetnaya-bumaga-focus-1-slojnaya-200-metrov/next","301","alias","","","https://clover-spb.ru/catalog/%D0%91%D1%83%D0%BC%D0%B0%D0%B6%D0%BD%D0%B0%D1%8F%20%D0%BF%D1%80%D0%BE%D0%B4%D1%83%D0%BA%D1%86%D0%B8%D1%8F/%D0%A2%D1%83%D0%B0%D0%BB%D0%B5%D1%82%D0%BD%D0%B0%D1%8F%20%D0%B1%D1%83%D0%BC%D0%B0%D0%B3%D0%B0","/catalog/%D0%91%D1%83%D0%BC%D0%B0%D0%B6%D0%BD%D0%B0%D1%8F%20%D0%BF%D1%80%D0%BE%D0%B4%D1%83%D0%BA%D1%86%D0%B8%D1%8F/%D0%A2%D1%83%D0%B0%D0%BB%D0%B5%D1%82%D0%BD%D0%B0%D1%8F%20%D0%B1%D1%83%D0%BC%D0%B0%D0%B3%D0%B0","200","subcategory","HIGH","Старый URL уже перенаправлял на /magazin/product/tualetnaya-bumaga-papia-professional-3-sl-8rul-up и наследует доказанное решение этой сущности","301"
"https://cloverspb.ru/magazin/product/akvalon-sredstvo-dlya-mytya-posudy-zelenoe-yabloko-5-l/prev","/magazin/product/akvalon-sredstvo-dlya-mytya-posudy-zelenoe-yabloko-5-l/prev","301","alias","","","https://clover-spb.ru/product/%D0%9D%D0%A4-00000629","/product/%D0%9D%D0%A4-00000629","200","product","HIGH","Старый URL уже перенаправлял на /magazin/product/sredstvo-dlya-mytya-posudy-help-5-l и наследует доказанное решение этой сущности","301"
"https://cloverspb.ru/magazin/product/akvalon-sredstvo-dlya-mytya-posudy-zelenoe-yabloko-5-l/next","/magazin/product/akvalon-sredstvo-dlya-mytya-posudy-zelenoe-yabloko-5-l/next","301","alias","","","https://clover-spb.ru/catalog/%D0%A5%D0%B8%D0%BC%D0%B8%D1%8F%2C%20%D1%87%D0%B8%D1%81%D1%82%D1%8F%D1%89%D0%B8%D0%B5%20%D1%81%D1%80%D0%B5%D0%B4%D1%81%D1%82%D0%B2%D0%B0/%D0%94%D0%BB%D1%8F%20%D0%BC%D1%8B%D1%82%D1%8C%D1%8F%20%D0%BF%D0%BE%D1%81%D1%83%D0%B4%D1%8B","/catalog/%D0%A5%D0%B8%D0%BC%D0%B8%D1%8F%2C%20%D1%87%D0%B8%D1%81%D1%82%D1%8F%D1%89%D0%B8%D0%B5%20%D1%81%D1%80%D0%B5%D0%B4%D1%81%D1%82%D0%B2%D0%B0/%D0%94%D0%BB%D1%8F%20%D0%BC%D1%8B%D1%82%D1%8C%D1%8F%20%D0%BF%D0%BE%D1%81%D1%83%D0%B4%D1%8B","200","subcategory","HIGH","Старый URL уже перенаправлял на /magazin/product/akvalon-5l и наследует доказанное решение этой сущности","301"
"https://cloverspb.ru/magazin/product/grass-azelit-anti-zhir-600-ml/prev","/magazin/product/grass-azelit-anti-zhir-600-ml/prev","301","alias","","","https://clover-spb.ru/product/%D0%9D%D0%A4-00000062","/product/%D0%9D%D0%A4-00000062","200","product","EXACT","Старый URL уже перенаправлял на /magazin/product/adriel-dlya-plit-850ml и наследует доказанное решение этой сущности","301"
"https://cloverspb.ru/magazin/product/grass-azelit-anti-zhir-600-ml/next","/magazin/product/grass-azelit-anti-zhir-600-ml/next","301","alias","","","https://clover-spb.ru/product/%D0%9D%D0%A4-00000058","/product/%D0%9D%D0%A4-00000058","200","product","EXACT","Старый URL уже перенаправлял на /magazin/product/unicum-gold-zhiroudalitel-s-triggerom-500ml и наследует доказанное решение этой сущности","301"
"https://cloverspb.ru/magazin/product/maska-medicinskaya-odnorazovaya-trehslojnaya/prev","/magazin/product/maska-medicinskaya-odnorazovaya-trehslojnaya/prev","301","alias","","","https://clover-spb.ru/catalog/%D0%A5%D0%BE%D0%B7%D1%8F%D0%B9%D1%81%D1%82%D0%B2%D0%B5%D0%BD%D0%BD%D1%8B%D0%B5%20%D1%82%D0%BE%D0%B2%D0%B0%D1%80%D1%8B","/catalog/%D0%A5%D0%BE%D0%B7%D1%8F%D0%B9%D1%81%D1%82%D0%B2%D0%B5%D0%BD%D0%BD%D1%8B%D0%B5%20%D1%82%D0%BE%D0%B2%D0%B0%D1%80%D1%8B","200","category","HIGH","Старый URL уже перенаправлял на /magazin/product/maska-medicinskaya-odnorazovaya-trehslojnaya и наследует доказанное решение этой сущности","301"
"https://cloverspb.ru/magazin/product/maska-medicinskaya-odnorazovaya-trehslojnaya/next","/magazin/product/maska-medicinskaya-odnorazovaya-trehslojnaya/next","301","alias","","","https://clover-spb.ru/catalog/%D0%A5%D0%BE%D0%B7%D1%8F%D0%B9%D1%81%D1%82%D0%B2%D0%B5%D0%BD%D0%BD%D1%8B%D0%B5%20%D1%82%D0%BE%D0%B2%D0%B0%D1%80%D1%8B","/catalog/%D0%A5%D0%BE%D0%B7%D1%8F%D0%B9%D1%81%D1%82%D0%B2%D0%B5%D0%BD%D0%BD%D1%8B%D0%B5%20%D1%82%D0%BE%D0%B2%D0%B0%D1%80%D1%8B","200","category","HIGH","Старый URL уже перенаправлял на /magazin/product/maska-medicinskaya-odnorazovaya-trehslojnaya и наследует доказанное решение этой сущности","301"
"https://cloverspb.ru/magazin/product/nika-2/prev","/magazin/product/nika-2/prev","301","alias","","","https://clover-spb.ru/product/%D0%9D%D0%A4-00000238","/product/%D0%9D%D0%A4-00000238","200","product","EXACT","Старый URL уже перенаправлял на /magazin/product/belizna-gel-1l и наследует доказанное решение этой сущности","301"
"https://cloverspb.ru/magazin/product/nika-2/next","/magazin/product/nika-2/next","301","alias","","","https://clover-spb.ru/product/%D0%9D%D0%A4-00000070","/product/%D0%9D%D0%A4-00000070","200","product","EXACT","Старый URL уже перенаправлял на /magazin/product/belizna и наследует доказанное решение этой сущности","301"
"https://cloverspb.ru/magazin/product/sredstvo-dlya-mytya-posudy-help-5-l/prev","/magazin/product/sredstvo-dlya-mytya-posudy-help-5-l/prev","301","alias","","","https://clover-spb.ru/catalog/%D0%A5%D0%B8%D0%BC%D0%B8%D1%8F%2C%20%D1%87%D0%B8%D1%81%D1%82%D1%8F%D1%89%D0%B8%D0%B5%20%D1%81%D1%80%D0%B5%D0%B4%D1%81%D1%82%D0%B2%D0%B0/%D0%94%D0%BB%D1%8F%20%D0%BC%D1%8B%D1%82%D1%8C%D1%8F%20%D0%BF%D0%BE%D1%81%D1%83%D0%B4%D1%8B","/catalog/%D0%A5%D0%B8%D0%BC%D0%B8%D1%8F%2C%20%D1%87%D0%B8%D1%81%D1%82%D1%8F%D1%89%D0%B8%D0%B5%20%D1%81%D1%80%D0%B5%D0%B4%D1%81%D1%82%D0%B2%D0%B0/%D0%94%D0%BB%D1%8F%20%D0%BC%D1%8B%D1%82%D1%8C%D1%8F%20%D0%BF%D0%BE%D1%81%D1%83%D0%B4%D1%8B","200","subcategory","HIGH","Старый URL уже перенаправлял на /magazin/product/raduga-dlya-posudy-5l и наследует доказанное решение этой сущности","301"
"https://cloverspb.ru/magazin/product/sredstvo-dlya-mytya-posudy-help-5-l/next","/magazin/product/sredstvo-dlya-mytya-posudy-help-5-l/next","301","alias","","","https://clover-spb.ru/catalog/%D0%A5%D0%B8%D0%BC%D0%B8%D1%8F%2C%20%D1%87%D0%B8%D1%81%D1%82%D1%8F%D1%89%D0%B8%D0%B5%20%D1%81%D1%80%D0%B5%D0%B4%D1%81%D1%82%D0%B2%D0%B0/%D0%94%D0%BB%D1%8F%20%D0%BC%D1%8B%D1%82%D1%8C%D1%8F%20%D0%BF%D0%BE%D1%81%D1%83%D0%B4%D1%8B","/catalog/%D0%A5%D0%B8%D0%BC%D0%B8%D1%8F%2C%20%D1%87%D0%B8%D1%81%D1%82%D1%8F%D1%89%D0%B8%D0%B5%20%D1%81%D1%80%D0%B5%D0%B4%D1%81%D1%82%D0%B2%D0%B0/%D0%94%D0%BB%D1%8F%20%D0%BC%D1%8B%D1%82%D1%8C%D1%8F%20%D0%BF%D0%BE%D1%81%D1%83%D0%B4%D1%8B","200","subcategory","HIGH","Старый URL уже перенаправлял на /magazin/product/akvalon-5l и наследует доказанное решение этой сущности","301"
"https://cloverspb.ru/magazin/product/kontejner-dlya-pirozhnyh-pr-t-85-zolotoe-dno-prozrachnaya-kupolnaya-kryshka/prev","/magazin/product/kontejner-dlya-pirozhnyh-pr-t-85-zolotoe-dno-prozrachnaya-kupolnaya-kryshka/prev","301","alias","","","https://clover-spb.ru/catalog/%D0%9E%D0%B4%D0%BD%D0%BE%D1%80%D0%B0%D0%B7%D0%BE%D0%B2%D0%B0%D1%8F%20%D0%BF%D0%BE%D1%81%D1%83%D0%B4%D0%B0/%D0%94%D0%BB%D1%8F%20%D0%BA%D0%BE%D0%BD%D0%B4%D0%B8%D1%82%D0%B5%D1%80%D1%81%D0%BA%D0%B8%D1%85%20%D0%B8%D0%B7%D0%B4%D0%B5%D0%BB%D0%B8%D0%B9","/catalog/%D0%9E%D0%B4%D0%BD%D0%BE%D1%80%D0%B0%D0%B7%D0%BE%D0%B2%D0%B0%D1%8F%20%D0%BF%D0%BE%D1%81%D1%83%D0%B4%D0%B0/%D0%94%D0%BB%D1%8F%20%D0%BA%D0%BE%D0%BD%D0%B4%D0%B8%D1%82%D0%B5%D1%80%D1%81%D0%BA%D0%B8%D1%85%20%D0%B8%D0%B7%D0%B4%D0%B5%D0%BB%D0%B8%D0%B9","200","subcategory","HIGH","Старый URL уже перенаправлял на /magazin/product/kontejner-rakushka-dlya-pirozhnyh-4-sekcii-kr-15-4 и наследует доказанное решение этой сущности","301"
"https://cloverspb.ru/magazin/product/kontejner-dlya-pirozhnyh-pr-t-85-zolotoe-dno-prozrachnaya-kupolnaya-kryshka/next","/magazin/product/kontejner-dlya-pirozhnyh-pr-t-85-zolotoe-dno-prozrachnaya-kupolnaya-kryshka/next","301","alias","","","https://clover-spb.ru/catalog/%D0%9E%D0%B4%D0%BD%D0%BE%D1%80%D0%B0%D0%B7%D0%BE%D0%B2%D0%B0%D1%8F%20%D0%BF%D0%BE%D1%81%D1%83%D0%B4%D0%B0/%D0%94%D0%BB%D1%8F%20%D0%BA%D0%BE%D0%BD%D0%B4%D0%B8%D1%82%D0%B5%D1%80%D1%81%D0%BA%D0%B8%D1%85%20%D0%B8%D0%B7%D0%B4%D0%B5%D0%BB%D0%B8%D0%B9","/catalog/%D0%9E%D0%B4%D0%BD%D0%BE%D1%80%D0%B0%D0%B7%D0%BE%D0%B2%D0%B0%D1%8F%20%D0%BF%D0%BE%D1%81%D1%83%D0%B4%D0%B0/%D0%94%D0%BB%D1%8F%20%D0%BA%D0%BE%D0%BD%D0%B4%D0%B8%D1%82%D0%B5%D1%80%D1%81%D0%BA%D0%B8%D1%85%20%D0%B8%D0%B7%D0%B4%D0%B5%D0%BB%D0%B8%D0%B9","200","subcategory","HIGH","Старый URL уже перенаправлял на /magazin/product/kontejner-dlya-pirozhnyh-pr-t-85-chernoe-dno-prozrachnaya-kupolnaya-kryshka и наследует доказанное решение этой сущности","301"
"https://cloverspb.ru/magazin/product/kontejner-dlya-pirozhnyh-pr-t-85-chernoe-dno-prozrachnaya-kupolnaya-kryshka/prev","/magazin/product/kontejner-dlya-pirozhnyh-pr-t-85-chernoe-dno-prozrachnaya-kupolnaya-kryshka/prev","301","alias","","","https://clover-spb.ru/catalog/%D0%9E%D0%B4%D0%BD%D0%BE%D1%80%D0%B0%D0%B7%D0%BE%D0%B2%D0%B0%D1%8F%20%D0%BF%D0%BE%D1%81%D1%83%D0%B4%D0%B0/%D0%94%D0%BB%D1%8F%20%D0%BA%D0%BE%D0%BD%D0%B4%D0%B8%D1%82%D0%B5%D1%80%D1%81%D0%BA%D0%B8%D1%85%20%D0%B8%D0%B7%D0%B4%D0%B5%D0%BB%D0%B8%D0%B9","/catalog/%D0%9E%D0%B4%D0%BD%D0%BE%D1%80%D0%B0%D0%B7%D0%BE%D0%B2%D0%B0%D1%8F%20%D0%BF%D0%BE%D1%81%D1%83%D0%B4%D0%B0/%D0%94%D0%BB%D1%8F%20%D0%BA%D0%BE%D0%BD%D0%B4%D0%B8%D1%82%D0%B5%D1%80%D1%81%D0%BA%D0%B8%D1%85%20%D0%B8%D0%B7%D0%B4%D0%B5%D0%BB%D0%B8%D0%B9","200","subcategory","HIGH","Старый URL уже перенаправлял на /magazin/product/kontejner-dlya-pirozhnyh-pr-t-85-zolotoe-dno-prozrachnaya-kupolnaya-kryshka и наследует доказанное решение этой сущности","301"
"https://cloverspb.ru/magazin/product/kontejner-dlya-pirozhnyh-pr-t-85-chernoe-dno-prozrachnaya-kupolnaya-kryshka/next","/magazin/product/kontejner-dlya-pirozhnyh-pr-t-85-chernoe-dno-prozrachnaya-kupolnaya-kryshka/next","301","alias","","","https://clover-spb.ru/catalog/%D0%9E%D0%B4%D0%BD%D0%BE%D1%80%D0%B0%D0%B7%D0%BE%D0%B2%D0%B0%D1%8F%20%D0%BF%D0%BE%D1%81%D1%83%D0%B4%D0%B0/%D0%94%D0%BB%D1%8F%20%D0%BA%D0%BE%D0%BD%D0%B4%D0%B8%D1%82%D0%B5%D1%80%D1%81%D0%BA%D0%B8%D1%85%20%D0%B8%D0%B7%D0%B4%D0%B5%D0%BB%D0%B8%D0%B9","/catalog/%D0%9E%D0%B4%D0%BD%D0%BE%D1%80%D0%B0%D0%B7%D0%BE%D0%B2%D0%B0%D1%8F%20%D0%BF%D0%BE%D1%81%D1%83%D0%B4%D0%B0/%D0%94%D0%BB%D1%8F%20%D0%BA%D0%BE%D0%BD%D0%B4%D0%B8%D1%82%D0%B5%D1%80%D1%81%D0%BA%D0%B8%D1%85%20%D0%B8%D0%B7%D0%B4%D0%B5%D0%BB%D0%B8%D0%B9","200","subcategory","HIGH","Старый URL уже перенаправлял на /magazin/product/korobka-eco-cake-1900-230-mm-h-140-mm-h-60-mm-dlya-pirozhnyh-kraft и наследует доказанное решение этой сущности","301"
"https://cloverspb.ru/magazin/product/kontejner-rakushka-dlya-pirozhnyh-4-sekcii-kr-15-4/prev","/magazin/product/kontejner-rakushka-dlya-pirozhnyh-4-sekcii-kr-15-4/prev","301","alias","","","https://clover-spb.ru/catalog/%D0%9E%D0%B4%D0%BD%D0%BE%D1%80%D0%B0%D0%B7%D0%BE%D0%B2%D0%B0%D1%8F%20%D0%BF%D0%BE%D1%81%D1%83%D0%B4%D0%B0/%D0%94%D0%BB%D1%8F%20%D0%BA%D0%BE%D0%BD%D0%B4%D0%B8%D1%82%D0%B5%D1%80%D1%81%D0%BA%D0%B8%D1%85%20%D0%B8%D0%B7%D0%B4%D0%B5%D0%BB%D0%B8%D0%B9","/catalog/%D0%9E%D0%B4%D0%BD%D0%BE%D1%80%D0%B0%D0%B7%D0%BE%D0%B2%D0%B0%D1%8F%20%D0%BF%D0%BE%D1%81%D1%83%D0%B4%D0%B0/%D0%94%D0%BB%D1%8F%20%D0%BA%D0%BE%D0%BD%D0%B4%D0%B8%D1%82%D0%B5%D1%80%D1%81%D0%BA%D0%B8%D1%85%20%D0%B8%D0%B7%D0%B4%D0%B5%D0%BB%D0%B8%D0%B9","200","subcategory","HIGH","Старый URL уже перенаправлял на /magazin/product/korob-kartonnyj-pod-12-kapkejkov-bez-okna-330-mm-h-250-mm-h-100-mm и наследует доказанное решение этой сущности","301"
"https://cloverspb.ru/magazin/product/kontejner-rakushka-dlya-pirozhnyh-4-sekcii-kr-15-4/next","/magazin/product/kontejner-rakushka-dlya-pirozhnyh-4-sekcii-kr-15-4/next","301","alias","","","https://clover-spb.ru/catalog/%D0%9E%D0%B4%D0%BD%D0%BE%D1%80%D0%B0%D0%B7%D0%BE%D0%B2%D0%B0%D1%8F%20%D0%BF%D0%BE%D1%81%D1%83%D0%B4%D0%B0/%D0%94%D0%BB%D1%8F%20%D0%BA%D0%BE%D0%BD%D0%B4%D0%B8%D1%82%D0%B5%D1%80%D1%81%D0%BA%D0%B8%D1%85%20%D0%B8%D0%B7%D0%B4%D0%B5%D0%BB%D0%B8%D0%B9","/catalog/%D0%9E%D0%B4%D0%BD%D0%BE%D1%80%D0%B0%D0%B7%D0%BE%D0%B2%D0%B0%D1%8F%20%D0%BF%D0%BE%D1%81%D1%83%D0%B4%D0%B0/%D0%94%D0%BB%D1%8F%20%D0%BA%D0%BE%D0%BD%D0%B4%D0%B8%D1%82%D0%B5%D1%80%D1%81%D0%BA%D0%B8%D1%85%20%D0%B8%D0%B7%D0%B4%D0%B5%D0%BB%D0%B8%D0%B9","200","subcategory","HIGH","Старый URL уже перенаправлял на /magazin/product/kontejner-dlya-pirozhnyh-pr-t-85-zolotoe-dno-prozrachnaya-kupolnaya-kryshka и наследует доказанное решение этой сущности","301"
"https://cloverspb.ru/magazin/product/korobka-eco-cake-1900-230-mm-h-140-mm-h-60-mm-dlya-pirozhnyh-kraft/prev","/magazin/product/korobka-eco-cake-1900-230-mm-h-140-mm-h-60-mm-dlya-pirozhnyh-kraft/prev","301","alias","","","https://clover-spb.ru/catalog/%D0%9E%D0%B4%D0%BD%D0%BE%D1%80%D0%B0%D0%B7%D0%BE%D0%B2%D0%B0%D1%8F%20%D0%BF%D0%BE%D1%81%D1%83%D0%B4%D0%B0/%D0%94%D0%BB%D1%8F%20%D0%BA%D0%BE%D0%BD%D0%B4%D0%B8%D1%82%D0%B5%D1%80%D1%81%D0%BA%D0%B8%D1%85%20%D0%B8%D0%B7%D0%B4%D0%B5%D0%BB%D0%B8%D0%B9","/catalog/%D0%9E%D0%B4%D0%BD%D0%BE%D1%80%D0%B0%D0%B7%D0%BE%D0%B2%D0%B0%D1%8F%20%D0%BF%D0%BE%D1%81%D1%83%D0%B4%D0%B0/%D0%94%D0%BB%D1%8F%20%D0%BA%D0%BE%D0%BD%D0%B4%D0%B8%D1%82%D0%B5%D1%80%D1%81%D0%BA%D0%B8%D1%85%20%D0%B8%D0%B7%D0%B4%D0%B5%D0%BB%D0%B8%D0%B9","200","subcategory","HIGH","Старый URL уже перенаправлял на /magazin/product/kontejner-dlya-pirozhnyh-pr-t-85-chernoe-dno-prozrachnaya-kupolnaya-kryshka и наследует доказанное решение этой сущности","301"
"https://cloverspb.ru/magazin/product/korobka-eco-cake-1900-230-mm-h-140-mm-h-60-mm-dlya-pirozhnyh-kraft/next","/magazin/product/korobka-eco-cake-1900-230-mm-h-140-mm-h-60-mm-dlya-pirozhnyh-kraft/next","301","alias","","","https://clover-spb.ru/catalog/%D0%9E%D0%B4%D0%BD%D0%BE%D1%80%D0%B0%D0%B7%D0%BE%D0%B2%D0%B0%D1%8F%20%D0%BF%D0%BE%D1%81%D1%83%D0%B4%D0%B0/%D0%94%D0%BB%D1%8F%20%D0%BA%D0%BE%D0%BD%D0%B4%D0%B8%D1%82%D0%B5%D1%80%D1%81%D0%BA%D0%B8%D1%85%20%D0%B8%D0%B7%D0%B4%D0%B5%D0%BB%D0%B8%D0%B9","/catalog/%D0%9E%D0%B4%D0%BD%D0%BE%D1%80%D0%B0%D0%B7%D0%BE%D0%B2%D0%B0%D1%8F%20%D0%BF%D0%BE%D1%81%D1%83%D0%B4%D0%B0/%D0%94%D0%BB%D1%8F%20%D0%BA%D0%BE%D0%BD%D0%B4%D0%B8%D1%82%D0%B5%D1%80%D1%81%D0%BA%D0%B8%D1%85%20%D0%B8%D0%B7%D0%B4%D0%B5%D0%BB%D0%B8%D0%B9","200","subcategory","HIGH","Старый URL уже перенаправлял на /magazin/product/korob-kartonnyj-pod-12-kapkejkov-bez-okna-330-mm-h-250-mm-h-100-mm и наследует доказанное решение этой сущности","301"
"https://cloverspb.ru/magazin/product/korob-kartonnyj-pod-12-kapkejkov-bez-okna-330-mm-h-250-mm-h-100-mm/prev","/magazin/product/korob-kartonnyj-pod-12-kapkejkov-bez-okna-330-mm-h-250-mm-h-100-mm/prev","301","alias","","","https://clover-spb.ru/catalog/%D0%9E%D0%B4%D0%BD%D0%BE%D1%80%D0%B0%D0%B7%D0%BE%D0%B2%D0%B0%D1%8F%20%D0%BF%D0%BE%D1%81%D1%83%D0%B4%D0%B0/%D0%94%D0%BB%D1%8F%20%D0%BA%D0%BE%D0%BD%D0%B4%D0%B8%D1%82%D0%B5%D1%80%D1%81%D0%BA%D0%B8%D1%85%20%D0%B8%D0%B7%D0%B4%D0%B5%D0%BB%D0%B8%D0%B9","/catalog/%D0%9E%D0%B4%D0%BD%D0%BE%D1%80%D0%B0%D0%B7%D0%BE%D0%B2%D0%B0%D1%8F%20%D0%BF%D0%BE%D1%81%D1%83%D0%B4%D0%B0/%D0%94%D0%BB%D1%8F%20%D0%BA%D0%BE%D0%BD%D0%B4%D0%B8%D1%82%D0%B5%D1%80%D1%81%D0%BA%D0%B8%D1%85%20%D0%B8%D0%B7%D0%B4%D0%B5%D0%BB%D0%B8%D0%B9","200","subcategory","HIGH","Старый URL уже перенаправлял на /magazin/product/korobka-eco-cake-1900-230-mm-h-140-mm-h-60-mm-dlya-pirozhnyh-kraft и наследует доказанное решение этой сущности","301"
"https://cloverspb.ru/magazin/product/korob-kartonnyj-pod-12-kapkejkov-bez-okna-330-mm-h-250-mm-h-100-mm/next","/magazin/product/korob-kartonnyj-pod-12-kapkejkov-bez-okna-330-mm-h-250-mm-h-100-mm/next","301","alias","","","https://clover-spb.ru/catalog/%D0%9E%D0%B4%D0%BD%D0%BE%D1%80%D0%B0%D0%B7%D0%BE%D0%B2%D0%B0%D1%8F%20%D0%BF%D0%BE%D1%81%D1%83%D0%B4%D0%B0/%D0%94%D0%BB%D1%8F%20%D0%BA%D0%BE%D0%BD%D0%B4%D0%B8%D1%82%D0%B5%D1%80%D1%81%D0%BA%D0%B8%D1%85%20%D0%B8%D0%B7%D0%B4%D0%B5%D0%BB%D0%B8%D0%B9","/catalog/%D0%9E%D0%B4%D0%BD%D0%BE%D1%80%D0%B0%D0%B7%D0%BE%D0%B2%D0%B0%D1%8F%20%D0%BF%D0%BE%D1%81%D1%83%D0%B4%D0%B0/%D0%94%D0%BB%D1%8F%20%D0%BA%D0%BE%D0%BD%D0%B4%D0%B8%D1%82%D0%B5%D1%80%D1%81%D0%BA%D0%B8%D1%85%20%D0%B8%D0%B7%D0%B4%D0%B5%D0%BB%D0%B8%D0%B9","200","subcategory","HIGH","Старый URL уже перенаправлял на /magazin/product/kontejner-rakushka-dlya-pirozhnyh-4-sekcii-kr-15-4 и наследует доказанное решение этой сущности","301"
"https://cloverspb.ru/magazin/product/kontejner-rakushka-rk-31-220-mm-h-155-mm-h-89-mm-prozrachnyj/prev","/magazin/product/kontejner-rakushka-rk-31-220-mm-h-155-mm-h-89-mm-prozrachnyj/prev","301","alias","","","https://clover-spb.ru/catalog/%D0%9E%D0%B4%D0%BD%D0%BE%D1%80%D0%B0%D0%B7%D0%BE%D0%B2%D0%B0%D1%8F%20%D0%BF%D0%BE%D1%81%D1%83%D0%B4%D0%B0/%D0%9A%D0%BE%D0%BD%D1%82%D0%B5%D0%B9%D0%BD%D0%B5%D1%80%D1%8B","/catalog/%D0%9E%D0%B4%D0%BD%D0%BE%D1%80%D0%B0%D0%B7%D0%BE%D0%B2%D0%B0%D1%8F%20%D0%BF%D0%BE%D1%81%D1%83%D0%B4%D0%B0/%D0%9A%D0%BE%D0%BD%D1%82%D0%B5%D0%B9%D0%BD%D0%B5%D1%80%D1%8B","200","subcategory","HIGH","Старый URL уже перенаправлял на /magazin/product/kontejner-rakushka-rk-10-121-mm-h-119-mm-h-60-mm-prozrachnyj и наследует доказанное решение этой сущности","301"
"https://cloverspb.ru/magazin/product/kontejner-rakushka-rk-31-220-mm-h-155-mm-h-89-mm-prozrachnyj/next","/magazin/product/kontejner-rakushka-rk-31-220-mm-h-155-mm-h-89-mm-prozrachnyj/next","301","alias","","","https://clover-spb.ru/catalog/%D0%9E%D0%B4%D0%BD%D0%BE%D1%80%D0%B0%D0%B7%D0%BE%D0%B2%D0%B0%D1%8F%20%D0%BF%D0%BE%D1%81%D1%83%D0%B4%D0%B0/%D0%9A%D0%BE%D0%BD%D1%82%D0%B5%D0%B9%D0%BD%D0%B5%D1%80%D1%8B","/catalog/%D0%9E%D0%B4%D0%BD%D0%BE%D1%80%D0%B0%D0%B7%D0%BE%D0%B2%D0%B0%D1%8F%20%D0%BF%D0%BE%D1%81%D1%83%D0%B4%D0%B0/%D0%9A%D0%BE%D0%BD%D1%82%D0%B5%D0%B9%D0%BD%D0%B5%D1%80%D1%8B","200","subcategory","HIGH","Старый URL уже перенаправлял на /magazin/product/kontejner-rakushka-rk-10-121-mm-h-119-mm-h-60-mm-prozrachnyj и наследует доказанное решение этой сущности","301"
"https://cloverspb.ru/magazin/product/kontejner-rakushka-rk-10-121-mm-h-119-mm-h-60-mm-prozrachnyj/prev","/magazin/product/kontejner-rakushka-rk-10-121-mm-h-119-mm-h-60-mm-prozrachnyj/prev","301","alias","","","https://clover-spb.ru/catalog/%D0%9E%D0%B4%D0%BD%D0%BE%D1%80%D0%B0%D0%B7%D0%BE%D0%B2%D0%B0%D1%8F%20%D0%BF%D0%BE%D1%81%D1%83%D0%B4%D0%B0/%D0%9A%D0%BE%D0%BD%D1%82%D0%B5%D0%B9%D0%BD%D0%B5%D1%80%D1%8B","/catalog/%D0%9E%D0%B4%D0%BD%D0%BE%D1%80%D0%B0%D0%B7%D0%BE%D0%B2%D0%B0%D1%8F%20%D0%BF%D0%BE%D1%81%D1%83%D0%B4%D0%B0/%D0%9A%D0%BE%D0%BD%D1%82%D0%B5%D0%B9%D0%BD%D0%B5%D1%80%D1%8B","200","subcategory","HIGH","Старый URL уже перенаправлял на /magazin/product/kontejner-rakushka-rk-31-220-mm-h-155-mm-h-89-mm-prozrachnyj и наследует доказанное решение этой сущности","301"
"https://cloverspb.ru/magazin/product/kontejner-rakushka-rk-10-121-mm-h-119-mm-h-60-mm-prozrachnyj/next","/magazin/product/kontejner-rakushka-rk-10-121-mm-h-119-mm-h-60-mm-prozrachnyj/next","301","alias","","","https://clover-spb.ru/catalog/%D0%9E%D0%B4%D0%BD%D0%BE%D1%80%D0%B0%D0%B7%D0%BE%D0%B2%D0%B0%D1%8F%20%D0%BF%D0%BE%D1%81%D1%83%D0%B4%D0%B0/%D0%9A%D0%BE%D0%BD%D1%82%D0%B5%D0%B9%D0%BD%D0%B5%D1%80%D1%8B","/catalog/%D0%9E%D0%B4%D0%BD%D0%BE%D1%80%D0%B0%D0%B7%D0%BE%D0%B2%D0%B0%D1%8F%20%D0%BF%D0%BE%D1%81%D1%83%D0%B4%D0%B0/%D0%9A%D0%BE%D0%BD%D1%82%D0%B5%D0%B9%D0%BD%D0%B5%D1%80%D1%8B","200","subcategory","HIGH","Старый URL уже перенаправлял на /magazin/product/kontejner-rakushka-rk-31-220-mm-h-155-mm-h-89-mm-prozrachnyj и наследует доказанное решение этой сущности","301"
"https://cloverspb.ru/magazin/product/perchatki-rezinovye-sverhprochnye-krasno-belye-s/prev","/magazin/product/perchatki-rezinovye-sverhprochnye-krasno-belye-s/prev","301","alias","","","https://clover-spb.ru/catalog/%D0%A5%D0%BE%D0%B7%D1%8F%D0%B9%D1%81%D1%82%D0%B2%D0%B5%D0%BD%D0%BD%D1%8B%D0%B5%20%D1%82%D0%BE%D0%B2%D0%B0%D1%80%D1%8B/%D0%9F%D0%B5%D1%80%D1%87%D0%B0%D1%82%D0%BA%D0%B8","/catalog/%D0%A5%D0%BE%D0%B7%D1%8F%D0%B9%D1%81%D1%82%D0%B2%D0%B5%D0%BD%D0%BD%D1%8B%D0%B5%20%D1%82%D0%BE%D0%B2%D0%B0%D1%80%D1%8B/%D0%9F%D0%B5%D1%80%D1%87%D0%B0%D1%82%D0%BA%D0%B8","200","subcategory","HIGH","Старый URL уже перенаправлял на /magazin/product/perchatki-rezinovye-sine-zheltye-bicolor-xl и наследует доказанное решение этой сущности","301"
"https://cloverspb.ru/magazin/product/perchatki-rezinovye-sverhprochnye-krasno-belye-s/next","/magazin/product/perchatki-rezinovye-sverhprochnye-krasno-belye-s/next","301","alias","","","https://clover-spb.ru/catalog/%D0%A5%D0%BE%D0%B7%D1%8F%D0%B9%D1%81%D1%82%D0%B2%D0%B5%D0%BD%D0%BD%D1%8B%D0%B5%20%D1%82%D0%BE%D0%B2%D0%B0%D1%80%D1%8B/%D0%9F%D0%B5%D1%80%D1%87%D0%B0%D1%82%D0%BA%D0%B8","/catalog/%D0%A5%D0%BE%D0%B7%D1%8F%D0%B9%D1%81%D1%82%D0%B2%D0%B5%D0%BD%D0%BD%D1%8B%D0%B5%20%D1%82%D0%BE%D0%B2%D0%B0%D1%80%D1%8B/%D0%9F%D0%B5%D1%80%D1%87%D0%B0%D1%82%D0%BA%D0%B8","200","subcategory","HIGH","Старый URL уже перенаправлял на /magazin/product/perchatki-rezinovye-usilennye-m-vileda и наследует доказанное решение этой сущности","301"
"https://cloverspb.ru/magazin/product/perchatki-rezinovye-sine-zheltye-s/prev","/magazin/product/perchatki-rezinovye-sine-zheltye-s/prev","301","alias","","","https://clover-spb.ru/product/%D0%9D%D0%A4-00000083","/product/%D0%9D%D0%A4-00000083","200","product","EXACT","Старый URL уже перенаправлял на /magazin/product/stroitelnye-perchatki-s-pvh и наследует доказанное решение этой сущности","301"
"https://cloverspb.ru/magazin/product/perchatki-rezinovye-sine-zheltye-s/next","/magazin/product/perchatki-rezinovye-sine-zheltye-s/next","301","alias","","","https://clover-spb.ru/catalog/%D0%A5%D0%BE%D0%B7%D1%8F%D0%B9%D1%81%D1%82%D0%B2%D0%B5%D0%BD%D0%BD%D1%8B%D0%B5%20%D1%82%D0%BE%D0%B2%D0%B0%D1%80%D1%8B/%D0%9F%D0%B5%D1%80%D1%87%D0%B0%D1%82%D0%BA%D0%B8","/catalog/%D0%A5%D0%BE%D0%B7%D1%8F%D0%B9%D1%81%D1%82%D0%B2%D0%B5%D0%BD%D0%BD%D1%8B%D0%B5%20%D1%82%D0%BE%D0%B2%D0%B0%D1%80%D1%8B/%D0%9F%D0%B5%D1%80%D1%87%D0%B0%D1%82%D0%BA%D0%B8","200","subcategory","HIGH","Старый URL уже перенаправлял на /magazin/product/perchatki-rezinovye-sine-zheltye-bicolor-m и наследует доказанное решение этой сущности","301"
"https://cloverspb.ru/magazin/product/perchatki-rezinovye-sine-zheltye-bicolor-m/prev","/magazin/product/perchatki-rezinovye-sine-zheltye-bicolor-m/prev","301","alias","","","https://clover-spb.ru/product/%D0%9D%D0%A4-00000174","/product/%D0%9D%D0%A4-00000174","200","product","HIGH","Старый URL уже перенаправлял на /magazin/product/perchatki-rezinovye-sine-zheltye-s и наследует доказанное решение этой сущности","301"
"https://cloverspb.ru/magazin/product/perchatki-rezinovye-sine-zheltye-bicolor-m/next","/magazin/product/perchatki-rezinovye-sine-zheltye-bicolor-m/next","301","alias","","","https://clover-spb.ru/catalog/%D0%A5%D0%BE%D0%B7%D1%8F%D0%B9%D1%81%D1%82%D0%B2%D0%B5%D0%BD%D0%BD%D1%8B%D0%B5%20%D1%82%D0%BE%D0%B2%D0%B0%D1%80%D1%8B/%D0%9F%D0%B5%D1%80%D1%87%D0%B0%D1%82%D0%BA%D0%B8","/catalog/%D0%A5%D0%BE%D0%B7%D1%8F%D0%B9%D1%81%D1%82%D0%B2%D0%B5%D0%BD%D0%BD%D1%8B%D0%B5%20%D1%82%D0%BE%D0%B2%D0%B0%D1%80%D1%8B/%D0%9F%D0%B5%D1%80%D1%87%D0%B0%D1%82%D0%BA%D0%B8","200","subcategory","HIGH","Старый URL уже перенаправлял на /magazin/product/perchatki-rezinovye-sine-zheltye-bicolor-l и наследует доказанное решение этой сущности","301"
"https://cloverspb.ru/magazin/product/perchatki-rezinovye-sine-zheltye-bicolor-l/prev","/magazin/product/perchatki-rezinovye-sine-zheltye-bicolor-l/prev","301","alias","","","https://clover-spb.ru/catalog/%D0%A5%D0%BE%D0%B7%D1%8F%D0%B9%D1%81%D1%82%D0%B2%D0%B5%D0%BD%D0%BD%D1%8B%D0%B5%20%D1%82%D0%BE%D0%B2%D0%B0%D1%80%D1%8B/%D0%9F%D0%B5%D1%80%D1%87%D0%B0%D1%82%D0%BA%D0%B8","/catalog/%D0%A5%D0%BE%D0%B7%D1%8F%D0%B9%D1%81%D1%82%D0%B2%D0%B5%D0%BD%D0%BD%D1%8B%D0%B5%20%D1%82%D0%BE%D0%B2%D0%B0%D1%80%D1%8B/%D0%9F%D0%B5%D1%80%D1%87%D0%B0%D1%82%D0%BA%D0%B8","200","subcategory","HIGH","Старый URL уже перенаправлял на /magazin/product/perchatki-rezinovye-sine-zheltye-bicolor-m и наследует доказанное решение этой сущности","301"
"https://cloverspb.ru/magazin/product/perchatki-rezinovye-sine-zheltye-bicolor-l/next","/magazin/product/perchatki-rezinovye-sine-zheltye-bicolor-l/next","301","alias","","","https://clover-spb.ru/catalog/%D0%A5%D0%BE%D0%B7%D1%8F%D0%B9%D1%81%D1%82%D0%B2%D0%B5%D0%BD%D0%BD%D1%8B%D0%B5%20%D1%82%D0%BE%D0%B2%D0%B0%D1%80%D1%8B/%D0%9F%D0%B5%D1%80%D1%87%D0%B0%D1%82%D0%BA%D0%B8","/catalog/%D0%A5%D0%BE%D0%B7%D1%8F%D0%B9%D1%81%D1%82%D0%B2%D0%B5%D0%BD%D0%BD%D1%8B%D0%B5%20%D1%82%D0%BE%D0%B2%D0%B0%D1%80%D1%8B/%D0%9F%D0%B5%D1%80%D1%87%D0%B0%D1%82%D0%BA%D0%B8","200","subcategory","HIGH","Старый URL уже перенаправлял на /magazin/product/perchatki-rezinovye-sine-zheltye-bicolor-xl и наследует доказанное решение этой сущности","301"
"https://cloverspb.ru/magazin/product/perchatki-rezinovye-sine-zheltye-bicolor-xl/prev","/magazin/product/perchatki-rezinovye-sine-zheltye-bicolor-xl/prev","301","alias","","","https://clover-spb.ru/catalog/%D0%A5%D0%BE%D0%B7%D1%8F%D0%B9%D1%81%D1%82%D0%B2%D0%B5%D0%BD%D0%BD%D1%8B%D0%B5%20%D1%82%D0%BE%D0%B2%D0%B0%D1%80%D1%8B/%D0%9F%D0%B5%D1%80%D1%87%D0%B0%D1%82%D0%BA%D0%B8","/catalog/%D0%A5%D0%BE%D0%B7%D1%8F%D0%B9%D1%81%D1%82%D0%B2%D0%B5%D0%BD%D0%BD%D1%8B%D0%B5%20%D1%82%D0%BE%D0%B2%D0%B0%D1%80%D1%8B/%D0%9F%D0%B5%D1%80%D1%87%D0%B0%D1%82%D0%BA%D0%B8","200","subcategory","HIGH","Старый URL уже перенаправлял на /magazin/product/perchatki-rezinovye-sine-zheltye-bicolor-l и наследует доказанное решение этой сущности","301"
"https://cloverspb.ru/magazin/product/perchatki-rezinovye-sine-zheltye-bicolor-xl/next","/magazin/product/perchatki-rezinovye-sine-zheltye-bicolor-xl/next","301","alias","","","https://clover-spb.ru/catalog/%D0%A5%D0%BE%D0%B7%D1%8F%D0%B9%D1%81%D1%82%D0%B2%D0%B5%D0%BD%D0%BD%D1%8B%D0%B5%20%D1%82%D0%BE%D0%B2%D0%B0%D1%80%D1%8B/%D0%9F%D0%B5%D1%80%D1%87%D0%B0%D1%82%D0%BA%D0%B8","/catalog/%D0%A5%D0%BE%D0%B7%D1%8F%D0%B9%D1%81%D1%82%D0%B2%D0%B5%D0%BD%D0%BD%D1%8B%D0%B5%20%D1%82%D0%BE%D0%B2%D0%B0%D1%80%D1%8B/%D0%9F%D0%B5%D1%80%D1%87%D0%B0%D1%82%D0%BA%D0%B8","200","subcategory","HIGH","Старый URL уже перенаправлял на /magazin/product/perchatki-rezinovye-sverhprochnye-krasno-belye-s и наследует доказанное решение этой сущности","301"
"https://cloverspb.ru/magazin/product/stroitelnye-perchatki-s-pvh-chernye/prev","/magazin/product/stroitelnye-perchatki-s-pvh-chernye/prev","301","alias","","","https://clover-spb.ru/catalog/%D0%A5%D0%BE%D0%B7%D1%8F%D0%B9%D1%81%D1%82%D0%B2%D0%B5%D0%BD%D0%BD%D1%8B%D0%B5%20%D1%82%D0%BE%D0%B2%D0%B0%D1%80%D1%8B/%D0%9F%D0%B5%D1%80%D1%87%D0%B0%D1%82%D0%BA%D0%B8","/catalog/%D0%A5%D0%BE%D0%B7%D1%8F%D0%B9%D1%81%D1%82%D0%B2%D0%B5%D0%BD%D0%BD%D1%8B%D0%B5%20%D1%82%D0%BE%D0%B2%D0%B0%D1%80%D1%8B/%D0%9F%D0%B5%D1%80%D1%87%D0%B0%D1%82%D0%BA%D0%B8","200","subcategory","HIGH","Старый URL уже перенаправлял на /magazin/product/perchatki-rezinovye-usilennye-l-vileda и наследует доказанное решение этой сущности","301"
"https://cloverspb.ru/magazin/product/stroitelnye-perchatki-s-pvh-chernye/next","/magazin/product/stroitelnye-perchatki-s-pvh-chernye/next","301","alias","","","https://clover-spb.ru/product/%D0%9D%D0%A4-00000083","/product/%D0%9D%D0%A4-00000083","200","product","EXACT","Старый URL уже перенаправлял на /magazin/product/stroitelnye-perchatki-s-pvh и наследует доказанное решение этой сущности","301"
"https://cloverspb.ru/magazin/product/vafelnoe-polotno-metrovoe/prev","/magazin/product/vafelnoe-polotno-metrovoe/prev","301","alias","","","https://clover-spb.ru/product/%D0%9D%D0%A4-00000239","/product/%D0%9D%D0%A4-00000239","200","product","EXACT","Старый URL уже перенаправлял на /magazin/product/vafelnoe-polotno-45-sm-otbelennoe-plotn-125-50-m и наследует доказанное решение этой сущности","301"
"https://cloverspb.ru/magazin/product/vafelnoe-polotno-metrovoe/next","/magazin/product/vafelnoe-polotno-metrovoe/next","301","alias","","","https://clover-spb.ru/product/%D0%9D%D0%A4-00000209","/product/%D0%9D%D0%A4-00000209","200","product","EXACT","Старый URL уже перенаправлял на /magazin/product/vafelnoe-polotno-40-sm-otbelennoe-plotn-110-50-m и наследует доказанное решение этой сущности","301"
"https://cloverspb.ru/magazin/product/paket-dlya-musora-v-rulone-10-sht-120-litrov/prev","/magazin/product/paket-dlya-musora-v-rulone-10-sht-120-litrov/prev","301","alias","","","https://clover-spb.ru/catalog/%D0%A5%D0%BE%D0%B7%D1%8F%D0%B9%D1%81%D1%82%D0%B2%D0%B5%D0%BD%D0%BD%D1%8B%D0%B5%20%D1%82%D0%BE%D0%B2%D0%B0%D1%80%D1%8B/%D0%9C%D0%B5%D1%88%D0%BA%D0%B8%20%D0%B4%D0%BB%D1%8F%20%D0%BC%D1%83%D1%81%D0%BE%D1%80%D0%B0","/catalog/%D0%A5%D0%BE%D0%B7%D1%8F%D0%B9%D1%81%D1%82%D0%B2%D0%B5%D0%BD%D0%BD%D1%8B%D0%B5%20%D1%82%D0%BE%D0%B2%D0%B0%D1%80%D1%8B/%D0%9C%D0%B5%D1%88%D0%BA%D0%B8%20%D0%B4%D0%BB%D1%8F%20%D0%BC%D1%83%D1%81%D0%BE%D1%80%D0%B0","200","subcategory","HIGH","Старый URL уже перенаправлял на /magazin/product/paket-dlya-musora-v-rulone-20-sht-60-litrov-osoboprochnye и наследует доказанное решение этой сущности","301"
"https://cloverspb.ru/magazin/product/paket-dlya-musora-v-rulone-10-sht-120-litrov/next","/magazin/product/paket-dlya-musora-v-rulone-10-sht-120-litrov/next","301","alias","","","https://clover-spb.ru/product/%D0%9D%D0%A4-00000152","/product/%D0%9D%D0%A4-00000152","200","product","EXACT","Старый URL уже перенаправлял на /magazin/product/paket-dlya-musora-70h110-pvd-60-mkm-v-400-120-l и наследует доказанное решение этой сущности","301"
"https://cloverspb.ru/magazin/product/korobka-dlya-piccy-piroga-hachapuri-280h180h50mm-buraya/prev","/magazin/product/korobka-dlya-piccy-piroga-hachapuri-280h180h50mm-buraya/prev","301","alias","","","https://clover-spb.ru/catalog/%D0%9E%D0%B4%D0%BD%D0%BE%D1%80%D0%B0%D0%B7%D0%BE%D0%B2%D0%B0%D1%8F%20%D0%BF%D0%BE%D1%81%D1%83%D0%B4%D0%B0/%D0%9A%D0%BE%D1%80%D0%BE%D0%B1%D0%BA%D0%B8%20%D0%B4%D0%BB%D1%8F%20%D0%BF%D0%B8%D1%86%D1%86%D1%8B","/catalog/%D0%9E%D0%B4%D0%BD%D0%BE%D1%80%D0%B0%D0%B7%D0%BE%D0%B2%D0%B0%D1%8F%20%D0%BF%D0%BE%D1%81%D1%83%D0%B4%D0%B0/%D0%9A%D0%BE%D1%80%D0%BE%D0%B1%D0%BA%D0%B8%20%D0%B4%D0%BB%D1%8F%20%D0%BF%D0%B8%D1%86%D1%86%D1%8B","200","subcategory","HIGH","Старый URL уже перенаправлял на /magazin/product/korobki-dlya-piccy-33-33sm-45mm-belyj-gofrokarton-50 и наследует доказанное решение этой сущности","301"
"https://cloverspb.ru/magazin/product/korobka-dlya-piccy-piroga-hachapuri-280h180h50mm-buraya/next","/magazin/product/korobka-dlya-piccy-piroga-hachapuri-280h180h50mm-buraya/next","301","alias","","","https://clover-spb.ru/catalog/%D0%9E%D0%B4%D0%BD%D0%BE%D1%80%D0%B0%D0%B7%D0%BE%D0%B2%D0%B0%D1%8F%20%D0%BF%D0%BE%D1%81%D1%83%D0%B4%D0%B0/%D0%9A%D0%BE%D1%80%D0%BE%D0%B1%D0%BA%D0%B8%20%D0%B4%D0%BB%D1%8F%20%D0%BF%D0%B8%D1%86%D1%86%D1%8B","/catalog/%D0%9E%D0%B4%D0%BD%D0%BE%D1%80%D0%B0%D0%B7%D0%BE%D0%B2%D0%B0%D1%8F%20%D0%BF%D0%BE%D1%81%D1%83%D0%B4%D0%B0/%D0%9A%D0%BE%D1%80%D0%BE%D0%B1%D0%BA%D0%B8%20%D0%B4%D0%BB%D1%8F%20%D0%BF%D0%B8%D1%86%D1%86%D1%8B","200","subcategory","HIGH","Старый URL уже перенаправлял на /magazin/product/korobka-dlya-piccy-40-5sm-h-40-5sm-belyj-gofrokarton и наследует доказанное решение этой сущности","301"
"https://cloverspb.ru/magazin/product/salfetki-bumazhnye-24-sm-h-24-sm-1-slojnye-krasnye-400sht/prev","/magazin/product/salfetki-bumazhnye-24-sm-h-24-sm-1-slojnye-krasnye-400sht/prev","301","alias","","","https://clover-spb.ru/catalog/%D0%91%D1%83%D0%BC%D0%B0%D0%B6%D0%BD%D0%B0%D1%8F%20%D0%BF%D1%80%D0%BE%D0%B4%D1%83%D0%BA%D1%86%D0%B8%D1%8F","/catalog/%D0%91%D1%83%D0%BC%D0%B0%D0%B6%D0%BD%D0%B0%D1%8F%20%D0%BF%D1%80%D0%BE%D0%B4%D1%83%D0%BA%D1%86%D0%B8%D1%8F","200","category","HIGH","Старый URL уже перенаправлял на /magazin/product/salfetki-bumazhnye-pro-24-sm-h-24-sm-1-sl-500-listov и наследует доказанное решение этой сущности","301"
"https://cloverspb.ru/magazin/product/salfetki-bumazhnye-24-sm-h-24-sm-1-slojnye-krasnye-400sht/next","/magazin/product/salfetki-bumazhnye-24-sm-h-24-sm-1-slojnye-krasnye-400sht/next","301","alias","","","https://clover-spb.ru/catalog/%D0%91%D1%83%D0%BC%D0%B0%D0%B6%D0%BD%D0%B0%D1%8F%20%D0%BF%D1%80%D0%BE%D0%B4%D1%83%D0%BA%D1%86%D0%B8%D1%8F/%D0%A1%D0%B0%D0%BB%D1%84%D0%B5%D1%82%D0%BA%D0%B8","/catalog/%D0%91%D1%83%D0%BC%D0%B0%D0%B6%D0%BD%D0%B0%D1%8F%20%D0%BF%D1%80%D0%BE%D0%B4%D1%83%D0%BA%D1%86%D0%B8%D1%8F/%D0%A1%D0%B0%D0%BB%D1%84%D0%B5%D1%82%D0%BA%D0%B8","200","subcategory","HIGH","Старый URL уже перенаправлял на /magazin/product/salfetki-bumazhnye-big-pak-33h33-1-sl-belye-300sht и наследует доказанное решение этой сущности","301"
"https://cloverspb.ru/magazin/product/salfetki-bumazhnye-33-sm-h-33-sm-krasnye-200sht/prev","/magazin/product/salfetki-bumazhnye-33-sm-h-33-sm-krasnye-200sht/prev","301","alias","","","https://clover-spb.ru/catalog/%D0%91%D1%83%D0%BC%D0%B0%D0%B6%D0%BD%D0%B0%D1%8F%20%D0%BF%D1%80%D0%BE%D0%B4%D1%83%D0%BA%D1%86%D0%B8%D1%8F/%D0%A1%D0%B0%D0%BB%D1%84%D0%B5%D1%82%D0%BA%D0%B8","/catalog/%D0%91%D1%83%D0%BC%D0%B0%D0%B6%D0%BD%D0%B0%D1%8F%20%D0%BF%D1%80%D0%BE%D0%B4%D1%83%D0%BA%D1%86%D0%B8%D1%8F/%D0%A1%D0%B0%D0%BB%D1%84%D0%B5%D1%82%D0%BA%D0%B8","200","subcategory","HIGH","Старый URL уже перенаправлял на /magazin/product/salfetki-bumazhnye-24-sm-h-24-sm-2-sl-chernye-250-listov и наследует доказанное решение этой сущности","301"
"https://cloverspb.ru/magazin/product/salfetki-bumazhnye-33-sm-h-33-sm-krasnye-200sht/next","/magazin/product/salfetki-bumazhnye-33-sm-h-33-sm-krasnye-200sht/next","301","alias","","","https://clover-spb.ru/catalog/%D0%91%D1%83%D0%BC%D0%B0%D0%B6%D0%BD%D0%B0%D1%8F%20%D0%BF%D1%80%D0%BE%D0%B4%D1%83%D0%BA%D1%86%D0%B8%D1%8F","/catalog/%D0%91%D1%83%D0%BC%D0%B0%D0%B6%D0%BD%D0%B0%D1%8F%20%D0%BF%D1%80%D0%BE%D0%B4%D1%83%D0%BA%D1%86%D0%B8%D1%8F","200","category","HIGH","Старый URL уже перенаправлял на /magazin/product/salfetki-bumazhnye-23-5-sm-h-23-5-sm-1-slojnye и наследует доказанное решение этой сущности","301"
"https://cloverspb.ru/magazin/product/folga-30-sm-100-metrov/prev","/magazin/product/folga-30-sm-100-metrov/prev","301","alias","","","https://clover-spb.ru/product/%D0%9D%D0%A4-00000869","/product/%D0%9D%D0%A4-00000869","200","product","EXACT","Старый URL уже перенаправлял на /magazin/product/pishchevaya-plenka-45-sm-250-metrov и наследует доказанное решение этой сущности","301"
"https://cloverspb.ru/magazin/product/folga-30-sm-100-metrov/next","/magazin/product/folga-30-sm-100-metrov/next","301","alias","","","https://clover-spb.ru/catalog/%D0%A5%D0%BE%D0%B7%D1%8F%D0%B9%D1%81%D1%82%D0%B2%D0%B5%D0%BD%D0%BD%D1%8B%D0%B5%20%D1%82%D0%BE%D0%B2%D0%B0%D1%80%D1%8B/%D0%A4%D0%BE%D0%BB%D1%8C%D0%B3%D0%B0%2C%20%D0%BF%D0%BB%D0%B5%D0%BD%D0%BA%D0%B0%2C%20%D0%BF%D0%B5%D1%80%D0%B3%D0%B0%D0%BC%D0%B5%D0%BD%D1%82","/catalog/%D0%A5%D0%BE%D0%B7%D1%8F%D0%B9%D1%81%D1%82%D0%B2%D0%B5%D0%BD%D0%BD%D1%8B%D0%B5%20%D1%82%D0%BE%D0%B2%D0%B0%D1%80%D1%8B/%D0%A4%D0%BE%D0%BB%D1%8C%D0%B3%D0%B0%2C%20%D0%BF%D0%BB%D0%B5%D0%BD%D0%BA%D0%B0%2C%20%D0%BF%D0%B5%D1%80%D0%B3%D0%B0%D0%BC%D0%B5%D0%BD%D1%82","200","subcategory","HIGH","Старый URL уже перенаправлял на /magazin/product/plenka-strejch-500-h-17-mkm-ves-netto-2-0-kg и наследует доказанное решение этой сущности","301"
"https://cloverspb.ru/magazin/product/folga-45-sm-100-metrov/prev","/magazin/product/folga-45-sm-100-metrov/prev","301","alias","","","https://clover-spb.ru/catalog/%D0%A5%D0%BE%D0%B7%D1%8F%D0%B9%D1%81%D1%82%D0%B2%D0%B5%D0%BD%D0%BD%D1%8B%D0%B5%20%D1%82%D0%BE%D0%B2%D0%B0%D1%80%D1%8B/%D0%A4%D0%BE%D0%BB%D1%8C%D0%B3%D0%B0%2C%20%D0%BF%D0%BB%D0%B5%D0%BD%D0%BA%D0%B0%2C%20%D0%BF%D0%B5%D1%80%D0%B3%D0%B0%D0%BC%D0%B5%D0%BD%D1%82","/catalog/%D0%A5%D0%BE%D0%B7%D1%8F%D0%B9%D1%81%D1%82%D0%B2%D0%B5%D0%BD%D0%BD%D1%8B%D0%B5%20%D1%82%D0%BE%D0%B2%D0%B0%D1%80%D1%8B/%D0%A4%D0%BE%D0%BB%D1%8C%D0%B3%D0%B0%2C%20%D0%BF%D0%BB%D0%B5%D0%BD%D0%BA%D0%B0%2C%20%D0%BF%D0%B5%D1%80%D0%B3%D0%B0%D0%BC%D0%B5%D0%BD%D1%82","200","subcategory","HIGH","Старый URL уже перенаправлял на /magazin/product/plenka-strejch-500-h-17-mkm-ves-netto-2-0-kg и наследует доказанное решение этой сущности","301"
"https://cloverspb.ru/magazin/product/folga-45-sm-100-metrov/next","/magazin/product/folga-45-sm-100-metrov/next","301","alias","","","https://clover-spb.ru/product/%D0%9D%D0%A4-00000134","/product/%D0%9D%D0%A4-00000134","200","product","EXACT","Старый URL уже перенаправлял на /magazin/product/pishchevaya-plenka-30-sm-250-metrov и наследует доказанное решение этой сущности","301"
"https://cloverspb.ru/magazin/product/pishchevaya-plenka-30-sm-250-metrov/prev","/magazin/product/pishchevaya-plenka-30-sm-250-metrov/prev","301","alias","","","https://clover-spb.ru/catalog/%D0%A5%D0%BE%D0%B7%D1%8F%D0%B9%D1%81%D1%82%D0%B2%D0%B5%D0%BD%D0%BD%D1%8B%D0%B5%20%D1%82%D0%BE%D0%B2%D0%B0%D1%80%D1%8B/%D0%A4%D0%BE%D0%BB%D1%8C%D0%B3%D0%B0%2C%20%D0%BF%D0%BB%D0%B5%D0%BD%D0%BA%D0%B0%2C%20%D0%BF%D0%B5%D1%80%D0%B3%D0%B0%D0%BC%D0%B5%D0%BD%D1%82","/catalog/%D0%A5%D0%BE%D0%B7%D1%8F%D0%B9%D1%81%D1%82%D0%B2%D0%B5%D0%BD%D0%BD%D1%8B%D0%B5%20%D1%82%D0%BE%D0%B2%D0%B0%D1%80%D1%8B/%D0%A4%D0%BE%D0%BB%D1%8C%D0%B3%D0%B0%2C%20%D0%BF%D0%BB%D0%B5%D0%BD%D0%BA%D0%B0%2C%20%D0%BF%D0%B5%D1%80%D0%B3%D0%B0%D0%BC%D0%B5%D0%BD%D1%82","200","subcategory","HIGH","Старый URL уже перенаправлял на /magazin/product/folga-45-sm-100-metrov и наследует доказанное решение этой сущности","301"
"https://cloverspb.ru/magazin/product/pishchevaya-plenka-30-sm-250-metrov/next","/magazin/product/pishchevaya-plenka-30-sm-250-metrov/next","301","alias","","","https://clover-spb.ru/product/%D0%9D%D0%A4-00000869","/product/%D0%9D%D0%A4-00000869","200","product","EXACT","Старый URL уже перенаправлял на /magazin/product/pishchevaya-plenka-45-sm-250-metrov и наследует доказанное решение этой сущности","301"
"https://cloverspb.ru/magazin/product/pishchevaya-plenka-45-sm-250-metrov/prev","/magazin/product/pishchevaya-plenka-45-sm-250-metrov/prev","301","alias","","","https://clover-spb.ru/product/%D0%9D%D0%A4-00000134","/product/%D0%9D%D0%A4-00000134","200","product","EXACT","Старый URL уже перенаправлял на /magazin/product/pishchevaya-plenka-30-sm-250-metrov и наследует доказанное решение этой сущности","301"
"https://cloverspb.ru/magazin/product/pishchevaya-plenka-45-sm-250-metrov/next","/magazin/product/pishchevaya-plenka-45-sm-250-metrov/next","301","alias","","","https://clover-spb.ru/catalog/%D0%A5%D0%BE%D0%B7%D1%8F%D0%B9%D1%81%D1%82%D0%B2%D0%B5%D0%BD%D0%BD%D1%8B%D0%B5%20%D1%82%D0%BE%D0%B2%D0%B0%D1%80%D1%8B/%D0%A4%D0%BE%D0%BB%D1%8C%D0%B3%D0%B0%2C%20%D0%BF%D0%BB%D0%B5%D0%BD%D0%BA%D0%B0%2C%20%D0%BF%D0%B5%D1%80%D0%B3%D0%B0%D0%BC%D0%B5%D0%BD%D1%82","/catalog/%D0%A5%D0%BE%D0%B7%D1%8F%D0%B9%D1%81%D1%82%D0%B2%D0%B5%D0%BD%D0%BD%D1%8B%D0%B5%20%D1%82%D0%BE%D0%B2%D0%B0%D1%80%D1%8B/%D0%A4%D0%BE%D0%BB%D1%8C%D0%B3%D0%B0%2C%20%D0%BF%D0%BB%D0%B5%D0%BD%D0%BA%D0%B0%2C%20%D0%BF%D0%B5%D1%80%D0%B3%D0%B0%D0%BC%D0%B5%D0%BD%D1%82","200","subcategory","HIGH","Старый URL уже перенаправлял на /magazin/product/folga-30-sm-100-metrov и наследует доказанное решение этой сущности","301"
"https://cloverspb.ru/magazin/product/salfetka-viskoznaya-30-sm-h-30-sm-3sht/prev","/magazin/product/salfetka-viskoznaya-30-sm-h-30-sm-3sht/prev","301","alias","","","https://clover-spb.ru/catalog/%D0%A5%D0%BE%D0%B7%D1%8F%D0%B9%D1%81%D1%82%D0%B2%D0%B5%D0%BD%D0%BD%D1%8B%D0%B5%20%D1%82%D0%BE%D0%B2%D0%B0%D1%80%D1%8B/%D0%A2%D1%80%D1%8F%D0%BF%D0%BA%D0%B8%2C%20%D0%BC%D0%BE%D0%BF%D1%8B%2C%20%D0%BF%D0%BE%D0%BB%D0%BE%D1%82%D0%B5%D0%BD%D1%86%D0%B0","/catalog/%D0%A5%D0%BE%D0%B7%D1%8F%D0%B9%D1%81%D1%82%D0%B2%D0%B5%D0%BD%D0%BD%D1%8B%D0%B5%20%D1%82%D0%BE%D0%B2%D0%B0%D1%80%D1%8B/%D0%A2%D1%80%D1%8F%D0%BF%D0%BA%D0%B8%2C%20%D0%BC%D0%BE%D0%BF%D1%8B%2C%20%D0%BF%D0%BE%D0%BB%D0%BE%D1%82%D0%B5%D0%BD%D1%86%D0%B0","200","subcategory","HIGH","Старый URL уже перенаправлял на /magazin/product/salfetka-iz-mikrofibry-30-sm-h-30-sm и наследует доказанное решение этой сущности","301"
"https://cloverspb.ru/magazin/product/salfetka-viskoznaya-30-sm-h-30-sm-3sht/next","/magazin/product/salfetka-viskoznaya-30-sm-h-30-sm-3sht/next","301","alias","","","https://clover-spb.ru/product/%D0%9D%D0%A4-00000383","/product/%D0%9D%D0%A4-00000383","200","product","EXACT","Старый URL уже перенаправлял на /magazin/product/salfetka-cellyuloznaya-14h16-sm-3-sht-50sht-kor и наследует доказанное решение этой сущности","301"
"https://cloverspb.ru/magazin/product/salfetka-iz-mikrofibry-30-sm-h-30-sm/prev","/magazin/product/salfetka-iz-mikrofibry-30-sm-h-30-sm/prev","301","alias","","","https://clover-spb.ru/product/%D0%9D%D0%A4-00000383","/product/%D0%9D%D0%A4-00000383","200","product","EXACT","Старый URL уже перенаправлял на /magazin/product/salfetka-cellyuloznaya-14h16-sm-3-sht-50sht-kor и наследует доказанное решение этой сущности","301"
"https://cloverspb.ru/magazin/product/salfetka-iz-mikrofibry-30-sm-h-30-sm/next","/magazin/product/salfetka-iz-mikrofibry-30-sm-h-30-sm/next","301","alias","","","https://clover-spb.ru/catalog/%D0%A5%D0%BE%D0%B7%D1%8F%D0%B9%D1%81%D1%82%D0%B2%D0%B5%D0%BD%D0%BD%D1%8B%D0%B5%20%D1%82%D0%BE%D0%B2%D0%B0%D1%80%D1%8B/%D0%A2%D1%80%D1%8F%D0%BF%D0%BA%D0%B8%2C%20%D0%BC%D0%BE%D0%BF%D1%8B%2C%20%D0%BF%D0%BE%D0%BB%D0%BE%D1%82%D0%B5%D0%BD%D1%86%D0%B0","/catalog/%D0%A5%D0%BE%D0%B7%D1%8F%D0%B9%D1%81%D1%82%D0%B2%D0%B5%D0%BD%D0%BD%D1%8B%D0%B5%20%D1%82%D0%BE%D0%B2%D0%B0%D1%80%D1%8B/%D0%A2%D1%80%D1%8F%D0%BF%D0%BA%D0%B8%2C%20%D0%BC%D0%BE%D0%BF%D1%8B%2C%20%D0%BF%D0%BE%D0%BB%D0%BE%D1%82%D0%B5%D0%BD%D1%86%D0%B0","200","subcategory","HIGH","Старый URL уже перенаправлял на /magazin/product/salfetka-viskoznaya-30-sm-h-30-sm-3sht и наследует доказанное решение этой сущности","301"
"https://cloverspb.ru/magazin/product/paket-majka-fa-chernyj-100sht/prev","/magazin/product/paket-majka-fa-chernyj-100sht/prev","301","alias","","","https://clover-spb.ru/product/%D0%9D%D0%A4-00000571","/product/%D0%9D%D0%A4-00000571","200","product","EXACT","Старый URL уже перенаправлял на /magazin/product/paket-majka-pnd-belyj-30-60sm-100sht-upak и наследует доказанное решение этой сущности","301"
"https://cloverspb.ru/magazin/product/paket-majka-fa-chernyj-100sht/next","/magazin/product/paket-majka-fa-chernyj-100sht/next","301","alias","","","https://clover-spb.ru/catalog/%D0%9F%D0%B0%D0%BA%D0%B5%D1%82%D1%8B%2C%20%D1%83%D0%BF%D0%B0%D0%BA%D0%BE%D0%B2%D0%BE%D1%87%D0%BD%D1%8B%D0%B5%20%D0%BC%D0%B0%D1%82%D0%B5%D1%80%D0%B8%D0%B0%D0%BB%D1%8B/%D0%9F%D0%B0%D0%BA%D0%B5%D1%82%D1%8B-%D0%BC%D0%B0%D0%B9%D0%BA%D0%B8","/catalog/%D0%9F%D0%B0%D0%BA%D0%B5%D1%82%D1%8B%2C%20%D1%83%D0%BF%D0%B0%D0%BA%D0%BE%D0%B2%D0%BE%D1%87%D0%BD%D1%8B%D0%B5%20%D0%BC%D0%B0%D1%82%D0%B5%D1%80%D0%B8%D0%B0%D0%BB%D1%8B/%D0%9F%D0%B0%D0%BA%D0%B5%D1%82%D1%8B-%D0%BC%D0%B0%D0%B9%D0%BA%D0%B8","200","subcategory","HIGH","Старый URL уже перенаправлял на /magazin/product/paket-majka-fa-krasnyj-100sht и наследует доказанное решение этой сущности","301"
"https://cloverspb.ru/magazin/product/paket-majka-fa-krasnyj-100sht/prev","/magazin/product/paket-majka-fa-krasnyj-100sht/prev","301","alias","","","https://clover-spb.ru/catalog/%D0%9F%D0%B0%D0%BA%D0%B5%D1%82%D1%8B%2C%20%D1%83%D0%BF%D0%B0%D0%BA%D0%BE%D0%B2%D0%BE%D1%87%D0%BD%D1%8B%D0%B5%20%D0%BC%D0%B0%D1%82%D0%B5%D1%80%D0%B8%D0%B0%D0%BB%D1%8B/%D0%9F%D0%B0%D0%BA%D0%B5%D1%82%D1%8B-%D0%BC%D0%B0%D0%B9%D0%BA%D0%B8","/catalog/%D0%9F%D0%B0%D0%BA%D0%B5%D1%82%D1%8B%2C%20%D1%83%D0%BF%D0%B0%D0%BA%D0%BE%D0%B2%D0%BE%D1%87%D0%BD%D1%8B%D0%B5%20%D0%BC%D0%B0%D1%82%D0%B5%D1%80%D0%B8%D0%B0%D0%BB%D1%8B/%D0%9F%D0%B0%D0%BA%D0%B5%D1%82%D1%8B-%D0%BC%D0%B0%D0%B9%D0%BA%D0%B8","200","subcategory","HIGH","Старый URL уже перенаправлял на /magazin/product/paket-majka-fa-chernyj-100sht и наследует доказанное решение этой сущности","301"
"https://cloverspb.ru/magazin/product/paket-majka-fa-krasnyj-100sht/next","/magazin/product/paket-majka-fa-krasnyj-100sht/next","301","alias","","","https://clover-spb.ru/catalog/%D0%9F%D0%B0%D0%BA%D0%B5%D1%82%D1%8B%2C%20%D1%83%D0%BF%D0%B0%D0%BA%D0%BE%D0%B2%D0%BE%D1%87%D0%BD%D1%8B%D0%B5%20%D0%BC%D0%B0%D1%82%D0%B5%D1%80%D0%B8%D0%B0%D0%BB%D1%8B/%D0%9F%D0%B0%D0%BA%D0%B5%D1%82%D1%8B-%D0%BC%D0%B0%D0%B9%D0%BA%D0%B8","/catalog/%D0%9F%D0%B0%D0%BA%D0%B5%D1%82%D1%8B%2C%20%D1%83%D0%BF%D0%B0%D0%BA%D0%BE%D0%B2%D0%BE%D1%87%D0%BD%D1%8B%D0%B5%20%D0%BC%D0%B0%D1%82%D0%B5%D1%80%D0%B8%D0%B0%D0%BB%D1%8B/%D0%9F%D0%B0%D0%BA%D0%B5%D1%82%D1%8B-%D0%BC%D0%B0%D0%B9%D0%BA%D0%B8","200","subcategory","HIGH","Старый URL уже перенаправлял на /magazin/product/paket-majka-fa-zheltyj-100sht и наследует доказанное решение этой сущности","301"
"https://cloverspb.ru/magazin/product/paket-majka-fa-zheltyj-100sht/prev","/magazin/product/paket-majka-fa-zheltyj-100sht/prev","301","alias","","","https://clover-spb.ru/catalog/%D0%9F%D0%B0%D0%BA%D0%B5%D1%82%D1%8B%2C%20%D1%83%D0%BF%D0%B0%D0%BA%D0%BE%D0%B2%D0%BE%D1%87%D0%BD%D1%8B%D0%B5%20%D0%BC%D0%B0%D1%82%D0%B5%D1%80%D0%B8%D0%B0%D0%BB%D1%8B/%D0%9F%D0%B0%D0%BA%D0%B5%D1%82%D1%8B-%D0%BC%D0%B0%D0%B9%D0%BA%D0%B8","/catalog/%D0%9F%D0%B0%D0%BA%D0%B5%D1%82%D1%8B%2C%20%D1%83%D0%BF%D0%B0%D0%BA%D0%BE%D0%B2%D0%BE%D1%87%D0%BD%D1%8B%D0%B5%20%D0%BC%D0%B0%D1%82%D0%B5%D1%80%D0%B8%D0%B0%D0%BB%D1%8B/%D0%9F%D0%B0%D0%BA%D0%B5%D1%82%D1%8B-%D0%BC%D0%B0%D0%B9%D0%BA%D0%B8","200","subcategory","HIGH","Старый URL уже перенаправлял на /magazin/product/paket-majka-fa-krasnyj-100sht и наследует доказанное решение этой сущности","301"
"https://cloverspb.ru/magazin/product/paket-majka-fa-zheltyj-100sht/next","/magazin/product/paket-majka-fa-zheltyj-100sht/next","301","alias","","","https://clover-spb.ru/catalog/%D0%9F%D0%B0%D0%BA%D0%B5%D1%82%D1%8B%2C%20%D1%83%D0%BF%D0%B0%D0%BA%D0%BE%D0%B2%D0%BE%D1%87%D0%BD%D1%8B%D0%B5%20%D0%BC%D0%B0%D1%82%D0%B5%D1%80%D0%B8%D0%B0%D0%BB%D1%8B/%D0%9F%D0%B0%D0%BA%D0%B5%D1%82%D1%8B-%D0%BC%D0%B0%D0%B9%D0%BA%D0%B8","/catalog/%D0%9F%D0%B0%D0%BA%D0%B5%D1%82%D1%8B%2C%20%D1%83%D0%BF%D0%B0%D0%BA%D0%BE%D0%B2%D0%BE%D1%87%D0%BD%D1%8B%D0%B5%20%D0%BC%D0%B0%D1%82%D0%B5%D1%80%D0%B8%D0%B0%D0%BB%D1%8B/%D0%9F%D0%B0%D0%BA%D0%B5%D1%82%D1%8B-%D0%BC%D0%B0%D0%B9%D0%BA%D0%B8","200","subcategory","HIGH","Старый URL уже перенаправлял на /magazin/product/paket-majka-fa-sinij-100sht и наследует доказанное решение этой сущности","301"
"https://cloverspb.ru/magazin/product/paket-majka-fa-sinij-100sht/prev","/magazin/product/paket-majka-fa-sinij-100sht/prev","301","alias","","","https://clover-spb.ru/catalog/%D0%9F%D0%B0%D0%BA%D0%B5%D1%82%D1%8B%2C%20%D1%83%D0%BF%D0%B0%D0%BA%D0%BE%D0%B2%D0%BE%D1%87%D0%BD%D1%8B%D0%B5%20%D0%BC%D0%B0%D1%82%D0%B5%D1%80%D0%B8%D0%B0%D0%BB%D1%8B/%D0%9F%D0%B0%D0%BA%D0%B5%D1%82%D1%8B-%D0%BC%D0%B0%D0%B9%D0%BA%D0%B8","/catalog/%D0%9F%D0%B0%D0%BA%D0%B5%D1%82%D1%8B%2C%20%D1%83%D0%BF%D0%B0%D0%BA%D0%BE%D0%B2%D0%BE%D1%87%D0%BD%D1%8B%D0%B5%20%D0%BC%D0%B0%D1%82%D0%B5%D1%80%D0%B8%D0%B0%D0%BB%D1%8B/%D0%9F%D0%B0%D0%BA%D0%B5%D1%82%D1%8B-%D0%BC%D0%B0%D0%B9%D0%BA%D0%B8","200","subcategory","HIGH","Старый URL уже перенаправлял на /magazin/product/paket-majka-fa-zheltyj-100sht и наследует доказанное решение этой сущности","301"
"https://cloverspb.ru/magazin/product/paket-majka-fa-sinij-100sht/next","/magazin/product/paket-majka-fa-sinij-100sht/next","301","alias","","","https://clover-spb.ru/catalog/%D0%9F%D0%B0%D0%BA%D0%B5%D1%82%D1%8B%2C%20%D1%83%D0%BF%D0%B0%D0%BA%D0%BE%D0%B2%D0%BE%D1%87%D0%BD%D1%8B%D0%B5%20%D0%BC%D0%B0%D1%82%D0%B5%D1%80%D0%B8%D0%B0%D0%BB%D1%8B/%D0%9F%D0%B0%D0%BA%D0%B5%D1%82%D1%8B-%D0%BC%D0%B0%D0%B9%D0%BA%D0%B8","/catalog/%D0%9F%D0%B0%D0%BA%D0%B5%D1%82%D1%8B%2C%20%D1%83%D0%BF%D0%B0%D0%BA%D0%BE%D0%B2%D0%BE%D1%87%D0%BD%D1%8B%D0%B5%20%D0%BC%D0%B0%D1%82%D0%B5%D1%80%D0%B8%D0%B0%D0%BB%D1%8B/%D0%9F%D0%B0%D0%BA%D0%B5%D1%82%D1%8B-%D0%BC%D0%B0%D0%B9%D0%BA%D0%B8","200","subcategory","HIGH","Старый URL уже перенаправлял на /magazin/product/paket-majka-fa-zelenyj-100sht и наследует доказанное решение этой сущности","301"
"https://cloverspb.ru/magazin/product/paket-majka-fa-zelenyj-100sht/prev","/magazin/product/paket-majka-fa-zelenyj-100sht/prev","301","alias","","","https://clover-spb.ru/catalog/%D0%9F%D0%B0%D0%BA%D0%B5%D1%82%D1%8B%2C%20%D1%83%D0%BF%D0%B0%D0%BA%D0%BE%D0%B2%D0%BE%D1%87%D0%BD%D1%8B%D0%B5%20%D0%BC%D0%B0%D1%82%D0%B5%D1%80%D0%B8%D0%B0%D0%BB%D1%8B/%D0%9F%D0%B0%D0%BA%D0%B5%D1%82%D1%8B-%D0%BC%D0%B0%D0%B9%D0%BA%D0%B8","/catalog/%D0%9F%D0%B0%D0%BA%D0%B5%D1%82%D1%8B%2C%20%D1%83%D0%BF%D0%B0%D0%BA%D0%BE%D0%B2%D0%BE%D1%87%D0%BD%D1%8B%D0%B5%20%D0%BC%D0%B0%D1%82%D0%B5%D1%80%D0%B8%D0%B0%D0%BB%D1%8B/%D0%9F%D0%B0%D0%BA%D0%B5%D1%82%D1%8B-%D0%BC%D0%B0%D0%B9%D0%BA%D0%B8","200","subcategory","HIGH","Старый URL уже перенаправлял на /magazin/product/paket-majka-fa-sinij-100sht и наследует доказанное решение этой сущности","301"
"https://cloverspb.ru/magazin/product/paket-majka-fa-zelenyj-100sht/next","/magazin/product/paket-majka-fa-zelenyj-100sht/next","301","alias","","","https://clover-spb.ru/product/%D0%9D%D0%A4-00000217","/product/%D0%9D%D0%A4-00000217","200","product","EXACT","Старый URL уже перенаправлял на /magazin/product/paket-majka-36-65-polosa-belaya-100sht-upak и наследует доказанное решение этой сущности","301"
"https://cloverspb.ru/magazin/product/stakan-bumazhnyj-pod-kofe-belyj-250-280ml-50sht-upak/prev","/magazin/product/stakan-bumazhnyj-pod-kofe-belyj-250-280ml-50sht-upak/prev","301","alias","","","https://clover-spb.ru/catalog/%D0%9E%D0%B4%D0%BD%D0%BE%D1%80%D0%B0%D0%B7%D0%BE%D0%B2%D0%B0%D1%8F%20%D0%BF%D0%BE%D1%81%D1%83%D0%B4%D0%B0/%D0%A1%D1%82%D0%B0%D0%BA%D0%B0%D0%BD%D1%8B","/catalog/%D0%9E%D0%B4%D0%BD%D0%BE%D1%80%D0%B0%D0%B7%D0%BE%D0%B2%D0%B0%D1%8F%20%D0%BF%D0%BE%D1%81%D1%83%D0%B4%D0%B0/%D0%A1%D1%82%D0%B0%D0%BA%D0%B0%D0%BD%D1%8B","200","subcategory","HIGH","Старый URL уже перенаправлял на /magazin/product/stakan-plastikovyj-330ml-100sht-upak и наследует доказанное решение этой сущности","301"
"https://cloverspb.ru/magazin/product/stakan-bumazhnyj-pod-kofe-belyj-250-280ml-50sht-upak/next","/magazin/product/stakan-bumazhnyj-pod-kofe-belyj-250-280ml-50sht-upak/next","301","alias","","","https://clover-spb.ru/catalog/%D0%9E%D0%B4%D0%BD%D0%BE%D1%80%D0%B0%D0%B7%D0%BE%D0%B2%D0%B0%D1%8F%20%D0%BF%D0%BE%D1%81%D1%83%D0%B4%D0%B0/%D0%A1%D1%82%D0%B0%D0%BA%D0%B0%D0%BD%D1%8B","/catalog/%D0%9E%D0%B4%D0%BD%D0%BE%D1%80%D0%B0%D0%B7%D0%BE%D0%B2%D0%B0%D1%8F%20%D0%BF%D0%BE%D1%81%D1%83%D0%B4%D0%B0/%D0%A1%D1%82%D0%B0%D0%BA%D0%B0%D0%BD%D1%8B","200","subcategory","HIGH","Старый URL уже перенаправлял на /magazin/product/derzhatel-dlya-2h-stakanov и наследует доказанное решение этой сущности","301"
"https://cloverspb.ru/magazin/product/stakan-bumazhnyj-pod-kofe-belyj-300-430ml-50sht-upak/prev","/magazin/product/stakan-bumazhnyj-pod-kofe-belyj-300-430ml-50sht-upak/prev","301","alias","","","https://clover-spb.ru/catalog/%D0%9E%D0%B4%D0%BD%D0%BE%D1%80%D0%B0%D0%B7%D0%BE%D0%B2%D0%B0%D1%8F%20%D0%BF%D0%BE%D1%81%D1%83%D0%B4%D0%B0/%D0%A1%D1%82%D0%B0%D0%BA%D0%B0%D0%BD%D1%8B","/catalog/%D0%9E%D0%B4%D0%BD%D0%BE%D1%80%D0%B0%D0%B7%D0%BE%D0%B2%D0%B0%D1%8F%20%D0%BF%D0%BE%D1%81%D1%83%D0%B4%D0%B0/%D0%A1%D1%82%D0%B0%D0%BA%D0%B0%D0%BD%D1%8B","200","subcategory","HIGH","Старый URL уже перенаправлял на /magazin/product/kryshka-kupolnaya-s-otverstiem-k-pet-stakanu-d95mm-50sht-upak и наследует доказанное решение этой сущности","301"
"https://cloverspb.ru/magazin/product/stakan-bumazhnyj-pod-kofe-belyj-300-430ml-50sht-upak/next","/magazin/product/stakan-bumazhnyj-pod-kofe-belyj-300-430ml-50sht-upak/next","301","alias","","","https://clover-spb.ru/catalog/%D0%9E%D0%B4%D0%BD%D0%BE%D1%80%D0%B0%D0%B7%D0%BE%D0%B2%D0%B0%D1%8F%20%D0%BF%D0%BE%D1%81%D1%83%D0%B4%D0%B0/%D0%A1%D1%82%D0%B0%D0%BA%D0%B0%D0%BD%D1%8B","/catalog/%D0%9E%D0%B4%D0%BD%D0%BE%D1%80%D0%B0%D0%B7%D0%BE%D0%B2%D0%B0%D1%8F%20%D0%BF%D0%BE%D1%81%D1%83%D0%B4%D0%B0/%D0%A1%D1%82%D0%B0%D0%BA%D0%B0%D0%BD%D1%8B","200","subcategory","HIGH","Старый URL уже перенаправлял на /magazin/product/stakan-bumazhnyj-300ml-1-sl-d90mm и наследует доказанное решение этой сущности","301"
"https://cloverspb.ru/magazin/product/kryshka-belaya-plastikovaya-s-otverstiem-dlya-kofejnogo-stakanchika-80mm-100sht-upak/prev","/magazin/product/kryshka-belaya-plastikovaya-s-otverstiem-dlya-kofejnogo-stakanchika-80mm-100sht-upak/prev","301","alias","","","https://clover-spb.ru/catalog/%D0%9E%D0%B4%D0%BD%D0%BE%D1%80%D0%B0%D0%B7%D0%BE%D0%B2%D0%B0%D1%8F%20%D0%BF%D0%BE%D1%81%D1%83%D0%B4%D0%B0","/catalog/%D0%9E%D0%B4%D0%BD%D0%BE%D1%80%D0%B0%D0%B7%D0%BE%D0%B2%D0%B0%D1%8F%20%D0%BF%D0%BE%D1%81%D1%83%D0%B4%D0%B0","200","category","HIGH","Старый URL уже перенаправлял на /magazin/product/stakan-plastikovyj-prozrachnyj-200ml-100sht-upak и наследует доказанное решение этой сущности","301"
"https://cloverspb.ru/magazin/product/kryshka-belaya-plastikovaya-s-otverstiem-dlya-kofejnogo-stakanchika-80mm-100sht-upak/next","/magazin/product/kryshka-belaya-plastikovaya-s-otverstiem-dlya-kofejnogo-stakanchika-80mm-100sht-upak/next","301","alias","","","https://clover-spb.ru/catalog/%D0%9E%D0%B4%D0%BD%D0%BE%D1%80%D0%B0%D0%B7%D0%BE%D0%B2%D0%B0%D1%8F%20%D0%BF%D0%BE%D1%81%D1%83%D0%B4%D0%B0","/catalog/%D0%9E%D0%B4%D0%BD%D0%BE%D1%80%D0%B0%D0%B7%D0%BE%D0%B2%D0%B0%D1%8F%20%D0%BF%D0%BE%D1%81%D1%83%D0%B4%D0%B0","200","category","HIGH","Старый URL уже перенаправлял на /magazin/product/kryshka-belaya-plastikovaya-s-otverstiem-dlya-kofejnogo-stakanchika-72mm-100sht-upak и наследует доказанное решение этой сущности","301"
"https://cloverspb.ru/magazin/product/manzhet-iz-kraft-kartona-dlya-kofejnyh-stakanchikov-eco-cup-keeper-50sht-upak/prev","/magazin/product/manzhet-iz-kraft-kartona-dlya-kofejnyh-stakanchikov-eco-cup-keeper-50sht-upak/prev","301","alias","","","https://clover-spb.ru/catalog/%D0%9E%D0%B4%D0%BD%D0%BE%D1%80%D0%B0%D0%B7%D0%BE%D0%B2%D0%B0%D1%8F%20%D0%BF%D0%BE%D1%81%D1%83%D0%B4%D0%B0","/catalog/%D0%9E%D0%B4%D0%BD%D0%BE%D1%80%D0%B0%D0%B7%D0%BE%D0%B2%D0%B0%D1%8F%20%D0%BF%D0%BE%D1%81%D1%83%D0%B4%D0%B0","200","category","HIGH","Старый URL уже перенаправлял на /magazin/product/kryshka-belaya-plastikovaya-s-otverstiem-dlya-kofejnogo-stakanchika-72mm-100sht-upak и наследует доказанное решение этой сущности","301"
"https://cloverspb.ru/magazin/product/manzhet-iz-kraft-kartona-dlya-kofejnyh-stakanchikov-eco-cup-keeper-50sht-upak/next","/magazin/product/manzhet-iz-kraft-kartona-dlya-kofejnyh-stakanchikov-eco-cup-keeper-50sht-upak/next","301","alias","","","https://clover-spb.ru/catalog/%D0%9E%D0%B4%D0%BD%D0%BE%D1%80%D0%B0%D0%B7%D0%BE%D0%B2%D0%B0%D1%8F%20%D0%BF%D0%BE%D1%81%D1%83%D0%B4%D0%B0","/catalog/%D0%9E%D0%B4%D0%BD%D0%BE%D1%80%D0%B0%D0%B7%D0%BE%D0%B2%D0%B0%D1%8F%20%D0%BF%D0%BE%D1%81%D1%83%D0%B4%D0%B0","200","category","HIGH","Старый URL уже перенаправлял на /magazin/product/kryshka-belaya-plastikovaya-s-otverstiem-dlya-kofejnogo-stakanchika-90mm-100sht-upak и наследует доказанное решение этой сущности","301"
"https://cloverspb.ru/magazin/product/derzhatel-dlya-2h-stakanov/prev","/magazin/product/derzhatel-dlya-2h-stakanov/prev","301","alias","","","https://clover-spb.ru/catalog/%D0%9E%D0%B4%D0%BD%D0%BE%D1%80%D0%B0%D0%B7%D0%BE%D0%B2%D0%B0%D1%8F%20%D0%BF%D0%BE%D1%81%D1%83%D0%B4%D0%B0/%D0%A1%D1%82%D0%B0%D0%BA%D0%B0%D0%BD%D1%8B","/catalog/%D0%9E%D0%B4%D0%BD%D0%BE%D1%80%D0%B0%D0%B7%D0%BE%D0%B2%D0%B0%D1%8F%20%D0%BF%D0%BE%D1%81%D1%83%D0%B4%D0%B0/%D0%A1%D1%82%D0%B0%D0%BA%D0%B0%D0%BD%D1%8B","200","subcategory","HIGH","Старый URL уже перенаправлял на /magazin/product/stakan-bumazhnyj-pod-kofe-belyj-250-280ml-50sht-upak и наследует доказанное решение этой сущности","301"
"https://cloverspb.ru/magazin/product/derzhatel-dlya-2h-stakanov/next","/magazin/product/derzhatel-dlya-2h-stakanov/next","301","alias","","","https://clover-spb.ru/catalog/%D0%9E%D0%B4%D0%BD%D0%BE%D1%80%D0%B0%D0%B7%D0%BE%D0%B2%D0%B0%D1%8F%20%D0%BF%D0%BE%D1%81%D1%83%D0%B4%D0%B0/%D0%A1%D1%82%D0%B0%D0%BA%D0%B0%D0%BD%D1%8B","/catalog/%D0%9E%D0%B4%D0%BD%D0%BE%D1%80%D0%B0%D0%B7%D0%BE%D0%B2%D0%B0%D1%8F%20%D0%BF%D0%BE%D1%81%D1%83%D0%B4%D0%B0/%D0%A1%D1%82%D0%B0%D0%BA%D0%B0%D0%BD%D1%8B","200","subcategory","HIGH","Старый URL уже перенаправлял на /magazin/product/stakan-bumazhnyj-250ml-1-sl-d80mm и наследует доказанное решение этой сущности","301"
"https://cloverspb.ru/magazin/product/derzhatel-dlya-4h-stakanov/prev","/magazin/product/derzhatel-dlya-4h-stakanov/prev","301","alias","","","https://clover-spb.ru/product/%D0%9D%D0%A4-00003128","/product/%D0%9D%D0%A4-00003128","200","product","EXACT","Старый URL уже перенаправлял на /magazin/product/stakan-bumazhnyj-chernyj-400-ml и наследует доказанное решение этой сущности","301"
"https://cloverspb.ru/magazin/product/derzhatel-dlya-4h-stakanov/next","/magazin/product/derzhatel-dlya-4h-stakanov/next","301","alias","","","https://clover-spb.ru/catalog/%D0%9E%D0%B4%D0%BD%D0%BE%D1%80%D0%B0%D0%B7%D0%BE%D0%B2%D0%B0%D1%8F%20%D0%BF%D0%BE%D1%81%D1%83%D0%B4%D0%B0/%D0%A1%D1%82%D0%B0%D0%BA%D0%B0%D0%BD%D1%8B","/catalog/%D0%9E%D0%B4%D0%BD%D0%BE%D1%80%D0%B0%D0%B7%D0%BE%D0%B2%D0%B0%D1%8F%20%D0%BF%D0%BE%D1%81%D1%83%D0%B4%D0%B0/%D0%A1%D1%82%D0%B0%D0%BA%D0%B0%D0%BD%D1%8B","200","subcategory","HIGH","Старый URL уже перенаправлял на /magazin/product/stakan-shejker-400-ml и наследует доказанное решение этой сущности","301"
"https://cloverspb.ru/magazin/product/stakan-bumazhnyj-300ml-1-sl-d90mm/prev","/magazin/product/stakan-bumazhnyj-300ml-1-sl-d90mm/prev","301","alias","","","https://clover-spb.ru/catalog/%D0%9E%D0%B4%D0%BD%D0%BE%D1%80%D0%B0%D0%B7%D0%BE%D0%B2%D0%B0%D1%8F%20%D0%BF%D0%BE%D1%81%D1%83%D0%B4%D0%B0/%D0%A1%D1%82%D0%B0%D0%BA%D0%B0%D0%BD%D1%8B","/catalog/%D0%9E%D0%B4%D0%BD%D0%BE%D1%80%D0%B0%D0%B7%D0%BE%D0%B2%D0%B0%D1%8F%20%D0%BF%D0%BE%D1%81%D1%83%D0%B4%D0%B0/%D0%A1%D1%82%D0%B0%D0%BA%D0%B0%D0%BD%D1%8B","200","subcategory","HIGH","Старый URL уже перенаправлял на /magazin/product/stakan-bumazhnyj-pod-kofe-belyj-300-430ml-50sht-upak и наследует доказанное решение этой сущности","301"
"https://cloverspb.ru/magazin/product/stakan-bumazhnyj-300ml-1-sl-d90mm/next","/magazin/product/stakan-bumazhnyj-300ml-1-sl-d90mm/next","301","alias","","","https://clover-spb.ru/catalog/%D0%9E%D0%B4%D0%BD%D0%BE%D1%80%D0%B0%D0%B7%D0%BE%D0%B2%D0%B0%D1%8F%20%D0%BF%D0%BE%D1%81%D1%83%D0%B4%D0%B0/%D0%A1%D1%82%D0%B0%D0%BA%D0%B0%D0%BD%D1%8B","/catalog/%D0%9E%D0%B4%D0%BD%D0%BE%D1%80%D0%B0%D0%B7%D0%BE%D0%B2%D0%B0%D1%8F%20%D0%BF%D0%BE%D1%81%D1%83%D0%B4%D0%B0/%D0%A1%D1%82%D0%B0%D0%BA%D0%B0%D0%BD%D1%8B","200","subcategory","HIGH","Старый URL уже перенаправлял на /magazin/product/stakan-pet-prozrachnyj-200ml-50sht-upak и наследует доказанное решение этой сущности","301"
"https://cloverspb.ru/magazin/product/stakan-bumazhnyj-250ml-1-sl-d80mm/prev","/magazin/product/stakan-bumazhnyj-250ml-1-sl-d80mm/prev","301","alias","","","https://clover-spb.ru/catalog/%D0%9E%D0%B4%D0%BD%D0%BE%D1%80%D0%B0%D0%B7%D0%BE%D0%B2%D0%B0%D1%8F%20%D0%BF%D0%BE%D1%81%D1%83%D0%B4%D0%B0/%D0%A1%D1%82%D0%B0%D0%BA%D0%B0%D0%BD%D1%8B","/catalog/%D0%9E%D0%B4%D0%BD%D0%BE%D1%80%D0%B0%D0%B7%D0%BE%D0%B2%D0%B0%D1%8F%20%D0%BF%D0%BE%D1%81%D1%83%D0%B4%D0%B0/%D0%A1%D1%82%D0%B0%D0%BA%D0%B0%D0%BD%D1%8B","200","subcategory","HIGH","Старый URL уже перенаправлял на /magazin/product/derzhatel-dlya-2h-stakanov и наследует доказанное решение этой сущности","301"
"https://cloverspb.ru/magazin/product/stakan-bumazhnyj-250ml-1-sl-d80mm/next","/magazin/product/stakan-bumazhnyj-250ml-1-sl-d80mm/next","301","alias","","","https://clover-spb.ru/catalog/%D0%9E%D0%B4%D0%BD%D0%BE%D1%80%D0%B0%D0%B7%D0%BE%D0%B2%D0%B0%D1%8F%20%D0%BF%D0%BE%D1%81%D1%83%D0%B4%D0%B0/%D0%A1%D1%82%D0%B0%D0%BA%D0%B0%D0%BD%D1%8B","/catalog/%D0%9E%D0%B4%D0%BD%D0%BE%D1%80%D0%B0%D0%B7%D0%BE%D0%B2%D0%B0%D1%8F%20%D0%BF%D0%BE%D1%81%D1%83%D0%B4%D0%B0/%D0%A1%D1%82%D0%B0%D0%BA%D0%B0%D0%BD%D1%8B","200","subcategory","HIGH","Старый URL уже перенаправлял на /magazin/product/kryshka-kupolnaya-s-otverstiem-k-pet-stakanu-d95mm-50sht-upak и наследует доказанное решение этой сущности","301"
"https://cloverspb.ru/magazin/product/kryshka-belaya-plastikovaya-s-otverstiem-dlya-kofejnogo-stakanchika-72mm-100sht-upak/prev","/magazin/product/kryshka-belaya-plastikovaya-s-otverstiem-dlya-kofejnogo-stakanchika-72mm-100sht-upak/prev","301","alias","","","https://clover-spb.ru/catalog/%D0%9E%D0%B4%D0%BD%D0%BE%D1%80%D0%B0%D0%B7%D0%BE%D0%B2%D0%B0%D1%8F%20%D0%BF%D0%BE%D1%81%D1%83%D0%B4%D0%B0","/catalog/%D0%9E%D0%B4%D0%BD%D0%BE%D1%80%D0%B0%D0%B7%D0%BE%D0%B2%D0%B0%D1%8F%20%D0%BF%D0%BE%D1%81%D1%83%D0%B4%D0%B0","200","category","HIGH","Старый URL уже перенаправлял на /magazin/product/kryshka-belaya-plastikovaya-s-otverstiem-dlya-kofejnogo-stakanchika-80mm-100sht-upak и наследует доказанное решение этой сущности","301"
"https://cloverspb.ru/magazin/product/kryshka-belaya-plastikovaya-s-otverstiem-dlya-kofejnogo-stakanchika-72mm-100sht-upak/next","/magazin/product/kryshka-belaya-plastikovaya-s-otverstiem-dlya-kofejnogo-stakanchika-72mm-100sht-upak/next","301","alias","","","https://clover-spb.ru/catalog/%D0%9E%D0%B4%D0%BD%D0%BE%D1%80%D0%B0%D0%B7%D0%BE%D0%B2%D0%B0%D1%8F%20%D0%BF%D0%BE%D1%81%D1%83%D0%B4%D0%B0","/catalog/%D0%9E%D0%B4%D0%BD%D0%BE%D1%80%D0%B0%D0%B7%D0%BE%D0%B2%D0%B0%D1%8F%20%D0%BF%D0%BE%D1%81%D1%83%D0%B4%D0%B0","200","category","HIGH","Старый URL уже перенаправлял на /magazin/product/manzhet-iz-kraft-kartona-dlya-kofejnyh-stakanchikov-eco-cup-keeper-50sht-upak и наследует доказанное решение этой сущности","301"
"https://cloverspb.ru/magazin/product/kryshka-belaya-plastikovaya-s-otverstiem-dlya-kofejnogo-stakanchika-90mm-100sht-upak/prev","/magazin/product/kryshka-belaya-plastikovaya-s-otverstiem-dlya-kofejnogo-stakanchika-90mm-100sht-upak/prev","301","alias","","","https://clover-spb.ru/catalog/%D0%9E%D0%B4%D0%BD%D0%BE%D1%80%D0%B0%D0%B7%D0%BE%D0%B2%D0%B0%D1%8F%20%D0%BF%D0%BE%D1%81%D1%83%D0%B4%D0%B0","/catalog/%D0%9E%D0%B4%D0%BD%D0%BE%D1%80%D0%B0%D0%B7%D0%BE%D0%B2%D0%B0%D1%8F%20%D0%BF%D0%BE%D1%81%D1%83%D0%B4%D0%B0","200","category","HIGH","Старый URL уже перенаправлял на /magazin/product/manzhet-iz-kraft-kartona-dlya-kofejnyh-stakanchikov-eco-cup-keeper-50sht-upak и наследует доказанное решение этой сущности","301"
"https://cloverspb.ru/magazin/product/kryshka-belaya-plastikovaya-s-otverstiem-dlya-kofejnogo-stakanchika-90mm-100sht-upak/next","/magazin/product/kryshka-belaya-plastikovaya-s-otverstiem-dlya-kofejnogo-stakanchika-90mm-100sht-upak/next","301","alias","","","https://clover-spb.ru/catalog/%D0%9E%D0%B4%D0%BD%D0%BE%D1%80%D0%B0%D0%B7%D0%BE%D0%B2%D0%B0%D1%8F%20%D0%BF%D0%BE%D1%81%D1%83%D0%B4%D0%B0/%D0%A1%D1%82%D0%B0%D0%BA%D0%B0%D0%BD%D1%8B","/catalog/%D0%9E%D0%B4%D0%BD%D0%BE%D1%80%D0%B0%D0%B7%D0%BE%D0%B2%D0%B0%D1%8F%20%D0%BF%D0%BE%D1%81%D1%83%D0%B4%D0%B0/%D0%A1%D1%82%D0%B0%D0%BA%D0%B0%D0%BD%D1%8B","200","subcategory","HIGH","Старый URL уже перенаправлял на /magazin/product/kryshka-ploskaya-k-pet-stakanu-d95mm-s-krest-otverstiem-50sht-upak и наследует доказанное решение этой сущности","301"
"https://cloverspb.ru/magazin/product/stakan-pet-prozrachnyj-200ml-50sht-upak/prev","/magazin/product/stakan-pet-prozrachnyj-200ml-50sht-upak/prev","301","alias","","","https://clover-spb.ru/catalog/%D0%9E%D0%B4%D0%BD%D0%BE%D1%80%D0%B0%D0%B7%D0%BE%D0%B2%D0%B0%D1%8F%20%D0%BF%D0%BE%D1%81%D1%83%D0%B4%D0%B0/%D0%A1%D1%82%D0%B0%D0%BA%D0%B0%D0%BD%D1%8B","/catalog/%D0%9E%D0%B4%D0%BD%D0%BE%D1%80%D0%B0%D0%B7%D0%BE%D0%B2%D0%B0%D1%8F%20%D0%BF%D0%BE%D1%81%D1%83%D0%B4%D0%B0/%D0%A1%D1%82%D0%B0%D0%BA%D0%B0%D0%BD%D1%8B","200","subcategory","HIGH","Старый URL уже перенаправлял на /magazin/product/stakan-bumazhnyj-300ml-1-sl-d90mm и наследует доказанное решение этой сущности","301"
"https://cloverspb.ru/magazin/product/stakan-pet-prozrachnyj-200ml-50sht-upak/next","/magazin/product/stakan-pet-prozrachnyj-200ml-50sht-upak/next","301","alias","","","https://clover-spb.ru/product/%D0%9D%D0%A4-00003128","/product/%D0%9D%D0%A4-00003128","200","product","EXACT","Старый URL уже перенаправлял на /magazin/product/stakan-bumazhnyj-chernyj-400-ml и наследует доказанное решение этой сущности","301"
"https://cloverspb.ru/magazin/product/stakan-pet-prozrachnyj-500ml-50sht-upak/prev","/magazin/product/stakan-pet-prozrachnyj-500ml-50sht-upak/prev","301","alias","","","https://clover-spb.ru/catalog/%D0%9E%D0%B4%D0%BD%D0%BE%D1%80%D0%B0%D0%B7%D0%BE%D0%B2%D0%B0%D1%8F%20%D0%BF%D0%BE%D1%81%D1%83%D0%B4%D0%B0/%D0%A1%D1%82%D0%B0%D0%BA%D0%B0%D0%BD%D1%8B","/catalog/%D0%9E%D0%B4%D0%BD%D0%BE%D1%80%D0%B0%D0%B7%D0%BE%D0%B2%D0%B0%D1%8F%20%D0%BF%D0%BE%D1%81%D1%83%D0%B4%D0%B0/%D0%A1%D1%82%D0%B0%D0%BA%D0%B0%D0%BD%D1%8B","200","subcategory","HIGH","Старый URL уже перенаправлял на /magazin/product/stakan-shejker-400-ml и наследует доказанное решение этой сущности","301"
"https://cloverspb.ru/magazin/product/stakan-pet-prozrachnyj-500ml-50sht-upak/next","/magazin/product/stakan-pet-prozrachnyj-500ml-50sht-upak/next","301","alias","","","https://clover-spb.ru/catalog/%D0%9E%D0%B4%D0%BD%D0%BE%D1%80%D0%B0%D0%B7%D0%BE%D0%B2%D0%B0%D1%8F%20%D0%BF%D0%BE%D1%81%D1%83%D0%B4%D0%B0","/catalog/%D0%9E%D0%B4%D0%BD%D0%BE%D1%80%D0%B0%D0%B7%D0%BE%D0%B2%D0%B0%D1%8F%20%D0%BF%D0%BE%D1%81%D1%83%D0%B4%D0%B0","200","category","HIGH","Старый URL уже перенаправлял на /magazin/product/stakan-plastikovyj-100ml-100sht-upak и наследует доказанное решение этой сущности","301"
"https://cloverspb.ru/magazin/product/kryshka-kupolnaya-s-otverstiem-k-pet-stakanu-d95mm-50sht-upak/prev","/magazin/product/kryshka-kupolnaya-s-otverstiem-k-pet-stakanu-d95mm-50sht-upak/prev","301","alias","","","https://clover-spb.ru/catalog/%D0%9E%D0%B4%D0%BD%D0%BE%D1%80%D0%B0%D0%B7%D0%BE%D0%B2%D0%B0%D1%8F%20%D0%BF%D0%BE%D1%81%D1%83%D0%B4%D0%B0/%D0%A1%D1%82%D0%B0%D0%BA%D0%B0%D0%BD%D1%8B","/catalog/%D0%9E%D0%B4%D0%BD%D0%BE%D1%80%D0%B0%D0%B7%D0%BE%D0%B2%D0%B0%D1%8F%20%D0%BF%D0%BE%D1%81%D1%83%D0%B4%D0%B0/%D0%A1%D1%82%D0%B0%D0%BA%D0%B0%D0%BD%D1%8B","200","subcategory","HIGH","Старый URL уже перенаправлял на /magazin/product/stakan-bumazhnyj-250ml-1-sl-d80mm и наследует доказанное решение этой сущности","301"
"https://cloverspb.ru/magazin/product/kryshka-kupolnaya-s-otverstiem-k-pet-stakanu-d95mm-50sht-upak/next","/magazin/product/kryshka-kupolnaya-s-otverstiem-k-pet-stakanu-d95mm-50sht-upak/next","301","alias","","","https://clover-spb.ru/catalog/%D0%9E%D0%B4%D0%BD%D0%BE%D1%80%D0%B0%D0%B7%D0%BE%D0%B2%D0%B0%D1%8F%20%D0%BF%D0%BE%D1%81%D1%83%D0%B4%D0%B0/%D0%A1%D1%82%D0%B0%D0%BA%D0%B0%D0%BD%D1%8B","/catalog/%D0%9E%D0%B4%D0%BD%D0%BE%D1%80%D0%B0%D0%B7%D0%BE%D0%B2%D0%B0%D1%8F%20%D0%BF%D0%BE%D1%81%D1%83%D0%B4%D0%B0/%D0%A1%D1%82%D0%B0%D0%BA%D0%B0%D0%BD%D1%8B","200","subcategory","HIGH","Старый URL уже перенаправлял на /magazin/product/stakan-bumazhnyj-pod-kofe-belyj-300-430ml-50sht-upak и наследует доказанное решение этой сущности","301"
"https://cloverspb.ru/magazin/product/kryshka-ploskaya-k-pet-stakanu-d95mm-s-krest-otverstiem-50sht-upak/prev","/magazin/product/kryshka-ploskaya-k-pet-stakanu-d95mm-s-krest-otverstiem-50sht-upak/prev","301","alias","","","https://clover-spb.ru/catalog/%D0%9E%D0%B4%D0%BD%D0%BE%D1%80%D0%B0%D0%B7%D0%BE%D0%B2%D0%B0%D1%8F%20%D0%BF%D0%BE%D1%81%D1%83%D0%B4%D0%B0","/catalog/%D0%9E%D0%B4%D0%BD%D0%BE%D1%80%D0%B0%D0%B7%D0%BE%D0%B2%D0%B0%D1%8F%20%D0%BF%D0%BE%D1%81%D1%83%D0%B4%D0%B0","200","category","HIGH","Старый URL уже перенаправлял на /magazin/product/kryshka-belaya-plastikovaya-s-otverstiem-dlya-kofejnogo-stakanchika-90mm-100sht-upak и наследует доказанное решение этой сущности","301"
"https://cloverspb.ru/magazin/product/kryshka-ploskaya-k-pet-stakanu-d95mm-s-krest-otverstiem-50sht-upak/next","/magazin/product/kryshka-ploskaya-k-pet-stakanu-d95mm-s-krest-otverstiem-50sht-upak/next","301","alias","","","https://clover-spb.ru/catalog/%D0%9E%D0%B4%D0%BD%D0%BE%D1%80%D0%B0%D0%B7%D0%BE%D0%B2%D0%B0%D1%8F%20%D0%BF%D0%BE%D1%81%D1%83%D0%B4%D0%B0/%D0%A1%D1%82%D0%B0%D0%BA%D0%B0%D0%BD%D1%8B","/catalog/%D0%9E%D0%B4%D0%BD%D0%BE%D1%80%D0%B0%D0%B7%D0%BE%D0%B2%D0%B0%D1%8F%20%D0%BF%D0%BE%D1%81%D1%83%D0%B4%D0%B0/%D0%A1%D1%82%D0%B0%D0%BA%D0%B0%D0%BD%D1%8B","200","subcategory","HIGH","Старый URL уже перенаправлял на /magazin/product/stakan-pivnoj-plastikovyj-500ml и наследует доказанное решение этой сущности","301"
"https://cloverspb.ru/magazin/product/stakan-plastikovyj-100ml-100sht-upak/prev","/magazin/product/stakan-plastikovyj-100ml-100sht-upak/prev","301","alias","","","https://clover-spb.ru/catalog/%D0%9E%D0%B4%D0%BD%D0%BE%D1%80%D0%B0%D0%B7%D0%BE%D0%B2%D0%B0%D1%8F%20%D0%BF%D0%BE%D1%81%D1%83%D0%B4%D0%B0/%D0%A1%D1%82%D0%B0%D0%BA%D0%B0%D0%BD%D1%8B","/catalog/%D0%9E%D0%B4%D0%BD%D0%BE%D1%80%D0%B0%D0%B7%D0%BE%D0%B2%D0%B0%D1%8F%20%D0%BF%D0%BE%D1%81%D1%83%D0%B4%D0%B0/%D0%A1%D1%82%D0%B0%D0%BA%D0%B0%D0%BD%D1%8B","200","subcategory","HIGH","Старый URL уже перенаправлял на /magazin/product/stakan-pet-prozrachnyj-500ml-50sht-upak и наследует доказанное решение этой сущности","301"
"https://cloverspb.ru/magazin/product/stakan-plastikovyj-100ml-100sht-upak/next","/magazin/product/stakan-plastikovyj-100ml-100sht-upak/next","301","alias","","","https://clover-spb.ru/catalog/%D0%9E%D0%B4%D0%BD%D0%BE%D1%80%D0%B0%D0%B7%D0%BE%D0%B2%D0%B0%D1%8F%20%D0%BF%D0%BE%D1%81%D1%83%D0%B4%D0%B0","/catalog/%D0%9E%D0%B4%D0%BD%D0%BE%D1%80%D0%B0%D0%B7%D0%BE%D0%B2%D0%B0%D1%8F%20%D0%BF%D0%BE%D1%81%D1%83%D0%B4%D0%B0","200","category","HIGH","Старый URL уже перенаправлял на /magazin/product/stakan-plastikovyj-prozrachnyj-200ml-100sht-upak и наследует доказанное решение этой сущности","301"
"https://cloverspb.ru/magazin/product/stakan-plastikovyj-prozrachnyj-200ml-100sht-upak/prev","/magazin/product/stakan-plastikovyj-prozrachnyj-200ml-100sht-upak/prev","301","alias","","","https://clover-spb.ru/catalog/%D0%9E%D0%B4%D0%BD%D0%BE%D1%80%D0%B0%D0%B7%D0%BE%D0%B2%D0%B0%D1%8F%20%D0%BF%D0%BE%D1%81%D1%83%D0%B4%D0%B0","/catalog/%D0%9E%D0%B4%D0%BD%D0%BE%D1%80%D0%B0%D0%B7%D0%BE%D0%B2%D0%B0%D1%8F%20%D0%BF%D0%BE%D1%81%D1%83%D0%B4%D0%B0","200","category","HIGH","Старый URL уже перенаправлял на /magazin/product/stakan-plastikovyj-100ml-100sht-upak и наследует доказанное решение этой сущности","301"
"https://cloverspb.ru/magazin/product/stakan-plastikovyj-prozrachnyj-200ml-100sht-upak/next","/magazin/product/stakan-plastikovyj-prozrachnyj-200ml-100sht-upak/next","301","alias","","","https://clover-spb.ru/catalog/%D0%9E%D0%B4%D0%BD%D0%BE%D1%80%D0%B0%D0%B7%D0%BE%D0%B2%D0%B0%D1%8F%20%D0%BF%D0%BE%D1%81%D1%83%D0%B4%D0%B0","/catalog/%D0%9E%D0%B4%D0%BD%D0%BE%D1%80%D0%B0%D0%B7%D0%BE%D0%B2%D0%B0%D1%8F%20%D0%BF%D0%BE%D1%81%D1%83%D0%B4%D0%B0","200","category","HIGH","Старый URL уже перенаправлял на /magazin/product/kryshka-belaya-plastikovaya-s-otverstiem-dlya-kofejnogo-stakanchika-80mm-100sht-upak и наследует доказанное решение этой сущности","301"
"https://cloverspb.ru/magazin/product/stakan-plastikovyj-330ml-100sht-upak/prev","/magazin/product/stakan-plastikovyj-330ml-100sht-upak/prev","301","alias","","","https://clover-spb.ru/product/%D0%9D%D0%A4-00001189","/product/%D0%9D%D0%A4-00001189","200","product","EXACT","Старый URL уже перенаправлял на /magazin/product/stakan-bumazhnyj-180-ml и наследует доказанное решение этой сущности","301"
"https://cloverspb.ru/magazin/product/stakan-plastikovyj-330ml-100sht-upak/next","/magazin/product/stakan-plastikovyj-330ml-100sht-upak/next","301","alias","","","https://clover-spb.ru/catalog/%D0%9E%D0%B4%D0%BD%D0%BE%D1%80%D0%B0%D0%B7%D0%BE%D0%B2%D0%B0%D1%8F%20%D0%BF%D0%BE%D1%81%D1%83%D0%B4%D0%B0/%D0%A1%D1%82%D0%B0%D0%BA%D0%B0%D0%BD%D1%8B","/catalog/%D0%9E%D0%B4%D0%BD%D0%BE%D1%80%D0%B0%D0%B7%D0%BE%D0%B2%D0%B0%D1%8F%20%D0%BF%D0%BE%D1%81%D1%83%D0%B4%D0%B0/%D0%A1%D1%82%D0%B0%D0%BA%D0%B0%D0%BD%D1%8B","200","subcategory","HIGH","Старый URL уже перенаправлял на /magazin/product/stakan-bumazhnyj-pod-kofe-belyj-250-280ml-50sht-upak и наследует доказанное решение этой сущности","301"
"https://cloverspb.ru/magazin/product/stakan-pivnoj-plastikovyj-500ml/prev","/magazin/product/stakan-pivnoj-plastikovyj-500ml/prev","301","alias","","","https://clover-spb.ru/catalog/%D0%9E%D0%B4%D0%BD%D0%BE%D1%80%D0%B0%D0%B7%D0%BE%D0%B2%D0%B0%D1%8F%20%D0%BF%D0%BE%D1%81%D1%83%D0%B4%D0%B0/%D0%A1%D1%82%D0%B0%D0%BA%D0%B0%D0%BD%D1%8B","/catalog/%D0%9E%D0%B4%D0%BD%D0%BE%D1%80%D0%B0%D0%B7%D0%BE%D0%B2%D0%B0%D1%8F%20%D0%BF%D0%BE%D1%81%D1%83%D0%B4%D0%B0/%D0%A1%D1%82%D0%B0%D0%BA%D0%B0%D0%BD%D1%8B","200","subcategory","HIGH","Старый URL уже перенаправлял на /magazin/product/kryshka-ploskaya-k-pet-stakanu-d95mm-s-krest-otverstiem-50sht-upak и наследует доказанное решение этой сущности","301"
"https://cloverspb.ru/magazin/product/stakan-pivnoj-plastikovyj-500ml/next","/magazin/product/stakan-pivnoj-plastikovyj-500ml/next","301","alias","","","https://clover-spb.ru/product/%D0%9D%D0%A4-00001189","/product/%D0%9D%D0%A4-00001189","200","product","EXACT","Старый URL уже перенаправлял на /magazin/product/stakan-bumazhnyj-180-ml и наследует доказанное решение этой сущности","301"
"https://cloverspb.ru/magazin/product/lotok-279-223-35-5-sekcij-chernyj-110-110-0055_00200/prev","/magazin/product/lotok-279-223-35-5-sekcij-chernyj-110-110-0055_00200/prev","301","alias","","","https://clover-spb.ru/catalog/%D0%9E%D0%B4%D0%BD%D0%BE%D1%80%D0%B0%D0%B7%D0%BE%D0%B2%D0%B0%D1%8F%20%D0%BF%D0%BE%D1%81%D1%83%D0%B4%D0%B0/%D0%92%D0%B5%D0%B4%D1%80%D0%B0","/catalog/%D0%9E%D0%B4%D0%BD%D0%BE%D1%80%D0%B0%D0%B7%D0%BE%D0%B2%D0%B0%D1%8F%20%D0%BF%D0%BE%D1%81%D1%83%D0%B4%D0%B0/%D0%92%D0%B5%D0%B4%D1%80%D0%B0","200","subcategory","HIGH","Старый URL уже перенаправлял на /magazin/product/vedro-800-ml-s-kryshkoj и наследует доказанное решение этой сущности","301"
"https://cloverspb.ru/magazin/product/lotok-279-223-35-5-sekcij-chernyj-110-110-0055_00200/next","/magazin/product/lotok-279-223-35-5-sekcij-chernyj-110-110-0055_00200/next","301","alias","","","https://clover-spb.ru/catalog/%D0%9E%D0%B4%D0%BD%D0%BE%D1%80%D0%B0%D0%B7%D0%BE%D0%B2%D0%B0%D1%8F%20%D0%BF%D0%BE%D1%81%D1%83%D0%B4%D0%B0/%D0%9B%D0%BE%D1%82%D0%BA%D0%B8","/catalog/%D0%9E%D0%B4%D0%BD%D0%BE%D1%80%D0%B0%D0%B7%D0%BE%D0%B2%D0%B0%D1%8F%20%D0%BF%D0%BE%D1%81%D1%83%D0%B4%D0%B0/%D0%9B%D0%BE%D1%82%D0%BA%D0%B8","200","subcategory","HIGH","Старый URL уже перенаправлял на /magazin/product/lotok-kryshka-280-225-25mm-pet-110-110-0055_00201 и наследует доказанное решение этой сущности","301"
"https://cloverspb.ru/magazin/product/lotok-kryshka-280-225-25mm-pet-110-110-0055_00201/prev","/magazin/product/lotok-kryshka-280-225-25mm-pet-110-110-0055_00201/prev","301","alias","","","https://clover-spb.ru/catalog/%D0%9E%D0%B4%D0%BD%D0%BE%D1%80%D0%B0%D0%B7%D0%BE%D0%B2%D0%B0%D1%8F%20%D0%BF%D0%BE%D1%81%D1%83%D0%B4%D0%B0/%D0%9B%D0%BE%D1%82%D0%BA%D0%B8","/catalog/%D0%9E%D0%B4%D0%BD%D0%BE%D1%80%D0%B0%D0%B7%D0%BE%D0%B2%D0%B0%D1%8F%20%D0%BF%D0%BE%D1%81%D1%83%D0%B4%D0%B0/%D0%9B%D0%BE%D1%82%D0%BA%D0%B8","200","subcategory","HIGH","Старый URL уже перенаправлял на /magazin/product/lotok-279-223-35-5-sekcij-chernyj-110-110-0055_00200 и наследует доказанное решение этой сущности","301"
"https://cloverspb.ru/magazin/product/lotok-kryshka-280-225-25mm-pet-110-110-0055_00201/next","/magazin/product/lotok-kryshka-280-225-25mm-pet-110-110-0055_00201/next","301","alias","","","https://clover-spb.ru/catalog/%D0%9E%D0%B4%D0%BD%D0%BE%D1%80%D0%B0%D0%B7%D0%BE%D0%B2%D0%B0%D1%8F%20%D0%BF%D0%BE%D1%81%D1%83%D0%B4%D0%B0/%D0%92%D0%B5%D0%B4%D1%80%D0%B0","/catalog/%D0%9E%D0%B4%D0%BD%D0%BE%D1%80%D0%B0%D0%B7%D0%BE%D0%B2%D0%B0%D1%8F%20%D0%BF%D0%BE%D1%81%D1%83%D0%B4%D0%B0/%D0%92%D0%B5%D0%B4%D1%80%D0%B0","200","subcategory","HIGH","Старый URL уже перенаправлял на /magazin/product/vedro-1000-ml-s-kryshkoj и наследует доказанное решение этой сущности","301"
"https://cloverspb.ru/magazin/product/lanch-boks-spk-257-3-257h202h37mm-chernyj/prev","/magazin/product/lanch-boks-spk-257-3-257h202h37mm-chernyj/prev","301","alias","","","https://clover-spb.ru/catalog/%D0%9E%D0%B4%D0%BD%D0%BE%D1%80%D0%B0%D0%B7%D0%BE%D0%B2%D0%B0%D1%8F%20%D0%BF%D0%BE%D1%81%D1%83%D0%B4%D0%B0/%D0%9A%D0%BE%D0%BD%D1%82%D0%B5%D0%B9%D0%BD%D0%B5%D1%80%D1%8B","/catalog/%D0%9E%D0%B4%D0%BD%D0%BE%D1%80%D0%B0%D0%B7%D0%BE%D0%B2%D0%B0%D1%8F%20%D0%BF%D0%BE%D1%81%D1%83%D0%B4%D0%B0/%D0%9A%D0%BE%D0%BD%D1%82%D0%B5%D0%B9%D0%BD%D0%B5%D1%80%D1%8B","200","subcategory","HIGH","Старый URL уже перенаправлял на /magazin/product/kontejner-spk-190d-750ml-kruglyj-chernyj-pet и наследует доказанное решение этой сущности","301"
"https://cloverspb.ru/magazin/product/lanch-boks-spk-257-3-257h202h37mm-chernyj/next","/magazin/product/lanch-boks-spk-257-3-257h202h37mm-chernyj/next","301","alias","","","https://clover-spb.ru/catalog/%D0%9E%D0%B4%D0%BD%D0%BE%D1%80%D0%B0%D0%B7%D0%BE%D0%B2%D0%B0%D1%8F%20%D0%BF%D0%BE%D1%81%D1%83%D0%B4%D0%B0/%D0%9B%D0%B0%D0%BD%D1%87-%D0%B1%D0%BE%D0%BA%D1%81%D1%8B","/catalog/%D0%9E%D0%B4%D0%BD%D0%BE%D1%80%D0%B0%D0%B7%D0%BE%D0%B2%D0%B0%D1%8F%20%D0%BF%D0%BE%D1%81%D1%83%D0%B4%D0%B0/%D0%9B%D0%B0%D0%BD%D1%87-%D0%B1%D0%BE%D0%BA%D1%81%D1%8B","200","subcategory","HIGH","Старый URL уже перенаправлял на /magazin/product/kryshka-spk-257k-3-257h202h35mm и наследует доказанное решение этой сущности","301"
"https://cloverspb.ru/magazin/product/kryshka-spk-257k-3-257h202h35mm/prev","/magazin/product/kryshka-spk-257k-3-257h202h35mm/prev","301","alias","","","https://clover-spb.ru/catalog/%D0%9E%D0%B4%D0%BD%D0%BE%D1%80%D0%B0%D0%B7%D0%BE%D0%B2%D0%B0%D1%8F%20%D0%BF%D0%BE%D1%81%D1%83%D0%B4%D0%B0/%D0%9B%D0%B0%D0%BD%D1%87-%D0%B1%D0%BE%D0%BA%D1%81%D1%8B","/catalog/%D0%9E%D0%B4%D0%BD%D0%BE%D1%80%D0%B0%D0%B7%D0%BE%D0%B2%D0%B0%D1%8F%20%D0%BF%D0%BE%D1%81%D1%83%D0%B4%D0%B0/%D0%9B%D0%B0%D0%BD%D1%87-%D0%B1%D0%BE%D0%BA%D1%81%D1%8B","200","subcategory","HIGH","Старый URL уже перенаправлял на /magazin/product/lanch-boks-spk-257-3-257h202h37mm-chernyj и наследует доказанное решение этой сущности","301"
"https://cloverspb.ru/magazin/product/kryshka-spk-257k-3-257h202h35mm/next","/magazin/product/kryshka-spk-257k-3-257h202h35mm/next","301","alias","","","https://clover-spb.ru/catalog/%D0%9E%D0%B4%D0%BD%D0%BE%D1%80%D0%B0%D0%B7%D0%BE%D0%B2%D0%B0%D1%8F%20%D0%BF%D0%BE%D1%81%D1%83%D0%B4%D0%B0/%D0%92%D0%B5%D0%B4%D1%80%D0%B0","/catalog/%D0%9E%D0%B4%D0%BD%D0%BE%D1%80%D0%B0%D0%B7%D0%BE%D0%B2%D0%B0%D1%8F%20%D0%BF%D0%BE%D1%81%D1%83%D0%B4%D0%B0/%D0%92%D0%B5%D0%B4%D1%80%D0%B0","200","subcategory","HIGH","Старый URL уже перенаправлял на /magazin/product/vedro-800-ml-s-kryshkoj и наследует доказанное решение этой сущности","301"
"https://cloverspb.ru/magazin/product/kontejner-pr-ms-350ml-kruglyj-chernyj-pp/prev","/magazin/product/kontejner-pr-ms-350ml-kruglyj-chernyj-pp/prev","301","alias","","","https://clover-spb.ru/catalog/%D0%9E%D0%B4%D0%BD%D0%BE%D1%80%D0%B0%D0%B7%D0%BE%D0%B2%D0%B0%D1%8F%20%D0%BF%D0%BE%D1%81%D1%83%D0%B4%D0%B0/%D0%9A%D0%BE%D0%BD%D1%82%D0%B5%D0%B9%D0%BD%D0%B5%D1%80%D1%8B","/catalog/%D0%9E%D0%B4%D0%BD%D0%BE%D1%80%D0%B0%D0%B7%D0%BE%D0%B2%D0%B0%D1%8F%20%D0%BF%D0%BE%D1%81%D1%83%D0%B4%D0%B0/%D0%9A%D0%BE%D0%BD%D1%82%D0%B5%D0%B9%D0%BD%D0%B5%D1%80%D1%8B","200","subcategory","HIGH","Старый URL уже перенаправлял на /magazin/product/kontejner-pr-ms-500ml-kruglyj-chernyj-pp и наследует доказанное решение этой сущности","301"
"https://cloverspb.ru/magazin/product/kontejner-pr-ms-350ml-kruglyj-chernyj-pp/next","/magazin/product/kontejner-pr-ms-350ml-kruglyj-chernyj-pp/next","301","alias","","","https://clover-spb.ru/product/%D0%9D%D0%A4-00000022","/product/%D0%9D%D0%A4-00000022","200","product","EXACT","Старый URL уже перенаправлял на /magazin/product/kontejner-pryam-1000ml-179-132-prozr-pp-polier и наследует доказанное решение этой сущности","301"
"https://cloverspb.ru/magazin/product/kontejner-pr-ms-500ml-kruglyj-chernyj-pp/prev","/magazin/product/kontejner-pr-ms-500ml-kruglyj-chernyj-pp/prev","301","alias","","","https://clover-spb.ru/product/%D0%9D%D0%A4-00000021","/product/%D0%9D%D0%A4-00000021","200","product","EXACT","Старый URL уже перенаправлял на /magazin/product/kontejner-pryamoug-750ml-179-130-52mm-prozr-pp-polier-500-500 и наследует доказанное решение этой сущности","301"
"https://cloverspb.ru/magazin/product/kontejner-pr-ms-500ml-kruglyj-chernyj-pp/next","/magazin/product/kontejner-pr-ms-500ml-kruglyj-chernyj-pp/next","301","alias","","","https://clover-spb.ru/catalog/%D0%9E%D0%B4%D0%BD%D0%BE%D1%80%D0%B0%D0%B7%D0%BE%D0%B2%D0%B0%D1%8F%20%D0%BF%D0%BE%D1%81%D1%83%D0%B4%D0%B0/%D0%9A%D0%BE%D0%BD%D1%82%D0%B5%D0%B9%D0%BD%D0%B5%D1%80%D1%8B","/catalog/%D0%9E%D0%B4%D0%BD%D0%BE%D1%80%D0%B0%D0%B7%D0%BE%D0%B2%D0%B0%D1%8F%20%D0%BF%D0%BE%D1%81%D1%83%D0%B4%D0%B0/%D0%9A%D0%BE%D0%BD%D1%82%D0%B5%D0%B9%D0%BD%D0%B5%D1%80%D1%8B","200","subcategory","HIGH","Старый URL уже перенаправлял на /magazin/product/kontejner-pr-ms-350ml-kruglyj-chernyj-pp и наследует доказанное решение этой сущности","301"
"https://cloverspb.ru/magazin/product/kontejner-500ml-d112-kruglyj-prochnyj-prozrachnyj-perint/prev","/magazin/product/kontejner-500ml-d112-kruglyj-prochnyj-prozrachnyj-perint/prev","301","alias","","","https://clover-spb.ru/product/%D0%9D%D0%A4-00000020","/product/%D0%9D%D0%A4-00000020","200","product","EXACT","Старый URL уже перенаправлял на /magazin/product/kontejner-pryamoug-500ml-179-130-35mm-prozr-pp-polier-500-500 и наследует доказанное решение этой сущности","301"
"https://cloverspb.ru/magazin/product/kontejner-500ml-d112-kruglyj-prochnyj-prozrachnyj-perint/next","/magazin/product/kontejner-500ml-d112-kruglyj-prochnyj-prozrachnyj-perint/next","301","alias","","","https://clover-spb.ru/product/%D0%9D%D0%A4-00000725","/product/%D0%9D%D0%A4-00000725","200","product","EXACT","Старый URL уже перенаправлял на /magazin/product/kontejner-prozr-kruglyj-360ml-rr-bk-50-500-bez-kryshki и наследует доказанное решение этой сущности","301"
"https://cloverspb.ru/magazin/product/kontejner-500ml-d112-kruglyj-prozrachnyj-pp-60sht-s-kryshkoj/prev","/magazin/product/kontejner-500ml-d112-kruglyj-prozrachnyj-pp-60sht-s-kryshkoj/prev","301","alias","","","https://clover-spb.ru/product/%D0%9D%D0%A4-00000313","/product/%D0%9D%D0%A4-00000313","200","product","EXACT","Старый URL уже перенаправлял на /magazin/product/kontejner-pryamoug-1500ml-179-130-98-mm-prozr-pp-polier-500-500 и наследует доказанное решение этой сущности","301"
"https://cloverspb.ru/magazin/product/kontejner-500ml-d112-kruglyj-prozrachnyj-pp-60sht-s-kryshkoj/next","/magazin/product/kontejner-500ml-d112-kruglyj-prozrachnyj-pp-60sht-s-kryshkoj/next","301","alias","","","https://clover-spb.ru/product/%D0%9D%D0%A4-00000390","/product/%D0%9D%D0%A4-00000390","200","product","EXACT","Старый URL уже перенаправлял на /magazin/product/kontejner-pryamoug-2000ml-179-130-123mm-prozr-pp-polier-500-500 и наследует доказанное решение этой сущности","301"
"https://cloverspb.ru/magazin/product/kryshka-k-kont-pr-ms-350-500ml-prozrachnaya-pp/prev","/magazin/product/kryshka-k-kont-pr-ms-350-500ml-prozrachnaya-pp/prev","301","alias","","","https://clover-spb.ru/catalog/%D0%9E%D0%B4%D0%BD%D0%BE%D1%80%D0%B0%D0%B7%D0%BE%D0%B2%D0%B0%D1%8F%20%D0%BF%D0%BE%D1%81%D1%83%D0%B4%D0%B0/%D0%9A%D0%BE%D0%BD%D1%82%D0%B5%D0%B9%D0%BD%D0%B5%D1%80%D1%8B","/catalog/%D0%9E%D0%B4%D0%BD%D0%BE%D1%80%D0%B0%D0%B7%D0%BE%D0%B2%D0%B0%D1%8F%20%D0%BF%D0%BE%D1%81%D1%83%D0%B4%D0%B0/%D0%9A%D0%BE%D0%BD%D1%82%D0%B5%D0%B9%D0%BD%D0%B5%D1%80%D1%8B","200","subcategory","HIGH","Старый URL уже перенаправлял на /magazin/product/kontejner-pryamoug-750ml-139-102-86mm-prozr-pp-polier-500-500 и наследует доказанное решение этой сущности","301"
"https://cloverspb.ru/magazin/product/kryshka-k-kont-pr-ms-350-500ml-prozrachnaya-pp/next","/magazin/product/kryshka-k-kont-pr-ms-350-500ml-prozrachnaya-pp/next","301","alias","","","https://clover-spb.ru/catalog/%D0%9E%D0%B4%D0%BD%D0%BE%D1%80%D0%B0%D0%B7%D0%BE%D0%B2%D0%B0%D1%8F%20%D0%BF%D0%BE%D1%81%D1%83%D0%B4%D0%B0/%D0%9A%D0%BE%D0%BD%D1%82%D0%B5%D0%B9%D0%BD%D0%B5%D1%80%D1%8B","/catalog/%D0%9E%D0%B4%D0%BD%D0%BE%D1%80%D0%B0%D0%B7%D0%BE%D0%B2%D0%B0%D1%8F%20%D0%BF%D0%BE%D1%81%D1%83%D0%B4%D0%B0/%D0%9A%D0%BE%D0%BD%D1%82%D0%B5%D0%B9%D0%BD%D0%B5%D1%80%D1%8B","200","subcategory","HIGH","Старый URL уже перенаправлял на /magazin/product/kontejner-pryamoug-500ml-179-130-52mm-chernyj-pp-polier-500-500 и наследует доказанное решение этой сущности","301"
"https://cloverspb.ru/magazin/product/kryshka-k-kont-360-500-600ml-d112-200sht-up-perint/prev","/magazin/product/kryshka-k-kont-360-500-600ml-d112-200sht-up-perint/prev","301","alias","","","https://clover-spb.ru/catalog/%D0%9E%D0%B4%D0%BD%D0%BE%D1%80%D0%B0%D0%B7%D0%BE%D0%B2%D0%B0%D1%8F%20%D0%BF%D0%BE%D1%81%D1%83%D0%B4%D0%B0/%D0%9A%D0%BE%D0%BD%D1%82%D0%B5%D0%B9%D0%BD%D0%B5%D1%80%D1%8B","/catalog/%D0%9E%D0%B4%D0%BD%D0%BE%D1%80%D0%B0%D0%B7%D0%BE%D0%B2%D0%B0%D1%8F%20%D0%BF%D0%BE%D1%81%D1%83%D0%B4%D0%B0/%D0%9A%D0%BE%D0%BD%D1%82%D0%B5%D0%B9%D0%BD%D0%B5%D1%80%D1%8B","200","subcategory","HIGH","Старый URL уже перенаправлял на /magazin/product/kontejner-pryamoug-500ml-prozr-139-102-56-bez-kryshki-pp-polier-50-500 и наследует доказанное решение этой сущности","301"
"https://cloverspb.ru/magazin/product/kryshka-k-kont-360-500-600ml-d112-200sht-up-perint/next","/magazin/product/kryshka-k-kont-360-500-600ml-d112-200sht-up-perint/next","301","alias","","","https://clover-spb.ru/catalog/%D0%9E%D0%B4%D0%BD%D0%BE%D1%80%D0%B0%D0%B7%D0%BE%D0%B2%D0%B0%D1%8F%20%D0%BF%D0%BE%D1%81%D1%83%D0%B4%D0%B0/%D0%9A%D0%BE%D0%BD%D1%82%D0%B5%D0%B9%D0%BD%D0%B5%D1%80%D1%8B","/catalog/%D0%9E%D0%B4%D0%BD%D0%BE%D1%80%D0%B0%D0%B7%D0%BE%D0%B2%D0%B0%D1%8F%20%D0%BF%D0%BE%D1%81%D1%83%D0%B4%D0%B0/%D0%9A%D0%BE%D0%BD%D1%82%D0%B5%D0%B9%D0%BD%D0%B5%D1%80%D1%8B","200","subcategory","HIGH","Старый URL уже перенаправлял на /magazin/product/kontejner-pryamoug-750ml-139-102-86mm-prozr-pp-polier-500-500 и наследует доказанное решение этой сущности","301"
"https://cloverspb.ru/magazin/product/kontejner-spk-190d-750ml-kruglyj-chernyj-pet/prev","/magazin/product/kontejner-spk-190d-750ml-kruglyj-chernyj-pet/prev","301","alias","","","https://clover-spb.ru/catalog/%D0%9E%D0%B4%D0%BD%D0%BE%D1%80%D0%B0%D0%B7%D0%BE%D0%B2%D0%B0%D1%8F%20%D0%BF%D0%BE%D1%81%D1%83%D0%B4%D0%B0/%D0%9A%D0%BE%D0%BD%D1%82%D0%B5%D0%B9%D0%BD%D0%B5%D1%80%D1%8B","/catalog/%D0%9E%D0%B4%D0%BD%D0%BE%D1%80%D0%B0%D0%B7%D0%BE%D0%B2%D0%B0%D1%8F%20%D0%BF%D0%BE%D1%81%D1%83%D0%B4%D0%B0/%D0%9A%D0%BE%D0%BD%D1%82%D0%B5%D0%B9%D0%BD%D0%B5%D1%80%D1%8B","200","subcategory","HIGH","Старый URL уже перенаправлял на /magazin/product/kryshka-k-kont-spk-190k-750ml-kruglaya-prozrachnaya-pet и наследует доказанное решение этой сущности","301"
"https://cloverspb.ru/magazin/product/kontejner-spk-190d-750ml-kruglyj-chernyj-pet/next","/magazin/product/kontejner-spk-190d-750ml-kruglyj-chernyj-pet/next","301","alias","","","https://clover-spb.ru/catalog/%D0%9E%D0%B4%D0%BD%D0%BE%D1%80%D0%B0%D0%B7%D0%BE%D0%B2%D0%B0%D1%8F%20%D0%BF%D0%BE%D1%81%D1%83%D0%B4%D0%B0/%D0%9B%D0%B0%D0%BD%D1%87-%D0%B1%D0%BE%D0%BA%D1%81%D1%8B","/catalog/%D0%9E%D0%B4%D0%BD%D0%BE%D1%80%D0%B0%D0%B7%D0%BE%D0%B2%D0%B0%D1%8F%20%D0%BF%D0%BE%D1%81%D1%83%D0%B4%D0%B0/%D0%9B%D0%B0%D0%BD%D1%87-%D0%B1%D0%BE%D0%BA%D1%81%D1%8B","200","subcategory","HIGH","Старый URL уже перенаправлял на /magazin/product/lanch-boks-spk-257-3-257h202h37mm-chernyj и наследует доказанное решение этой сущности","301"
"https://cloverspb.ru/magazin/product/kryshka-k-kont-spk-190k-750ml-kruglaya-prozrachnaya-pet/prev","/magazin/product/kryshka-k-kont-spk-190k-750ml-kruglaya-prozrachnaya-pet/prev","301","alias","","","https://clover-spb.ru/product/%D0%9D%D0%A4-00000390","/product/%D0%9D%D0%A4-00000390","200","product","EXACT","Старый URL уже перенаправлял на /magazin/product/kontejner-pryamoug-2000ml-179-130-123mm-prozr-pp-polier-500-500 и наследует доказанное решение этой сущности","301"
"https://cloverspb.ru/magazin/product/kryshka-k-kont-spk-190k-750ml-kruglaya-prozrachnaya-pet/next","/magazin/product/kryshka-k-kont-spk-190k-750ml-kruglaya-prozrachnaya-pet/next","301","alias","","","https://clover-spb.ru/catalog/%D0%9E%D0%B4%D0%BD%D0%BE%D1%80%D0%B0%D0%B7%D0%BE%D0%B2%D0%B0%D1%8F%20%D0%BF%D0%BE%D1%81%D1%83%D0%B4%D0%B0/%D0%9A%D0%BE%D0%BD%D1%82%D0%B5%D0%B9%D0%BD%D0%B5%D1%80%D1%8B","/catalog/%D0%9E%D0%B4%D0%BD%D0%BE%D1%80%D0%B0%D0%B7%D0%BE%D0%B2%D0%B0%D1%8F%20%D0%BF%D0%BE%D1%81%D1%83%D0%B4%D0%B0/%D0%9A%D0%BE%D0%BD%D1%82%D0%B5%D0%B9%D0%BD%D0%B5%D1%80%D1%8B","200","subcategory","HIGH","Старый URL уже перенаправлял на /magazin/product/kontejner-spk-190d-750ml-kruglyj-chernyj-pet и наследует доказанное решение этой сущности","301"
"https://cloverspb.ru/magazin/product/lanch-boks-pps-1-sekc-chernyj-100/prev","/magazin/product/lanch-boks-pps-1-sekc-chernyj-100/prev","301","alias","","","https://clover-spb.ru/catalog/%D0%9E%D0%B4%D0%BD%D0%BE%D1%80%D0%B0%D0%B7%D0%BE%D0%B2%D0%B0%D1%8F%20%D0%BF%D0%BE%D1%81%D1%83%D0%B4%D0%B0/%D0%9B%D0%B0%D0%BD%D1%87-%D0%B1%D0%BE%D0%BA%D1%81%D1%8B","/catalog/%D0%9E%D0%B4%D0%BD%D0%BE%D1%80%D0%B0%D0%B7%D0%BE%D0%B2%D0%B0%D1%8F%20%D0%BF%D0%BE%D1%81%D1%83%D0%B4%D0%B0/%D0%9B%D0%B0%D0%BD%D1%87-%D0%B1%D0%BE%D0%BA%D1%81%D1%8B","200","subcategory","HIGH","Старый URL уже перенаправлял на /magazin/product/lanch-boks-pps-3-sekc-chernyj-100 и наследует доказанное решение этой сущности","301"
"https://cloverspb.ru/magazin/product/lanch-boks-pps-1-sekc-chernyj-100/next","/magazin/product/lanch-boks-pps-1-sekc-chernyj-100/next","301","alias","","","https://clover-spb.ru/catalog/%D0%9E%D0%B4%D0%BD%D0%BE%D1%80%D0%B0%D0%B7%D0%BE%D0%B2%D0%B0%D1%8F%20%D0%BF%D0%BE%D1%81%D1%83%D0%B4%D0%B0/%D0%9B%D0%B0%D0%BD%D1%87-%D0%B1%D0%BE%D0%BA%D1%81%D1%8B","/catalog/%D0%9E%D0%B4%D0%BD%D0%BE%D1%80%D0%B0%D0%B7%D0%BE%D0%B2%D0%B0%D1%8F%20%D0%BF%D0%BE%D1%81%D1%83%D0%B4%D0%B0/%D0%9B%D0%B0%D0%BD%D1%87-%D0%B1%D0%BE%D0%BA%D1%81%D1%8B","200","subcategory","HIGH","Старый URL уже перенаправлял на /magazin/product/lanch-boks-pps-2-sekc-chernyj-100 и наследует доказанное решение этой сущности","301"
"https://cloverspb.ru/magazin/product/lanch-boks-pps-2-sekc-chernyj-100/prev","/magazin/product/lanch-boks-pps-2-sekc-chernyj-100/prev","301","alias","","","https://clover-spb.ru/catalog/%D0%9E%D0%B4%D0%BD%D0%BE%D1%80%D0%B0%D0%B7%D0%BE%D0%B2%D0%B0%D1%8F%20%D0%BF%D0%BE%D1%81%D1%83%D0%B4%D0%B0/%D0%9B%D0%B0%D0%BD%D1%87-%D0%B1%D0%BE%D0%BA%D1%81%D1%8B","/catalog/%D0%9E%D0%B4%D0%BD%D0%BE%D1%80%D0%B0%D0%B7%D0%BE%D0%B2%D0%B0%D1%8F%20%D0%BF%D0%BE%D1%81%D1%83%D0%B4%D0%B0/%D0%9B%D0%B0%D0%BD%D1%87-%D0%B1%D0%BE%D0%BA%D1%81%D1%8B","200","subcategory","HIGH","Старый URL уже перенаправлял на /magazin/product/lanch-boks-pps-1-sekc-chernyj-100 и наследует доказанное решение этой сущности","301"
"https://cloverspb.ru/magazin/product/lanch-boks-pps-2-sekc-chernyj-100/next","/magazin/product/lanch-boks-pps-2-sekc-chernyj-100/next","301","alias","","","https://clover-spb.ru/catalog/%D0%9E%D0%B4%D0%BD%D0%BE%D1%80%D0%B0%D0%B7%D0%BE%D0%B2%D0%B0%D1%8F%20%D0%BF%D0%BE%D1%81%D1%83%D0%B4%D0%B0/%D0%9B%D0%B0%D0%BD%D1%87-%D0%B1%D0%BE%D0%BA%D1%81%D1%8B","/catalog/%D0%9E%D0%B4%D0%BD%D0%BE%D1%80%D0%B0%D0%B7%D0%BE%D0%B2%D0%B0%D1%8F%20%D0%BF%D0%BE%D1%81%D1%83%D0%B4%D0%B0/%D0%9B%D0%B0%D0%BD%D1%87-%D0%B1%D0%BE%D0%BA%D1%81%D1%8B","200","subcategory","HIGH","Старый URL уже перенаправлял на /magazin/product/lanchboks-2-sekcii-246h196h70-mm-belyj-vsp-50-200 и наследует доказанное решение этой сущности","301"
"https://cloverspb.ru/magazin/product/lanch-boks-pps-3-sekc-chernyj-100/prev","/magazin/product/lanch-boks-pps-3-sekc-chernyj-100/prev","301","alias","","","https://clover-spb.ru/catalog/%D0%9E%D0%B4%D0%BD%D0%BE%D1%80%D0%B0%D0%B7%D0%BE%D0%B2%D0%B0%D1%8F%20%D0%BF%D0%BE%D1%81%D1%83%D0%B4%D0%B0/%D0%9B%D0%B0%D0%BD%D1%87-%D0%B1%D0%BE%D0%BA%D1%81%D1%8B","/catalog/%D0%9E%D0%B4%D0%BD%D0%BE%D1%80%D0%B0%D0%B7%D0%BE%D0%B2%D0%B0%D1%8F%20%D0%BF%D0%BE%D1%81%D1%83%D0%B4%D0%B0/%D0%9B%D0%B0%D0%BD%D1%87-%D0%B1%D0%BE%D0%BA%D1%81%D1%8B","200","subcategory","HIGH","Старый URL уже перенаправлял на /magazin/product/lanch-boks-3-sekcionnyj-belyj-premium и наследует доказанное решение этой сущности","301"
"https://cloverspb.ru/magazin/product/lanch-boks-pps-3-sekc-chernyj-100/next","/magazin/product/lanch-boks-pps-3-sekc-chernyj-100/next","301","alias","","","https://clover-spb.ru/catalog/%D0%9E%D0%B4%D0%BD%D0%BE%D1%80%D0%B0%D0%B7%D0%BE%D0%B2%D0%B0%D1%8F%20%D0%BF%D0%BE%D1%81%D1%83%D0%B4%D0%B0/%D0%9B%D0%B0%D0%BD%D1%87-%D0%B1%D0%BE%D0%BA%D1%81%D1%8B","/catalog/%D0%9E%D0%B4%D0%BD%D0%BE%D1%80%D0%B0%D0%B7%D0%BE%D0%B2%D0%B0%D1%8F%20%D0%BF%D0%BE%D1%81%D1%83%D0%B4%D0%B0/%D0%9B%D0%B0%D0%BD%D1%87-%D0%B1%D0%BE%D0%BA%D1%81%D1%8B","200","subcategory","HIGH","Старый URL уже перенаправлял на /magazin/product/lanch-boks-pps-1-sekc-chernyj-100 и наследует доказанное решение этой сущности","301"
"https://cloverspb.ru/magazin/product/korobki-dlya-piccy-33-33sm-45mm-belyj-gofrokarton-50/prev","/magazin/product/korobki-dlya-piccy-33-33sm-45mm-belyj-gofrokarton-50/prev","301","alias","","","https://clover-spb.ru/catalog/%D0%9E%D0%B4%D0%BD%D0%BE%D1%80%D0%B0%D0%B7%D0%BE%D0%B2%D0%B0%D1%8F%20%D0%BF%D0%BE%D1%81%D1%83%D0%B4%D0%B0/%D0%9A%D0%BE%D1%80%D0%BE%D0%B1%D0%BA%D0%B8%20%D0%B4%D0%BB%D1%8F%20%D0%BF%D0%B8%D1%86%D1%86%D1%8B","/catalog/%D0%9E%D0%B4%D0%BD%D0%BE%D1%80%D0%B0%D0%B7%D0%BE%D0%B2%D0%B0%D1%8F%20%D0%BF%D0%BE%D1%81%D1%83%D0%B4%D0%B0/%D0%9A%D0%BE%D1%80%D0%BE%D0%B1%D0%BA%D0%B8%20%D0%B4%D0%BB%D1%8F%20%D0%BF%D0%B8%D1%86%D1%86%D1%8B","200","subcategory","HIGH","Старый URL уже перенаправлял на /magazin/product/korobka-dlya-piccy-25sm-h-25sm-belyj-gofrokarton и наследует доказанное решение этой сущности","301"
"https://cloverspb.ru/magazin/product/korobki-dlya-piccy-33-33sm-45mm-belyj-gofrokarton-50/next","/magazin/product/korobki-dlya-piccy-33-33sm-45mm-belyj-gofrokarton-50/next","301","alias","","","https://clover-spb.ru/product/%D0%9D%D0%A4-00002851","/product/%D0%9D%D0%A4-00002851","200","product","EXACT","Старый URL уже перенаправлял на /magazin/product/korobka-dlya-piccy-piroga-hachapuri-280h180h50mm-buraya и наследует доказанное решение этой сущности","301"
"https://cloverspb.ru/magazin/product/yat-400-g-stiralnyj-poroshok/prev","/magazin/product/yat-400-g-stiralnyj-poroshok/prev","301","alias","","","https://clover-spb.ru/catalog/%D0%A5%D0%B8%D0%BC%D0%B8%D1%8F%2C%20%D1%87%D0%B8%D1%81%D1%82%D1%8F%D1%89%D0%B8%D0%B5%20%D1%81%D1%80%D0%B5%D0%B4%D1%81%D1%82%D0%B2%D0%B0/%D0%9F%D0%BE%D1%80%D0%BE%D1%88%D0%BA%D0%B8","/catalog/%D0%A5%D0%B8%D0%BC%D0%B8%D1%8F%2C%20%D1%87%D0%B8%D1%81%D1%82%D1%8F%D1%89%D0%B8%D0%B5%20%D1%81%D1%80%D0%B5%D0%B4%D1%81%D1%82%D0%B2%D0%B0/%D0%9F%D0%BE%D1%80%D0%BE%D1%88%D0%BA%D0%B8","200","subcategory","HIGH","Старый URL уже перенаправлял на /magazin/product/yat-400-g-stiralnyj-poroshok и наследует доказанное решение этой сущности","301"
"https://cloverspb.ru/magazin/product/yat-400-g-stiralnyj-poroshok/next","/magazin/product/yat-400-g-stiralnyj-poroshok/next","301","alias","","","https://clover-spb.ru/catalog/%D0%A5%D0%B8%D0%BC%D0%B8%D1%8F%2C%20%D1%87%D0%B8%D1%81%D1%82%D1%8F%D1%89%D0%B8%D0%B5%20%D1%81%D1%80%D0%B5%D0%B4%D1%81%D1%82%D0%B2%D0%B0/%D0%9F%D0%BE%D1%80%D0%BE%D1%88%D0%BA%D0%B8","/catalog/%D0%A5%D0%B8%D0%BC%D0%B8%D1%8F%2C%20%D1%87%D0%B8%D1%81%D1%82%D1%8F%D1%89%D0%B8%D0%B5%20%D1%81%D1%80%D0%B5%D0%B4%D1%81%D1%82%D0%B2%D0%B0/%D0%9F%D0%BE%D1%80%D0%BE%D1%88%D0%BA%D0%B8","200","subcategory","HIGH","Старый URL уже перенаправлял на /magazin/product/yat-400-g-stiralnyj-poroshok и наследует доказанное решение этой сущности","301"
"https://cloverspb.ru/magazin/product/mennyj-ballon-airwick-freshmatic-250ml/prev","/magazin/product/mennyj-ballon-airwick-freshmatic-250ml/prev","301","alias","","","https://clover-spb.ru/product/%D0%9D%D0%A4-00000091","/product/%D0%9D%D0%A4-00000091","200","product","EXACT","Старый URL уже перенаправлял на /magazin/product/gold-wind-osvezhitel-vozduha-300ml и наследует доказанное решение этой сущности","301"
"https://cloverspb.ru/magazin/product/mennyj-ballon-airwick-freshmatic-250ml/next","/magazin/product/mennyj-ballon-airwick-freshmatic-250ml/next","301","alias","","","https://clover-spb.ru/product/%D0%9D%D0%A4-00000091","/product/%D0%9D%D0%A4-00000091","200","product","EXACT","Старый URL уже перенаправлял на /magazin/product/gold-wind-osvezhitel-vozduha-300ml и наследует доказанное решение этой сущности","301"
"https://cloverspb.ru/magazin/product/salfetki-stolovye-dlya-dispensera-lime-247100/prev","/magazin/product/salfetki-stolovye-dlya-dispensera-lime-247100/prev","301","alias","","","https://clover-spb.ru/catalog/%D0%91%D1%83%D0%BC%D0%B0%D0%B6%D0%BD%D0%B0%D1%8F%20%D0%BF%D1%80%D0%BE%D0%B4%D1%83%D0%BA%D1%86%D0%B8%D1%8F","/catalog/%D0%91%D1%83%D0%BC%D0%B0%D0%B6%D0%BD%D0%B0%D1%8F%20%D0%BF%D1%80%D0%BE%D0%B4%D1%83%D0%BA%D1%86%D0%B8%D1%8F","200","category","HIGH","Старый URL уже перенаправлял на /magazin/product/salfetki-bumazhnye-23-5-sm-h-23-5-sm-1-slojnye и наследует доказанное решение этой сущности","301"
"https://cloverspb.ru/magazin/product/salfetki-stolovye-dlya-dispensera-lime-247100/next","/magazin/product/salfetki-stolovye-dlya-dispensera-lime-247100/next","301","alias","","","https://clover-spb.ru/catalog/%D0%91%D1%83%D0%BC%D0%B0%D0%B6%D0%BD%D0%B0%D1%8F%20%D0%BF%D1%80%D0%BE%D0%B4%D1%83%D0%BA%D1%86%D0%B8%D1%8F","/catalog/%D0%91%D1%83%D0%BC%D0%B0%D0%B6%D0%BD%D0%B0%D1%8F%20%D0%BF%D1%80%D0%BE%D0%B4%D1%83%D0%BA%D1%86%D0%B8%D1%8F","200","category","HIGH","Старый URL уже перенаправлял на /magazin/product/salfetki-bumazhnye-pro-24-sm-h-24-sm-1-sl-500-listov и наследует доказанное решение этой сущности","301"
"https://cloverspb.ru/magazin/product/pilotka-bumazhnaya-belaya/prev","/magazin/product/pilotka-bumazhnaya-belaya/prev","301","alias","","","https://clover-spb.ru/catalog/%D0%A5%D0%BE%D0%B7%D1%8F%D0%B9%D1%81%D1%82%D0%B2%D0%B5%D0%BD%D0%BD%D1%8B%D0%B5%20%D1%82%D0%BE%D0%B2%D0%B0%D1%80%D1%8B/%D0%9E%D0%B4%D0%BD%D0%BE%D1%80%D0%B0%D0%B7%D0%BE%D0%B2%D0%B0%D1%8F%20%D0%BE%D0%B4%D0%B5%D0%B6%D0%B4%D0%B0","/catalog/%D0%A5%D0%BE%D0%B7%D1%8F%D0%B9%D1%81%D1%82%D0%B2%D0%B5%D0%BD%D0%BD%D1%8B%D0%B5%20%D1%82%D0%BE%D0%B2%D0%B0%D1%80%D1%8B/%D0%9E%D0%B4%D0%BD%D0%BE%D1%80%D0%B0%D0%B7%D0%BE%D0%B2%D0%B0%D1%8F%20%D0%BE%D0%B4%D0%B5%D0%B6%D0%B4%D0%B0","200","subcategory","HIGH","Старый URL уже перенаправлял на /magazin/product/perednik-pnd-100sht-upak и наследует доказанное решение этой сущности","301"
"https://cloverspb.ru/magazin/product/pilotka-bumazhnaya-belaya/next","/magazin/product/pilotka-bumazhnaya-belaya/next","301","alias","","","https://clover-spb.ru/product/%D0%9D%D0%A4-00000440","/product/%D0%9D%D0%A4-00000440","200","product","EXACT","Старый URL уже перенаправлял на /magazin/product/halat-laboratornyj-belyj и наследует доказанное решение этой сущности","301"
"https://cloverspb.ru/magazin/product/pemolyuks-chistyashchij-poroshok-400-gr/prev","/magazin/product/pemolyuks-chistyashchij-poroshok-400-gr/prev","301","alias","","","https://clover-spb.ru/product/%D0%9D%D0%A4-00000052","/product/%D0%9D%D0%A4-00000052","200","product","EXACT","Старый URL уже перенаправлял на /magazin/product/adriol-dlya-posudy-5l и наследует доказанное решение этой сущности","301"
"https://cloverspb.ru/magazin/product/pemolyuks-chistyashchij-poroshok-400-gr/next","/magazin/product/pemolyuks-chistyashchij-poroshok-400-gr/next","301","alias","","","https://clover-spb.ru/catalog/%D0%A5%D0%B8%D0%BC%D0%B8%D1%8F%2C%20%D1%87%D0%B8%D1%81%D1%82%D1%8F%D1%89%D0%B8%D0%B5%20%D1%81%D1%80%D0%B5%D0%B4%D1%81%D1%82%D0%B2%D0%B0/%D0%94%D0%BB%D1%8F%20%D0%BC%D1%8B%D1%82%D1%8C%D1%8F%20%D0%BF%D0%BE%D1%81%D1%83%D0%B4%D1%8B","/catalog/%D0%A5%D0%B8%D0%BC%D0%B8%D1%8F%2C%20%D1%87%D0%B8%D1%81%D1%82%D1%8F%D1%89%D0%B8%D0%B5%20%D1%81%D1%80%D0%B5%D0%B4%D1%81%D1%82%D0%B2%D0%B0/%D0%94%D0%BB%D1%8F%20%D0%BC%D1%8B%D1%82%D1%8C%D1%8F%20%D0%BF%D0%BE%D1%81%D1%83%D0%B4%D1%8B","200","subcategory","HIGH","Старый URL уже перенаправлял на /magazin/product/raduga-dlya-posudy-5l и наследует доказанное решение этой сущности","301"
"https://cloverspb.ru/magazin/product/pasticciere-korob-kartonnyj-belyj-hrom-erzac-280h280h140mm-100sht-kor/prev","/magazin/product/pasticciere-korob-kartonnyj-belyj-hrom-erzac-280h280h140mm-100sht-kor/prev","301","alias","","","https://clover-spb.ru/catalog/%D0%A5%D0%BE%D0%B7%D1%8F%D0%B9%D1%81%D1%82%D0%B2%D0%B5%D0%BD%D0%BD%D1%8B%D0%B5%20%D1%82%D0%BE%D0%B2%D0%B0%D1%80%D1%8B/%D0%93%D1%83%D0%B1%D0%BA%D0%B8%20%D0%B4%D0%BB%D1%8F%20%D0%BF%D0%BE%D1%81%D1%83%D0%B4%D1%8B","/catalog/%D0%A5%D0%BE%D0%B7%D1%8F%D0%B9%D1%81%D1%82%D0%B2%D0%B5%D0%BD%D0%BD%D1%8B%D0%B5%20%D1%82%D0%BE%D0%B2%D0%B0%D1%80%D1%8B/%D0%93%D1%83%D0%B1%D0%BA%D0%B8%20%D0%B4%D0%BB%D1%8F%20%D0%BF%D0%BE%D1%81%D1%83%D0%B4%D1%8B","200","subcategory","HIGH","Старый URL уже перенаправлял на /magazin/product/mochalka-metallicheskaya-maksi-40-gr-v-setke-30sht-kor и наследует доказанное решение этой сущности","301"
"https://cloverspb.ru/magazin/product/pasticciere-korob-kartonnyj-belyj-hrom-erzac-280h280h140mm-100sht-kor/next","/magazin/product/pasticciere-korob-kartonnyj-belyj-hrom-erzac-280h280h140mm-100sht-kor/next","301","alias","","","https://clover-spb.ru/product/%D0%9D%D0%A4-00000150","/product/%D0%9D%D0%A4-00000150","200","product","EXACT","Старый URL уже перенаправлял на /magazin/product/paket-dlya-musora-pvd-rulon-30-l-50-sht и наследует доказанное решение этой сущности","301"
"https://cloverspb.ru/magazin/product/lanch-boks-odnosekcionnyj-belyj-premium/prev","/magazin/product/lanch-boks-odnosekcionnyj-belyj-premium/prev","301","alias","","","https://clover-spb.ru/catalog/%D0%9E%D0%B4%D0%BD%D0%BE%D1%80%D0%B0%D0%B7%D0%BE%D0%B2%D0%B0%D1%8F%20%D0%BF%D0%BE%D1%81%D1%83%D0%B4%D0%B0/%D0%9B%D0%B0%D0%BD%D1%87-%D0%B1%D0%BE%D0%BA%D1%81%D1%8B","/catalog/%D0%9E%D0%B4%D0%BD%D0%BE%D1%80%D0%B0%D0%B7%D0%BE%D0%B2%D0%B0%D1%8F%20%D0%BF%D0%BE%D1%81%D1%83%D0%B4%D0%B0/%D0%9B%D0%B0%D0%BD%D1%87-%D0%B1%D0%BE%D0%BA%D1%81%D1%8B","200","subcategory","HIGH","Старый URL уже перенаправлял на /magazin/product/lanchboks-bez-sekcij-246h196h70-belyj-vsp-50-200 и наследует доказанное решение этой сущности","301"
"https://cloverspb.ru/magazin/product/lanch-boks-odnosekcionnyj-belyj-premium/next","/magazin/product/lanch-boks-odnosekcionnyj-belyj-premium/next","301","alias","","","https://clover-spb.ru/catalog/%D0%9E%D0%B4%D0%BD%D0%BE%D1%80%D0%B0%D0%B7%D0%BE%D0%B2%D0%B0%D1%8F%20%D0%BF%D0%BE%D1%81%D1%83%D0%B4%D0%B0/%D0%9B%D0%B0%D0%BD%D1%87-%D0%B1%D0%BE%D0%BA%D1%81%D1%8B","/catalog/%D0%9E%D0%B4%D0%BD%D0%BE%D1%80%D0%B0%D0%B7%D0%BE%D0%B2%D0%B0%D1%8F%20%D0%BF%D0%BE%D1%81%D1%83%D0%B4%D0%B0/%D0%9B%D0%B0%D0%BD%D1%87-%D0%B1%D0%BE%D0%BA%D1%81%D1%8B","200","subcategory","HIGH","Старый URL уже перенаправлял на /magazin/product/lanch-boks-2-sekcionnyj-belyj-premium и наследует доказанное решение этой сущности","301"
"https://cloverspb.ru/magazin/product/lanch-boks-2-sekcionnyj-belyj-premium/prev","/magazin/product/lanch-boks-2-sekcionnyj-belyj-premium/prev","301","alias","","","https://clover-spb.ru/catalog/%D0%9E%D0%B4%D0%BD%D0%BE%D1%80%D0%B0%D0%B7%D0%BE%D0%B2%D0%B0%D1%8F%20%D0%BF%D0%BE%D1%81%D1%83%D0%B4%D0%B0/%D0%9B%D0%B0%D0%BD%D1%87-%D0%B1%D0%BE%D0%BA%D1%81%D1%8B","/catalog/%D0%9E%D0%B4%D0%BD%D0%BE%D1%80%D0%B0%D0%B7%D0%BE%D0%B2%D0%B0%D1%8F%20%D0%BF%D0%BE%D1%81%D1%83%D0%B4%D0%B0/%D0%9B%D0%B0%D0%BD%D1%87-%D0%B1%D0%BE%D0%BA%D1%81%D1%8B","200","subcategory","HIGH","Старый URL уже перенаправлял на /magazin/product/lanch-boks-odnosekcionnyj-belyj-premium и наследует доказанное решение этой сущности","301"
"https://cloverspb.ru/magazin/product/lanch-boks-2-sekcionnyj-belyj-premium/next","/magazin/product/lanch-boks-2-sekcionnyj-belyj-premium/next","301","alias","","","https://clover-spb.ru/catalog/%D0%9E%D0%B4%D0%BD%D0%BE%D1%80%D0%B0%D0%B7%D0%BE%D0%B2%D0%B0%D1%8F%20%D0%BF%D0%BE%D1%81%D1%83%D0%B4%D0%B0/%D0%9B%D0%B0%D0%BD%D1%87-%D0%B1%D0%BE%D0%BA%D1%81%D1%8B","/catalog/%D0%9E%D0%B4%D0%BD%D0%BE%D1%80%D0%B0%D0%B7%D0%BE%D0%B2%D0%B0%D1%8F%20%D0%BF%D0%BE%D1%81%D1%83%D0%B4%D0%B0/%D0%9B%D0%B0%D0%BD%D1%87-%D0%B1%D0%BE%D0%BA%D1%81%D1%8B","200","subcategory","HIGH","Старый URL уже перенаправлял на /magazin/product/lanch-boks-3-sekcionnyj-belyj-premium и наследует доказанное решение этой сущности","301"
"https://cloverspb.ru/magazin/product/lanch-boks-3-sekcionnyj-belyj-premium/prev","/magazin/product/lanch-boks-3-sekcionnyj-belyj-premium/prev","301","alias","","","https://clover-spb.ru/catalog/%D0%9E%D0%B4%D0%BD%D0%BE%D1%80%D0%B0%D0%B7%D0%BE%D0%B2%D0%B0%D1%8F%20%D0%BF%D0%BE%D1%81%D1%83%D0%B4%D0%B0/%D0%9B%D0%B0%D0%BD%D1%87-%D0%B1%D0%BE%D0%BA%D1%81%D1%8B","/catalog/%D0%9E%D0%B4%D0%BD%D0%BE%D1%80%D0%B0%D0%B7%D0%BE%D0%B2%D0%B0%D1%8F%20%D0%BF%D0%BE%D1%81%D1%83%D0%B4%D0%B0/%D0%9B%D0%B0%D0%BD%D1%87-%D0%B1%D0%BE%D0%BA%D1%81%D1%8B","200","subcategory","HIGH","Старый URL уже перенаправлял на /magazin/product/lanch-boks-2-sekcionnyj-belyj-premium и наследует доказанное решение этой сущности","301"
"https://cloverspb.ru/magazin/product/lanch-boks-3-sekcionnyj-belyj-premium/next","/magazin/product/lanch-boks-3-sekcionnyj-belyj-premium/next","301","alias","","","https://clover-spb.ru/catalog/%D0%9E%D0%B4%D0%BD%D0%BE%D1%80%D0%B0%D0%B7%D0%BE%D0%B2%D0%B0%D1%8F%20%D0%BF%D0%BE%D1%81%D1%83%D0%B4%D0%B0/%D0%9B%D0%B0%D0%BD%D1%87-%D0%B1%D0%BE%D0%BA%D1%81%D1%8B","/catalog/%D0%9E%D0%B4%D0%BD%D0%BE%D1%80%D0%B0%D0%B7%D0%BE%D0%B2%D0%B0%D1%8F%20%D0%BF%D0%BE%D1%81%D1%83%D0%B4%D0%B0/%D0%9B%D0%B0%D0%BD%D1%87-%D0%B1%D0%BE%D0%BA%D1%81%D1%8B","200","subcategory","HIGH","Старый URL уже перенаправлял на /magazin/product/lanch-boks-pps-3-sekc-chernyj-100 и наследует доказанное решение этой сущности","301"
"https://cloverspb.ru/magazin/product/perchatki-rezinovye-usilennye-m-vileda/prev","/magazin/product/perchatki-rezinovye-usilennye-m-vileda/prev","301","alias","","","https://clover-spb.ru/catalog/%D0%A5%D0%BE%D0%B7%D1%8F%D0%B9%D1%81%D1%82%D0%B2%D0%B5%D0%BD%D0%BD%D1%8B%D0%B5%20%D1%82%D0%BE%D0%B2%D0%B0%D1%80%D1%8B/%D0%9F%D0%B5%D1%80%D1%87%D0%B0%D1%82%D0%BA%D0%B8","/catalog/%D0%A5%D0%BE%D0%B7%D1%8F%D0%B9%D1%81%D1%82%D0%B2%D0%B5%D0%BD%D0%BD%D1%8B%D0%B5%20%D1%82%D0%BE%D0%B2%D0%B0%D1%80%D1%8B/%D0%9F%D0%B5%D1%80%D1%87%D0%B0%D1%82%D0%BA%D0%B8","200","subcategory","HIGH","Старый URL уже перенаправлял на /magazin/product/perchatki-rezinovye-sverhprochnye-krasno-belye-s и наследует доказанное решение этой сущности","301"
"https://cloverspb.ru/magazin/product/perchatki-rezinovye-usilennye-m-vileda/next","/magazin/product/perchatki-rezinovye-usilennye-m-vileda/next","301","alias","","","https://clover-spb.ru/catalog/%D0%A5%D0%BE%D0%B7%D1%8F%D0%B9%D1%81%D1%82%D0%B2%D0%B5%D0%BD%D0%BD%D1%8B%D0%B5%20%D1%82%D0%BE%D0%B2%D0%B0%D1%80%D1%8B/%D0%9F%D0%B5%D1%80%D1%87%D0%B0%D1%82%D0%BA%D0%B8","/catalog/%D0%A5%D0%BE%D0%B7%D1%8F%D0%B9%D1%81%D1%82%D0%B2%D0%B5%D0%BD%D0%BD%D1%8B%D0%B5%20%D1%82%D0%BE%D0%B2%D0%B0%D1%80%D1%8B/%D0%9F%D0%B5%D1%80%D1%87%D0%B0%D1%82%D0%BA%D0%B8","200","subcategory","HIGH","Старый URL уже перенаправлял на /magazin/product/perchatki-rezinovye-usilennye-l-vileda и наследует доказанное решение этой сущности","301"
"https://cloverspb.ru/magazin/product/perchatki-rezinovye-usilennye-l-vileda/prev","/magazin/product/perchatki-rezinovye-usilennye-l-vileda/prev","301","alias","","","https://clover-spb.ru/catalog/%D0%A5%D0%BE%D0%B7%D1%8F%D0%B9%D1%81%D1%82%D0%B2%D0%B5%D0%BD%D0%BD%D1%8B%D0%B5%20%D1%82%D0%BE%D0%B2%D0%B0%D1%80%D1%8B/%D0%9F%D0%B5%D1%80%D1%87%D0%B0%D1%82%D0%BA%D0%B8","/catalog/%D0%A5%D0%BE%D0%B7%D1%8F%D0%B9%D1%81%D1%82%D0%B2%D0%B5%D0%BD%D0%BD%D1%8B%D0%B5%20%D1%82%D0%BE%D0%B2%D0%B0%D1%80%D1%8B/%D0%9F%D0%B5%D1%80%D1%87%D0%B0%D1%82%D0%BA%D0%B8","200","subcategory","HIGH","Старый URL уже перенаправлял на /magazin/product/perchatki-rezinovye-usilennye-m-vileda и наследует доказанное решение этой сущности","301"
"https://cloverspb.ru/magazin/product/perchatki-rezinovye-usilennye-l-vileda/next","/magazin/product/perchatki-rezinovye-usilennye-l-vileda/next","301","alias","","","https://clover-spb.ru/catalog/%D0%A5%D0%BE%D0%B7%D1%8F%D0%B9%D1%81%D1%82%D0%B2%D0%B5%D0%BD%D0%BD%D1%8B%D0%B5%20%D1%82%D0%BE%D0%B2%D0%B0%D1%80%D1%8B/%D0%9F%D0%B5%D1%80%D1%87%D0%B0%D1%82%D0%BA%D0%B8","/catalog/%D0%A5%D0%BE%D0%B7%D1%8F%D0%B9%D1%81%D1%82%D0%B2%D0%B5%D0%BD%D0%BD%D1%8B%D0%B5%20%D1%82%D0%BE%D0%B2%D0%B0%D1%80%D1%8B/%D0%9F%D0%B5%D1%80%D1%87%D0%B0%D1%82%D0%BA%D0%B8","200","subcategory","HIGH","Старый URL уже перенаправлял на /magazin/product/stroitelnye-perchatki-s-pvh-chernye и наследует доказанное решение этой сущности","301"
"https://cloverspb.ru/magazin/product/paket-fasovochnyj-30-sm-h-40-sm/prev","/magazin/product/paket-fasovochnyj-30-sm-h-40-sm/prev","301","alias","","","https://clover-spb.ru/catalog/%D0%9F%D0%B0%D0%BA%D0%B5%D1%82%D1%8B%2C%20%D1%83%D0%BF%D0%B0%D0%BA%D0%BE%D0%B2%D0%BE%D1%87%D0%BD%D1%8B%D0%B5%20%D0%BC%D0%B0%D1%82%D0%B5%D1%80%D0%B8%D0%B0%D0%BB%D1%8B/%D0%9F%D0%B0%D0%BA%D0%B5%D1%82%D1%8B%20%D1%84%D0%B0%D1%81%D0%BE%D0%B2%D0%BE%D1%87%D0%BD%D1%8B%D0%B5","/catalog/%D0%9F%D0%B0%D0%BA%D0%B5%D1%82%D1%8B%2C%20%D1%83%D0%BF%D0%B0%D0%BA%D0%BE%D0%B2%D0%BE%D1%87%D0%BD%D1%8B%D0%B5%20%D0%BC%D0%B0%D1%82%D0%B5%D1%80%D0%B8%D0%B0%D0%BB%D1%8B/%D0%9F%D0%B0%D0%BA%D0%B5%D1%82%D1%8B%20%D1%84%D0%B0%D1%81%D0%BE%D0%B2%D0%BE%D1%87%D0%BD%D1%8B%D0%B5","200","subcategory","HIGH","Старый URL уже перенаправлял на /magazin/product/paket-fasovochnyj-25-sm-h-35-sm и наследует доказанное решение этой сущности","301"
"https://cloverspb.ru/magazin/product/paket-fasovochnyj-30-sm-h-40-sm/next","/magazin/product/paket-fasovochnyj-30-sm-h-40-sm/next","301","alias","","","https://clover-spb.ru/catalog/%D0%9F%D0%B0%D0%BA%D0%B5%D1%82%D1%8B%2C%20%D1%83%D0%BF%D0%B0%D0%BA%D0%BE%D0%B2%D0%BE%D1%87%D0%BD%D1%8B%D0%B5%20%D0%BC%D0%B0%D1%82%D0%B5%D1%80%D0%B8%D0%B0%D0%BB%D1%8B/%D0%9F%D0%B0%D0%BA%D0%B5%D1%82%D1%8B%20%D1%84%D0%B0%D1%81%D0%BE%D0%B2%D0%BE%D1%87%D0%BD%D1%8B%D0%B5","/catalog/%D0%9F%D0%B0%D0%BA%D0%B5%D1%82%D1%8B%2C%20%D1%83%D0%BF%D0%B0%D0%BA%D0%BE%D0%B2%D0%BE%D1%87%D0%BD%D1%8B%D0%B5%20%D0%BC%D0%B0%D1%82%D0%B5%D1%80%D0%B8%D0%B0%D0%BB%D1%8B/%D0%9F%D0%B0%D0%BA%D0%B5%D1%82%D1%8B%20%D1%84%D0%B0%D1%81%D0%BE%D0%B2%D0%BE%D1%87%D0%BD%D1%8B%D0%B5","200","subcategory","HIGH","Старый URL уже перенаправлял на /magazin/product/paket-fasovochnyj-15-20sm-1000sht-upak и наследует доказанное решение этой сущности","301"
"https://cloverspb.ru/magazin/product/konditerskij-meshok-sinij-53-sm-75-mkm-100sht/prev","/magazin/product/konditerskij-meshok-sinij-53-sm-75-mkm-100sht/prev","301","alias","","","https://clover-spb.ru/catalog/%D0%9F%D0%B0%D0%BA%D0%B5%D1%82%D1%8B%2C%20%D1%83%D0%BF%D0%B0%D0%BA%D0%BE%D0%B2%D0%BE%D1%87%D0%BD%D1%8B%D0%B5%20%D0%BC%D0%B0%D1%82%D0%B5%D1%80%D0%B8%D0%B0%D0%BB%D1%8B","/catalog/%D0%9F%D0%B0%D0%BA%D0%B5%D1%82%D1%8B%2C%20%D1%83%D0%BF%D0%B0%D0%BA%D0%BE%D0%B2%D0%BE%D1%87%D0%BD%D1%8B%D0%B5%20%D0%BC%D0%B0%D1%82%D0%B5%D1%80%D0%B8%D0%B0%D0%BB%D1%8B","200","category","HIGH","Старый URL уже перенаправлял на /magazin/product/shpagat-dzhutovyj-100m и наследует доказанное решение этой сущности","301"
"https://cloverspb.ru/magazin/product/konditerskij-meshok-sinij-53-sm-75-mkm-100sht/next","/magazin/product/konditerskij-meshok-sinij-53-sm-75-mkm-100sht/next","301","alias","","","https://clover-spb.ru/catalog/%D0%9F%D0%B0%D0%BA%D0%B5%D1%82%D1%8B%2C%20%D1%83%D0%BF%D0%B0%D0%BA%D0%BE%D0%B2%D0%BE%D1%87%D0%BD%D1%8B%D0%B5%20%D0%BC%D0%B0%D1%82%D0%B5%D1%80%D0%B8%D0%B0%D0%BB%D1%8B","/catalog/%D0%9F%D0%B0%D0%BA%D0%B5%D1%82%D1%8B%2C%20%D1%83%D0%BF%D0%B0%D0%BA%D0%BE%D0%B2%D0%BE%D1%87%D0%BD%D1%8B%D0%B5%20%D0%BC%D0%B0%D1%82%D0%B5%D1%80%D0%B8%D0%B0%D0%BB%D1%8B","200","category","HIGH","Старый URL уже перенаправлял на /magazin/product/shpagat-dzhutovyj-100m и наследует доказанное решение этой сущности","301"
"https://cloverspb.ru/magazin/product/paket-dlya-musora-v-rulone-20-sht-60-litrov-osoboprochnye/prev","/magazin/product/paket-dlya-musora-v-rulone-20-sht-60-litrov-osoboprochnye/prev","301","alias","","","https://clover-spb.ru/catalog/%D0%A5%D0%BE%D0%B7%D1%8F%D0%B9%D1%81%D1%82%D0%B2%D0%B5%D0%BD%D0%BD%D1%8B%D0%B5%20%D1%82%D0%BE%D0%B2%D0%B0%D1%80%D1%8B/%D0%9C%D0%B5%D1%88%D0%BA%D0%B8%20%D0%B4%D0%BB%D1%8F%20%D0%BC%D1%83%D1%81%D0%BE%D1%80%D0%B0","/catalog/%D0%A5%D0%BE%D0%B7%D1%8F%D0%B9%D1%81%D1%82%D0%B2%D0%B5%D0%BD%D0%BD%D1%8B%D0%B5%20%D1%82%D0%BE%D0%B2%D0%B0%D1%80%D1%8B/%D0%9C%D0%B5%D1%88%D0%BA%D0%B8%20%D0%B4%D0%BB%D1%8F%20%D0%BC%D1%83%D1%81%D0%BE%D1%80%D0%B0","200","subcategory","HIGH","Старый URL уже перенаправлял на /magazin/product/paket-dlya-musora-pvd-rulon-60-l-50-sht и наследует доказанное решение этой сущности","301"
"https://cloverspb.ru/magazin/product/paket-dlya-musora-v-rulone-20-sht-60-litrov-osoboprochnye/next","/magazin/product/paket-dlya-musora-v-rulone-20-sht-60-litrov-osoboprochnye/next","301","alias","","","https://clover-spb.ru/catalog/%D0%A5%D0%BE%D0%B7%D1%8F%D0%B9%D1%81%D1%82%D0%B2%D0%B5%D0%BD%D0%BD%D1%8B%D0%B5%20%D1%82%D0%BE%D0%B2%D0%B0%D1%80%D1%8B/%D0%9C%D0%B5%D1%88%D0%BA%D0%B8%20%D0%B4%D0%BB%D1%8F%20%D0%BC%D1%83%D1%81%D0%BE%D1%80%D0%B0","/catalog/%D0%A5%D0%BE%D0%B7%D1%8F%D0%B9%D1%81%D1%82%D0%B2%D0%B5%D0%BD%D0%BD%D1%8B%D0%B5%20%D1%82%D0%BE%D0%B2%D0%B0%D1%80%D1%8B/%D0%9C%D0%B5%D1%88%D0%BA%D0%B8%20%D0%B4%D0%BB%D1%8F%20%D0%BC%D1%83%D1%81%D0%BE%D1%80%D0%B0","200","subcategory","HIGH","Старый URL уже перенаправлял на /magazin/product/paket-dlya-musora-v-rulone-10-sht-120-litrov и наследует доказанное решение этой сущности","301"
"https://cloverspb.ru/magazin/product/salfetki-bumazhnye-23-5-sm-h-23-5-sm-1-slojnye/prev","/magazin/product/salfetki-bumazhnye-23-5-sm-h-23-5-sm-1-slojnye/prev","301","alias","","","https://clover-spb.ru/catalog/%D0%91%D1%83%D0%BC%D0%B0%D0%B6%D0%BD%D0%B0%D1%8F%20%D0%BF%D1%80%D0%BE%D0%B4%D1%83%D0%BA%D1%86%D0%B8%D1%8F/%D0%A1%D0%B0%D0%BB%D1%84%D0%B5%D1%82%D0%BA%D0%B8","/catalog/%D0%91%D1%83%D0%BC%D0%B0%D0%B6%D0%BD%D0%B0%D1%8F%20%D0%BF%D1%80%D0%BE%D0%B4%D1%83%D0%BA%D1%86%D0%B8%D1%8F/%D0%A1%D0%B0%D0%BB%D1%84%D0%B5%D1%82%D0%BA%D0%B8","200","subcategory","HIGH","Старый URL уже перенаправлял на /magazin/product/salfetki-bumazhnye-33-sm-h-33-sm-krasnye-200sht и наследует доказанное решение этой сущности","301"
"https://cloverspb.ru/magazin/product/salfetki-bumazhnye-23-5-sm-h-23-5-sm-1-slojnye/next","/magazin/product/salfetki-bumazhnye-23-5-sm-h-23-5-sm-1-slojnye/next","301","alias","","","https://clover-spb.ru/catalog/%D0%91%D1%83%D0%BC%D0%B0%D0%B6%D0%BD%D0%B0%D1%8F%20%D0%BF%D1%80%D0%BE%D0%B4%D1%83%D0%BA%D1%86%D0%B8%D1%8F","/catalog/%D0%91%D1%83%D0%BC%D0%B0%D0%B6%D0%BD%D0%B0%D1%8F%20%D0%BF%D1%80%D0%BE%D0%B4%D1%83%D0%BA%D1%86%D0%B8%D1%8F","200","category","HIGH","Старый URL уже перенаправлял на /magazin/product/salfetki-stolovye-dlya-dispensera-lime-247100 и наследует доказанное решение этой сущности","301"
"https://cloverspb.ru/magazin/product/korobka-dlya-piccy-25sm-h-25sm-belyj-gofrokarton/prev","/magazin/product/korobka-dlya-piccy-25sm-h-25sm-belyj-gofrokarton/prev","301","alias","","","https://clover-spb.ru/catalog/%D0%9E%D0%B4%D0%BD%D0%BE%D1%80%D0%B0%D0%B7%D0%BE%D0%B2%D0%B0%D1%8F%20%D0%BF%D0%BE%D1%81%D1%83%D0%B4%D0%B0/%D0%9A%D0%BE%D1%80%D0%BE%D0%B1%D0%BA%D0%B8%20%D0%B4%D0%BB%D1%8F%20%D0%BF%D0%B8%D1%86%D1%86%D1%8B","/catalog/%D0%9E%D0%B4%D0%BD%D0%BE%D1%80%D0%B0%D0%B7%D0%BE%D0%B2%D0%B0%D1%8F%20%D0%BF%D0%BE%D1%81%D1%83%D0%B4%D0%B0/%D0%9A%D0%BE%D1%80%D0%BE%D0%B1%D0%BA%D0%B8%20%D0%B4%D0%BB%D1%8F%20%D0%BF%D0%B8%D1%86%D1%86%D1%8B","200","subcategory","HIGH","Старый URL уже перенаправлял на /magazin/product/korobka-dlya-piccy-40-5sm-h-40-5sm-belyj-gofrokarton и наследует доказанное решение этой сущности","301"
"https://cloverspb.ru/magazin/product/korobka-dlya-piccy-25sm-h-25sm-belyj-gofrokarton/next","/magazin/product/korobka-dlya-piccy-25sm-h-25sm-belyj-gofrokarton/next","301","alias","","","https://clover-spb.ru/catalog/%D0%9E%D0%B4%D0%BD%D0%BE%D1%80%D0%B0%D0%B7%D0%BE%D0%B2%D0%B0%D1%8F%20%D0%BF%D0%BE%D1%81%D1%83%D0%B4%D0%B0/%D0%9A%D0%BE%D1%80%D0%BE%D0%B1%D0%BA%D0%B8%20%D0%B4%D0%BB%D1%8F%20%D0%BF%D0%B8%D1%86%D1%86%D1%8B","/catalog/%D0%9E%D0%B4%D0%BD%D0%BE%D1%80%D0%B0%D0%B7%D0%BE%D0%B2%D0%B0%D1%8F%20%D0%BF%D0%BE%D1%81%D1%83%D0%B4%D0%B0/%D0%9A%D0%BE%D1%80%D0%BE%D0%B1%D0%BA%D0%B8%20%D0%B4%D0%BB%D1%8F%20%D0%BF%D0%B8%D1%86%D1%86%D1%8B","200","subcategory","HIGH","Старый URL уже перенаправлял на /magazin/product/korobki-dlya-piccy-33-33sm-45mm-belyj-gofrokarton-50 и наследует доказанное решение этой сущности","301"
"https://cloverspb.ru/magazin/product/korobka-dlya-piccy-40-5sm-h-40-5sm-belyj-gofrokarton/prev","/magazin/product/korobka-dlya-piccy-40-5sm-h-40-5sm-belyj-gofrokarton/prev","301","alias","","","https://clover-spb.ru/product/%D0%9D%D0%A4-00002851","/product/%D0%9D%D0%A4-00002851","200","product","EXACT","Старый URL уже перенаправлял на /magazin/product/korobka-dlya-piccy-piroga-hachapuri-280h180h50mm-buraya и наследует доказанное решение этой сущности","301"
"https://cloverspb.ru/magazin/product/korobka-dlya-piccy-40-5sm-h-40-5sm-belyj-gofrokarton/next","/magazin/product/korobka-dlya-piccy-40-5sm-h-40-5sm-belyj-gofrokarton/next","301","alias","","","https://clover-spb.ru/catalog/%D0%9E%D0%B4%D0%BD%D0%BE%D1%80%D0%B0%D0%B7%D0%BE%D0%B2%D0%B0%D1%8F%20%D0%BF%D0%BE%D1%81%D1%83%D0%B4%D0%B0/%D0%9A%D0%BE%D1%80%D0%BE%D0%B1%D0%BA%D0%B8%20%D0%B4%D0%BB%D1%8F%20%D0%BF%D0%B8%D1%86%D1%86%D1%8B","/catalog/%D0%9E%D0%B4%D0%BD%D0%BE%D1%80%D0%B0%D0%B7%D0%BE%D0%B2%D0%B0%D1%8F%20%D0%BF%D0%BE%D1%81%D1%83%D0%B4%D0%B0/%D0%9A%D0%BE%D1%80%D0%BE%D0%B1%D0%BA%D0%B8%20%D0%B4%D0%BB%D1%8F%20%D0%BF%D0%B8%D1%86%D1%86%D1%8B","200","subcategory","HIGH","Старый URL уже перенаправлял на /magazin/product/korobka-dlya-piccy-25sm-h-25sm-belyj-gofrokarton и наследует доказанное решение этой сущности","301"
"https://cloverspb.ru/magazin/product/restorannyj-schet/prev","/magazin/product/restorannyj-schet/prev","301","alias","","","https://clover-spb.ru/catalog/%D0%9A%D0%B0%D0%BD%D1%86%D0%B5%D0%BB%D1%8F%D1%80%D1%81%D0%BA%D0%B8%D0%B5%20%D1%82%D0%BE%D0%B2%D0%B0%D1%80%D1%8B","/catalog/%D0%9A%D0%B0%D0%BD%D1%86%D0%B5%D0%BB%D1%8F%D1%80%D1%81%D0%BA%D0%B8%D0%B5%20%D1%82%D0%BE%D0%B2%D0%B0%D1%80%D1%8B","200","category","HIGH","Старый URL уже перенаправлял на /magazin/product/lenta-kassovaya-80-12mm-70m и наследует доказанное решение этой сущности","301"
"https://cloverspb.ru/magazin/product/restorannyj-schet/next","/magazin/product/restorannyj-schet/next","301","alias","","","https://clover-spb.ru/product/%D0%9D%D0%A4-00000210","/product/%D0%9D%D0%A4-00000210","200","product","EXACT","Старый URL уже перенаправлял на /magazin/product/bumaga-a4-80g-m2-500l-upak и наследует доказанное решение этой сущности","301"
"https://cloverspb.ru/magazin/product/bloknot-a6/prev","/magazin/product/bloknot-a6/prev","301","alias","","","https://clover-spb.ru/catalog/%D0%9A%D0%B0%D0%BD%D1%86%D0%B5%D0%BB%D1%8F%D1%80%D1%81%D0%BA%D0%B8%D0%B5%20%D1%82%D0%BE%D0%B2%D0%B0%D1%80%D1%8B","/catalog/%D0%9A%D0%B0%D0%BD%D1%86%D0%B5%D0%BB%D1%8F%D1%80%D1%81%D0%BA%D0%B8%D0%B5%20%D1%82%D0%BE%D0%B2%D0%B0%D1%80%D1%8B","200","category","HIGH","Старый URL уже перенаправлял на /magazin/product/ruchka-sharikovaya и наследует доказанное решение этой сущности","301"
"https://cloverspb.ru/magazin/product/bloknot-a6/next","/magazin/product/bloknot-a6/next","301","alias","","","https://clover-spb.ru/catalog/%D0%9A%D0%B0%D0%BD%D1%86%D0%B5%D0%BB%D1%8F%D1%80%D1%81%D0%BA%D0%B8%D0%B5%20%D1%82%D0%BE%D0%B2%D0%B0%D1%80%D1%8B","/catalog/%D0%9A%D0%B0%D0%BD%D1%86%D0%B5%D0%BB%D1%8F%D1%80%D1%81%D0%BA%D0%B8%D0%B5%20%D1%82%D0%BE%D0%B2%D0%B0%D1%80%D1%8B","200","category","HIGH","Старый URL уже перенаправлял на /magazin/product/marker-chernyj и наследует доказанное решение этой сущности","301"
"https://cloverspb.ru/magazin/product/ruchka-sharikovaya/prev","/magazin/product/ruchka-sharikovaya/prev","301","alias","","","https://clover-spb.ru/product/%D0%9D%D0%A4-00000210","/product/%D0%9D%D0%A4-00000210","200","product","EXACT","Старый URL уже перенаправлял на /magazin/product/bumaga-a4-80g-m2-500l-upak и наследует доказанное решение этой сущности","301"
"https://cloverspb.ru/magazin/product/ruchka-sharikovaya/next","/magazin/product/ruchka-sharikovaya/next","301","alias","","","https://clover-spb.ru/catalog/%D0%9A%D0%B0%D0%BD%D1%86%D0%B5%D0%BB%D1%8F%D1%80%D1%81%D0%BA%D0%B8%D0%B5%20%D1%82%D0%BE%D0%B2%D0%B0%D1%80%D1%8B","/catalog/%D0%9A%D0%B0%D0%BD%D1%86%D0%B5%D0%BB%D1%8F%D1%80%D1%81%D0%BA%D0%B8%D0%B5%20%D1%82%D0%BE%D0%B2%D0%B0%D1%80%D1%8B","200","category","HIGH","Старый URL уже перенаправлял на /magazin/product/bloknot-a6 и наследует доказанное решение этой сущности","301"
"https://cloverspb.ru/magazin/product/marker-chernyj/prev","/magazin/product/marker-chernyj/prev","301","alias","","","https://clover-spb.ru/catalog/%D0%9A%D0%B0%D0%BD%D1%86%D0%B5%D0%BB%D1%8F%D1%80%D1%81%D0%BA%D0%B8%D0%B5%20%D1%82%D0%BE%D0%B2%D0%B0%D1%80%D1%8B","/catalog/%D0%9A%D0%B0%D0%BD%D1%86%D0%B5%D0%BB%D1%8F%D1%80%D1%81%D0%BA%D0%B8%D0%B5%20%D1%82%D0%BE%D0%B2%D0%B0%D1%80%D1%8B","200","category","HIGH","Старый URL уже перенаправлял на /magazin/product/bloknot-a6 и наследует доказанное решение этой сущности","301"
"https://cloverspb.ru/magazin/product/marker-chernyj/next","/magazin/product/marker-chernyj/next","301","alias","","","https://clover-spb.ru/product/%D0%9D%D0%A4-00000163","/product/%D0%9D%D0%A4-00000163","200","product","EXACT","Старый URL уже перенаправлял на /magazin/product/lenta-kassovaya-57-12mm-17m и наследует доказанное решение этой сущности","301"
"https://cloverspb.ru/magazin/product/bumazhnoe-polotence-myagkij-znak/prev","/magazin/product/bumazhnoe-polotence-myagkij-znak/prev","301","alias","","","https://clover-spb.ru/catalog/%D0%91%D1%83%D0%BC%D0%B0%D0%B6%D0%BD%D0%B0%D1%8F%20%D0%BF%D1%80%D0%BE%D0%B4%D1%83%D0%BA%D1%86%D0%B8%D1%8F","/catalog/%D0%91%D1%83%D0%BC%D0%B0%D0%B6%D0%BD%D0%B0%D1%8F%20%D0%BF%D1%80%D0%BE%D0%B4%D1%83%D0%BA%D1%86%D0%B8%D1%8F","200","category","HIGH","Старый URL уже перенаправлял на /magazin/product/polotenca-focus-v-ukladka-1-slojnye-250-listov и наследует доказанное решение этой сущности","301"
"https://cloverspb.ru/magazin/product/bumazhnoe-polotence-myagkij-znak/next","/magazin/product/bumazhnoe-polotence-myagkij-znak/next","301","alias","","","https://clover-spb.ru/catalog/%D0%91%D1%83%D0%BC%D0%B0%D0%B6%D0%BD%D0%B0%D1%8F%20%D0%BF%D1%80%D0%BE%D0%B4%D1%83%D0%BA%D1%86%D0%B8%D1%8F","/catalog/%D0%91%D1%83%D0%BC%D0%B0%D0%B6%D0%BD%D0%B0%D1%8F%20%D0%BF%D1%80%D0%BE%D0%B4%D1%83%D0%BA%D1%86%D0%B8%D1%8F","200","category","HIGH","Старый URL уже перенаправлял на /magazin/product/polotenca-focus-z-ukladka-1-slojnye-200-listov и наследует доказанное решение этой сущности","301"
"https://cloverspb.ru/magazin/product/stakan-bumazhnyj-chernyj-400-ml/prev","/magazin/product/stakan-bumazhnyj-chernyj-400-ml/prev","301","alias","","","https://clover-spb.ru/catalog/%D0%9E%D0%B4%D0%BD%D0%BE%D1%80%D0%B0%D0%B7%D0%BE%D0%B2%D0%B0%D1%8F%20%D0%BF%D0%BE%D1%81%D1%83%D0%B4%D0%B0/%D0%A1%D1%82%D0%B0%D0%BA%D0%B0%D0%BD%D1%8B","/catalog/%D0%9E%D0%B4%D0%BD%D0%BE%D1%80%D0%B0%D0%B7%D0%BE%D0%B2%D0%B0%D1%8F%20%D0%BF%D0%BE%D1%81%D1%83%D0%B4%D0%B0/%D0%A1%D1%82%D0%B0%D0%BA%D0%B0%D0%BD%D1%8B","200","subcategory","HIGH","Старый URL уже перенаправлял на /magazin/product/stakan-pet-prozrachnyj-200ml-50sht-upak и наследует доказанное решение этой сущности","301"
"https://cloverspb.ru/magazin/product/stakan-bumazhnyj-chernyj-400-ml/next","/magazin/product/stakan-bumazhnyj-chernyj-400-ml/next","301","alias","","","https://clover-spb.ru/catalog/%D0%9E%D0%B4%D0%BD%D0%BE%D1%80%D0%B0%D0%B7%D0%BE%D0%B2%D0%B0%D1%8F%20%D0%BF%D0%BE%D1%81%D1%83%D0%B4%D0%B0/%D0%A1%D1%82%D0%B0%D0%BA%D0%B0%D0%BD%D1%8B","/catalog/%D0%9E%D0%B4%D0%BD%D0%BE%D1%80%D0%B0%D0%B7%D0%BE%D0%B2%D0%B0%D1%8F%20%D0%BF%D0%BE%D1%81%D1%83%D0%B4%D0%B0/%D0%A1%D1%82%D0%B0%D0%BA%D0%B0%D0%BD%D1%8B","200","subcategory","HIGH","Старый URL уже перенаправлял на /magazin/product/derzhatel-dlya-4h-stakanov и наследует доказанное решение этой сущности","301"
"https://cloverspb.ru/magazin/product/salfetki-bumazhnye-big-pak-33h33-1-sl-belye-300sht/prev","/magazin/product/salfetki-bumazhnye-big-pak-33h33-1-sl-belye-300sht/prev","301","alias","","","https://clover-spb.ru/catalog/%D0%91%D1%83%D0%BC%D0%B0%D0%B6%D0%BD%D0%B0%D1%8F%20%D0%BF%D1%80%D0%BE%D0%B4%D1%83%D0%BA%D1%86%D0%B8%D1%8F/%D0%A1%D0%B0%D0%BB%D1%84%D0%B5%D1%82%D0%BA%D0%B8","/catalog/%D0%91%D1%83%D0%BC%D0%B0%D0%B6%D0%BD%D0%B0%D1%8F%20%D0%BF%D1%80%D0%BE%D0%B4%D1%83%D0%BA%D1%86%D0%B8%D1%8F/%D0%A1%D0%B0%D0%BB%D1%84%D0%B5%D1%82%D0%BA%D0%B8","200","subcategory","HIGH","Старый URL уже перенаправлял на /magazin/product/salfetki-bumazhnye-24-sm-h-24-sm-1-slojnye-krasnye-400sht и наследует доказанное решение этой сущности","301"
"https://cloverspb.ru/magazin/product/salfetki-bumazhnye-big-pak-33h33-1-sl-belye-300sht/next","/magazin/product/salfetki-bumazhnye-big-pak-33h33-1-sl-belye-300sht/next","301","alias","","","https://clover-spb.ru/catalog/%D0%91%D1%83%D0%BC%D0%B0%D0%B6%D0%BD%D0%B0%D1%8F%20%D0%BF%D1%80%D0%BE%D0%B4%D1%83%D0%BA%D1%86%D0%B8%D1%8F/%D0%A1%D0%B0%D0%BB%D1%84%D0%B5%D1%82%D0%BA%D0%B8","/catalog/%D0%91%D1%83%D0%BC%D0%B0%D0%B6%D0%BD%D0%B0%D1%8F%20%D0%BF%D1%80%D0%BE%D0%B4%D1%83%D0%BA%D1%86%D0%B8%D1%8F/%D0%A1%D0%B0%D0%BB%D1%84%D0%B5%D1%82%D0%BA%D0%B8","200","subcategory","HIGH","Старый URL уже перенаправлял на /magazin/product/salfetki-bumazhnye-24-sm-h-24-sm-2-sl-chernye-250-listov и наследует доказанное решение этой сущности","301"
"https://cloverspb.ru/magazin/product/bumaga-tualetnaya-1-sl-svetlo-seraya-200m/prev","/magazin/product/bumaga-tualetnaya-1-sl-svetlo-seraya-200m/prev","301","alias","","","https://clover-spb.ru/product/%D0%9D%D0%A4-00000207","/product/%D0%9D%D0%A4-00000207","200","product","EXACT","Старый URL уже перенаправлял на /magazin/product/bumaga-tualetnaya-myagkij-znak-1-sl-belaya и наследует доказанное решение этой сущности","301"
"https://cloverspb.ru/magazin/product/bumaga-tualetnaya-1-sl-svetlo-seraya-200m/next","/magazin/product/bumaga-tualetnaya-1-sl-svetlo-seraya-200m/next","301","alias","","","https://clover-spb.ru/product/%D0%9D%D0%A4-00000125","/product/%D0%9D%D0%A4-00000125","200","product","EXACT","Старый URL уже перенаправлял на /magazin/product/bumaga-tualetnaya-myagkij-znak-bukvy-2-sl-belaya-4rul-up и наследует доказанное решение этой сущности","301"
"https://cloverspb.ru/magazin/product/bumaga-tualetnaya-myagkij-znak-1-sl-belaya/prev","/magazin/product/bumaga-tualetnaya-myagkij-znak-1-sl-belaya/prev","301","alias","","","https://clover-spb.ru/product/%D0%9D%D0%A4-00000645","/product/%D0%9D%D0%A4-00000645","200","product","EXACT","Старый URL уже перенаправлял на /magazin/product/tualetnaya-bumaga-tork-t1-1-sl-525-metrov-120195 и наследует доказанное решение этой сущности","301"
"https://cloverspb.ru/magazin/product/bumaga-tualetnaya-myagkij-znak-1-sl-belaya/next","/magazin/product/bumaga-tualetnaya-myagkij-znak-1-sl-belaya/next","301","alias","","","https://clover-spb.ru/catalog/%D0%91%D1%83%D0%BC%D0%B0%D0%B6%D0%BD%D0%B0%D1%8F%20%D0%BF%D1%80%D0%BE%D0%B4%D1%83%D0%BA%D1%86%D0%B8%D1%8F/%D0%A2%D1%83%D0%B0%D0%BB%D0%B5%D1%82%D0%BD%D0%B0%D1%8F%20%D0%B1%D1%83%D0%BC%D0%B0%D0%B3%D0%B0","/catalog/%D0%91%D1%83%D0%BC%D0%B0%D0%B6%D0%BD%D0%B0%D1%8F%20%D0%BF%D1%80%D0%BE%D0%B4%D1%83%D0%BA%D1%86%D0%B8%D1%8F/%D0%A2%D1%83%D0%B0%D0%BB%D0%B5%D1%82%D0%BD%D0%B0%D1%8F%20%D0%B1%D1%83%D0%BC%D0%B0%D0%B3%D0%B0","200","subcategory","HIGH","Старый URL уже перенаправлял на /magazin/product/bumaga-tualetnaya-1-sl-svetlo-seraya-200m и наследует доказанное решение этой сущности","301"
"https://cloverspb.ru/magazin/product/bumaga-tualetnaya-myagkij-znak-bukvy-2-sl-belaya-4rul-up/prev","/magazin/product/bumaga-tualetnaya-myagkij-znak-bukvy-2-sl-belaya-4rul-up/prev","301","alias","","","https://clover-spb.ru/catalog/%D0%91%D1%83%D0%BC%D0%B0%D0%B6%D0%BD%D0%B0%D1%8F%20%D0%BF%D1%80%D0%BE%D0%B4%D1%83%D0%BA%D1%86%D0%B8%D1%8F/%D0%A2%D1%83%D0%B0%D0%BB%D0%B5%D1%82%D0%BD%D0%B0%D1%8F%20%D0%B1%D1%83%D0%BC%D0%B0%D0%B3%D0%B0","/catalog/%D0%91%D1%83%D0%BC%D0%B0%D0%B6%D0%BD%D0%B0%D1%8F%20%D0%BF%D1%80%D0%BE%D0%B4%D1%83%D0%BA%D1%86%D0%B8%D1%8F/%D0%A2%D1%83%D0%B0%D0%BB%D0%B5%D1%82%D0%BD%D0%B0%D1%8F%20%D0%B1%D1%83%D0%BC%D0%B0%D0%B3%D0%B0","200","subcategory","HIGH","Старый URL уже перенаправлял на /magazin/product/bumaga-tualetnaya-1-sl-svetlo-seraya-200m и наследует доказанное решение этой сущности","301"
"https://cloverspb.ru/magazin/product/bumaga-tualetnaya-myagkij-znak-bukvy-2-sl-belaya-4rul-up/next","/magazin/product/bumaga-tualetnaya-myagkij-znak-bukvy-2-sl-belaya-4rul-up/next","301","alias","","","https://clover-spb.ru/catalog/%D0%91%D1%83%D0%BC%D0%B0%D0%B6%D0%BD%D0%B0%D1%8F%20%D0%BF%D1%80%D0%BE%D0%B4%D1%83%D0%BA%D1%86%D0%B8%D1%8F","/catalog/%D0%91%D1%83%D0%BC%D0%B0%D0%B6%D0%BD%D0%B0%D1%8F%20%D0%BF%D1%80%D0%BE%D0%B4%D1%83%D0%BA%D1%86%D0%B8%D1%8F","200","category","HIGH","Старый URL уже перенаправлял на /magazin/product/tualetnaya-bumaga-focus-1-slojnaya-200-metrov и наследует доказанное решение этой сущности","301"
"https://cloverspb.ru/magazin/product/salatnik-s-prozrachnoj-kryshkoj-black-edition/prev","/magazin/product/salatnik-s-prozrachnoj-kryshkoj-black-edition/prev","301","alias","","","https://clover-spb.ru/catalog/%D0%9E%D0%B4%D0%BD%D0%BE%D1%80%D0%B0%D0%B7%D0%BE%D0%B2%D0%B0%D1%8F%20%D0%BF%D0%BE%D1%81%D1%83%D0%B4%D0%B0","/catalog/%D0%9E%D0%B4%D0%BD%D0%BE%D1%80%D0%B0%D0%B7%D0%BE%D0%B2%D0%B0%D1%8F%20%D0%BF%D0%BE%D1%81%D1%83%D0%B4%D0%B0","200","category","HIGH","Старый URL уже перенаправлял на /magazin/product/kontejner-kartonnyj-eco-opsalad-350ml-s-prozrachnoj-kryshkoj-121-106-55mm-osq-50-350 и наследует доказанное решение этой сущности","301"
"https://cloverspb.ru/magazin/product/salatnik-s-prozrachnoj-kryshkoj-black-edition/next","/magazin/product/salatnik-s-prozrachnoj-kryshkoj-black-edition/next","301","alias","","","https://clover-spb.ru/product/%D0%9D%D0%A4-00000477","/product/%D0%9D%D0%A4-00000477","200","product","EXACT","Старый URL уже перенаправлял на /magazin/product/kontejner-bumazhnyj-eco-opsalad-500-kraft-s-prozr-krysh и наследует доказанное решение этой сущности","301"
"https://cloverspb.ru/magazin/product/kontejner-pryamoug-750ml-179-130-52mm-chernyj-pp-polier-500-500/prev","/magazin/product/kontejner-pryamoug-750ml-179-130-52mm-chernyj-pp-polier-500-500/prev","301","alias","","","https://clover-spb.ru/product/%D0%9D%D0%A4-00000725","/product/%D0%9D%D0%A4-00000725","200","product","EXACT","Старый URL уже перенаправлял на /magazin/product/kontejner-prozr-kruglyj-360ml-rr-bk-50-500-bez-kryshki и наследует доказанное решение этой сущности","301"
"https://cloverspb.ru/magazin/product/kontejner-pryamoug-750ml-179-130-52mm-chernyj-pp-polier-500-500/next","/magazin/product/kontejner-pryamoug-750ml-179-130-52mm-chernyj-pp-polier-500-500/next","301","alias","","","https://clover-spb.ru/product/%D0%9D%D0%A4-00000021","/product/%D0%9D%D0%A4-00000021","200","product","EXACT","Старый URL уже перенаправлял на /magazin/product/kontejner-pryamoug-750ml-179-130-52mm-prozr-pp-polier-500-500 и наследует доказанное решение этой сущности","301"
"https://cloverspb.ru/magazin/product/kontejner-pryamoug-750ml-179-130-52mm-prozr-pp-polier-500-500/prev","/magazin/product/kontejner-pryamoug-750ml-179-130-52mm-prozr-pp-polier-500-500/prev","301","alias","","","https://clover-spb.ru/catalog/%D0%9E%D0%B4%D0%BD%D0%BE%D1%80%D0%B0%D0%B7%D0%BE%D0%B2%D0%B0%D1%8F%20%D0%BF%D0%BE%D1%81%D1%83%D0%B4%D0%B0/%D0%9A%D0%BE%D0%BD%D1%82%D0%B5%D0%B9%D0%BD%D0%B5%D1%80%D1%8B","/catalog/%D0%9E%D0%B4%D0%BD%D0%BE%D1%80%D0%B0%D0%B7%D0%BE%D0%B2%D0%B0%D1%8F%20%D0%BF%D0%BE%D1%81%D1%83%D0%B4%D0%B0/%D0%9A%D0%BE%D0%BD%D1%82%D0%B5%D0%B9%D0%BD%D0%B5%D1%80%D1%8B","200","subcategory","HIGH","Старый URL уже перенаправлял на /magazin/product/kontejner-pryamoug-750ml-179-130-52mm-chernyj-pp-polier-500-500 и наследует доказанное решение этой сущности","301"
"https://cloverspb.ru/magazin/product/kontejner-pryamoug-750ml-179-130-52mm-prozr-pp-polier-500-500/next","/magazin/product/kontejner-pryamoug-750ml-179-130-52mm-prozr-pp-polier-500-500/next","301","alias","","","https://clover-spb.ru/catalog/%D0%9E%D0%B4%D0%BD%D0%BE%D1%80%D0%B0%D0%B7%D0%BE%D0%B2%D0%B0%D1%8F%20%D0%BF%D0%BE%D1%81%D1%83%D0%B4%D0%B0/%D0%9A%D0%BE%D0%BD%D1%82%D0%B5%D0%B9%D0%BD%D0%B5%D1%80%D1%8B","/catalog/%D0%9E%D0%B4%D0%BD%D0%BE%D1%80%D0%B0%D0%B7%D0%BE%D0%B2%D0%B0%D1%8F%20%D0%BF%D0%BE%D1%81%D1%83%D0%B4%D0%B0/%D0%9A%D0%BE%D0%BD%D1%82%D0%B5%D0%B9%D0%BD%D0%B5%D1%80%D1%8B","200","subcategory","HIGH","Старый URL уже перенаправлял на /magazin/product/kontejner-pr-ms-500ml-kruglyj-chernyj-pp и наследует доказанное решение этой сущности","301"
"https://cloverspb.ru/magazin/product/kontejner-pryamoug-750ml-139-102-86mm-prozr-pp-polier-500-500/prev","/magazin/product/kontejner-pryamoug-750ml-139-102-86mm-prozr-pp-polier-500-500/prev","301","alias","","","https://clover-spb.ru/catalog/%D0%9E%D0%B4%D0%BD%D0%BE%D1%80%D0%B0%D0%B7%D0%BE%D0%B2%D0%B0%D1%8F%20%D0%BF%D0%BE%D1%81%D1%83%D0%B4%D0%B0/%D0%9A%D0%BE%D0%BD%D1%82%D0%B5%D0%B9%D0%BD%D0%B5%D1%80%D1%8B","/catalog/%D0%9E%D0%B4%D0%BD%D0%BE%D1%80%D0%B0%D0%B7%D0%BE%D0%B2%D0%B0%D1%8F%20%D0%BF%D0%BE%D1%81%D1%83%D0%B4%D0%B0/%D0%9A%D0%BE%D0%BD%D1%82%D0%B5%D0%B9%D0%BD%D0%B5%D1%80%D1%8B","200","subcategory","HIGH","Старый URL уже перенаправлял на /magazin/product/kryshka-k-kont-360-500-600ml-d112-200sht-up-perint и наследует доказанное решение этой сущности","301"
"https://cloverspb.ru/magazin/product/kontejner-pryamoug-750ml-139-102-86mm-prozr-pp-polier-500-500/next","/magazin/product/kontejner-pryamoug-750ml-139-102-86mm-prozr-pp-polier-500-500/next","301","alias","","","https://clover-spb.ru/catalog/%D0%9E%D0%B4%D0%BD%D0%BE%D1%80%D0%B0%D0%B7%D0%BE%D0%B2%D0%B0%D1%8F%20%D0%BF%D0%BE%D1%81%D1%83%D0%B4%D0%B0/%D0%9A%D0%BE%D0%BD%D1%82%D0%B5%D0%B9%D0%BD%D0%B5%D1%80%D1%8B","/catalog/%D0%9E%D0%B4%D0%BD%D0%BE%D1%80%D0%B0%D0%B7%D0%BE%D0%B2%D0%B0%D1%8F%20%D0%BF%D0%BE%D1%81%D1%83%D0%B4%D0%B0/%D0%9A%D0%BE%D0%BD%D1%82%D0%B5%D0%B9%D0%BD%D0%B5%D1%80%D1%8B","200","subcategory","HIGH","Старый URL уже перенаправлял на /magazin/product/kryshka-k-kont-pr-ms-350-500ml-prozrachnaya-pp и наследует доказанное решение этой сущности","301"
"https://cloverspb.ru/magazin/product/kontejner-pryamoug-500ml-prozr-139-102-56-bez-kryshki-pp-polier-50-500/prev","/magazin/product/kontejner-pryamoug-500ml-prozr-139-102-56-bez-kryshki-pp-polier-50-500/prev","301","alias","","","https://clover-spb.ru/catalog/%D0%9E%D0%B4%D0%BD%D0%BE%D1%80%D0%B0%D0%B7%D0%BE%D0%B2%D0%B0%D1%8F%20%D0%BF%D0%BE%D1%81%D1%83%D0%B4%D0%B0/%D0%9A%D0%BE%D0%BD%D1%82%D0%B5%D0%B9%D0%BD%D0%B5%D1%80%D1%8B","/catalog/%D0%9E%D0%B4%D0%BD%D0%BE%D1%80%D0%B0%D0%B7%D0%BE%D0%B2%D0%B0%D1%8F%20%D0%BF%D0%BE%D1%81%D1%83%D0%B4%D0%B0/%D0%9A%D0%BE%D0%BD%D1%82%D0%B5%D0%B9%D0%BD%D0%B5%D1%80%D1%8B","200","subcategory","HIGH","Старый URL уже перенаправлял на /magazin/product/kontejner-pryamoug-bez-kryshki-500ml-108-82-100mm-pp-100-100 и наследует доказанное решение этой сущности","301"
"https://cloverspb.ru/magazin/product/kontejner-pryamoug-500ml-prozr-139-102-56-bez-kryshki-pp-polier-50-500/next","/magazin/product/kontejner-pryamoug-500ml-prozr-139-102-56-bez-kryshki-pp-polier-50-500/next","301","alias","","","https://clover-spb.ru/catalog/%D0%9E%D0%B4%D0%BD%D0%BE%D1%80%D0%B0%D0%B7%D0%BE%D0%B2%D0%B0%D1%8F%20%D0%BF%D0%BE%D1%81%D1%83%D0%B4%D0%B0/%D0%9A%D0%BE%D0%BD%D1%82%D0%B5%D0%B9%D0%BD%D0%B5%D1%80%D1%8B","/catalog/%D0%9E%D0%B4%D0%BD%D0%BE%D1%80%D0%B0%D0%B7%D0%BE%D0%B2%D0%B0%D1%8F%20%D0%BF%D0%BE%D1%81%D1%83%D0%B4%D0%B0/%D0%9A%D0%BE%D0%BD%D1%82%D0%B5%D0%B9%D0%BD%D0%B5%D1%80%D1%8B","200","subcategory","HIGH","Старый URL уже перенаправлял на /magazin/product/kryshka-k-kont-360-500-600ml-d112-200sht-up-perint и наследует доказанное решение этой сущности","301"
"https://cloverspb.ru/magazin/product/kontejner-pryamoug-500ml-179-130-52mm-chernyj-pp-polier-500-500/prev","/magazin/product/kontejner-pryamoug-500ml-179-130-52mm-chernyj-pp-polier-500-500/prev","301","alias","","","https://clover-spb.ru/catalog/%D0%9E%D0%B4%D0%BD%D0%BE%D1%80%D0%B0%D0%B7%D0%BE%D0%B2%D0%B0%D1%8F%20%D0%BF%D0%BE%D1%81%D1%83%D0%B4%D0%B0/%D0%9A%D0%BE%D0%BD%D1%82%D0%B5%D0%B9%D0%BD%D0%B5%D1%80%D1%8B","/catalog/%D0%9E%D0%B4%D0%BD%D0%BE%D1%80%D0%B0%D0%B7%D0%BE%D0%B2%D0%B0%D1%8F%20%D0%BF%D0%BE%D1%81%D1%83%D0%B4%D0%B0/%D0%9A%D0%BE%D0%BD%D1%82%D0%B5%D0%B9%D0%BD%D0%B5%D1%80%D1%8B","200","subcategory","HIGH","Старый URL уже перенаправлял на /magazin/product/kryshka-k-kont-pr-ms-350-500ml-prozrachnaya-pp и наследует доказанное решение этой сущности","301"
"https://cloverspb.ru/magazin/product/kontejner-pryamoug-500ml-179-130-52mm-chernyj-pp-polier-500-500/next","/magazin/product/kontejner-pryamoug-500ml-179-130-52mm-chernyj-pp-polier-500-500/next","301","alias","","","https://clover-spb.ru/product/%D0%9D%D0%A4-00000020","/product/%D0%9D%D0%A4-00000020","200","product","EXACT","Старый URL уже перенаправлял на /magazin/product/kontejner-pryamoug-500ml-179-130-35mm-prozr-pp-polier-500-500 и наследует доказанное решение этой сущности","301"
"https://cloverspb.ru/magazin/product/kontejner-pryamoug-500ml-179-130-35mm-prozr-pp-polier-500-500/prev","/magazin/product/kontejner-pryamoug-500ml-179-130-35mm-prozr-pp-polier-500-500/prev","301","alias","","","https://clover-spb.ru/catalog/%D0%9E%D0%B4%D0%BD%D0%BE%D1%80%D0%B0%D0%B7%D0%BE%D0%B2%D0%B0%D1%8F%20%D0%BF%D0%BE%D1%81%D1%83%D0%B4%D0%B0/%D0%9A%D0%BE%D0%BD%D1%82%D0%B5%D0%B9%D0%BD%D0%B5%D1%80%D1%8B","/catalog/%D0%9E%D0%B4%D0%BD%D0%BE%D1%80%D0%B0%D0%B7%D0%BE%D0%B2%D0%B0%D1%8F%20%D0%BF%D0%BE%D1%81%D1%83%D0%B4%D0%B0/%D0%9A%D0%BE%D0%BD%D1%82%D0%B5%D0%B9%D0%BD%D0%B5%D1%80%D1%8B","200","subcategory","HIGH","Старый URL уже перенаправлял на /magazin/product/kontejner-pryamoug-500ml-179-130-52mm-chernyj-pp-polier-500-500 и наследует доказанное решение этой сущности","301"
"https://cloverspb.ru/magazin/product/kontejner-pryamoug-500ml-179-130-35mm-prozr-pp-polier-500-500/next","/magazin/product/kontejner-pryamoug-500ml-179-130-35mm-prozr-pp-polier-500-500/next","301","alias","","","https://clover-spb.ru/catalog/%D0%9E%D0%B4%D0%BD%D0%BE%D1%80%D0%B0%D0%B7%D0%BE%D0%B2%D0%B0%D1%8F%20%D0%BF%D0%BE%D1%81%D1%83%D0%B4%D0%B0/%D0%9A%D0%BE%D0%BD%D1%82%D0%B5%D0%B9%D0%BD%D0%B5%D1%80%D1%8B","/catalog/%D0%9E%D0%B4%D0%BD%D0%BE%D1%80%D0%B0%D0%B7%D0%BE%D0%B2%D0%B0%D1%8F%20%D0%BF%D0%BE%D1%81%D1%83%D0%B4%D0%B0/%D0%9A%D0%BE%D0%BD%D1%82%D0%B5%D0%B9%D0%BD%D0%B5%D1%80%D1%8B","200","subcategory","HIGH","Старый URL уже перенаправлял на /magazin/product/kontejner-500ml-d112-kruglyj-prochnyj-prozrachnyj-perint и наследует доказанное решение этой сущности","301"
"https://cloverspb.ru/magazin/product/kontejner-pryamoug-2000ml-179-130-123mm-prozr-pp-polier-500-500/prev","/magazin/product/kontejner-pryamoug-2000ml-179-130-123mm-prozr-pp-polier-500-500/prev","301","alias","","","https://clover-spb.ru/catalog/%D0%9E%D0%B4%D0%BD%D0%BE%D1%80%D0%B0%D0%B7%D0%BE%D0%B2%D0%B0%D1%8F%20%D0%BF%D0%BE%D1%81%D1%83%D0%B4%D0%B0/%D0%9A%D0%BE%D0%BD%D1%82%D0%B5%D0%B9%D0%BD%D0%B5%D1%80%D1%8B","/catalog/%D0%9E%D0%B4%D0%BD%D0%BE%D1%80%D0%B0%D0%B7%D0%BE%D0%B2%D0%B0%D1%8F%20%D0%BF%D0%BE%D1%81%D1%83%D0%B4%D0%B0/%D0%9A%D0%BE%D0%BD%D1%82%D0%B5%D0%B9%D0%BD%D0%B5%D1%80%D1%8B","200","subcategory","HIGH","Старый URL уже перенаправлял на /magazin/product/kontejner-500ml-d112-kruglyj-prozrachnyj-pp-60sht-s-kryshkoj и наследует доказанное решение этой сущности","301"
"https://cloverspb.ru/magazin/product/kontejner-pryamoug-2000ml-179-130-123mm-prozr-pp-polier-500-500/next","/magazin/product/kontejner-pryamoug-2000ml-179-130-123mm-prozr-pp-polier-500-500/next","301","alias","","","https://clover-spb.ru/catalog/%D0%9E%D0%B4%D0%BD%D0%BE%D1%80%D0%B0%D0%B7%D0%BE%D0%B2%D0%B0%D1%8F%20%D0%BF%D0%BE%D1%81%D1%83%D0%B4%D0%B0/%D0%9A%D0%BE%D0%BD%D1%82%D0%B5%D0%B9%D0%BD%D0%B5%D1%80%D1%8B","/catalog/%D0%9E%D0%B4%D0%BD%D0%BE%D1%80%D0%B0%D0%B7%D0%BE%D0%B2%D0%B0%D1%8F%20%D0%BF%D0%BE%D1%81%D1%83%D0%B4%D0%B0/%D0%9A%D0%BE%D0%BD%D1%82%D0%B5%D0%B9%D0%BD%D0%B5%D1%80%D1%8B","200","subcategory","HIGH","Старый URL уже перенаправлял на /magazin/product/kryshka-k-kont-spk-190k-750ml-kruglaya-prozrachnaya-pet и наследует доказанное решение этой сущности","301"
"https://cloverspb.ru/magazin/product/kontejner-pryamoug-1500ml-179-130-98-mm-prozr-pp-polier-500-500/prev","/magazin/product/kontejner-pryamoug-1500ml-179-130-98-mm-prozr-pp-polier-500-500/prev","301","alias","","","https://clover-spb.ru/catalog/%D0%9E%D0%B4%D0%BD%D0%BE%D1%80%D0%B0%D0%B7%D0%BE%D0%B2%D0%B0%D1%8F%20%D0%BF%D0%BE%D1%81%D1%83%D0%B4%D0%B0/%D0%9A%D0%BE%D0%BD%D1%82%D0%B5%D0%B9%D0%BD%D0%B5%D1%80%D1%8B","/catalog/%D0%9E%D0%B4%D0%BD%D0%BE%D1%80%D0%B0%D0%B7%D0%BE%D0%B2%D0%B0%D1%8F%20%D0%BF%D0%BE%D1%81%D1%83%D0%B4%D0%B0/%D0%9A%D0%BE%D0%BD%D1%82%D0%B5%D0%B9%D0%BD%D0%B5%D1%80%D1%8B","200","subcategory","HIGH","Старый URL уже перенаправлял на /magazin/product/kontejner-pryam-1000ml-179-132-chernyj-pp-polier и наследует доказанное решение этой сущности","301"
"https://cloverspb.ru/magazin/product/kontejner-pryamoug-1500ml-179-130-98-mm-prozr-pp-polier-500-500/next","/magazin/product/kontejner-pryamoug-1500ml-179-130-98-mm-prozr-pp-polier-500-500/next","301","alias","","","https://clover-spb.ru/catalog/%D0%9E%D0%B4%D0%BD%D0%BE%D1%80%D0%B0%D0%B7%D0%BE%D0%B2%D0%B0%D1%8F%20%D0%BF%D0%BE%D1%81%D1%83%D0%B4%D0%B0/%D0%9A%D0%BE%D0%BD%D1%82%D0%B5%D0%B9%D0%BD%D0%B5%D1%80%D1%8B","/catalog/%D0%9E%D0%B4%D0%BD%D0%BE%D1%80%D0%B0%D0%B7%D0%BE%D0%B2%D0%B0%D1%8F%20%D0%BF%D0%BE%D1%81%D1%83%D0%B4%D0%B0/%D0%9A%D0%BE%D0%BD%D1%82%D0%B5%D0%B9%D0%BD%D0%B5%D1%80%D1%8B","200","subcategory","HIGH","Старый URL уже перенаправлял на /magazin/product/kontejner-500ml-d112-kruglyj-prozrachnyj-pp-60sht-s-kryshkoj и наследует доказанное решение этой сущности","301"
"https://cloverspb.ru/magazin/product/kontejner-pryam-1000ml-179-132-prozr-pp-polier/prev","/magazin/product/kontejner-pryam-1000ml-179-132-prozr-pp-polier/prev","301","alias","","","https://clover-spb.ru/catalog/%D0%9E%D0%B4%D0%BD%D0%BE%D1%80%D0%B0%D0%B7%D0%BE%D0%B2%D0%B0%D1%8F%20%D0%BF%D0%BE%D1%81%D1%83%D0%B4%D0%B0/%D0%9A%D0%BE%D0%BD%D1%82%D0%B5%D0%B9%D0%BD%D0%B5%D1%80%D1%8B","/catalog/%D0%9E%D0%B4%D0%BD%D0%BE%D1%80%D0%B0%D0%B7%D0%BE%D0%B2%D0%B0%D1%8F%20%D0%BF%D0%BE%D1%81%D1%83%D0%B4%D0%B0/%D0%9A%D0%BE%D0%BD%D1%82%D0%B5%D0%B9%D0%BD%D0%B5%D1%80%D1%8B","200","subcategory","HIGH","Старый URL уже перенаправлял на /magazin/product/kontejner-pr-ms-350ml-kruglyj-chernyj-pp и наследует доказанное решение этой сущности","301"
"https://cloverspb.ru/magazin/product/kontejner-pryam-1000ml-179-132-prozr-pp-polier/next","/magazin/product/kontejner-pryam-1000ml-179-132-prozr-pp-polier/next","301","alias","","","https://clover-spb.ru/catalog/%D0%9E%D0%B4%D0%BD%D0%BE%D1%80%D0%B0%D0%B7%D0%BE%D0%B2%D0%B0%D1%8F%20%D0%BF%D0%BE%D1%81%D1%83%D0%B4%D0%B0/%D0%9A%D0%BE%D0%BD%D1%82%D0%B5%D0%B9%D0%BD%D0%B5%D1%80%D1%8B","/catalog/%D0%9E%D0%B4%D0%BD%D0%BE%D1%80%D0%B0%D0%B7%D0%BE%D0%B2%D0%B0%D1%8F%20%D0%BF%D0%BE%D1%81%D1%83%D0%B4%D0%B0/%D0%9A%D0%BE%D0%BD%D1%82%D0%B5%D0%B9%D0%BD%D0%B5%D1%80%D1%8B","200","subcategory","HIGH","Старый URL уже перенаправлял на /magazin/product/kontejner-pryam-1000ml-179-132-chernyj-pp-polier и наследует доказанное решение этой сущности","301"
"https://cloverspb.ru/magazin/product/kontejner-pryam-1000ml-179-132-chernyj-pp-polier/prev","/magazin/product/kontejner-pryam-1000ml-179-132-chernyj-pp-polier/prev","301","alias","","","https://clover-spb.ru/product/%D0%9D%D0%A4-00000022","/product/%D0%9D%D0%A4-00000022","200","product","EXACT","Старый URL уже перенаправлял на /magazin/product/kontejner-pryam-1000ml-179-132-prozr-pp-polier и наследует доказанное решение этой сущности","301"
"https://cloverspb.ru/magazin/product/kontejner-pryam-1000ml-179-132-chernyj-pp-polier/next","/magazin/product/kontejner-pryam-1000ml-179-132-chernyj-pp-polier/next","301","alias","","","https://clover-spb.ru/product/%D0%9D%D0%A4-00000313","/product/%D0%9D%D0%A4-00000313","200","product","EXACT","Старый URL уже перенаправлял на /magazin/product/kontejner-pryamoug-1500ml-179-130-98-mm-prozr-pp-polier-500-500 и наследует доказанное решение этой сущности","301"
"https://cloverspb.ru/magazin/product/kontejner-pryam-350ml-prozr-139-102-39ml-bez-kryshki-pp-polier-50-50/prev","/magazin/product/kontejner-pryam-350ml-prozr-139-102-39ml-bez-kryshki-pp-polier-50-50/prev","301","alias","","","https://clover-spb.ru/catalog/%D0%9E%D0%B4%D0%BD%D0%BE%D1%80%D0%B0%D0%B7%D0%BE%D0%B2%D0%B0%D1%8F%20%D0%BF%D0%BE%D1%81%D1%83%D0%B4%D0%B0/%D0%9A%D0%BE%D0%BD%D1%82%D0%B5%D0%B9%D0%BD%D0%B5%D1%80%D1%8B","/catalog/%D0%9E%D0%B4%D0%BD%D0%BE%D1%80%D0%B0%D0%B7%D0%BE%D0%B2%D0%B0%D1%8F%20%D0%BF%D0%BE%D1%81%D1%83%D0%B4%D0%B0/%D0%9A%D0%BE%D0%BD%D1%82%D0%B5%D0%B9%D0%BD%D0%B5%D1%80%D1%8B","200","subcategory","HIGH","Старый URL уже перенаправлял на /magazin/product/kontejner-pryamoug-250ml-108-82-48mm-bez-kryshki100-1000 и наследует доказанное решение этой сущности","301"
"https://cloverspb.ru/magazin/product/kontejner-pryam-350ml-prozr-139-102-39ml-bez-kryshki-pp-polier-50-50/next","/magazin/product/kontejner-pryam-350ml-prozr-139-102-39ml-bez-kryshki-pp-polier-50-50/next","301","alias","","","https://clover-spb.ru/catalog/%D0%9E%D0%B4%D0%BD%D0%BE%D1%80%D0%B0%D0%B7%D0%BE%D0%B2%D0%B0%D1%8F%20%D0%BF%D0%BE%D1%81%D1%83%D0%B4%D0%B0/%D0%9A%D0%BE%D0%BD%D1%82%D0%B5%D0%B9%D0%BD%D0%B5%D1%80%D1%8B","/catalog/%D0%9E%D0%B4%D0%BD%D0%BE%D1%80%D0%B0%D0%B7%D0%BE%D0%B2%D0%B0%D1%8F%20%D0%BF%D0%BE%D1%81%D1%83%D0%B4%D0%B0/%D0%9A%D0%BE%D0%BD%D1%82%D0%B5%D0%B9%D0%BD%D0%B5%D1%80%D1%8B","200","subcategory","HIGH","Старый URL уже перенаправлял на /magazin/product/kontejner-pryamoug-bez-kryshki-500ml-108-82-100mm-pp-100-100 и наследует доказанное решение этой сущности","301"
"https://cloverspb.ru/magazin/product/kontejner-pryamoug-250ml-108-82-48mm-bez-kryshki100-1000/prev","/magazin/product/kontejner-pryamoug-250ml-108-82-48mm-bez-kryshki100-1000/prev","301","alias","","","https://clover-spb.ru/catalog/%D0%9E%D0%B4%D0%BD%D0%BE%D1%80%D0%B0%D0%B7%D0%BE%D0%B2%D0%B0%D1%8F%20%D0%BF%D0%BE%D1%81%D1%83%D0%B4%D0%B0/%D0%9A%D0%BE%D0%BD%D1%82%D0%B5%D0%B9%D0%BD%D0%B5%D1%80%D1%8B","/catalog/%D0%9E%D0%B4%D0%BD%D0%BE%D1%80%D0%B0%D0%B7%D0%BE%D0%B2%D0%B0%D1%8F%20%D0%BF%D0%BE%D1%81%D1%83%D0%B4%D0%B0/%D0%9A%D0%BE%D0%BD%D1%82%D0%B5%D0%B9%D0%BD%D0%B5%D1%80%D1%8B","200","subcategory","HIGH","Старый URL уже перенаправлял на /magazin/product/kryshka-alyum-kart-cr28l-140x155mm-k-forme-alyum-rn28l и наследует доказанное решение этой сущности","301"
"https://cloverspb.ru/magazin/product/kontejner-pryamoug-250ml-108-82-48mm-bez-kryshki100-1000/next","/magazin/product/kontejner-pryamoug-250ml-108-82-48mm-bez-kryshki100-1000/next","301","alias","","","https://clover-spb.ru/catalog/%D0%9E%D0%B4%D0%BD%D0%BE%D1%80%D0%B0%D0%B7%D0%BE%D0%B2%D0%B0%D1%8F%20%D0%BF%D0%BE%D1%81%D1%83%D0%B4%D0%B0/%D0%9A%D0%BE%D0%BD%D1%82%D0%B5%D0%B9%D0%BD%D0%B5%D1%80%D1%8B","/catalog/%D0%9E%D0%B4%D0%BD%D0%BE%D1%80%D0%B0%D0%B7%D0%BE%D0%B2%D0%B0%D1%8F%20%D0%BF%D0%BE%D1%81%D1%83%D0%B4%D0%B0/%D0%9A%D0%BE%D0%BD%D1%82%D0%B5%D0%B9%D0%BD%D0%B5%D1%80%D1%8B","200","subcategory","HIGH","Старый URL уже перенаправлял на /magazin/product/kontejner-pryam-350ml-prozr-139-102-39ml-bez-kryshki-pp-polier-50-50 и наследует доказанное решение этой сущности","301"
"https://cloverspb.ru/magazin/product/kontejner-pryamoug-125ml-108-82-25mm-b-kryshki-prozr-pp-polier-100-100/prev","/magazin/product/kontejner-pryamoug-125ml-108-82-25mm-b-kryshki-prozr-pp-polier-100-100/prev","301","alias","","","https://clover-spb.ru/catalog/%D0%9E%D0%B4%D0%BD%D0%BE%D1%80%D0%B0%D0%B7%D0%BE%D0%B2%D0%B0%D1%8F%20%D0%BF%D0%BE%D1%81%D1%83%D0%B4%D0%B0/%D0%92%D0%B5%D0%B4%D1%80%D0%B0","/catalog/%D0%9E%D0%B4%D0%BD%D0%BE%D1%80%D0%B0%D0%B7%D0%BE%D0%B2%D0%B0%D1%8F%20%D0%BF%D0%BE%D1%81%D1%83%D0%B4%D0%B0/%D0%92%D0%B5%D0%B4%D1%80%D0%B0","200","subcategory","HIGH","Старый URL уже перенаправлял на /magazin/product/vedro-5000-ml-s-kryshkoj и наследует доказанное решение этой сущности","301"
"https://cloverspb.ru/magazin/product/kontejner-pryamoug-125ml-108-82-25mm-b-kryshki-prozr-pp-polier-100-100/next","/magazin/product/kontejner-pryamoug-125ml-108-82-25mm-b-kryshki-prozr-pp-polier-100-100/next","301","alias","","","https://clover-spb.ru/catalog/%D0%9E%D0%B4%D0%BD%D0%BE%D1%80%D0%B0%D0%B7%D0%BE%D0%B2%D0%B0%D1%8F%20%D0%BF%D0%BE%D1%81%D1%83%D0%B4%D0%B0/%D0%9A%D0%BE%D0%BD%D1%82%D0%B5%D0%B9%D0%BD%D0%B5%D1%80%D1%8B","/catalog/%D0%9E%D0%B4%D0%BD%D0%BE%D1%80%D0%B0%D0%B7%D0%BE%D0%B2%D0%B0%D1%8F%20%D0%BF%D0%BE%D1%81%D1%83%D0%B4%D0%B0/%D0%9A%D0%BE%D0%BD%D1%82%D0%B5%D0%B9%D0%BD%D0%B5%D1%80%D1%8B","200","subcategory","HIGH","Старый URL уже перенаправлял на /magazin/product/kryshka-alyum-kart-cr28l-140x155mm-k-forme-alyum-rn28l и наследует доказанное решение этой сущности","301"
"https://cloverspb.ru/magazin/product/kontejner-pryamoug-bez-kryshki-500ml-108-82-100mm-pp-100-100/prev","/magazin/product/kontejner-pryamoug-bez-kryshki-500ml-108-82-100mm-pp-100-100/prev","301","alias","","","https://clover-spb.ru/catalog/%D0%9E%D0%B4%D0%BD%D0%BE%D1%80%D0%B0%D0%B7%D0%BE%D0%B2%D0%B0%D1%8F%20%D0%BF%D0%BE%D1%81%D1%83%D0%B4%D0%B0/%D0%9A%D0%BE%D0%BD%D1%82%D0%B5%D0%B9%D0%BD%D0%B5%D1%80%D1%8B","/catalog/%D0%9E%D0%B4%D0%BD%D0%BE%D1%80%D0%B0%D0%B7%D0%BE%D0%B2%D0%B0%D1%8F%20%D0%BF%D0%BE%D1%81%D1%83%D0%B4%D0%B0/%D0%9A%D0%BE%D0%BD%D1%82%D0%B5%D0%B9%D0%BD%D0%B5%D1%80%D1%8B","200","subcategory","HIGH","Старый URL уже перенаправлял на /magazin/product/kontejner-pryam-350ml-prozr-139-102-39ml-bez-kryshki-pp-polier-50-50 и наследует доказанное решение этой сущности","301"
"https://cloverspb.ru/magazin/product/kontejner-pryamoug-bez-kryshki-500ml-108-82-100mm-pp-100-100/next","/magazin/product/kontejner-pryamoug-bez-kryshki-500ml-108-82-100mm-pp-100-100/next","301","alias","","","https://clover-spb.ru/catalog/%D0%9E%D0%B4%D0%BD%D0%BE%D1%80%D0%B0%D0%B7%D0%BE%D0%B2%D0%B0%D1%8F%20%D0%BF%D0%BE%D1%81%D1%83%D0%B4%D0%B0/%D0%9A%D0%BE%D0%BD%D1%82%D0%B5%D0%B9%D0%BD%D0%B5%D1%80%D1%8B","/catalog/%D0%9E%D0%B4%D0%BD%D0%BE%D1%80%D0%B0%D0%B7%D0%BE%D0%B2%D0%B0%D1%8F%20%D0%BF%D0%BE%D1%81%D1%83%D0%B4%D0%B0/%D0%9A%D0%BE%D0%BD%D1%82%D0%B5%D0%B9%D0%BD%D0%B5%D1%80%D1%8B","200","subcategory","HIGH","Старый URL уже перенаправлял на /magazin/product/kontejner-pryamoug-500ml-prozr-139-102-56-bez-kryshki-pp-polier-50-500 и наследует доказанное решение этой сущности","301"
"https://cloverspb.ru/magazin/product/kontejner-prozr-kruglyj-360ml-rr-bk-50-500-bez-kryshki/prev","/magazin/product/kontejner-prozr-kruglyj-360ml-rr-bk-50-500-bez-kryshki/prev","301","alias","","","https://clover-spb.ru/catalog/%D0%9E%D0%B4%D0%BD%D0%BE%D1%80%D0%B0%D0%B7%D0%BE%D0%B2%D0%B0%D1%8F%20%D0%BF%D0%BE%D1%81%D1%83%D0%B4%D0%B0/%D0%9A%D0%BE%D0%BD%D1%82%D0%B5%D0%B9%D0%BD%D0%B5%D1%80%D1%8B","/catalog/%D0%9E%D0%B4%D0%BD%D0%BE%D1%80%D0%B0%D0%B7%D0%BE%D0%B2%D0%B0%D1%8F%20%D0%BF%D0%BE%D1%81%D1%83%D0%B4%D0%B0/%D0%9A%D0%BE%D0%BD%D1%82%D0%B5%D0%B9%D0%BD%D0%B5%D1%80%D1%8B","200","subcategory","HIGH","Старый URL уже перенаправлял на /magazin/product/kontejner-500ml-d112-kruglyj-prochnyj-prozrachnyj-perint и наследует доказанное решение этой сущности","301"
"https://cloverspb.ru/magazin/product/kontejner-prozr-kruglyj-360ml-rr-bk-50-500-bez-kryshki/next","/magazin/product/kontejner-prozr-kruglyj-360ml-rr-bk-50-500-bez-kryshki/next","301","alias","","","https://clover-spb.ru/catalog/%D0%9E%D0%B4%D0%BD%D0%BE%D1%80%D0%B0%D0%B7%D0%BE%D0%B2%D0%B0%D1%8F%20%D0%BF%D0%BE%D1%81%D1%83%D0%B4%D0%B0/%D0%9A%D0%BE%D0%BD%D1%82%D0%B5%D0%B9%D0%BD%D0%B5%D1%80%D1%8B","/catalog/%D0%9E%D0%B4%D0%BD%D0%BE%D1%80%D0%B0%D0%B7%D0%BE%D0%B2%D0%B0%D1%8F%20%D0%BF%D0%BE%D1%81%D1%83%D0%B4%D0%B0/%D0%9A%D0%BE%D0%BD%D1%82%D0%B5%D0%B9%D0%BD%D0%B5%D1%80%D1%8B","200","subcategory","HIGH","Старый URL уже перенаправлял на /magazin/product/kontejner-pryamoug-750ml-179-130-52mm-chernyj-pp-polier-500-500 и наследует доказанное решение этой сущности","301"
"https://cloverspb.ru/magazin/product/lanchboks-2-sekcii-246h196h70-mm-belyj-vsp-50-200/prev","/magazin/product/lanchboks-2-sekcii-246h196h70-mm-belyj-vsp-50-200/prev","301","alias","","","https://clover-spb.ru/catalog/%D0%9E%D0%B4%D0%BD%D0%BE%D1%80%D0%B0%D0%B7%D0%BE%D0%B2%D0%B0%D1%8F%20%D0%BF%D0%BE%D1%81%D1%83%D0%B4%D0%B0/%D0%9B%D0%B0%D0%BD%D1%87-%D0%B1%D0%BE%D0%BA%D1%81%D1%8B","/catalog/%D0%9E%D0%B4%D0%BD%D0%BE%D1%80%D0%B0%D0%B7%D0%BE%D0%B2%D0%B0%D1%8F%20%D0%BF%D0%BE%D1%81%D1%83%D0%B4%D0%B0/%D0%9B%D0%B0%D0%BD%D1%87-%D0%B1%D0%BE%D0%BA%D1%81%D1%8B","200","subcategory","HIGH","Старый URL уже перенаправлял на /magazin/product/lanch-boks-pps-2-sekc-chernyj-100 и наследует доказанное решение этой сущности","301"
"https://cloverspb.ru/magazin/product/lanchboks-2-sekcii-246h196h70-mm-belyj-vsp-50-200/next","/magazin/product/lanchboks-2-sekcii-246h196h70-mm-belyj-vsp-50-200/next","301","alias","","","https://clover-spb.ru/catalog/%D0%9E%D0%B4%D0%BD%D0%BE%D1%80%D0%B0%D0%B7%D0%BE%D0%B2%D0%B0%D1%8F%20%D0%BF%D0%BE%D1%81%D1%83%D0%B4%D0%B0/%D0%9B%D0%B0%D0%BD%D1%87-%D0%B1%D0%BE%D0%BA%D1%81%D1%8B","/catalog/%D0%9E%D0%B4%D0%BD%D0%BE%D1%80%D0%B0%D0%B7%D0%BE%D0%B2%D0%B0%D1%8F%20%D0%BF%D0%BE%D1%81%D1%83%D0%B4%D0%B0/%D0%9B%D0%B0%D0%BD%D1%87-%D0%B1%D0%BE%D0%BA%D1%81%D1%8B","200","subcategory","HIGH","Старый URL уже перенаправлял на /magazin/product/lanchboks-3-sekcii-246h196h70-mm-belyj-vsp-50-200 и наследует доказанное решение этой сущности","301"
"https://cloverspb.ru/magazin/product/lanchboks-3-sekcii-246h196h70-mm-belyj-vsp-50-200/prev","/magazin/product/lanchboks-3-sekcii-246h196h70-mm-belyj-vsp-50-200/prev","301","alias","","","https://clover-spb.ru/catalog/%D0%9E%D0%B4%D0%BD%D0%BE%D1%80%D0%B0%D0%B7%D0%BE%D0%B2%D0%B0%D1%8F%20%D0%BF%D0%BE%D1%81%D1%83%D0%B4%D0%B0/%D0%9B%D0%B0%D0%BD%D1%87-%D0%B1%D0%BE%D0%BA%D1%81%D1%8B","/catalog/%D0%9E%D0%B4%D0%BD%D0%BE%D1%80%D0%B0%D0%B7%D0%BE%D0%B2%D0%B0%D1%8F%20%D0%BF%D0%BE%D1%81%D1%83%D0%B4%D0%B0/%D0%9B%D0%B0%D0%BD%D1%87-%D0%B1%D0%BE%D0%BA%D1%81%D1%8B","200","subcategory","HIGH","Старый URL уже перенаправлял на /magazin/product/lanchboks-2-sekcii-246h196h70-mm-belyj-vsp-50-200 и наследует доказанное решение этой сущности","301"
"https://cloverspb.ru/magazin/product/lanchboks-3-sekcii-246h196h70-mm-belyj-vsp-50-200/next","/magazin/product/lanchboks-3-sekcii-246h196h70-mm-belyj-vsp-50-200/next","301","alias","","","https://clover-spb.ru/catalog/%D0%9E%D0%B4%D0%BD%D0%BE%D1%80%D0%B0%D0%B7%D0%BE%D0%B2%D0%B0%D1%8F%20%D0%BF%D0%BE%D1%81%D1%83%D0%B4%D0%B0/%D0%9B%D0%B0%D0%BD%D1%87-%D0%B1%D0%BE%D0%BA%D1%81%D1%8B","/catalog/%D0%9E%D0%B4%D0%BD%D0%BE%D1%80%D0%B0%D0%B7%D0%BE%D0%B2%D0%B0%D1%8F%20%D0%BF%D0%BE%D1%81%D1%83%D0%B4%D0%B0/%D0%9B%D0%B0%D0%BD%D1%87-%D0%B1%D0%BE%D0%BA%D1%81%D1%8B","200","subcategory","HIGH","Старый URL уже перенаправлял на /magazin/product/lanchboks-bez-sekcij-246h196h70-belyj-vsp-50-200 и наследует доказанное решение этой сущности","301"
"https://cloverspb.ru/magazin/product/lanchboks-bez-sekcij-246h196h70-belyj-vsp-50-200/prev","/magazin/product/lanchboks-bez-sekcij-246h196h70-belyj-vsp-50-200/prev","301","alias","","","https://clover-spb.ru/catalog/%D0%9E%D0%B4%D0%BD%D0%BE%D1%80%D0%B0%D0%B7%D0%BE%D0%B2%D0%B0%D1%8F%20%D0%BF%D0%BE%D1%81%D1%83%D0%B4%D0%B0/%D0%9B%D0%B0%D0%BD%D1%87-%D0%B1%D0%BE%D0%BA%D1%81%D1%8B","/catalog/%D0%9E%D0%B4%D0%BD%D0%BE%D1%80%D0%B0%D0%B7%D0%BE%D0%B2%D0%B0%D1%8F%20%D0%BF%D0%BE%D1%81%D1%83%D0%B4%D0%B0/%D0%9B%D0%B0%D0%BD%D1%87-%D0%B1%D0%BE%D0%BA%D1%81%D1%8B","200","subcategory","HIGH","Старый URL уже перенаправлял на /magazin/product/lanchboks-3-sekcii-246h196h70-mm-belyj-vsp-50-200 и наследует доказанное решение этой сущности","301"
"https://cloverspb.ru/magazin/product/lanchboks-bez-sekcij-246h196h70-belyj-vsp-50-200/next","/magazin/product/lanchboks-bez-sekcij-246h196h70-belyj-vsp-50-200/next","301","alias","","","https://clover-spb.ru/catalog/%D0%9E%D0%B4%D0%BD%D0%BE%D1%80%D0%B0%D0%B7%D0%BE%D0%B2%D0%B0%D1%8F%20%D0%BF%D0%BE%D1%81%D1%83%D0%B4%D0%B0/%D0%9B%D0%B0%D0%BD%D1%87-%D0%B1%D0%BE%D0%BA%D1%81%D1%8B","/catalog/%D0%9E%D0%B4%D0%BD%D0%BE%D1%80%D0%B0%D0%B7%D0%BE%D0%B2%D0%B0%D1%8F%20%D0%BF%D0%BE%D1%81%D1%83%D0%B4%D0%B0/%D0%9B%D0%B0%D0%BD%D1%87-%D0%B1%D0%BE%D0%BA%D1%81%D1%8B","200","subcategory","HIGH","Старый URL уже перенаправлял на /magazin/product/lanch-boks-odnosekcionnyj-belyj-premium и наследует доказанное решение этой сущности","301"
"https://cloverspb.ru/magazin/product/sousnik-30ml-80sht-upak/prev","/magazin/product/sousnik-30ml-80sht-upak/prev","301","alias","","","https://clover-spb.ru/product/%D0%9D%D0%A4-00001171","/product/%D0%9D%D0%A4-00001171","200","product","EXACT","Старый URL уже перенаправлял на /magazin/product/sousnik-s-kryshkoj-30-ml-pokrov-chernyj и наследует доказанное решение этой сущности","301"
"https://cloverspb.ru/magazin/product/sousnik-30ml-80sht-upak/next","/magazin/product/sousnik-30ml-80sht-upak/next","301","alias","","","https://clover-spb.ru/product/%D0%9D%D0%A4-00001172","/product/%D0%9D%D0%A4-00001172","200","product","EXACT","Старый URL уже перенаправлял на /magazin/product/sousnik-s-kryshkoj-50-ml-pokrov-chernyj и наследует доказанное решение этой сущности","301"
"https://cloverspb.ru/magazin/product/sousnik-50ml-80sht-upak/prev","/magazin/product/sousnik-50ml-80sht-upak/prev","301","alias","","","https://clover-spb.ru/product/%D0%9D%D0%A4-00001172","/product/%D0%9D%D0%A4-00001172","200","product","EXACT","Старый URL уже перенаправлял на /magazin/product/sousnik-s-kryshkoj-50-ml-pokrov-chernyj и наследует доказанное решение этой сущности","301"
"https://cloverspb.ru/magazin/product/sousnik-50ml-80sht-upak/next","/magazin/product/sousnik-50ml-80sht-upak/next","301","alias","","","https://clover-spb.ru/catalog/%D0%9E%D0%B4%D0%BD%D0%BE%D1%80%D0%B0%D0%B7%D0%BE%D0%B2%D0%B0%D1%8F%20%D0%BF%D0%BE%D1%81%D1%83%D0%B4%D0%B0/%D0%A1%D0%BE%D1%83%D1%81%D0%BD%D0%B8%D0%BA%D0%B8","/catalog/%D0%9E%D0%B4%D0%BD%D0%BE%D1%80%D0%B0%D0%B7%D0%BE%D0%B2%D0%B0%D1%8F%20%D0%BF%D0%BE%D1%81%D1%83%D0%B4%D0%B0/%D0%A1%D0%BE%D1%83%D1%81%D0%BD%D0%B8%D0%BA%D0%B8","200","subcategory","HIGH","Старый URL уже перенаправлял на /magazin/product/sousnik-80ml-80sht-upak и наследует доказанное решение этой сущности","301"
"https://cloverspb.ru/magazin/product/sousnik-80ml-80sht-upak/prev","/magazin/product/sousnik-80ml-80sht-upak/prev","301","alias","","","https://clover-spb.ru/product/%D0%9D%D0%A4-00000449","/product/%D0%9D%D0%A4-00000449","200","product","EXACT","Старый URL уже перенаправлял на /magazin/product/sousnik-50ml-80sht-upak и наследует доказанное решение этой сущности","301"
"https://cloverspb.ru/magazin/product/sousnik-80ml-80sht-upak/next","/magazin/product/sousnik-80ml-80sht-upak/next","301","alias","","","https://clover-spb.ru/product/%D0%9D%D0%A4-00001201","/product/%D0%9D%D0%A4-00001201","200","product","EXACT","Старый URL уже перенаправлял на /magazin/product/kryshka-k-sousniku-s11-117h85-prozrachnaya и наследует доказанное решение этой сущности","301"
"https://cloverspb.ru/magazin/product/tarelka-odnorazovaya-175-mm-belaya-kartonnaya-pavlovsk-1000-1000/prev","/magazin/product/tarelka-odnorazovaya-175-mm-belaya-kartonnaya-pavlovsk-1000-1000/prev","301","alias","","","https://clover-spb.ru/catalog/%D0%9E%D0%B4%D0%BD%D0%BE%D1%80%D0%B0%D0%B7%D0%BE%D0%B2%D0%B0%D1%8F%20%D0%BF%D0%BE%D1%81%D1%83%D0%B4%D0%B0/%D0%A2%D0%B0%D1%80%D0%B5%D0%BB%D0%BA%D0%B8%2C%20%D0%BC%D0%B8%D1%81%D0%BA%D0%B8","/catalog/%D0%9E%D0%B4%D0%BD%D0%BE%D1%80%D0%B0%D0%B7%D0%BE%D0%B2%D0%B0%D1%8F%20%D0%BF%D0%BE%D1%81%D1%83%D0%B4%D0%B0/%D0%A2%D0%B0%D1%80%D0%B5%D0%BB%D0%BA%D0%B8%2C%20%D0%BC%D0%B8%D1%81%D0%BA%D0%B8","200","subcategory","HIGH","Старый URL уже перенаправлял на /magazin/product/tarelka-22-sm-bez-sekcij-plastikovaya-belaya и наследует доказанное решение этой сущности","301"
"https://cloverspb.ru/magazin/product/tarelka-odnorazovaya-175-mm-belaya-kartonnaya-pavlovsk-1000-1000/next","/magazin/product/tarelka-odnorazovaya-175-mm-belaya-kartonnaya-pavlovsk-1000-1000/next","301","alias","","","https://clover-spb.ru/product/%D0%9D%D0%A4-00000013","/product/%D0%9D%D0%A4-00000013","200","product","EXACT","Старый URL уже перенаправлял на /magazin/product/tarelka-odnorazovaya-205mm-3-h-sekcionnaya-belaya-ps-polier-100-1800 и наследует доказанное решение этой сущности","301"
"https://cloverspb.ru/magazin/product/tarelka-odnorazovaya-205mm-3-h-sekcionnaya-belaya-ps-polier-100-1800/prev","/magazin/product/tarelka-odnorazovaya-205mm-3-h-sekcionnaya-belaya-ps-polier-100-1800/prev","301","alias","","","https://clover-spb.ru/product/%D0%9D%D0%A4-00000016","/product/%D0%9D%D0%A4-00000016","200","product","EXACT","Старый URL уже перенаправлял на /magazin/product/tarelka-odnorazovaya-175-mm-belaya-kartonnaya-pavlovsk-1000-1000 и наследует доказанное решение этой сущности","301"
"https://cloverspb.ru/magazin/product/tarelka-odnorazovaya-205mm-3-h-sekcionnaya-belaya-ps-polier-100-1800/next","/magazin/product/tarelka-odnorazovaya-205mm-3-h-sekcionnaya-belaya-ps-polier-100-1800/next","301","alias","","","https://clover-spb.ru/catalog/%D0%9E%D0%B4%D0%BD%D0%BE%D1%80%D0%B0%D0%B7%D0%BE%D0%B2%D0%B0%D1%8F%20%D0%BF%D0%BE%D1%81%D1%83%D0%B4%D0%B0/%D0%A2%D0%B0%D1%80%D0%B5%D0%BB%D0%BA%D0%B8%2C%20%D0%BC%D0%B8%D1%81%D0%BA%D0%B8","/catalog/%D0%9E%D0%B4%D0%BD%D0%BE%D1%80%D0%B0%D0%B7%D0%BE%D0%B2%D0%B0%D1%8F%20%D0%BF%D0%BE%D1%81%D1%83%D0%B4%D0%B0/%D0%A2%D0%B0%D1%80%D0%B5%D0%BB%D0%BA%D0%B8%2C%20%D0%BC%D0%B8%D1%81%D0%BA%D0%B8","200","subcategory","HIGH","Старый URL уже перенаправлял на /magazin/product/tarelka-22-sm-bez-sekcij-plastikovaya-belaya и наследует доказанное решение этой сущности","301"
"https://cloverspb.ru/magazin/product/vilka-odn-165-mm-belaya-ps-rts-100-2000/prev","/magazin/product/vilka-odn-165-mm-belaya-ps-rts-100-2000/prev","301","alias","","","https://clover-spb.ru/product/%D0%9D%D0%A4-00000044","/product/%D0%9D%D0%A4-00000044","200","product","EXACT","Старый URL уже перенаправлял на /magazin/product/lozhka-chajnaya-odn-125-mm-bel-ps-rts-100-4000 и наследует доказанное решение этой сущности","301"
"https://cloverspb.ru/magazin/product/vilka-odn-165-mm-belaya-ps-rts-100-2000/next","/magazin/product/vilka-odn-165-mm-belaya-ps-rts-100-2000/next","301","alias","","","https://clover-spb.ru/product/%D0%9D%D0%A4-00000043","/product/%D0%9D%D0%A4-00000043","200","product","EXACT","Старый URL уже перенаправлял на /magazin/product/lozhka-stolovaya-odn-165mm-bel-ps-rts-100-2000 и наследует доказанное решение этой сущности","301"
"https://cloverspb.ru/magazin/product/vilka-odn-180-mm-prozr-ps-pokrov-50-2000/prev","/magazin/product/vilka-odn-180-mm-prozr-ps-pokrov-50-2000/prev","301","alias","","","https://clover-spb.ru/product/%D0%9D%D0%A4-00000332","/product/%D0%9D%D0%A4-00000332","200","product","EXACT","Старый URL уже перенаправлял на /magazin/product/lozhka-plastikovaya-prozrachnaya-premium и наследует доказанное решение этой сущности","301"
"https://cloverspb.ru/magazin/product/vilka-odn-180-mm-prozr-ps-pokrov-50-2000/next","/magazin/product/vilka-odn-180-mm-prozr-ps-pokrov-50-2000/next","301","alias","","","https://clover-spb.ru/product/%D0%9D%D0%A4-00000688","/product/%D0%9D%D0%A4-00000688","200","product","EXACT","Старый URL уже перенаправлял на /magazin/product/nozh-plastikovyj-prozrachnyj-premium и наследует доказанное решение этой сущности","301"
"https://cloverspb.ru/magazin/product/lozhka-stolovaya-odn-165mm-bel-ps-rts-100-2000/prev","/magazin/product/lozhka-stolovaya-odn-165mm-bel-ps-rts-100-2000/prev","301","alias","","","https://clover-spb.ru/product/%D0%9D%D0%A4-00000041","/product/%D0%9D%D0%A4-00000041","200","product","EXACT","Старый URL уже перенаправлял на /magazin/product/vilka-odn-165-mm-belaya-ps-rts-100-2000 и наследует доказанное решение этой сущности","301"
"https://cloverspb.ru/magazin/product/lozhka-stolovaya-odn-165mm-bel-ps-rts-100-2000/next","/magazin/product/lozhka-stolovaya-odn-165mm-bel-ps-rts-100-2000/next","301","alias","","","https://clover-spb.ru/product/%D0%9D%D0%A4-00000042","/product/%D0%9D%D0%A4-00000042","200","product","EXACT","Старый URL уже перенаправлял на /magazin/product/nozh-odn-165-mm-belyj-ps-200-5000 и наследует доказанное решение этой сущности","301"
"https://cloverspb.ru/magazin/product/lozhka-chajnaya-odn-125-mm-bel-ps-rts-100-4000/prev","/magazin/product/lozhka-chajnaya-odn-125-mm-bel-ps-rts-100-4000/prev","301","alias","","","https://clover-spb.ru/product/%D0%9D%D0%A4-00000688","/product/%D0%9D%D0%A4-00000688","200","product","EXACT","Старый URL уже перенаправлял на /magazin/product/nozh-plastikovyj-prozrachnyj-premium и наследует доказанное решение этой сущности","301"
"https://cloverspb.ru/magazin/product/lozhka-chajnaya-odn-125-mm-bel-ps-rts-100-4000/next","/magazin/product/lozhka-chajnaya-odn-125-mm-bel-ps-rts-100-4000/next","301","alias","","","https://clover-spb.ru/product/%D0%9D%D0%A4-00000041","/product/%D0%9D%D0%A4-00000041","200","product","EXACT","Старый URL уже перенаправлял на /magazin/product/vilka-odn-165-mm-belaya-ps-rts-100-2000 и наследует доказанное решение этой сущности","301"
"https://cloverspb.ru/magazin/product/nozh-odn-165-mm-belyj-ps-200-5000/prev","/magazin/product/nozh-odn-165-mm-belyj-ps-200-5000/prev","301","alias","","","https://clover-spb.ru/product/%D0%9D%D0%A4-00000043","/product/%D0%9D%D0%A4-00000043","200","product","EXACT","Старый URL уже перенаправлял на /magazin/product/lozhka-stolovaya-odn-165mm-bel-ps-rts-100-2000 и наследует доказанное решение этой сущности","301"
"https://cloverspb.ru/magazin/product/nozh-odn-165-mm-belyj-ps-200-5000/next","/magazin/product/nozh-odn-165-mm-belyj-ps-200-5000/next","301","alias","","","https://clover-spb.ru/product/%D0%9D%D0%A4-00000499","/product/%D0%9D%D0%A4-00000499","200","product","EXACT","Старый URL уже перенаправлял на /magazin/product/lozhka-stolovaya-plastikovaya-chernaya-premium и наследует доказанное решение этой сущности","301"
"https://cloverspb.ru/magazin/product/lozhka-stolovaya-plastikovaya-chernaya-premium/prev","/magazin/product/lozhka-stolovaya-plastikovaya-chernaya-premium/prev","301","alias","","","https://clover-spb.ru/product/%D0%9D%D0%A4-00000042","/product/%D0%9D%D0%A4-00000042","200","product","EXACT","Старый URL уже перенаправлял на /magazin/product/nozh-odn-165-mm-belyj-ps-200-5000 и наследует доказанное решение этой сущности","301"
"https://cloverspb.ru/magazin/product/lozhka-stolovaya-plastikovaya-chernaya-premium/next","/magazin/product/lozhka-stolovaya-plastikovaya-chernaya-premium/next","301","alias","","","https://clover-spb.ru/product/%D0%9D%D0%A4-00000498","/product/%D0%9D%D0%A4-00000498","200","product","EXACT","Старый URL уже перенаправлял на /magazin/product/vilka-plastikovaya-chernaya-premium и наследует доказанное решение этой сущности","301"
"https://cloverspb.ru/magazin/product/vilka-plastikovaya-chernaya-premium/prev","/magazin/product/vilka-plastikovaya-chernaya-premium/prev","301","alias","","","https://clover-spb.ru/product/%D0%9D%D0%A4-00000499","/product/%D0%9D%D0%A4-00000499","200","product","EXACT","Старый URL уже перенаправлял на /magazin/product/lozhka-stolovaya-plastikovaya-chernaya-premium и наследует доказанное решение этой сущности","301"
"https://cloverspb.ru/magazin/product/vilka-plastikovaya-chernaya-premium/next","/magazin/product/vilka-plastikovaya-chernaya-premium/next","301","alias","","","https://clover-spb.ru/product/%D0%9D%D0%A4-00000332","/product/%D0%9D%D0%A4-00000332","200","product","EXACT","Старый URL уже перенаправлял на /magazin/product/lozhka-plastikovaya-prozrachnaya-premium и наследует доказанное решение этой сущности","301"
"https://cloverspb.ru/magazin/product/lozhka-plastikovaya-prozrachnaya-premium/prev","/magazin/product/lozhka-plastikovaya-prozrachnaya-premium/prev","301","alias","","","https://clover-spb.ru/product/%D0%9D%D0%A4-00000498","/product/%D0%9D%D0%A4-00000498","200","product","EXACT","Старый URL уже перенаправлял на /magazin/product/vilka-plastikovaya-chernaya-premium и наследует доказанное решение этой сущности","301"
"https://cloverspb.ru/magazin/product/lozhka-plastikovaya-prozrachnaya-premium/next","/magazin/product/lozhka-plastikovaya-prozrachnaya-premium/next","301","alias","","","https://clover-spb.ru/catalog/%D0%9E%D0%B4%D0%BD%D0%BE%D1%80%D0%B0%D0%B7%D0%BE%D0%B2%D0%B0%D1%8F%20%D0%BF%D0%BE%D1%81%D1%83%D0%B4%D0%B0","/catalog/%D0%9E%D0%B4%D0%BD%D0%BE%D1%80%D0%B0%D0%B7%D0%BE%D0%B2%D0%B0%D1%8F%20%D0%BF%D0%BE%D1%81%D1%83%D0%B4%D0%B0","200","category","HIGH","Старый URL уже перенаправлял на /magazin/product/vilka-odn-180-mm-prozr-ps-pokrov-50-2000 и наследует доказанное решение этой сущности","301"
"https://cloverspb.ru/magazin/product/nozh-plastikovyj-prozrachnyj-premium/prev","/magazin/product/nozh-plastikovyj-prozrachnyj-premium/prev","301","alias","","","https://clover-spb.ru/catalog/%D0%9E%D0%B4%D0%BD%D0%BE%D1%80%D0%B0%D0%B7%D0%BE%D0%B2%D0%B0%D1%8F%20%D0%BF%D0%BE%D1%81%D1%83%D0%B4%D0%B0","/catalog/%D0%9E%D0%B4%D0%BD%D0%BE%D1%80%D0%B0%D0%B7%D0%BE%D0%B2%D0%B0%D1%8F%20%D0%BF%D0%BE%D1%81%D1%83%D0%B4%D0%B0","200","category","HIGH","Старый URL уже перенаправлял на /magazin/product/vilka-odn-180-mm-prozr-ps-pokrov-50-2000 и наследует доказанное решение этой сущности","301"
"https://cloverspb.ru/magazin/product/nozh-plastikovyj-prozrachnyj-premium/next","/magazin/product/nozh-plastikovyj-prozrachnyj-premium/next","301","alias","","","https://clover-spb.ru/product/%D0%9D%D0%A4-00000044","/product/%D0%9D%D0%A4-00000044","200","product","EXACT","Старый URL уже перенаправлял на /magazin/product/lozhka-chajnaya-odn-125-mm-bel-ps-rts-100-4000 и наследует доказанное решение этой сущности","301"
"https://cloverspb.ru/magazin/product/palochki-dlya-edy-23-sm-kruglye-s-zubochistkoj-v-pe-upakovke/prev","/magazin/product/palochki-dlya-edy-23-sm-kruglye-s-zubochistkoj-v-pe-upakovke/prev","301","alias","","","https://clover-spb.ru/catalog/%D0%91%D0%B0%D1%80%D0%BD%D1%8B%D0%B5%20%D0%B0%D0%BA%D1%81%D0%B5%D1%81%D1%81%D1%83%D0%B0%D1%80%D1%8B","/catalog/%D0%91%D0%B0%D1%80%D0%BD%D1%8B%D0%B5%20%D0%B0%D0%BA%D1%81%D0%B5%D1%81%D1%81%D1%83%D0%B0%D1%80%D1%8B","200","category","HIGH","Старый URL уже перенаправлял на /magazin/product/zubochistki-v-individ-p-e-upakovke-mentol-500sht-upak и наследует доказанное решение этой сущности","301"
"https://cloverspb.ru/magazin/product/palochki-dlya-edy-23-sm-kruglye-s-zubochistkoj-v-pe-upakovke/next","/magazin/product/palochki-dlya-edy-23-sm-kruglye-s-zubochistkoj-v-pe-upakovke/next","301","alias","","","https://clover-spb.ru/product/%D0%9D%D0%A4-00000172","/product/%D0%9D%D0%A4-00000172","200","product","EXACT","Старый URL уже перенаправлял на /magazin/product/palochki-dlya-shashlyka-20sm-100sht-upak и наследует доказанное решение этой сущности","301"
"https://cloverspb.ru/magazin/product/palochki-dlya-shashlyka-20sm-100sht-upak/prev","/magazin/product/palochki-dlya-shashlyka-20sm-100sht-upak/prev","301","alias","","","https://clover-spb.ru/catalog/%D0%91%D0%B0%D1%80%D0%BD%D1%8B%D0%B5%20%D0%B0%D0%BA%D1%81%D0%B5%D1%81%D1%81%D1%83%D0%B0%D1%80%D1%8B","/catalog/%D0%91%D0%B0%D1%80%D0%BD%D1%8B%D0%B5%20%D0%B0%D0%BA%D1%81%D0%B5%D1%81%D1%81%D1%83%D0%B0%D1%80%D1%8B","200","category","HIGH","Старый URL уже перенаправлял на /magazin/product/palochki-dlya-edy-23-sm-kruglye-s-zubochistkoj-v-pe-upakovke и наследует доказанное решение этой сущности","301"
"https://cloverspb.ru/magazin/product/palochki-dlya-shashlyka-20sm-100sht-upak/next","/magazin/product/palochki-dlya-shashlyka-20sm-100sht-upak/next","301","alias","","","https://clover-spb.ru/product/%D0%9D%D0%A4-00000173","/product/%D0%9D%D0%A4-00000173","200","product","EXACT","Старый URL уже перенаправлял на /magazin/product/palochki-dlya-shashlyka-25sm-100sht-upak и наследует доказанное решение этой сущности","301"
"https://cloverspb.ru/magazin/product/palochki-dlya-shashlyka-25sm-100sht-upak/prev","/magazin/product/palochki-dlya-shashlyka-25sm-100sht-upak/prev","301","alias","","","https://clover-spb.ru/product/%D0%9D%D0%A4-00000172","/product/%D0%9D%D0%A4-00000172","200","product","EXACT","Старый URL уже перенаправлял на /magazin/product/palochki-dlya-shashlyka-20sm-100sht-upak и наследует доказанное решение этой сущности","301"
"https://cloverspb.ru/magazin/product/palochki-dlya-shashlyka-25sm-100sht-upak/next","/magazin/product/palochki-dlya-shashlyka-25sm-100sht-upak/next","301","alias","","","https://clover-spb.ru/product/%D0%9D%D0%A4-00000133","/product/%D0%9D%D0%A4-00000133","200","product","EXACT","Старый URL уже перенаправлял на /magazin/product/zubochistki-v-individ-p-e-upakovke-1000sht-upak и наследует доказанное решение этой сущности","301"
"https://cloverspb.ru/magazin/product/zubochistki-v-individ-p-e-upakovke-1000sht-upak/prev","/magazin/product/zubochistki-v-individ-p-e-upakovke-1000sht-upak/prev","301","alias","","","https://clover-spb.ru/product/%D0%9D%D0%A4-00000173","/product/%D0%9D%D0%A4-00000173","200","product","EXACT","Старый URL уже перенаправлял на /magazin/product/palochki-dlya-shashlyka-25sm-100sht-upak и наследует доказанное решение этой сущности","301"
"https://cloverspb.ru/magazin/product/zubochistki-v-individ-p-e-upakovke-1000sht-upak/next","/magazin/product/zubochistki-v-individ-p-e-upakovke-1000sht-upak/next","301","alias","","","https://clover-spb.ru/catalog/%D0%91%D0%B0%D1%80%D0%BD%D1%8B%D0%B5%20%D0%B0%D0%BA%D1%81%D0%B5%D1%81%D1%81%D1%83%D0%B0%D1%80%D1%8B","/catalog/%D0%91%D0%B0%D1%80%D0%BD%D1%8B%D0%B5%20%D0%B0%D0%BA%D1%81%D0%B5%D1%81%D1%81%D1%83%D0%B0%D1%80%D1%8B","200","category","HIGH","Старый URL уже перенаправлял на /magazin/product/zubochistki-v-individ-p-e-upakovke-mentol-500sht-upak и наследует доказанное решение этой сущности","301"
"https://cloverspb.ru/magazin/product/zubochistki-v-individ-p-e-upakovke-mentol-500sht-upak/prev","/magazin/product/zubochistki-v-individ-p-e-upakovke-mentol-500sht-upak/prev","301","alias","","","https://clover-spb.ru/product/%D0%9D%D0%A4-00000133","/product/%D0%9D%D0%A4-00000133","200","product","EXACT","Старый URL уже перенаправлял на /magazin/product/zubochistki-v-individ-p-e-upakovke-1000sht-upak и наследует доказанное решение этой сущности","301"
"https://cloverspb.ru/magazin/product/zubochistki-v-individ-p-e-upakovke-mentol-500sht-upak/next","/magazin/product/zubochistki-v-individ-p-e-upakovke-mentol-500sht-upak/next","301","alias","","","https://clover-spb.ru/catalog/%D0%91%D0%B0%D1%80%D0%BD%D1%8B%D0%B5%20%D0%B0%D0%BA%D1%81%D0%B5%D1%81%D1%81%D1%83%D0%B0%D1%80%D1%8B","/catalog/%D0%91%D0%B0%D1%80%D0%BD%D1%8B%D0%B5%20%D0%B0%D0%BA%D1%81%D0%B5%D1%81%D1%81%D1%83%D0%B0%D1%80%D1%8B","200","category","HIGH","Старый URL уже перенаправлял на /magazin/product/palochki-dlya-edy-23-sm-kruglye-s-zubochistkoj-v-pe-upakovke и наследует доказанное решение этой сущности","301"
"https://cloverspb.ru/magazin/product/pika-uzelok-bambuk-6sm-100sht-upak/prev","/magazin/product/pika-uzelok-bambuk-6sm-100sht-upak/prev","301","alias","","","https://clover-spb.ru/product/%D0%9D%D0%A4-00000130","/product/%D0%9D%D0%A4-00000130","200","product","EXACT","Старый URL уже перенаправлял на /magazin/product/trubochki-chernye-pryamye-8-240mm и наследует доказанное решение этой сущности","301"
"https://cloverspb.ru/magazin/product/pika-uzelok-bambuk-6sm-100sht-upak/next","/magazin/product/pika-uzelok-bambuk-6sm-100sht-upak/next","301","alias","","","https://clover-spb.ru/product/%D0%9D%D0%A4-00000166","/product/%D0%9D%D0%A4-00000166","200","product","EXACT","Старый URL уже перенаправлял на /magazin/product/pika-uzelok-bambuk-10sm-100sht-upak и наследует доказанное решение этой сущности","301"
"https://cloverspb.ru/magazin/product/pika-uzelok-bambuk-10sm-100sht-upak/prev","/magazin/product/pika-uzelok-bambuk-10sm-100sht-upak/prev","301","alias","","","https://clover-spb.ru/product/%D0%9D%D0%A4-00000768","/product/%D0%9D%D0%A4-00000768","200","product","EXACT","Старый URL уже перенаправлял на /magazin/product/pika-uzelok-bambuk-6sm-100sht-upak и наследует доказанное решение этой сущности","301"
"https://cloverspb.ru/magazin/product/pika-uzelok-bambuk-10sm-100sht-upak/next","/magazin/product/pika-uzelok-bambuk-10sm-100sht-upak/next","301","alias","","","https://clover-spb.ru/catalog/%D0%91%D0%B0%D1%80%D0%BD%D1%8B%D0%B5%20%D0%B0%D0%BA%D1%81%D0%B5%D1%81%D1%81%D1%83%D0%B0%D1%80%D1%8B","/catalog/%D0%91%D0%B0%D1%80%D0%BD%D1%8B%D0%B5%20%D0%B0%D0%BA%D1%81%D0%B5%D1%81%D1%81%D1%83%D0%B0%D1%80%D1%8B","200","category","HIGH","Старый URL уже перенаправлял на /magazin/product/pika-mech-ps-cvetn-70mm-500sht-up-rossiya и наследует доказанное решение этой сущности","301"
"https://cloverspb.ru/magazin/product/pika-mech-ps-cvetn-70mm-500sht-up-rossiya/prev","/magazin/product/pika-mech-ps-cvetn-70mm-500sht-up-rossiya/prev","301","alias","","","https://clover-spb.ru/product/%D0%9D%D0%A4-00000166","/product/%D0%9D%D0%A4-00000166","200","product","EXACT","Старый URL уже перенаправлял на /magazin/product/pika-uzelok-bambuk-10sm-100sht-upak и наследует доказанное решение этой сущности","301"
"https://cloverspb.ru/magazin/product/pika-mech-ps-cvetn-70mm-500sht-up-rossiya/next","/magazin/product/pika-mech-ps-cvetn-70mm-500sht-up-rossiya/next","301","alias","","","https://clover-spb.ru/product/%D0%9D%D0%A4-00000621","/product/%D0%9D%D0%A4-00000621","200","product","EXACT","Старый URL уже перенаправлял на /magazin/product/trubochki-cvetnye-gofra-5-210mm-1000sht-upak и наследует доказанное решение этой сущности","301"
"https://cloverspb.ru/magazin/product/trubochki-cvetnye-gofra-5-210mm-1000sht-upak/prev","/magazin/product/trubochki-cvetnye-gofra-5-210mm-1000sht-upak/prev","301","alias","","","https://clover-spb.ru/catalog/%D0%91%D0%B0%D1%80%D0%BD%D1%8B%D0%B5%20%D0%B0%D0%BA%D1%81%D0%B5%D1%81%D1%81%D1%83%D0%B0%D1%80%D1%8B","/catalog/%D0%91%D0%B0%D1%80%D0%BD%D1%8B%D0%B5%20%D0%B0%D0%BA%D1%81%D0%B5%D1%81%D1%81%D1%83%D0%B0%D1%80%D1%8B","200","category","HIGH","Старый URL уже перенаправлял на /magazin/product/pika-mech-ps-cvetn-70mm-500sht-up-rossiya и наследует доказанное решение этой сущности","301"
"https://cloverspb.ru/magazin/product/trubochki-cvetnye-gofra-5-210mm-1000sht-upak/next","/magazin/product/trubochki-cvetnye-gofra-5-210mm-1000sht-upak/next","301","alias","","","https://clover-spb.ru/product/%D0%9D%D0%A4-00000131","/product/%D0%9D%D0%A4-00000131","200","product","EXACT","Старый URL уже перенаправлял на /magazin/product/trubochki-chernye-5-125mm и наследует доказанное решение этой сущности","301"
"https://cloverspb.ru/magazin/product/trubochki-chernye-pryamye-8-240mm/prev","/magazin/product/trubochki-chernye-pryamye-8-240mm/prev","301","alias","","","https://clover-spb.ru/product/%D0%9D%D0%A4-00000131","/product/%D0%9D%D0%A4-00000131","200","product","EXACT","Старый URL уже перенаправлял на /magazin/product/trubochki-chernye-5-125mm и наследует доказанное решение этой сущности","301"
"https://cloverspb.ru/magazin/product/trubochki-chernye-pryamye-8-240mm/next","/magazin/product/trubochki-chernye-pryamye-8-240mm/next","301","alias","","","https://clover-spb.ru/product/%D0%9D%D0%A4-00000768","/product/%D0%9D%D0%A4-00000768","200","product","EXACT","Старый URL уже перенаправлял на /magazin/product/pika-uzelok-bambuk-6sm-100sht-upak и наследует доказанное решение этой сущности","301"
"https://cloverspb.ru/magazin/product/trubochki-chernye-5-125mm/prev","/magazin/product/trubochki-chernye-5-125mm/prev","301","alias","","","https://clover-spb.ru/product/%D0%9D%D0%A4-00000621","/product/%D0%9D%D0%A4-00000621","200","product","EXACT","Старый URL уже перенаправлял на /magazin/product/trubochki-cvetnye-gofra-5-210mm-1000sht-upak и наследует доказанное решение этой сущности","301"
"https://cloverspb.ru/magazin/product/trubochki-chernye-5-125mm/next","/magazin/product/trubochki-chernye-5-125mm/next","301","alias","","","https://clover-spb.ru/product/%D0%9D%D0%A4-00000130","/product/%D0%9D%D0%A4-00000130","200","product","EXACT","Старый URL уже перенаправлял на /magazin/product/trubochki-chernye-pryamye-8-240mm и наследует доказанное решение этой сущности","301"
"https://cloverspb.ru/magazin/product/butylka-pet-0-5l-gaz-prozrachnaya-s-chernoj-probkoj-100sht-upak/prev","/magazin/product/butylka-pet-0-5l-gaz-prozrachnaya-s-chernoj-probkoj-100sht-upak/prev","301","alias","","","https://clover-spb.ru/catalog/%D0%9E%D0%B4%D0%BD%D0%BE%D1%80%D0%B0%D0%B7%D0%BE%D0%B2%D0%B0%D1%8F%20%D0%BF%D0%BE%D1%81%D1%83%D0%B4%D0%B0/%D0%91%D1%83%D1%82%D1%8B%D0%BB%D0%BA%D0%B8","/catalog/%D0%9E%D0%B4%D0%BD%D0%BE%D1%80%D0%B0%D0%B7%D0%BE%D0%B2%D0%B0%D1%8F%20%D0%BF%D0%BE%D1%81%D1%83%D0%B4%D0%B0/%D0%91%D1%83%D1%82%D1%8B%D0%BB%D0%BA%D0%B8","200","subcategory","HIGH","Старый URL уже перенаправлял на /magazin/product/butylka-prozrachnaya-kvadratnaya-s-probkoj-1000-ml и наследует доказанное решение этой сущности","301"
"https://cloverspb.ru/magazin/product/butylka-pet-0-5l-gaz-prozrachnaya-s-chernoj-probkoj-100sht-upak/next","/magazin/product/butylka-pet-0-5l-gaz-prozrachnaya-s-chernoj-probkoj-100sht-upak/next","301","alias","","","https://clover-spb.ru/product/%D0%9D%D0%A4-00000388","/product/%D0%9D%D0%A4-00000388","200","product","EXACT","Старый URL уже перенаправлял на /magazin/product/butylka-prozrachnaya-kruglaya-s-probkoj-250-ml и наследует доказанное решение этой сущности","301"
"https://cloverspb.ru/magazin/product/butylka-pet-1l-gaz-prozrachnaya-s-chernoj-probkoj/prev","/magazin/product/butylka-pet-1l-gaz-prozrachnaya-s-chernoj-probkoj/prev","301","alias","","","https://clover-spb.ru/product/%D0%9D%D0%A4-00000909","/product/%D0%9D%D0%A4-00000909","200","product","HIGH","Старый URL уже перенаправлял на /magazin/product/butylka-prozrachnaya-kruglaya-s-probkoj-100-ml и наследует доказанное решение этой сущности","301"
"https://cloverspb.ru/magazin/product/butylka-pet-1l-gaz-prozrachnaya-s-chernoj-probkoj/next","/magazin/product/butylka-pet-1l-gaz-prozrachnaya-s-chernoj-probkoj/next","301","alias","","","https://clover-spb.ru/product/%D0%9D%D0%A4-00003547","/product/%D0%9D%D0%A4-00003547","200","product","EXACT","Старый URL уже перенаправлял на /magazin/product/butylka-prozrachnaya-kvadratnaya-s-probkoj-300-ml и наследует доказанное решение этой сущности","301"
"https://cloverspb.ru/magazin/product/unicum-gold-zhiroudalitel-s-triggerom-500ml/prev","/magazin/product/unicum-gold-zhiroudalitel-s-triggerom-500ml/prev","301","alias","","","https://clover-spb.ru/catalog/%D0%A5%D0%B8%D0%BC%D0%B8%D1%8F%2C%20%D1%87%D0%B8%D1%81%D1%82%D1%8F%D1%89%D0%B8%D0%B5%20%D1%81%D1%80%D0%B5%D0%B4%D1%81%D1%82%D0%B2%D0%B0","/catalog/%D0%A5%D0%B8%D0%BC%D0%B8%D1%8F%2C%20%D1%87%D0%B8%D1%81%D1%82%D1%8F%D1%89%D0%B8%D0%B5%20%D1%81%D1%80%D0%B5%D0%B4%D1%81%D1%82%D0%B2%D0%B0","200","category","HIGH","Старый URL уже перенаправлял на /magazin/product/grass-azelit-anti-zhir-600-ml и наследует доказанное решение этой сущности","301"
"https://cloverspb.ru/magazin/product/unicum-gold-zhiroudalitel-s-triggerom-500ml/next","/magazin/product/unicum-gold-zhiroudalitel-s-triggerom-500ml/next","301","alias","","","https://clover-spb.ru/catalog/%D0%A5%D0%B8%D0%BC%D0%B8%D1%8F%2C%20%D1%87%D0%B8%D1%81%D1%82%D1%8F%D1%89%D0%B8%D0%B5%20%D1%81%D1%80%D0%B5%D0%B4%D1%81%D1%82%D0%B2%D0%B0/%D0%96%D0%B8%D1%80%D0%BE%D1%83%D0%B4%D0%B0%D0%BB%D0%B8%D1%82%D0%B5%D0%BB%D0%B8","/catalog/%D0%A5%D0%B8%D0%BC%D0%B8%D1%8F%2C%20%D1%87%D0%B8%D1%81%D1%82%D1%8F%D1%89%D0%B8%D0%B5%20%D1%81%D1%80%D0%B5%D0%B4%D1%81%D1%82%D0%B2%D0%B0/%D0%96%D0%B8%D1%80%D0%BE%D1%83%D0%B4%D0%B0%D0%BB%D0%B8%D1%82%D0%B5%D0%BB%D0%B8","200","subcategory","HIGH","Старый URL уже перенаправлял на /magazin/product/shumanit-antizhir-bagi-400-ml и наследует доказанное решение этой сущности","301"
"https://cloverspb.ru/magazin/product/unicum-gold-zhiroudalitel-3l/prev","/magazin/product/unicum-gold-zhiroudalitel-3l/prev","301","alias","","","https://clover-spb.ru/product/%D0%9D%D0%A4-00000063","/product/%D0%9D%D0%A4-00000063","200","product","EXACT","Старый URL уже перенаправлял на /magazin/product/adriel-dlya-udaleniya-zhira-5l и наследует доказанное решение этой сущности","301"
"https://cloverspb.ru/magazin/product/unicum-gold-zhiroudalitel-3l/next","/magazin/product/unicum-gold-zhiroudalitel-3l/next","301","alias","","","https://clover-spb.ru/catalog/%D0%A5%D0%B8%D0%BC%D0%B8%D1%8F%2C%20%D1%87%D0%B8%D1%81%D1%82%D1%8F%D1%89%D0%B8%D0%B5%20%D1%81%D1%80%D0%B5%D0%B4%D1%81%D1%82%D0%B2%D0%B0/%D0%96%D0%B8%D1%80%D0%BE%D1%83%D0%B4%D0%B0%D0%BB%D0%B8%D1%82%D0%B5%D0%BB%D0%B8","/catalog/%D0%A5%D0%B8%D0%BC%D0%B8%D1%8F%2C%20%D1%87%D0%B8%D1%81%D1%82%D1%8F%D1%89%D0%B8%D0%B5%20%D1%81%D1%80%D0%B5%D0%B4%D1%81%D1%82%D0%B2%D0%B0/%D0%96%D0%B8%D1%80%D0%BE%D1%83%D0%B4%D0%B0%D0%BB%D0%B8%D1%82%D0%B5%D0%BB%D0%B8","200","subcategory","HIGH","Старый URL уже перенаправлял на /magazin/product/shumanit-antizhir-bagi-3-l и наследует доказанное решение этой сущности","301"
"https://cloverspb.ru/magazin/product/adriel-dlya-plit-850ml/prev","/magazin/product/adriel-dlya-plit-850ml/prev","301","alias","","","https://clover-spb.ru/catalog/%D0%A5%D0%B8%D0%BC%D0%B8%D1%8F%2C%20%D1%87%D0%B8%D1%81%D1%82%D1%8F%D1%89%D0%B8%D0%B5%20%D1%81%D1%80%D0%B5%D0%B4%D1%81%D1%82%D0%B2%D0%B0/%D0%96%D0%B8%D1%80%D0%BE%D1%83%D0%B4%D0%B0%D0%BB%D0%B8%D1%82%D0%B5%D0%BB%D0%B8","/catalog/%D0%A5%D0%B8%D0%BC%D0%B8%D1%8F%2C%20%D1%87%D0%B8%D1%81%D1%82%D1%8F%D1%89%D0%B8%D0%B5%20%D1%81%D1%80%D0%B5%D0%B4%D1%81%D1%82%D0%B2%D0%B0/%D0%96%D0%B8%D1%80%D0%BE%D1%83%D0%B4%D0%B0%D0%BB%D0%B8%D1%82%D0%B5%D0%BB%D0%B8","200","subcategory","HIGH","Старый URL уже перенаправлял на /magazin/product/shumanit-antizhir-bagi-3-l и наследует доказанное решение этой сущности","301"
"https://cloverspb.ru/magazin/product/adriel-dlya-plit-850ml/next","/magazin/product/adriel-dlya-plit-850ml/next","301","alias","","","https://clover-spb.ru/catalog/%D0%A5%D0%B8%D0%BC%D0%B8%D1%8F%2C%20%D1%87%D0%B8%D1%81%D1%82%D1%8F%D1%89%D0%B8%D0%B5%20%D1%81%D1%80%D0%B5%D0%B4%D1%81%D1%82%D0%B2%D0%B0","/catalog/%D0%A5%D0%B8%D0%BC%D0%B8%D1%8F%2C%20%D1%87%D0%B8%D1%81%D1%82%D1%8F%D1%89%D0%B8%D0%B5%20%D1%81%D1%80%D0%B5%D0%B4%D1%81%D1%82%D0%B2%D0%B0","200","category","HIGH","Старый URL уже перенаправлял на /magazin/product/grass-azelit-anti-zhir-600-ml и наследует доказанное решение этой сущности","301"
"https://cloverspb.ru/magazin/product/adriel-dlya-udaleniya-zhira-5l/prev","/magazin/product/adriel-dlya-udaleniya-zhira-5l/prev","301","alias","","","https://clover-spb.ru/product/%D0%9D%D0%A4-00003228","/product/%D0%9D%D0%A4-00003228","200","product","EXACT","Старый URL уже перенаправлял на /magazin/product/sredstvo-zhiroudalitel-hot-clean-pro-vv-5-l-4 и наследует доказанное решение этой сущности","301"
"https://cloverspb.ru/magazin/product/adriel-dlya-udaleniya-zhira-5l/next","/magazin/product/adriel-dlya-udaleniya-zhira-5l/next","301","alias","","","https://clover-spb.ru/product/%D0%9D%D0%A4-00000055","/product/%D0%9D%D0%A4-00000055","200","product","EXACT","Старый URL уже перенаправлял на /magazin/product/unicum-gold-zhiroudalitel-3l и наследует доказанное решение этой сущности","301"
"https://cloverspb.ru/magazin/product/raduga-dlya-posudy-5l/prev","/magazin/product/raduga-dlya-posudy-5l/prev","301","alias","","","https://clover-spb.ru/catalog/%D0%A5%D0%B8%D0%BC%D0%B8%D1%8F%2C%20%D1%87%D0%B8%D1%81%D1%82%D1%8F%D1%89%D0%B8%D0%B5%20%D1%81%D1%80%D0%B5%D0%B4%D1%81%D1%82%D0%B2%D0%B0/%D0%94%D0%BB%D1%8F%20%D0%BC%D1%8B%D1%82%D1%8C%D1%8F%20%D0%BF%D0%BE%D1%81%D1%83%D0%B4%D1%8B","/catalog/%D0%A5%D0%B8%D0%BC%D0%B8%D1%8F%2C%20%D1%87%D0%B8%D1%81%D1%82%D1%8F%D1%89%D0%B8%D0%B5%20%D1%81%D1%80%D0%B5%D0%B4%D1%81%D1%82%D0%B2%D0%B0/%D0%94%D0%BB%D1%8F%20%D0%BC%D1%8B%D1%82%D1%8C%D1%8F%20%D0%BF%D0%BE%D1%81%D1%83%D0%B4%D1%8B","200","subcategory","HIGH","Старый URL уже перенаправлял на /magazin/product/pemolyuks-chistyashchij-poroshok-400-gr и наследует доказанное решение этой сущности","301"
"https://cloverspb.ru/magazin/product/raduga-dlya-posudy-5l/next","/magazin/product/raduga-dlya-posudy-5l/next","301","alias","","","https://clover-spb.ru/product/%D0%9D%D0%A4-00000629","/product/%D0%9D%D0%A4-00000629","200","product","HIGH","Старый URL уже перенаправлял на /magazin/product/sredstvo-dlya-mytya-posudy-help-5-l и наследует доказанное решение этой сущности","301"
"https://cloverspb.ru/magazin/product/adriol-dlya-posudy-5l/prev","/magazin/product/adriol-dlya-posudy-5l/prev","301","alias","","","https://clover-spb.ru/product/%D0%9D%D0%A4-00002609","/product/%D0%9D%D0%A4-00002609","200","product","EXACT","Старый URL уже перенаправлял на /magazin/product/sredstvo-dlya-mytya-posudy-purity-new-vv-5l-4 и наследует доказанное решение этой сущности","301"
"https://cloverspb.ru/magazin/product/adriol-dlya-posudy-5l/next","/magazin/product/adriol-dlya-posudy-5l/next","301","alias","","","https://clover-spb.ru/catalog/%D0%A5%D0%B8%D0%BC%D0%B8%D1%8F%2C%20%D1%87%D0%B8%D1%81%D1%82%D1%8F%D1%89%D0%B8%D0%B5%20%D1%81%D1%80%D0%B5%D0%B4%D1%81%D1%82%D0%B2%D0%B0/%D0%94%D0%BB%D1%8F%20%D0%BC%D1%8B%D1%82%D1%8C%D1%8F%20%D0%BF%D0%BE%D1%81%D1%83%D0%B4%D1%8B","/catalog/%D0%A5%D0%B8%D0%BC%D0%B8%D1%8F%2C%20%D1%87%D0%B8%D1%81%D1%82%D1%8F%D1%89%D0%B8%D0%B5%20%D1%81%D1%80%D0%B5%D0%B4%D1%81%D1%82%D0%B2%D0%B0/%D0%94%D0%BB%D1%8F%20%D0%BC%D1%8B%D1%82%D1%8C%D1%8F%20%D0%BF%D0%BE%D1%81%D1%83%D0%B4%D1%8B","200","subcategory","HIGH","Старый URL уже перенаправлял на /magazin/product/pemolyuks-chistyashchij-poroshok-400-gr и наследует доказанное решение этой сущности","301"
"https://cloverspb.ru/magazin/product/mister-proper-univ-moyushchee-sr-vo-5l/prev","/magazin/product/mister-proper-univ-moyushchee-sr-vo-5l/prev","301","alias","","","https://clover-spb.ru/product/%D0%9D%D0%A4-00000068","/product/%D0%9D%D0%A4-00000068","200","product","EXACT","Старый URL уже перенаправлял на /magazin/product/yut-sredstvo-moyushchee-dlya-pola-5l и наследует доказанное решение этой сущности","301"
"https://cloverspb.ru/magazin/product/mister-proper-univ-moyushchee-sr-vo-5l/next","/magazin/product/mister-proper-univ-moyushchee-sr-vo-5l/next","301","alias","","","https://clover-spb.ru/product/%D0%9D%D0%A4-00000236","/product/%D0%9D%D0%A4-00000236","200","product","EXACT","Старый URL уже перенаправлял на /magazin/product/sredstvo-dlya-mytya-pola-floor-wash-vv-5-l-4 и наследует доказанное решение этой сущности","301"
"https://cloverspb.ru/magazin/product/yut-sredstvo-moyushchee-dlya-pola-5l/prev","/magazin/product/yut-sredstvo-moyushchee-dlya-pola-5l/prev","301","alias","","","https://clover-spb.ru/product/%D0%9D%D0%A4-00000236","/product/%D0%9D%D0%A4-00000236","200","product","EXACT","Старый URL уже перенаправлял на /magazin/product/sredstvo-dlya-mytya-pola-floor-wash-vv-5-l-4 и наследует доказанное решение этой сущности","301"
"https://cloverspb.ru/magazin/product/yut-sredstvo-moyushchee-dlya-pola-5l/next","/magazin/product/yut-sredstvo-moyushchee-dlya-pola-5l/next","301","alias","","","https://clover-spb.ru/catalog/%D0%A5%D0%B8%D0%BC%D0%B8%D1%8F%2C%20%D1%87%D0%B8%D1%81%D1%82%D1%8F%D1%89%D0%B8%D0%B5%20%D1%81%D1%80%D0%B5%D0%B4%D1%81%D1%82%D0%B2%D0%B0/%D0%94%D0%BB%D1%8F%20%D0%BF%D0%BE%D0%BB%D0%BE%D0%B2","/catalog/%D0%A5%D0%B8%D0%BC%D0%B8%D1%8F%2C%20%D1%87%D0%B8%D1%81%D1%82%D1%8F%D1%89%D0%B8%D0%B5%20%D1%81%D1%80%D0%B5%D0%B4%D1%81%D1%82%D0%B2%D0%B0/%D0%94%D0%BB%D1%8F%20%D0%BF%D0%BE%D0%BB%D0%BE%D0%B2","200","subcategory","HIGH","Старый URL уже перенаправлял на /magazin/product/mister-proper-univ-moyushchee-sr-vo-5l и наследует доказанное решение этой сущности","301"
"https://cloverspb.ru/magazin/product/sanoks-chistyashchaya-zhidkost-5l/prev","/magazin/product/sanoks-chistyashchaya-zhidkost-5l/prev","301","alias","","","https://clover-spb.ru/product/%D0%9D%D0%A4-00000654","/product/%D0%9D%D0%A4-00000654","200","product","HIGH","Старый URL уже перенаправлял на /magazin/product/rail-sredstvo-dlya-kuhni-i-plit-500-ml и наследует доказанное решение этой сущности","301"
"https://cloverspb.ru/magazin/product/sanoks-chistyashchaya-zhidkost-5l/next","/magazin/product/sanoks-chistyashchaya-zhidkost-5l/next","301","alias","","","https://clover-spb.ru/product/%D0%9D%D0%A4-00000061","/product/%D0%9D%D0%A4-00000061","200","product","EXACT","Старый URL уже перенаправлял на /magazin/product/adrilan-dlya-santehniki-5l и наследует доказанное решение этой сущности","301"
"https://cloverspb.ru/magazin/product/sanoks-chistyashchaya-zhidkost-750ml/prev","/magazin/product/sanoks-chistyashchaya-zhidkost-750ml/prev","301","alias","","","https://clover-spb.ru/product/%D0%9D%D0%A4-00000061","/product/%D0%9D%D0%A4-00000061","200","product","EXACT","Старый URL уже перенаправлял на /magazin/product/adrilan-dlya-santehniki-5l и наследует доказанное решение этой сущности","301"
"https://cloverspb.ru/magazin/product/sanoks-chistyashchaya-zhidkost-750ml/next","/magazin/product/sanoks-chistyashchaya-zhidkost-750ml/next","301","alias","","","https://clover-spb.ru/product/%D0%9D%D0%A4-00000654","/product/%D0%9D%D0%A4-00000654","200","product","HIGH","Старый URL уже перенаправлял на /magazin/product/rail-sredstvo-dlya-kuhni-i-plit-500-ml и наследует доказанное решение этой сущности","301"
"https://cloverspb.ru/magazin/product/adrilan-dlya-santehniki-5l/prev","/magazin/product/adrilan-dlya-santehniki-5l/prev","301","alias","","","https://clover-spb.ru/catalog/%D0%A5%D0%B8%D0%BC%D0%B8%D1%8F%2C%20%D1%87%D0%B8%D1%81%D1%82%D1%8F%D1%89%D0%B8%D0%B5%20%D1%81%D1%80%D0%B5%D0%B4%D1%81%D1%82%D0%B2%D0%B0/%D0%94%D0%BB%D1%8F%20%D1%81%D0%B0%D0%BD%D1%82%D0%B5%D1%85%D0%BD%D0%B8%D0%BA%D0%B8","/catalog/%D0%A5%D0%B8%D0%BC%D0%B8%D1%8F%2C%20%D1%87%D0%B8%D1%81%D1%82%D1%8F%D1%89%D0%B8%D0%B5%20%D1%81%D1%80%D0%B5%D0%B4%D1%81%D1%82%D0%B2%D0%B0/%D0%94%D0%BB%D1%8F%20%D1%81%D0%B0%D0%BD%D1%82%D0%B5%D1%85%D0%BD%D0%B8%D0%BA%D0%B8","200","subcategory","HIGH","Старый URL уже перенаправлял на /magazin/product/sanoks-chistyashchaya-zhidkost-5l и наследует доказанное решение этой сущности","301"
"https://cloverspb.ru/magazin/product/adrilan-dlya-santehniki-5l/next","/magazin/product/adrilan-dlya-santehniki-5l/next","301","alias","","","https://clover-spb.ru/product/%D0%9D%D0%A4-00000067","/product/%D0%9D%D0%A4-00000067","200","product","EXACT","Старый URL уже перенаправлял на /magazin/product/sanoks-chistyashchaya-zhidkost-750ml и наследует доказанное решение этой сущности","301"
"https://cloverspb.ru/magazin/product/mylo-hozyajstvennoe-aist-150gr/prev","/magazin/product/mylo-hozyajstvennoe-aist-150gr/prev","301","alias","","","https://clover-spb.ru/catalog/%D0%A5%D0%B8%D0%BC%D0%B8%D1%8F%2C%20%D1%87%D0%B8%D1%81%D1%82%D1%8F%D1%89%D0%B8%D0%B5%20%D1%81%D1%80%D0%B5%D0%B4%D1%81%D1%82%D0%B2%D0%B0/%D0%9C%D1%8B%D0%BB%D0%BE","/catalog/%D0%A5%D0%B8%D0%BC%D0%B8%D1%8F%2C%20%D1%87%D0%B8%D1%81%D1%82%D1%8F%D1%89%D0%B8%D0%B5%20%D1%81%D1%80%D0%B5%D0%B4%D1%81%D1%82%D0%B2%D0%B0/%D0%9C%D1%8B%D0%BB%D0%BE","200","subcategory","HIGH","Старый URL уже перенаправлял на /magazin/product/zhidkoe-mylo-tork-s4 и наследует доказанное решение этой сущности","301"
"https://cloverspb.ru/magazin/product/mylo-hozyajstvennoe-aist-150gr/next","/magazin/product/mylo-hozyajstvennoe-aist-150gr/next","301","alias","","","https://clover-spb.ru/catalog/%D0%A5%D0%B8%D0%BC%D0%B8%D1%8F%2C%20%D1%87%D0%B8%D1%81%D1%82%D1%8F%D1%89%D0%B8%D0%B5%20%D1%81%D1%80%D0%B5%D0%B4%D1%81%D1%82%D0%B2%D0%B0","/catalog/%D0%A5%D0%B8%D0%BC%D0%B8%D1%8F%2C%20%D1%87%D0%B8%D1%81%D1%82%D1%8F%D1%89%D0%B8%D0%B5%20%D1%81%D1%80%D0%B5%D0%B4%D1%81%D1%82%D0%B2%D0%B0","200","category","HIGH","Старый URL уже перенаправлял на /magazin/product/mylo-krem-s-perlamutrom-5-l и наследует доказанное решение этой сущности","301"
"https://cloverspb.ru/magazin/product/mylo-krem-s-perlamutrom-5-l/prev","/magazin/product/mylo-krem-s-perlamutrom-5-l/prev","301","alias","","","https://clover-spb.ru/catalog/%D0%A5%D0%B8%D0%BC%D0%B8%D1%8F%2C%20%D1%87%D0%B8%D1%81%D1%82%D1%8F%D1%89%D0%B8%D0%B5%20%D1%81%D1%80%D0%B5%D0%B4%D1%81%D1%82%D0%B2%D0%B0","/catalog/%D0%A5%D0%B8%D0%BC%D0%B8%D1%8F%2C%20%D1%87%D0%B8%D1%81%D1%82%D1%8F%D1%89%D0%B8%D0%B5%20%D1%81%D1%80%D0%B5%D0%B4%D1%81%D1%82%D0%B2%D0%B0","200","category","HIGH","Старый URL уже перенаправлял на /magazin/product/mylo-hozyajstvennoe-aist-150gr и наследует доказанное решение этой сущности","301"
"https://cloverspb.ru/magazin/product/mylo-krem-s-perlamutrom-5-l/next","/magazin/product/mylo-krem-s-perlamutrom-5-l/next","301","alias","","","https://clover-spb.ru/catalog/%D0%A5%D0%B8%D0%BC%D0%B8%D1%8F%2C%20%D1%87%D0%B8%D1%81%D1%82%D1%8F%D1%89%D0%B8%D0%B5%20%D1%81%D1%80%D0%B5%D0%B4%D1%81%D1%82%D0%B2%D0%B0/%D0%9C%D1%8B%D0%BB%D0%BE","/catalog/%D0%A5%D0%B8%D0%BC%D0%B8%D1%8F%2C%20%D1%87%D0%B8%D1%81%D1%82%D1%8F%D1%89%D0%B8%D0%B5%20%D1%81%D1%80%D0%B5%D0%B4%D1%81%D1%82%D0%B2%D0%B0/%D0%9C%D1%8B%D0%BB%D0%BE","200","subcategory","HIGH","Старый URL уже перенаправлял на /magazin/product/zhidkoe-mylo-tork-s4 и наследует доказанное решение этой сущности","301"
"https://cloverspb.ru/magazin/product/krot-specialist-sredstvo-dlya-ustraneniya-zasorov-1l/prev","/magazin/product/krot-specialist-sredstvo-dlya-ustraneniya-zasorov-1l/prev","301","alias","","","https://clover-spb.ru/product/%D0%9D%D0%A4-00000064","/product/%D0%9D%D0%A4-00000064","200","product","EXACT","Старый URL уже перенаправлял на /magazin/product/krot-specialist-sredstvo-dlya-ustraneniya-zasorov-1l и наследует доказанное решение этой сущности","301"
"https://cloverspb.ru/magazin/product/krot-specialist-sredstvo-dlya-ustraneniya-zasorov-1l/next","/magazin/product/krot-specialist-sredstvo-dlya-ustraneniya-zasorov-1l/next","301","alias","","","https://clover-spb.ru/product/%D0%9D%D0%A4-00000064","/product/%D0%9D%D0%A4-00000064","200","product","EXACT","Старый URL уже перенаправлял на /magazin/product/krot-specialist-sredstvo-dlya-ustraneniya-zasorov-1l и наследует доказанное решение этой сущности","301"
"https://cloverspb.ru/magazin/product/gold-wind-osvezhitel-vozduha-300ml/prev","/magazin/product/gold-wind-osvezhitel-vozduha-300ml/prev","301","alias","","","https://clover-spb.ru/catalog/%D0%A5%D0%B8%D0%BC%D0%B8%D1%8F%2C%20%D1%87%D0%B8%D1%81%D1%82%D1%8F%D1%89%D0%B8%D0%B5%20%D1%81%D1%80%D0%B5%D0%B4%D1%81%D1%82%D0%B2%D0%B0/%D0%9E%D1%81%D0%B2%D0%B5%D0%B6%D0%B8%D1%82%D0%B5%D0%BB%D0%B8%20%D0%B2%D0%BE%D0%B7%D0%B4%D1%83%D1%85%D0%B0","/catalog/%D0%A5%D0%B8%D0%BC%D0%B8%D1%8F%2C%20%D1%87%D0%B8%D1%81%D1%82%D1%8F%D1%89%D0%B8%D0%B5%20%D1%81%D1%80%D0%B5%D0%B4%D1%81%D1%82%D0%B2%D0%B0/%D0%9E%D1%81%D0%B2%D0%B5%D0%B6%D0%B8%D1%82%D0%B5%D0%BB%D0%B8%20%D0%B2%D0%BE%D0%B7%D0%B4%D1%83%D1%85%D0%B0","200","subcategory","HIGH","Старый URL уже перенаправлял на /magazin/product/mennyj-ballon-airwick-freshmatic-250ml и наследует доказанное решение этой сущности","301"
"https://cloverspb.ru/magazin/product/gold-wind-osvezhitel-vozduha-300ml/next","/magazin/product/gold-wind-osvezhitel-vozduha-300ml/next","301","alias","","","https://clover-spb.ru/catalog/%D0%A5%D0%B8%D0%BC%D0%B8%D1%8F%2C%20%D1%87%D0%B8%D1%81%D1%82%D1%8F%D1%89%D0%B8%D0%B5%20%D1%81%D1%80%D0%B5%D0%B4%D1%81%D1%82%D0%B2%D0%B0/%D0%9E%D1%81%D0%B2%D0%B5%D0%B6%D0%B8%D1%82%D0%B5%D0%BB%D0%B8%20%D0%B2%D0%BE%D0%B7%D0%B4%D1%83%D1%85%D0%B0","/catalog/%D0%A5%D0%B8%D0%BC%D0%B8%D1%8F%2C%20%D1%87%D0%B8%D1%81%D1%82%D1%8F%D1%89%D0%B8%D0%B5%20%D1%81%D1%80%D0%B5%D0%B4%D1%81%D1%82%D0%B2%D0%B0/%D0%9E%D1%81%D0%B2%D0%B5%D0%B6%D0%B8%D1%82%D0%B5%D0%BB%D0%B8%20%D0%B2%D0%BE%D0%B7%D0%B4%D1%83%D1%85%D0%B0","200","subcategory","HIGH","Старый URL уже перенаправлял на /magazin/product/mennyj-ballon-airwick-freshmatic-250ml и наследует доказанное решение этой сущности","301"
"https://cloverspb.ru/magazin/product/perchatki-pnd-razmery-v-assortimente/prev","/magazin/product/perchatki-pnd-razmery-v-assortimente/prev","301","alias","","","https://clover-spb.ru/product/%D0%9D%D0%A4-00000185","/product/%D0%9D%D0%A4-00000185","200","product","EXACT","Старый URL уже перенаправлял на /magazin/product/perchatki-odnorazovye-lateks-opudr-medic-hl-100sht-upak и наследует доказанное решение этой сущности","301"
"https://cloverspb.ru/magazin/product/perchatki-pnd-razmery-v-assortimente/next","/magazin/product/perchatki-pnd-razmery-v-assortimente/next","301","alias","","","https://clover-spb.ru/catalog/%D0%A5%D0%BE%D0%B7%D1%8F%D0%B9%D1%81%D1%82%D0%B2%D0%B5%D0%BD%D0%BD%D1%8B%D0%B5%20%D1%82%D0%BE%D0%B2%D0%B0%D1%80%D1%8B/%D0%9F%D0%B5%D1%80%D1%87%D0%B0%D1%82%D0%BA%D0%B8","/catalog/%D0%A5%D0%BE%D0%B7%D1%8F%D0%B9%D1%81%D1%82%D0%B2%D0%B5%D0%BD%D0%BD%D1%8B%D0%B5%20%D1%82%D0%BE%D0%B2%D0%B0%D1%80%D1%8B/%D0%9F%D0%B5%D1%80%D1%87%D0%B0%D1%82%D0%BA%D0%B8","200","subcategory","HIGH","Старый URL уже перенаправлял на /magazin/product/perchatki-vinilovye-neopudr-s-100sht-upak и наследует доказанное решение этой сущности","301"
"https://cloverspb.ru/magazin/product/perchatki-nitrilovye-s-100sht-upak/prev","/magazin/product/perchatki-nitrilovye-s-100sht-upak/prev","301","alias","","","https://clover-spb.ru/catalog/%D0%A5%D0%BE%D0%B7%D1%8F%D0%B9%D1%81%D1%82%D0%B2%D0%B5%D0%BD%D0%BD%D1%8B%D0%B5%20%D1%82%D0%BE%D0%B2%D0%B0%D1%80%D1%8B/%D0%9F%D0%B5%D1%80%D1%87%D0%B0%D1%82%D0%BA%D0%B8","/catalog/%D0%A5%D0%BE%D0%B7%D1%8F%D0%B9%D1%81%D1%82%D0%B2%D0%B5%D0%BD%D0%BD%D1%8B%D0%B5%20%D1%82%D0%BE%D0%B2%D0%B0%D1%80%D1%8B/%D0%9F%D0%B5%D1%80%D1%87%D0%B0%D1%82%D0%BA%D0%B8","200","subcategory","HIGH","Старый URL уже перенаправлял на /magazin/product/perchatki-vinilovye-neopudr-hl-100sht-upak и наследует доказанное решение этой сущности","301"
"https://cloverspb.ru/magazin/product/perchatki-nitrilovye-s-100sht-upak/next","/magazin/product/perchatki-nitrilovye-s-100sht-upak/next","301","alias","","","https://clover-spb.ru/catalog/%D0%A5%D0%BE%D0%B7%D1%8F%D0%B9%D1%81%D1%82%D0%B2%D0%B5%D0%BD%D0%BD%D1%8B%D0%B5%20%D1%82%D0%BE%D0%B2%D0%B0%D1%80%D1%8B/%D0%9F%D0%B5%D1%80%D1%87%D0%B0%D1%82%D0%BA%D0%B8","/catalog/%D0%A5%D0%BE%D0%B7%D1%8F%D0%B9%D1%81%D1%82%D0%B2%D0%B5%D0%BD%D0%BD%D1%8B%D0%B5%20%D1%82%D0%BE%D0%B2%D0%B0%D1%80%D1%8B/%D0%9F%D0%B5%D1%80%D1%87%D0%B0%D1%82%D0%BA%D0%B8","200","subcategory","HIGH","Старый URL уже перенаправлял на /magazin/product/perchatki-nitrilovye-m-100sht-upak и наследует доказанное решение этой сущности","301"
"https://cloverspb.ru/magazin/product/perchatki-nitrilovye-m-100sht-upak/prev","/magazin/product/perchatki-nitrilovye-m-100sht-upak/prev","301","alias","","","https://clover-spb.ru/catalog/%D0%A5%D0%BE%D0%B7%D1%8F%D0%B9%D1%81%D1%82%D0%B2%D0%B5%D0%BD%D0%BD%D1%8B%D0%B5%20%D1%82%D0%BE%D0%B2%D0%B0%D1%80%D1%8B/%D0%9F%D0%B5%D1%80%D1%87%D0%B0%D1%82%D0%BA%D0%B8","/catalog/%D0%A5%D0%BE%D0%B7%D1%8F%D0%B9%D1%81%D1%82%D0%B2%D0%B5%D0%BD%D0%BD%D1%8B%D0%B5%20%D1%82%D0%BE%D0%B2%D0%B0%D1%80%D1%8B/%D0%9F%D0%B5%D1%80%D1%87%D0%B0%D1%82%D0%BA%D0%B8","200","subcategory","HIGH","Старый URL уже перенаправлял на /magazin/product/perchatki-nitrilovye-s-100sht-upak и наследует доказанное решение этой сущности","301"
"https://cloverspb.ru/magazin/product/perchatki-nitrilovye-m-100sht-upak/next","/magazin/product/perchatki-nitrilovye-m-100sht-upak/next","301","alias","","","https://clover-spb.ru/catalog/%D0%A5%D0%BE%D0%B7%D1%8F%D0%B9%D1%81%D1%82%D0%B2%D0%B5%D0%BD%D0%BD%D1%8B%D0%B5%20%D1%82%D0%BE%D0%B2%D0%B0%D1%80%D1%8B/%D0%9F%D0%B5%D1%80%D1%87%D0%B0%D1%82%D0%BA%D0%B8","/catalog/%D0%A5%D0%BE%D0%B7%D1%8F%D0%B9%D1%81%D1%82%D0%B2%D0%B5%D0%BD%D0%BD%D1%8B%D0%B5%20%D1%82%D0%BE%D0%B2%D0%B0%D1%80%D1%8B/%D0%9F%D0%B5%D1%80%D1%87%D0%B0%D1%82%D0%BA%D0%B8","200","subcategory","HIGH","Старый URL уже перенаправлял на /magazin/product/perchatki-nitrilovye-l-100sht-upak и наследует доказанное решение этой сущности","301"
"https://cloverspb.ru/magazin/product/perchatki-nitrilovye-l-100sht-upak/prev","/magazin/product/perchatki-nitrilovye-l-100sht-upak/prev","301","alias","","","https://clover-spb.ru/catalog/%D0%A5%D0%BE%D0%B7%D1%8F%D0%B9%D1%81%D1%82%D0%B2%D0%B5%D0%BD%D0%BD%D1%8B%D0%B5%20%D1%82%D0%BE%D0%B2%D0%B0%D1%80%D1%8B/%D0%9F%D0%B5%D1%80%D1%87%D0%B0%D1%82%D0%BA%D0%B8","/catalog/%D0%A5%D0%BE%D0%B7%D1%8F%D0%B9%D1%81%D1%82%D0%B2%D0%B5%D0%BD%D0%BD%D1%8B%D0%B5%20%D1%82%D0%BE%D0%B2%D0%B0%D1%80%D1%8B/%D0%9F%D0%B5%D1%80%D1%87%D0%B0%D1%82%D0%BA%D0%B8","200","subcategory","HIGH","Старый URL уже перенаправлял на /magazin/product/perchatki-nitrilovye-m-100sht-upak и наследует доказанное решение этой сущности","301"
"https://cloverspb.ru/magazin/product/perchatki-nitrilovye-l-100sht-upak/next","/magazin/product/perchatki-nitrilovye-l-100sht-upak/next","301","alias","","","https://clover-spb.ru/catalog/%D0%A5%D0%BE%D0%B7%D1%8F%D0%B9%D1%81%D1%82%D0%B2%D0%B5%D0%BD%D0%BD%D1%8B%D0%B5%20%D1%82%D0%BE%D0%B2%D0%B0%D1%80%D1%8B/%D0%9F%D0%B5%D1%80%D1%87%D0%B0%D1%82%D0%BA%D0%B8","/catalog/%D0%A5%D0%BE%D0%B7%D1%8F%D0%B9%D1%81%D1%82%D0%B2%D0%B5%D0%BD%D0%BD%D1%8B%D0%B5%20%D1%82%D0%BE%D0%B2%D0%B0%D1%80%D1%8B/%D0%9F%D0%B5%D1%80%D1%87%D0%B0%D1%82%D0%BA%D0%B8","200","subcategory","HIGH","Старый URL уже перенаправлял на /magazin/product/perchatki-nitrilovye-hl-100sht-upak и наследует доказанное решение этой сущности","301"
"https://cloverspb.ru/magazin/product/perchatki-nitrilovye-hl-100sht-upak/prev","/magazin/product/perchatki-nitrilovye-hl-100sht-upak/prev","301","alias","","","https://clover-spb.ru/catalog/%D0%A5%D0%BE%D0%B7%D1%8F%D0%B9%D1%81%D1%82%D0%B2%D0%B5%D0%BD%D0%BD%D1%8B%D0%B5%20%D1%82%D0%BE%D0%B2%D0%B0%D1%80%D1%8B/%D0%9F%D0%B5%D1%80%D1%87%D0%B0%D1%82%D0%BA%D0%B8","/catalog/%D0%A5%D0%BE%D0%B7%D1%8F%D0%B9%D1%81%D1%82%D0%B2%D0%B5%D0%BD%D0%BD%D1%8B%D0%B5%20%D1%82%D0%BE%D0%B2%D0%B0%D1%80%D1%8B/%D0%9F%D0%B5%D1%80%D1%87%D0%B0%D1%82%D0%BA%D0%B8","200","subcategory","HIGH","Старый URL уже перенаправлял на /magazin/product/perchatki-nitrilovye-l-100sht-upak и наследует доказанное решение этой сущности","301"
"https://cloverspb.ru/magazin/product/perchatki-nitrilovye-hl-100sht-upak/next","/magazin/product/perchatki-nitrilovye-hl-100sht-upak/next","301","alias","","","https://clover-spb.ru/catalog/%D0%A5%D0%BE%D0%B7%D1%8F%D0%B9%D1%81%D1%82%D0%B2%D0%B5%D0%BD%D0%BD%D1%8B%D0%B5%20%D1%82%D0%BE%D0%B2%D0%B0%D1%80%D1%8B/%D0%9F%D0%B5%D1%80%D1%87%D0%B0%D1%82%D0%BA%D0%B8","/catalog/%D0%A5%D0%BE%D0%B7%D1%8F%D0%B9%D1%81%D1%82%D0%B2%D0%B5%D0%BD%D0%BD%D1%8B%D0%B5%20%D1%82%D0%BE%D0%B2%D0%B0%D1%80%D1%8B/%D0%9F%D0%B5%D1%80%D1%87%D0%B0%D1%82%D0%BA%D0%B8","200","subcategory","HIGH","Старый URL уже перенаправлял на /magazin/product/perchatki-odnorazovye-lateks-opudr-medic-l-100sht-upak и наследует доказанное решение этой сущности","301"
"https://cloverspb.ru/magazin/product/perchatki-odnorazovye-lateks-opudr-medic-l-100sht-upak/prev","/magazin/product/perchatki-odnorazovye-lateks-opudr-medic-l-100sht-upak/prev","301","alias","","","https://clover-spb.ru/catalog/%D0%A5%D0%BE%D0%B7%D1%8F%D0%B9%D1%81%D1%82%D0%B2%D0%B5%D0%BD%D0%BD%D1%8B%D0%B5%20%D1%82%D0%BE%D0%B2%D0%B0%D1%80%D1%8B/%D0%9F%D0%B5%D1%80%D1%87%D0%B0%D1%82%D0%BA%D0%B8","/catalog/%D0%A5%D0%BE%D0%B7%D1%8F%D0%B9%D1%81%D1%82%D0%B2%D0%B5%D0%BD%D0%BD%D1%8B%D0%B5%20%D1%82%D0%BE%D0%B2%D0%B0%D1%80%D1%8B/%D0%9F%D0%B5%D1%80%D1%87%D0%B0%D1%82%D0%BA%D0%B8","200","subcategory","HIGH","Старый URL уже перенаправлял на /magazin/product/perchatki-nitrilovye-hl-100sht-upak и наследует доказанное решение этой сущности","301"
"https://cloverspb.ru/magazin/product/perchatki-odnorazovye-lateks-opudr-medic-l-100sht-upak/next","/magazin/product/perchatki-odnorazovye-lateks-opudr-medic-l-100sht-upak/next","301","alias","","","https://clover-spb.ru/product/%D0%9D%D0%A4-00000183","/product/%D0%9D%D0%A4-00000183","200","product","EXACT","Старый URL уже перенаправлял на /magazin/product/perchatki-odnorazovye-lateks-opudr-medic-m-100sht-upak и наследует доказанное решение этой сущности","301"
"https://cloverspb.ru/magazin/product/perchatki-odnorazovye-lateks-opudr-medic-m-100sht-upak/prev","/magazin/product/perchatki-odnorazovye-lateks-opudr-medic-m-100sht-upak/prev","301","alias","","","https://clover-spb.ru/catalog/%D0%A5%D0%BE%D0%B7%D1%8F%D0%B9%D1%81%D1%82%D0%B2%D0%B5%D0%BD%D0%BD%D1%8B%D0%B5%20%D1%82%D0%BE%D0%B2%D0%B0%D1%80%D1%8B/%D0%9F%D0%B5%D1%80%D1%87%D0%B0%D1%82%D0%BA%D0%B8","/catalog/%D0%A5%D0%BE%D0%B7%D1%8F%D0%B9%D1%81%D1%82%D0%B2%D0%B5%D0%BD%D0%BD%D1%8B%D0%B5%20%D1%82%D0%BE%D0%B2%D0%B0%D1%80%D1%8B/%D0%9F%D0%B5%D1%80%D1%87%D0%B0%D1%82%D0%BA%D0%B8","200","subcategory","HIGH","Старый URL уже перенаправлял на /magazin/product/perchatki-odnorazovye-lateks-opudr-medic-l-100sht-upak и наследует доказанное решение этой сущности","301"
"https://cloverspb.ru/magazin/product/perchatki-odnorazovye-lateks-opudr-medic-m-100sht-upak/next","/magazin/product/perchatki-odnorazovye-lateks-opudr-medic-m-100sht-upak/next","301","alias","","","https://clover-spb.ru/product/%D0%9D%D0%A4-00000182","/product/%D0%9D%D0%A4-00000182","200","product","EXACT","Старый URL уже перенаправлял на /magazin/product/perchatki-odnorazovye-lateks-opudr-medic-s-100sht-upak и наследует доказанное решение этой сущности","301"
"https://cloverspb.ru/magazin/product/perchatki-odnorazovye-lateks-opudr-medic-s-100sht-upak/prev","/magazin/product/perchatki-odnorazovye-lateks-opudr-medic-s-100sht-upak/prev","301","alias","","","https://clover-spb.ru/product/%D0%9D%D0%A4-00000183","/product/%D0%9D%D0%A4-00000183","200","product","EXACT","Старый URL уже перенаправлял на /magazin/product/perchatki-odnorazovye-lateks-opudr-medic-m-100sht-upak и наследует доказанное решение этой сущности","301"
"https://cloverspb.ru/magazin/product/perchatki-odnorazovye-lateks-opudr-medic-s-100sht-upak/next","/magazin/product/perchatki-odnorazovye-lateks-opudr-medic-s-100sht-upak/next","301","alias","","","https://clover-spb.ru/product/%D0%9D%D0%A4-00000185","/product/%D0%9D%D0%A4-00000185","200","product","EXACT","Старый URL уже перенаправлял на /magazin/product/perchatki-odnorazovye-lateks-opudr-medic-hl-100sht-upak и наследует доказанное решение этой сущности","301"
"https://cloverspb.ru/magazin/product/perchatki-odnorazovye-lateks-opudr-medic-hl-100sht-upak/prev","/magazin/product/perchatki-odnorazovye-lateks-opudr-medic-hl-100sht-upak/prev","301","alias","","","https://clover-spb.ru/product/%D0%9D%D0%A4-00000182","/product/%D0%9D%D0%A4-00000182","200","product","EXACT","Старый URL уже перенаправлял на /magazin/product/perchatki-odnorazovye-lateks-opudr-medic-s-100sht-upak и наследует доказанное решение этой сущности","301"
"https://cloverspb.ru/magazin/product/perchatki-odnorazovye-lateks-opudr-medic-hl-100sht-upak/next","/magazin/product/perchatki-odnorazovye-lateks-opudr-medic-hl-100sht-upak/next","301","alias","","","https://clover-spb.ru/catalog/%D0%A5%D0%BE%D0%B7%D1%8F%D0%B9%D1%81%D1%82%D0%B2%D0%B5%D0%BD%D0%BD%D1%8B%D0%B5%20%D1%82%D0%BE%D0%B2%D0%B0%D1%80%D1%8B/%D0%9F%D0%B5%D1%80%D1%87%D0%B0%D1%82%D0%BA%D0%B8","/catalog/%D0%A5%D0%BE%D0%B7%D1%8F%D0%B9%D1%81%D1%82%D0%B2%D0%B5%D0%BD%D0%BD%D1%8B%D0%B5%20%D1%82%D0%BE%D0%B2%D0%B0%D1%80%D1%8B/%D0%9F%D0%B5%D1%80%D1%87%D0%B0%D1%82%D0%BA%D0%B8","200","subcategory","HIGH","Старый URL уже перенаправлял на /magazin/product/perchatki-pnd-razmery-v-assortimente и наследует доказанное решение этой сущности","301"
"https://cloverspb.ru/magazin/product/perchatki-vinilovye-neopudr-s-100sht-upak/prev","/magazin/product/perchatki-vinilovye-neopudr-s-100sht-upak/prev","301","alias","","","https://clover-spb.ru/catalog/%D0%A5%D0%BE%D0%B7%D1%8F%D0%B9%D1%81%D1%82%D0%B2%D0%B5%D0%BD%D0%BD%D1%8B%D0%B5%20%D1%82%D0%BE%D0%B2%D0%B0%D1%80%D1%8B/%D0%9F%D0%B5%D1%80%D1%87%D0%B0%D1%82%D0%BA%D0%B8","/catalog/%D0%A5%D0%BE%D0%B7%D1%8F%D0%B9%D1%81%D1%82%D0%B2%D0%B5%D0%BD%D0%BD%D1%8B%D0%B5%20%D1%82%D0%BE%D0%B2%D0%B0%D1%80%D1%8B/%D0%9F%D0%B5%D1%80%D1%87%D0%B0%D1%82%D0%BA%D0%B8","200","subcategory","HIGH","Старый URL уже перенаправлял на /magazin/product/perchatki-pnd-razmery-v-assortimente и наследует доказанное решение этой сущности","301"
"https://cloverspb.ru/magazin/product/perchatki-vinilovye-neopudr-s-100sht-upak/next","/magazin/product/perchatki-vinilovye-neopudr-s-100sht-upak/next","301","alias","","","https://clover-spb.ru/catalog/%D0%A5%D0%BE%D0%B7%D1%8F%D0%B9%D1%81%D1%82%D0%B2%D0%B5%D0%BD%D0%BD%D1%8B%D0%B5%20%D1%82%D0%BE%D0%B2%D0%B0%D1%80%D1%8B/%D0%9F%D0%B5%D1%80%D1%87%D0%B0%D1%82%D0%BA%D0%B8","/catalog/%D0%A5%D0%BE%D0%B7%D1%8F%D0%B9%D1%81%D1%82%D0%B2%D0%B5%D0%BD%D0%BD%D1%8B%D0%B5%20%D1%82%D0%BE%D0%B2%D0%B0%D1%80%D1%8B/%D0%9F%D0%B5%D1%80%D1%87%D0%B0%D1%82%D0%BA%D0%B8","200","subcategory","HIGH","Старый URL уже перенаправлял на /magazin/product/perchatki-vinilovye-neopudr-m-100sht-upak и наследует доказанное решение этой сущности","301"
"https://cloverspb.ru/magazin/product/perchatki-vinilovye-neopudr-m-100sht-upak/prev","/magazin/product/perchatki-vinilovye-neopudr-m-100sht-upak/prev","301","alias","","","https://clover-spb.ru/catalog/%D0%A5%D0%BE%D0%B7%D1%8F%D0%B9%D1%81%D1%82%D0%B2%D0%B5%D0%BD%D0%BD%D1%8B%D0%B5%20%D1%82%D0%BE%D0%B2%D0%B0%D1%80%D1%8B/%D0%9F%D0%B5%D1%80%D1%87%D0%B0%D1%82%D0%BA%D0%B8","/catalog/%D0%A5%D0%BE%D0%B7%D1%8F%D0%B9%D1%81%D1%82%D0%B2%D0%B5%D0%BD%D0%BD%D1%8B%D0%B5%20%D1%82%D0%BE%D0%B2%D0%B0%D1%80%D1%8B/%D0%9F%D0%B5%D1%80%D1%87%D0%B0%D1%82%D0%BA%D0%B8","200","subcategory","HIGH","Старый URL уже перенаправлял на /magazin/product/perchatki-vinilovye-neopudr-s-100sht-upak и наследует доказанное решение этой сущности","301"
"https://cloverspb.ru/magazin/product/perchatki-vinilovye-neopudr-m-100sht-upak/next","/magazin/product/perchatki-vinilovye-neopudr-m-100sht-upak/next","301","alias","","","https://clover-spb.ru/catalog/%D0%A5%D0%BE%D0%B7%D1%8F%D0%B9%D1%81%D1%82%D0%B2%D0%B5%D0%BD%D0%BD%D1%8B%D0%B5%20%D1%82%D0%BE%D0%B2%D0%B0%D1%80%D1%8B/%D0%9F%D0%B5%D1%80%D1%87%D0%B0%D1%82%D0%BA%D0%B8","/catalog/%D0%A5%D0%BE%D0%B7%D1%8F%D0%B9%D1%81%D1%82%D0%B2%D0%B5%D0%BD%D0%BD%D1%8B%D0%B5%20%D1%82%D0%BE%D0%B2%D0%B0%D1%80%D1%8B/%D0%9F%D0%B5%D1%80%D1%87%D0%B0%D1%82%D0%BA%D0%B8","200","subcategory","HIGH","Старый URL уже перенаправлял на /magazin/product/perchatki-vinilovye-neopudr-l-100sht-upak и наследует доказанное решение этой сущности","301"
"https://cloverspb.ru/magazin/product/perchatki-vinilovye-neopudr-l-100sht-upak/prev","/magazin/product/perchatki-vinilovye-neopudr-l-100sht-upak/prev","301","alias","","","https://clover-spb.ru/catalog/%D0%A5%D0%BE%D0%B7%D1%8F%D0%B9%D1%81%D1%82%D0%B2%D0%B5%D0%BD%D0%BD%D1%8B%D0%B5%20%D1%82%D0%BE%D0%B2%D0%B0%D1%80%D1%8B/%D0%9F%D0%B5%D1%80%D1%87%D0%B0%D1%82%D0%BA%D0%B8","/catalog/%D0%A5%D0%BE%D0%B7%D1%8F%D0%B9%D1%81%D1%82%D0%B2%D0%B5%D0%BD%D0%BD%D1%8B%D0%B5%20%D1%82%D0%BE%D0%B2%D0%B0%D1%80%D1%8B/%D0%9F%D0%B5%D1%80%D1%87%D0%B0%D1%82%D0%BA%D0%B8","200","subcategory","HIGH","Старый URL уже перенаправлял на /magazin/product/perchatki-vinilovye-neopudr-m-100sht-upak и наследует доказанное решение этой сущности","301"
"https://cloverspb.ru/magazin/product/perchatki-vinilovye-neopudr-l-100sht-upak/next","/magazin/product/perchatki-vinilovye-neopudr-l-100sht-upak/next","301","alias","","","https://clover-spb.ru/catalog/%D0%A5%D0%BE%D0%B7%D1%8F%D0%B9%D1%81%D1%82%D0%B2%D0%B5%D0%BD%D0%BD%D1%8B%D0%B5%20%D1%82%D0%BE%D0%B2%D0%B0%D1%80%D1%8B/%D0%9F%D0%B5%D1%80%D1%87%D0%B0%D1%82%D0%BA%D0%B8","/catalog/%D0%A5%D0%BE%D0%B7%D1%8F%D0%B9%D1%81%D1%82%D0%B2%D0%B5%D0%BD%D0%BD%D1%8B%D0%B5%20%D1%82%D0%BE%D0%B2%D0%B0%D1%80%D1%8B/%D0%9F%D0%B5%D1%80%D1%87%D0%B0%D1%82%D0%BA%D0%B8","200","subcategory","HIGH","Старый URL уже перенаправлял на /magazin/product/perchatki-vinilovye-neopudr-hl-100sht-upak и наследует доказанное решение этой сущности","301"
"https://cloverspb.ru/magazin/product/perchatki-vinilovye-neopudr-hl-100sht-upak/prev","/magazin/product/perchatki-vinilovye-neopudr-hl-100sht-upak/prev","301","alias","","","https://clover-spb.ru/catalog/%D0%A5%D0%BE%D0%B7%D1%8F%D0%B9%D1%81%D1%82%D0%B2%D0%B5%D0%BD%D0%BD%D1%8B%D0%B5%20%D1%82%D0%BE%D0%B2%D0%B0%D1%80%D1%8B/%D0%9F%D0%B5%D1%80%D1%87%D0%B0%D1%82%D0%BA%D0%B8","/catalog/%D0%A5%D0%BE%D0%B7%D1%8F%D0%B9%D1%81%D1%82%D0%B2%D0%B5%D0%BD%D0%BD%D1%8B%D0%B5%20%D1%82%D0%BE%D0%B2%D0%B0%D1%80%D1%8B/%D0%9F%D0%B5%D1%80%D1%87%D0%B0%D1%82%D0%BA%D0%B8","200","subcategory","HIGH","Старый URL уже перенаправлял на /magazin/product/perchatki-vinilovye-neopudr-l-100sht-upak и наследует доказанное решение этой сущности","301"
"https://cloverspb.ru/magazin/product/perchatki-vinilovye-neopudr-hl-100sht-upak/next","/magazin/product/perchatki-vinilovye-neopudr-hl-100sht-upak/next","301","alias","","","https://clover-spb.ru/catalog/%D0%A5%D0%BE%D0%B7%D1%8F%D0%B9%D1%81%D1%82%D0%B2%D0%B5%D0%BD%D0%BD%D1%8B%D0%B5%20%D1%82%D0%BE%D0%B2%D0%B0%D1%80%D1%8B/%D0%9F%D0%B5%D1%80%D1%87%D0%B0%D1%82%D0%BA%D0%B8","/catalog/%D0%A5%D0%BE%D0%B7%D1%8F%D0%B9%D1%81%D1%82%D0%B2%D0%B5%D0%BD%D0%BD%D1%8B%D0%B5%20%D1%82%D0%BE%D0%B2%D0%B0%D1%80%D1%8B/%D0%9F%D0%B5%D1%80%D1%87%D0%B0%D1%82%D0%BA%D0%B8","200","subcategory","HIGH","Старый URL уже перенаправлял на /magazin/product/perchatki-nitrilovye-s-100sht-upak и наследует доказанное решение этой сущности","301"
"https://cloverspb.ru/magazin/product/stroitelnye-perchatki-s-pvh/prev","/magazin/product/stroitelnye-perchatki-s-pvh/prev","301","alias","","","https://clover-spb.ru/catalog/%D0%A5%D0%BE%D0%B7%D1%8F%D0%B9%D1%81%D1%82%D0%B2%D0%B5%D0%BD%D0%BD%D1%8B%D0%B5%20%D1%82%D0%BE%D0%B2%D0%B0%D1%80%D1%8B/%D0%9F%D0%B5%D1%80%D1%87%D0%B0%D1%82%D0%BA%D0%B8","/catalog/%D0%A5%D0%BE%D0%B7%D1%8F%D0%B9%D1%81%D1%82%D0%B2%D0%B5%D0%BD%D0%BD%D1%8B%D0%B5%20%D1%82%D0%BE%D0%B2%D0%B0%D1%80%D1%8B/%D0%9F%D0%B5%D1%80%D1%87%D0%B0%D1%82%D0%BA%D0%B8","200","subcategory","HIGH","Старый URL уже перенаправлял на /magazin/product/stroitelnye-perchatki-s-pvh-chernye и наследует доказанное решение этой сущности","301"
"https://cloverspb.ru/magazin/product/stroitelnye-perchatki-s-pvh/next","/magazin/product/stroitelnye-perchatki-s-pvh/next","301","alias","","","https://clover-spb.ru/product/%D0%9D%D0%A4-00000174","/product/%D0%9D%D0%A4-00000174","200","product","HIGH","Старый URL уже перенаправлял на /magazin/product/perchatki-rezinovye-sine-zheltye-s и наследует доказанное решение этой сущности","301"
"https://cloverspb.ru/magazin/product/akvalon-5l/prev","/magazin/product/akvalon-5l/prev","301","alias","","","https://clover-spb.ru/product/%D0%9D%D0%A4-00000629","/product/%D0%9D%D0%A4-00000629","200","product","HIGH","Старый URL уже перенаправлял на /magazin/product/sredstvo-dlya-mytya-posudy-help-5-l и наследует доказанное решение этой сущности","301"
"https://cloverspb.ru/magazin/product/akvalon-5l/next","/magazin/product/akvalon-5l/next","301","alias","","","https://clover-spb.ru/product/%D0%9D%D0%A4-00002609","/product/%D0%9D%D0%A4-00002609","200","product","EXACT","Старый URL уже перенаправлял на /magazin/product/sredstvo-dlya-mytya-posudy-purity-new-vv-5l-4 и наследует доказанное решение этой сущности","301"
"https://cloverspb.ru/magazin/product/perednik-pnd-100sht-upak/prev","/magazin/product/perednik-pnd-100sht-upak/prev","301","alias","","","https://clover-spb.ru/product/%D0%9D%D0%A4-00000256","/product/%D0%9D%D0%A4-00000256","200","product","EXACT","Старый URL уже перенаправлял на /magazin/product/shapochka-flizelinovaya-belaya-100sht-upak и наследует доказанное решение этой сущности","301"
"https://cloverspb.ru/magazin/product/perednik-pnd-100sht-upak/next","/magazin/product/perednik-pnd-100sht-upak/next","301","alias","","","https://clover-spb.ru/product/%D0%9D%D0%A4-00000138","/product/%D0%9D%D0%A4-00000138","200","product","EXACT","Старый URL уже перенаправлял на /magazin/product/pilotka-bumazhnaya-belaya и наследует доказанное решение этой сущности","301"
"https://cloverspb.ru/magazin/product/halat-laboratornyj-belyj/prev","/magazin/product/halat-laboratornyj-belyj/prev","301","alias","","","https://clover-spb.ru/product/%D0%9D%D0%A4-00000138","/product/%D0%9D%D0%A4-00000138","200","product","EXACT","Старый URL уже перенаправлял на /magazin/product/pilotka-bumazhnaya-belaya и наследует доказанное решение этой сущности","301"
"https://cloverspb.ru/magazin/product/halat-laboratornyj-belyj/next","/magazin/product/halat-laboratornyj-belyj/next","301","alias","","","https://clover-spb.ru/product/%D0%9D%D0%A4-00000256","/product/%D0%9D%D0%A4-00000256","200","product","EXACT","Старый URL уже перенаправлял на /magazin/product/shapochka-flizelinovaya-belaya-100sht-upak и наследует доказанное решение этой сущности","301"
"https://cloverspb.ru/magazin/product/shapochka-flizelinovaya-belaya-100sht-upak/prev","/magazin/product/shapochka-flizelinovaya-belaya-100sht-upak/prev","301","alias","","","https://clover-spb.ru/product/%D0%9D%D0%A4-00000440","/product/%D0%9D%D0%A4-00000440","200","product","EXACT","Старый URL уже перенаправлял на /magazin/product/halat-laboratornyj-belyj и наследует доказанное решение этой сущности","301"
"https://cloverspb.ru/magazin/product/shapochka-flizelinovaya-belaya-100sht-upak/next","/magazin/product/shapochka-flizelinovaya-belaya-100sht-upak/next","301","alias","","","https://clover-spb.ru/catalog/%D0%A5%D0%BE%D0%B7%D1%8F%D0%B9%D1%81%D1%82%D0%B2%D0%B5%D0%BD%D0%BD%D1%8B%D0%B5%20%D1%82%D0%BE%D0%B2%D0%B0%D1%80%D1%8B/%D0%9E%D0%B4%D0%BD%D0%BE%D1%80%D0%B0%D0%B7%D0%BE%D0%B2%D0%B0%D1%8F%20%D0%BE%D0%B4%D0%B5%D0%B6%D0%B4%D0%B0","/catalog/%D0%A5%D0%BE%D0%B7%D1%8F%D0%B9%D1%81%D1%82%D0%B2%D0%B5%D0%BD%D0%BD%D1%8B%D0%B5%20%D1%82%D0%BE%D0%B2%D0%B0%D1%80%D1%8B/%D0%9E%D0%B4%D0%BD%D0%BE%D1%80%D0%B0%D0%B7%D0%BE%D0%B2%D0%B0%D1%8F%20%D0%BE%D0%B4%D0%B5%D0%B6%D0%B4%D0%B0","200","subcategory","HIGH","Старый URL уже перенаправлял на /magazin/product/perednik-pnd-100sht-upak и наследует доказанное решение этой сущности","301"
"https://cloverspb.ru/magazin/product/paket-majka-pnd-belyj-30-60sm-100sht-upak/prev","/magazin/product/paket-majka-pnd-belyj-30-60sm-100sht-upak/prev","301","alias","","","https://clover-spb.ru/product/%D0%9D%D0%A4-00000039","/product/%D0%9D%D0%A4-00000039","200","product","EXACT","Старый URL уже перенаправлял на /magazin/product/paket-majka-pnd-chernyj-30-60sm-100sht-upak и наследует доказанное решение этой сущности","301"
"https://cloverspb.ru/magazin/product/paket-majka-pnd-belyj-30-60sm-100sht-upak/next","/magazin/product/paket-majka-pnd-belyj-30-60sm-100sht-upak/next","301","alias","","","https://clover-spb.ru/catalog/%D0%9F%D0%B0%D0%BA%D0%B5%D1%82%D1%8B%2C%20%D1%83%D0%BF%D0%B0%D0%BA%D0%BE%D0%B2%D0%BE%D1%87%D0%BD%D1%8B%D0%B5%20%D0%BC%D0%B0%D1%82%D0%B5%D1%80%D0%B8%D0%B0%D0%BB%D1%8B/%D0%9F%D0%B0%D0%BA%D0%B5%D1%82%D1%8B-%D0%BC%D0%B0%D0%B9%D0%BA%D0%B8","/catalog/%D0%9F%D0%B0%D0%BA%D0%B5%D1%82%D1%8B%2C%20%D1%83%D0%BF%D0%B0%D0%BA%D0%BE%D0%B2%D0%BE%D1%87%D0%BD%D1%8B%D0%B5%20%D0%BC%D0%B0%D1%82%D0%B5%D1%80%D0%B8%D0%B0%D0%BB%D1%8B/%D0%9F%D0%B0%D0%BA%D0%B5%D1%82%D1%8B-%D0%BC%D0%B0%D0%B9%D0%BA%D0%B8","200","subcategory","HIGH","Старый URL уже перенаправлял на /magazin/product/paket-majka-fa-chernyj-100sht и наследует доказанное решение этой сущности","301"
"https://cloverspb.ru/magazin/product/paket-majka-pnd-chernyj-30-60sm-100sht-upak/prev","/magazin/product/paket-majka-pnd-chernyj-30-60sm-100sht-upak/prev","301","alias","","","https://clover-spb.ru/catalog/%D0%9F%D0%B0%D0%BA%D0%B5%D1%82%D1%8B%2C%20%D1%83%D0%BF%D0%B0%D0%BA%D0%BE%D0%B2%D0%BE%D1%87%D0%BD%D1%8B%D0%B5%20%D0%BC%D0%B0%D1%82%D0%B5%D1%80%D0%B8%D0%B0%D0%BB%D1%8B/%D0%9F%D0%B0%D0%BA%D0%B5%D1%82%D1%8B-%D0%BC%D0%B0%D0%B9%D0%BA%D0%B8","/catalog/%D0%9F%D0%B0%D0%BA%D0%B5%D1%82%D1%8B%2C%20%D1%83%D0%BF%D0%B0%D0%BA%D0%BE%D0%B2%D0%BE%D1%87%D0%BD%D1%8B%D0%B5%20%D0%BC%D0%B0%D1%82%D0%B5%D1%80%D0%B8%D0%B0%D0%BB%D1%8B/%D0%9F%D0%B0%D0%BA%D0%B5%D1%82%D1%8B-%D0%BC%D0%B0%D0%B9%D0%BA%D0%B8","200","subcategory","HIGH","Старый URL уже перенаправлял на /magazin/product/paket-majka-pnd-24-44sm-100sht-upak и наследует доказанное решение этой сущности","301"
"https://cloverspb.ru/magazin/product/paket-majka-pnd-chernyj-30-60sm-100sht-upak/next","/magazin/product/paket-majka-pnd-chernyj-30-60sm-100sht-upak/next","301","alias","","","https://clover-spb.ru/product/%D0%9D%D0%A4-00000571","/product/%D0%9D%D0%A4-00000571","200","product","EXACT","Старый URL уже перенаправлял на /magazin/product/paket-majka-pnd-belyj-30-60sm-100sht-upak и наследует доказанное решение этой сущности","301"
"https://cloverspb.ru/magazin/product/paket-majka-36-65-polosa-belaya-100sht-upak/prev","/magazin/product/paket-majka-36-65-polosa-belaya-100sht-upak/prev","301","alias","","","https://clover-spb.ru/catalog/%D0%9F%D0%B0%D0%BA%D0%B5%D1%82%D1%8B%2C%20%D1%83%D0%BF%D0%B0%D0%BA%D0%BE%D0%B2%D0%BE%D1%87%D0%BD%D1%8B%D0%B5%20%D0%BC%D0%B0%D1%82%D0%B5%D1%80%D0%B8%D0%B0%D0%BB%D1%8B/%D0%9F%D0%B0%D0%BA%D0%B5%D1%82%D1%8B-%D0%BC%D0%B0%D0%B9%D0%BA%D0%B8","/catalog/%D0%9F%D0%B0%D0%BA%D0%B5%D1%82%D1%8B%2C%20%D1%83%D0%BF%D0%B0%D0%BA%D0%BE%D0%B2%D0%BE%D1%87%D0%BD%D1%8B%D0%B5%20%D0%BC%D0%B0%D1%82%D0%B5%D1%80%D0%B8%D0%B0%D0%BB%D1%8B/%D0%9F%D0%B0%D0%BA%D0%B5%D1%82%D1%8B-%D0%BC%D0%B0%D0%B9%D0%BA%D0%B8","200","subcategory","HIGH","Старый URL уже перенаправлял на /magazin/product/paket-majka-fa-zelenyj-100sht и наследует доказанное решение этой сущности","301"
"https://cloverspb.ru/magazin/product/paket-majka-36-65-polosa-belaya-100sht-upak/next","/magazin/product/paket-majka-36-65-polosa-belaya-100sht-upak/next","301","alias","","","https://clover-spb.ru/catalog/%D0%9F%D0%B0%D0%BA%D0%B5%D1%82%D1%8B%2C%20%D1%83%D0%BF%D0%B0%D0%BA%D0%BE%D0%B2%D0%BE%D1%87%D0%BD%D1%8B%D0%B5%20%D0%BC%D0%B0%D1%82%D0%B5%D1%80%D0%B8%D0%B0%D0%BB%D1%8B/%D0%9F%D0%B0%D0%BA%D0%B5%D1%82%D1%8B-%D0%BC%D0%B0%D0%B9%D0%BA%D0%B8","/catalog/%D0%9F%D0%B0%D0%BA%D0%B5%D1%82%D1%8B%2C%20%D1%83%D0%BF%D0%B0%D0%BA%D0%BE%D0%B2%D0%BE%D1%87%D0%BD%D1%8B%D0%B5%20%D0%BC%D0%B0%D1%82%D0%B5%D1%80%D0%B8%D0%B0%D0%BB%D1%8B/%D0%9F%D0%B0%D0%BA%D0%B5%D1%82%D1%8B-%D0%BC%D0%B0%D0%B9%D0%BA%D0%B8","200","subcategory","HIGH","Старый URL уже перенаправлял на /magazin/product/paket-majka-pnd-24-44sm-100sht-upak и наследует доказанное решение этой сущности","301"
"https://cloverspb.ru/magazin/product/paket-majka-pnd-24-44sm-100sht-upak/prev","/magazin/product/paket-majka-pnd-24-44sm-100sht-upak/prev","301","alias","","","https://clover-spb.ru/product/%D0%9D%D0%A4-00000217","/product/%D0%9D%D0%A4-00000217","200","product","EXACT","Старый URL уже перенаправлял на /magazin/product/paket-majka-36-65-polosa-belaya-100sht-upak и наследует доказанное решение этой сущности","301"
"https://cloverspb.ru/magazin/product/paket-majka-pnd-24-44sm-100sht-upak/next","/magazin/product/paket-majka-pnd-24-44sm-100sht-upak/next","301","alias","","","https://clover-spb.ru/product/%D0%9D%D0%A4-00000039","/product/%D0%9D%D0%A4-00000039","200","product","EXACT","Старый URL уже перенаправлял на /magazin/product/paket-majka-pnd-chernyj-30-60sm-100sht-upak и наследует доказанное решение этой сущности","301"
"https://cloverspb.ru/magazin/product/paket-fasovochnyj-15-20sm-1000sht-upak/prev","/magazin/product/paket-fasovochnyj-15-20sm-1000sht-upak/prev","301","alias","","","https://clover-spb.ru/catalog/%D0%9F%D0%B0%D0%BA%D0%B5%D1%82%D1%8B%2C%20%D1%83%D0%BF%D0%B0%D0%BA%D0%BE%D0%B2%D0%BE%D1%87%D0%BD%D1%8B%D0%B5%20%D0%BC%D0%B0%D1%82%D0%B5%D1%80%D0%B8%D0%B0%D0%BB%D1%8B/%D0%9F%D0%B0%D0%BA%D0%B5%D1%82%D1%8B%20%D1%84%D0%B0%D1%81%D0%BE%D0%B2%D0%BE%D1%87%D0%BD%D1%8B%D0%B5","/catalog/%D0%9F%D0%B0%D0%BA%D0%B5%D1%82%D1%8B%2C%20%D1%83%D0%BF%D0%B0%D0%BA%D0%BE%D0%B2%D0%BE%D1%87%D0%BD%D1%8B%D0%B5%20%D0%BC%D0%B0%D1%82%D0%B5%D1%80%D0%B8%D0%B0%D0%BB%D1%8B/%D0%9F%D0%B0%D0%BA%D0%B5%D1%82%D1%8B%20%D1%84%D0%B0%D1%81%D0%BE%D0%B2%D0%BE%D1%87%D0%BD%D1%8B%D0%B5","200","subcategory","HIGH","Старый URL уже перенаправлял на /magazin/product/paket-fasovochnyj-30-sm-h-40-sm и наследует доказанное решение этой сущности","301"
"https://cloverspb.ru/magazin/product/paket-fasovochnyj-15-20sm-1000sht-upak/next","/magazin/product/paket-fasovochnyj-15-20sm-1000sht-upak/next","301","alias","","","https://clover-spb.ru/catalog/%D0%9F%D0%B0%D0%BA%D0%B5%D1%82%D1%8B%2C%20%D1%83%D0%BF%D0%B0%D0%BA%D0%BE%D0%B2%D0%BE%D1%87%D0%BD%D1%8B%D0%B5%20%D0%BC%D0%B0%D1%82%D0%B5%D1%80%D0%B8%D0%B0%D0%BB%D1%8B/%D0%9F%D0%B0%D0%BA%D0%B5%D1%82%D1%8B%20%D1%84%D0%B0%D1%81%D0%BE%D0%B2%D0%BE%D1%87%D0%BD%D1%8B%D0%B5","/catalog/%D0%9F%D0%B0%D0%BA%D0%B5%D1%82%D1%8B%2C%20%D1%83%D0%BF%D0%B0%D0%BA%D0%BE%D0%B2%D0%BE%D1%87%D0%BD%D1%8B%D0%B5%20%D0%BC%D0%B0%D1%82%D0%B5%D1%80%D0%B8%D0%B0%D0%BB%D1%8B/%D0%9F%D0%B0%D0%BA%D0%B5%D1%82%D1%8B%20%D1%84%D0%B0%D1%81%D0%BE%D0%B2%D0%BE%D1%87%D0%BD%D1%8B%D0%B5","200","subcategory","HIGH","Старый URL уже перенаправлял на /magazin/product/paket-fasovochnyj-30-40sm-1000sht-upak и наследует доказанное решение этой сущности","301"
"https://cloverspb.ru/magazin/product/paket-fasovochnyj-30-40sm-1000sht-upak/prev","/magazin/product/paket-fasovochnyj-30-40sm-1000sht-upak/prev","301","alias","","","https://clover-spb.ru/catalog/%D0%9F%D0%B0%D0%BA%D0%B5%D1%82%D1%8B%2C%20%D1%83%D0%BF%D0%B0%D0%BA%D0%BE%D0%B2%D0%BE%D1%87%D0%BD%D1%8B%D0%B5%20%D0%BC%D0%B0%D1%82%D0%B5%D1%80%D0%B8%D0%B0%D0%BB%D1%8B/%D0%9F%D0%B0%D0%BA%D0%B5%D1%82%D1%8B%20%D1%84%D0%B0%D1%81%D0%BE%D0%B2%D0%BE%D1%87%D0%BD%D1%8B%D0%B5","/catalog/%D0%9F%D0%B0%D0%BA%D0%B5%D1%82%D1%8B%2C%20%D1%83%D0%BF%D0%B0%D0%BA%D0%BE%D0%B2%D0%BE%D1%87%D0%BD%D1%8B%D0%B5%20%D0%BC%D0%B0%D1%82%D0%B5%D1%80%D0%B8%D0%B0%D0%BB%D1%8B/%D0%9F%D0%B0%D0%BA%D0%B5%D1%82%D1%8B%20%D1%84%D0%B0%D1%81%D0%BE%D0%B2%D0%BE%D1%87%D0%BD%D1%8B%D0%B5","200","subcategory","HIGH","Старый URL уже перенаправлял на /magazin/product/paket-fasovochnyj-15-20sm-1000sht-upak и наследует доказанное решение этой сущности","301"
"https://cloverspb.ru/magazin/product/paket-fasovochnyj-30-40sm-1000sht-upak/next","/magazin/product/paket-fasovochnyj-30-40sm-1000sht-upak/next","301","alias","","","https://clover-spb.ru/catalog/%D0%9F%D0%B0%D0%BA%D0%B5%D1%82%D1%8B%2C%20%D1%83%D0%BF%D0%B0%D0%BA%D0%BE%D0%B2%D0%BE%D1%87%D0%BD%D1%8B%D0%B5%20%D0%BC%D0%B0%D1%82%D0%B5%D1%80%D0%B8%D0%B0%D0%BB%D1%8B/%D0%9F%D0%B0%D0%BA%D0%B5%D1%82%D1%8B%20%D1%84%D0%B0%D1%81%D0%BE%D0%B2%D0%BE%D1%87%D0%BD%D1%8B%D0%B5","/catalog/%D0%9F%D0%B0%D0%BA%D0%B5%D1%82%D1%8B%2C%20%D1%83%D0%BF%D0%B0%D0%BA%D0%BE%D0%B2%D0%BE%D1%87%D0%BD%D1%8B%D0%B5%20%D0%BC%D0%B0%D1%82%D0%B5%D1%80%D0%B8%D0%B0%D0%BB%D1%8B/%D0%9F%D0%B0%D0%BA%D0%B5%D1%82%D1%8B%20%D1%84%D0%B0%D1%81%D0%BE%D0%B2%D0%BE%D1%87%D0%BD%D1%8B%D0%B5","200","subcategory","HIGH","Старый URL уже перенаправлял на /magazin/product/fasovochnyj-paket-25-sm-h-45-sm-v-rulone и наследует доказанное решение этой сущности","301"
"https://cloverspb.ru/magazin/product/paket-vakuumnyj-11-16sm-60mkm-100sht-upak/prev","/magazin/product/paket-vakuumnyj-11-16sm-60mkm-100sht-upak/prev","301","alias","","","https://clover-spb.ru/catalog/%D0%9F%D0%B0%D0%BA%D0%B5%D1%82%D1%8B%2C%20%D1%83%D0%BF%D0%B0%D0%BA%D0%BE%D0%B2%D0%BE%D1%87%D0%BD%D1%8B%D0%B5%20%D0%BC%D0%B0%D1%82%D0%B5%D1%80%D0%B8%D0%B0%D0%BB%D1%8B/%D0%9F%D0%B0%D0%BA%D0%B5%D1%82%D1%8B%20%D0%B2%D0%B0%D0%BA%D1%83%D1%83%D0%BC%D0%BD%D1%8B%D0%B5","/catalog/%D0%9F%D0%B0%D0%BA%D0%B5%D1%82%D1%8B%2C%20%D1%83%D0%BF%D0%B0%D0%BA%D0%BE%D0%B2%D0%BE%D1%87%D0%BD%D1%8B%D0%B5%20%D0%BC%D0%B0%D1%82%D0%B5%D1%80%D0%B8%D0%B0%D0%BB%D1%8B/%D0%9F%D0%B0%D0%BA%D0%B5%D1%82%D1%8B%20%D0%B2%D0%B0%D0%BA%D1%83%D1%83%D0%BC%D0%BD%D1%8B%D0%B5","200","subcategory","HIGH","Старый URL уже перенаправлял на /magazin/product/paket-dlya-vakuumirovaniya-300-mm-h-400-mm-60-mkm и наследует доказанное решение этой сущности","301"
"https://cloverspb.ru/magazin/product/paket-vakuumnyj-11-16sm-60mkm-100sht-upak/next","/magazin/product/paket-vakuumnyj-11-16sm-60mkm-100sht-upak/next","301","alias","","","https://clover-spb.ru/catalog/%D0%9F%D0%B0%D0%BA%D0%B5%D1%82%D1%8B%2C%20%D1%83%D0%BF%D0%B0%D0%BA%D0%BE%D0%B2%D0%BE%D1%87%D0%BD%D1%8B%D0%B5%20%D0%BC%D0%B0%D1%82%D0%B5%D1%80%D0%B8%D0%B0%D0%BB%D1%8B/%D0%9F%D0%B0%D0%BA%D0%B5%D1%82%D1%8B%20%D0%B2%D0%B0%D0%BA%D1%83%D1%83%D0%BC%D0%BD%D1%8B%D0%B5","/catalog/%D0%9F%D0%B0%D0%BA%D0%B5%D1%82%D1%8B%2C%20%D1%83%D0%BF%D0%B0%D0%BA%D0%BE%D0%B2%D0%BE%D1%87%D0%BD%D1%8B%D0%B5%20%D0%BC%D0%B0%D1%82%D0%B5%D1%80%D0%B8%D0%B0%D0%BB%D1%8B/%D0%9F%D0%B0%D0%BA%D0%B5%D1%82%D1%8B%20%D0%B2%D0%B0%D0%BA%D1%83%D1%83%D0%BC%D0%BD%D1%8B%D0%B5","200","subcategory","HIGH","Старый URL уже перенаправлял на /magazin/product/paket-dlya-vakuumirovaniya-160-mm-h-210-mm-60-mkm и наследует доказанное решение этой сущности","301"
"https://cloverspb.ru/magazin/product/paket-vakuumnyj-16-25sm-60mkm-100sht-upak/prev","/magazin/product/paket-vakuumnyj-16-25sm-60mkm-100sht-upak/prev","301","alias","","","https://clover-spb.ru/catalog/%D0%9F%D0%B0%D0%BA%D0%B5%D1%82%D1%8B%2C%20%D1%83%D0%BF%D0%B0%D0%BA%D0%BE%D0%B2%D0%BE%D1%87%D0%BD%D1%8B%D0%B5%20%D0%BC%D0%B0%D1%82%D0%B5%D1%80%D0%B8%D0%B0%D0%BB%D1%8B/%D0%9F%D0%B0%D0%BA%D0%B5%D1%82%D1%8B%20%D0%B2%D0%B0%D0%BA%D1%83%D1%83%D0%BC%D0%BD%D1%8B%D0%B5","/catalog/%D0%9F%D0%B0%D0%BA%D0%B5%D1%82%D1%8B%2C%20%D1%83%D0%BF%D0%B0%D0%BA%D0%BE%D0%B2%D0%BE%D1%87%D0%BD%D1%8B%D0%B5%20%D0%BC%D0%B0%D1%82%D0%B5%D1%80%D0%B8%D0%B0%D0%BB%D1%8B/%D0%9F%D0%B0%D0%BA%D0%B5%D1%82%D1%8B%20%D0%B2%D0%B0%D0%BA%D1%83%D1%83%D0%BC%D0%BD%D1%8B%D0%B5","200","subcategory","HIGH","Старый URL уже перенаправлял на /magazin/product/paket-dlya-vakuumirovaniya-150-mm-h-300-mm-60-mkm и наследует доказанное решение этой сущности","301"
"https://cloverspb.ru/magazin/product/paket-vakuumnyj-16-25sm-60mkm-100sht-upak/next","/magazin/product/paket-vakuumnyj-16-25sm-60mkm-100sht-upak/next","301","alias","","","https://clover-spb.ru/catalog/%D0%9F%D0%B0%D0%BA%D0%B5%D1%82%D1%8B%2C%20%D1%83%D0%BF%D0%B0%D0%BA%D0%BE%D0%B2%D0%BE%D1%87%D0%BD%D1%8B%D0%B5%20%D0%BC%D0%B0%D1%82%D0%B5%D1%80%D0%B8%D0%B0%D0%BB%D1%8B/%D0%9F%D0%B0%D0%BA%D0%B5%D1%82%D1%8B%20%D0%B2%D0%B0%D0%BA%D1%83%D1%83%D0%BC%D0%BD%D1%8B%D0%B5","/catalog/%D0%9F%D0%B0%D0%BA%D0%B5%D1%82%D1%8B%2C%20%D1%83%D0%BF%D0%B0%D0%BA%D0%BE%D0%B2%D0%BE%D1%87%D0%BD%D1%8B%D0%B5%20%D0%BC%D0%B0%D1%82%D0%B5%D1%80%D0%B8%D0%B0%D0%BB%D1%8B/%D0%9F%D0%B0%D0%BA%D0%B5%D1%82%D1%8B%20%D0%B2%D0%B0%D0%BA%D1%83%D1%83%D0%BC%D0%BD%D1%8B%D0%B5","200","subcategory","HIGH","Старый URL уже перенаправлял на /magazin/product/paket-dlya-vakuumirovaniya-150-mm-h-200-mm-60-mkm и наследует доказанное решение этой сущности","301"
"https://cloverspb.ru/magazin/product/paket-vakuumnyj-20-30sm-60mkm-100sht-upak/prev","/magazin/product/paket-vakuumnyj-20-30sm-60mkm-100sht-upak/prev","301","alias","","","https://clover-spb.ru/catalog/%D0%9F%D0%B0%D0%BA%D0%B5%D1%82%D1%8B%2C%20%D1%83%D0%BF%D0%B0%D0%BA%D0%BE%D0%B2%D0%BE%D1%87%D0%BD%D1%8B%D0%B5%20%D0%BC%D0%B0%D1%82%D0%B5%D1%80%D0%B8%D0%B0%D0%BB%D1%8B/%D0%9F%D0%B0%D0%BA%D0%B5%D1%82%D1%8B%20%D0%B2%D0%B0%D0%BA%D1%83%D1%83%D0%BC%D0%BD%D1%8B%D0%B5","/catalog/%D0%9F%D0%B0%D0%BA%D0%B5%D1%82%D1%8B%2C%20%D1%83%D0%BF%D0%B0%D0%BA%D0%BE%D0%B2%D0%BE%D1%87%D0%BD%D1%8B%D0%B5%20%D0%BC%D0%B0%D1%82%D0%B5%D1%80%D0%B8%D0%B0%D0%BB%D1%8B/%D0%9F%D0%B0%D0%BA%D0%B5%D1%82%D1%8B%20%D0%B2%D0%B0%D0%BA%D1%83%D1%83%D0%BC%D0%BD%D1%8B%D0%B5","200","subcategory","HIGH","Старый URL уже перенаправлял на /magazin/product/paket-dlya-vakuumirovaniya-150-mm-h-200-mm-60-mkm и наследует доказанное решение этой сущности","301"
"https://cloverspb.ru/magazin/product/paket-vakuumnyj-20-30sm-60mkm-100sht-upak/next","/magazin/product/paket-vakuumnyj-20-30sm-60mkm-100sht-upak/next","301","alias","","","https://clover-spb.ru/catalog/%D0%9F%D0%B0%D0%BA%D0%B5%D1%82%D1%8B%2C%20%D1%83%D0%BF%D0%B0%D0%BA%D0%BE%D0%B2%D0%BE%D1%87%D0%BD%D1%8B%D0%B5%20%D0%BC%D0%B0%D1%82%D0%B5%D1%80%D0%B8%D0%B0%D0%BB%D1%8B/%D0%9F%D0%B0%D0%BA%D0%B5%D1%82%D1%8B%20%D0%B2%D0%B0%D0%BA%D1%83%D1%83%D0%BC%D0%BD%D1%8B%D0%B5","/catalog/%D0%9F%D0%B0%D0%BA%D0%B5%D1%82%D1%8B%2C%20%D1%83%D0%BF%D0%B0%D0%BA%D0%BE%D0%B2%D0%BE%D1%87%D0%BD%D1%8B%D0%B5%20%D0%BC%D0%B0%D1%82%D0%B5%D1%80%D0%B8%D0%B0%D0%BB%D1%8B/%D0%9F%D0%B0%D0%BA%D0%B5%D1%82%D1%8B%20%D0%B2%D0%B0%D0%BA%D1%83%D1%83%D0%BC%D0%BD%D1%8B%D0%B5","200","subcategory","HIGH","Старый URL уже перенаправлял на /magazin/product/paket-dlya-vakuumirovaniya-200-mm-h-250-mm-60-mkm и наследует доказанное решение этой сущности","301"
"https://cloverspb.ru/magazin/product/paket-pvd-s-zamkom-15-10/prev","/magazin/product/paket-pvd-s-zamkom-15-10/prev","301","alias","","","https://clover-spb.ru/product/%D0%9D%D0%A4-00000398","/product/%D0%9D%D0%A4-00000398","200","product","EXACT","Старый URL уже перенаправлял на /magazin/product/paket-vakuumnyj-11-16sm-60mkm-100sht-upak и наследует доказанное решение этой сущности","301"
"https://cloverspb.ru/magazin/product/paket-pvd-s-zamkom-15-10/next","/magazin/product/paket-pvd-s-zamkom-15-10/next","301","alias","","","https://clover-spb.ru/catalog/%D0%9E%D0%B4%D0%BD%D0%BE%D1%80%D0%B0%D0%B7%D0%BE%D0%B2%D0%B0%D1%8F%20%D0%BF%D0%BE%D1%81%D1%83%D0%B4%D0%B0","/catalog/%D0%9E%D0%B4%D0%BD%D0%BE%D1%80%D0%B0%D0%B7%D0%BE%D0%B2%D0%B0%D1%8F%20%D0%BF%D0%BE%D1%81%D1%83%D0%B4%D0%B0","200","category","HIGH","Старый URL уже перенаправлял на /magazin/product/kryshka-belaya-plastikovaya-s-otverstiem-dlya-kofejnogo-stakanchika-80mm-100sht-upak и наследует доказанное решение этой сущности","301"
"https://cloverspb.ru/magazin/product/shpagat-dzhutovyj-100m/prev","/magazin/product/shpagat-dzhutovyj-100m/prev","301","alias","","","https://clover-spb.ru/catalog/%D0%9E%D0%B4%D0%BD%D0%BE%D1%80%D0%B0%D0%B7%D0%BE%D0%B2%D0%B0%D1%8F%20%D0%BF%D0%BE%D1%81%D1%83%D0%B4%D0%B0/%D0%94%D0%BB%D1%8F%20%D0%BA%D0%BE%D0%BD%D0%B4%D0%B8%D1%82%D0%B5%D1%80%D1%81%D0%BA%D0%B8%D1%85%20%D0%B8%D0%B7%D0%B4%D0%B5%D0%BB%D0%B8%D0%B9","/catalog/%D0%9E%D0%B4%D0%BD%D0%BE%D1%80%D0%B0%D0%B7%D0%BE%D0%B2%D0%B0%D1%8F%20%D0%BF%D0%BE%D1%81%D1%83%D0%B4%D0%B0/%D0%94%D0%BB%D1%8F%20%D0%BA%D0%BE%D0%BD%D0%B4%D0%B8%D1%82%D0%B5%D1%80%D1%81%D0%BA%D0%B8%D1%85%20%D0%B8%D0%B7%D0%B4%D0%B5%D0%BB%D0%B8%D0%B9","200","subcategory","HIGH","Старый URL уже перенаправлял на /magazin/product/konditerskij-meshok-sinij-53-sm-75-mkm-100sht и наследует доказанное решение этой сущности","301"
"https://cloverspb.ru/magazin/product/shpagat-dzhutovyj-100m/next","/magazin/product/shpagat-dzhutovyj-100m/next","301","alias","","","https://clover-spb.ru/catalog/%D0%9E%D0%B4%D0%BD%D0%BE%D1%80%D0%B0%D0%B7%D0%BE%D0%B2%D0%B0%D1%8F%20%D0%BF%D0%BE%D1%81%D1%83%D0%B4%D0%B0/%D0%94%D0%BB%D1%8F%20%D0%BA%D0%BE%D0%BD%D0%B4%D0%B8%D1%82%D0%B5%D1%80%D1%81%D0%BA%D0%B8%D1%85%20%D0%B8%D0%B7%D0%B4%D0%B5%D0%BB%D0%B8%D0%B9","/catalog/%D0%9E%D0%B4%D0%BD%D0%BE%D1%80%D0%B0%D0%B7%D0%BE%D0%B2%D0%B0%D1%8F%20%D0%BF%D0%BE%D1%81%D1%83%D0%B4%D0%B0/%D0%94%D0%BB%D1%8F%20%D0%BA%D0%BE%D0%BD%D0%B4%D0%B8%D1%82%D0%B5%D1%80%D1%81%D0%BA%D0%B8%D1%85%20%D0%B8%D0%B7%D0%B4%D0%B5%D0%BB%D0%B8%D0%B9","200","subcategory","HIGH","Старый URL уже перенаправлял на /magazin/product/konditerskij-meshok-sinij-53-sm-75-mkm-100sht и наследует доказанное решение этой сущности","301"
"https://cloverspb.ru/magazin/product/paket-s-kr-ruch-b-p-240h140h280-kraft/prev","/magazin/product/paket-s-kr-ruch-b-p-240h140h280-kraft/prev","301","alias","","","https://clover-spb.ru/catalog/%D0%9F%D0%B0%D0%BA%D0%B5%D1%82%D1%8B%2C%20%D1%83%D0%BF%D0%B0%D0%BA%D0%BE%D0%B2%D0%BE%D1%87%D0%BD%D1%8B%D0%B5%20%D0%BC%D0%B0%D1%82%D0%B5%D1%80%D0%B8%D0%B0%D0%BB%D1%8B/%D0%91%D1%83%D0%BC%D0%B0%D0%B6%D0%BD%D1%8B%D0%B5%20%D0%BF%D0%B0%D0%BA%D0%B5%D1%82%D1%8B%20%D1%81%20%D1%80%D1%83%D1%87%D0%BA%D0%BE%D0%B9","/catalog/%D0%9F%D0%B0%D0%BA%D0%B5%D1%82%D1%8B%2C%20%D1%83%D0%BF%D0%B0%D0%BA%D0%BE%D0%B2%D0%BE%D1%87%D0%BD%D1%8B%D0%B5%20%D0%BC%D0%B0%D1%82%D0%B5%D1%80%D0%B8%D0%B0%D0%BB%D1%8B/%D0%91%D1%83%D0%BC%D0%B0%D0%B6%D0%BD%D1%8B%D0%B5%20%D0%BF%D0%B0%D0%BA%D0%B5%D1%82%D1%8B%20%D1%81%20%D1%80%D1%83%D1%87%D0%BA%D0%BE%D0%B9","200","subcategory","HIGH","Старый URL уже перенаправлял на /magazin/product/paket-s-kr-ruch-b-p-320h200h370-kraft и наследует доказанное решение этой сущности","301"
"https://cloverspb.ru/magazin/product/paket-s-kr-ruch-b-p-240h140h280-kraft/next","/magazin/product/paket-s-kr-ruch-b-p-240h140h280-kraft/next","301","alias","","","https://clover-spb.ru/catalog/%D0%9F%D0%B0%D0%BA%D0%B5%D1%82%D1%8B%2C%20%D1%83%D0%BF%D0%B0%D0%BA%D0%BE%D0%B2%D0%BE%D1%87%D0%BD%D1%8B%D0%B5%20%D0%BC%D0%B0%D1%82%D0%B5%D1%80%D0%B8%D0%B0%D0%BB%D1%8B/%D0%91%D1%83%D0%BC%D0%B0%D0%B6%D0%BD%D1%8B%D0%B5%20%D0%BF%D0%B0%D0%BA%D0%B5%D1%82%D1%8B%20%D1%81%20%D1%80%D1%83%D1%87%D0%BA%D0%BE%D0%B9","/catalog/%D0%9F%D0%B0%D0%BA%D0%B5%D1%82%D1%8B%2C%20%D1%83%D0%BF%D0%B0%D0%BA%D0%BE%D0%B2%D0%BE%D1%87%D0%BD%D1%8B%D0%B5%20%D0%BC%D0%B0%D1%82%D0%B5%D1%80%D0%B8%D0%B0%D0%BB%D1%8B/%D0%91%D1%83%D0%BC%D0%B0%D0%B6%D0%BD%D1%8B%D0%B5%20%D0%BF%D0%B0%D0%BA%D0%B5%D1%82%D1%8B%20%D1%81%20%D1%80%D1%83%D1%87%D0%BA%D0%BE%D0%B9","200","subcategory","HIGH","Старый URL уже перенаправлял на /magazin/product/paket-s-kr-ruch-b-p-320h200h370-kraft и наследует доказанное решение этой сущности","301"
"https://cloverspb.ru/magazin/product/paket-s-kr-ruch-b-p-320h200h370-kraft/prev","/magazin/product/paket-s-kr-ruch-b-p-320h200h370-kraft/prev","301","alias","","","https://clover-spb.ru/catalog/%D0%9F%D0%B0%D0%BA%D0%B5%D1%82%D1%8B%2C%20%D1%83%D0%BF%D0%B0%D0%BA%D0%BE%D0%B2%D0%BE%D1%87%D0%BD%D1%8B%D0%B5%20%D0%BC%D0%B0%D1%82%D0%B5%D1%80%D0%B8%D0%B0%D0%BB%D1%8B/%D0%91%D1%83%D0%BC%D0%B0%D0%B6%D0%BD%D1%8B%D0%B5%20%D0%BF%D0%B0%D0%BA%D0%B5%D1%82%D1%8B%20%D1%81%20%D1%80%D1%83%D1%87%D0%BA%D0%BE%D0%B9","/catalog/%D0%9F%D0%B0%D0%BA%D0%B5%D1%82%D1%8B%2C%20%D1%83%D0%BF%D0%B0%D0%BA%D0%BE%D0%B2%D0%BE%D1%87%D0%BD%D1%8B%D0%B5%20%D0%BC%D0%B0%D1%82%D0%B5%D1%80%D0%B8%D0%B0%D0%BB%D1%8B/%D0%91%D1%83%D0%BC%D0%B0%D0%B6%D0%BD%D1%8B%D0%B5%20%D0%BF%D0%B0%D0%BA%D0%B5%D1%82%D1%8B%20%D1%81%20%D1%80%D1%83%D1%87%D0%BA%D0%BE%D0%B9","200","subcategory","HIGH","Старый URL уже перенаправлял на /magazin/product/paket-s-kr-ruch-b-p-240h140h280-kraft и наследует доказанное решение этой сущности","301"
"https://cloverspb.ru/magazin/product/paket-s-kr-ruch-b-p-320h200h370-kraft/next","/magazin/product/paket-s-kr-ruch-b-p-320h200h370-kraft/next","301","alias","","","https://clover-spb.ru/catalog/%D0%9F%D0%B0%D0%BA%D0%B5%D1%82%D1%8B%2C%20%D1%83%D0%BF%D0%B0%D0%BA%D0%BE%D0%B2%D0%BE%D1%87%D0%BD%D1%8B%D0%B5%20%D0%BC%D0%B0%D1%82%D0%B5%D1%80%D0%B8%D0%B0%D0%BB%D1%8B/%D0%91%D1%83%D0%BC%D0%B0%D0%B6%D0%BD%D1%8B%D0%B5%20%D0%BF%D0%B0%D0%BA%D0%B5%D1%82%D1%8B%20%D1%81%20%D1%80%D1%83%D1%87%D0%BA%D0%BE%D0%B9","/catalog/%D0%9F%D0%B0%D0%BA%D0%B5%D1%82%D1%8B%2C%20%D1%83%D0%BF%D0%B0%D0%BA%D0%BE%D0%B2%D0%BE%D1%87%D0%BD%D1%8B%D0%B5%20%D0%BC%D0%B0%D1%82%D0%B5%D1%80%D0%B8%D0%B0%D0%BB%D1%8B/%D0%91%D1%83%D0%BC%D0%B0%D0%B6%D0%BD%D1%8B%D0%B5%20%D0%BF%D0%B0%D0%BA%D0%B5%D1%82%D1%8B%20%D1%81%20%D1%80%D1%83%D1%87%D0%BA%D0%BE%D0%B9","200","subcategory","HIGH","Старый URL уже перенаправлял на /magazin/product/paket-s-kr-ruch-b-p-240h140h280-kraft и наследует доказанное решение этой сущности","301"
"https://cloverspb.ru/magazin/product/vafelnoe-polotno-40-sm-otbelennoe-plotn-110-50-m/prev","/magazin/product/vafelnoe-polotno-40-sm-otbelennoe-plotn-110-50-m/prev","301","alias","","","https://clover-spb.ru/catalog/%D0%A5%D0%BE%D0%B7%D1%8F%D0%B9%D1%81%D1%82%D0%B2%D0%B5%D0%BD%D0%BD%D1%8B%D0%B5%20%D1%82%D0%BE%D0%B2%D0%B0%D1%80%D1%8B","/catalog/%D0%A5%D0%BE%D0%B7%D1%8F%D0%B9%D1%81%D1%82%D0%B2%D0%B5%D0%BD%D0%BD%D1%8B%D0%B5%20%D1%82%D0%BE%D0%B2%D0%B0%D1%80%D1%8B","200","category","HIGH","Старый URL уже перенаправлял на /magazin/product/vafelnoe-polotno-metrovoe и наследует доказанное решение этой сущности","301"
"https://cloverspb.ru/magazin/product/vafelnoe-polotno-40-sm-otbelennoe-plotn-110-50-m/next","/magazin/product/vafelnoe-polotno-40-sm-otbelennoe-plotn-110-50-m/next","301","alias","","","https://clover-spb.ru/product/%D0%9D%D0%A4-00000239","/product/%D0%9D%D0%A4-00000239","200","product","EXACT","Старый URL уже перенаправлял на /magazin/product/vafelnoe-polotno-45-sm-otbelennoe-plotn-125-50-m и наследует доказанное решение этой сущности","301"
"https://cloverspb.ru/magazin/product/vafelnoe-polotno-45-sm-otbelennoe-plotn-125-50-m/prev","/magazin/product/vafelnoe-polotno-45-sm-otbelennoe-plotn-125-50-m/prev","301","alias","","","https://clover-spb.ru/product/%D0%9D%D0%A4-00000209","/product/%D0%9D%D0%A4-00000209","200","product","EXACT","Старый URL уже перенаправлял на /magazin/product/vafelnoe-polotno-40-sm-otbelennoe-plotn-110-50-m и наследует доказанное решение этой сущности","301"
"https://cloverspb.ru/magazin/product/vafelnoe-polotno-45-sm-otbelennoe-plotn-125-50-m/next","/magazin/product/vafelnoe-polotno-45-sm-otbelennoe-plotn-125-50-m/next","301","alias","","","https://clover-spb.ru/catalog/%D0%A5%D0%BE%D0%B7%D1%8F%D0%B9%D1%81%D1%82%D0%B2%D0%B5%D0%BD%D0%BD%D1%8B%D0%B5%20%D1%82%D0%BE%D0%B2%D0%B0%D1%80%D1%8B","/catalog/%D0%A5%D0%BE%D0%B7%D1%8F%D0%B9%D1%81%D1%82%D0%B2%D0%B5%D0%BD%D0%BD%D1%8B%D0%B5%20%D1%82%D0%BE%D0%B2%D0%B0%D1%80%D1%8B","200","category","HIGH","Старый URL уже перенаправлял на /magazin/product/vafelnoe-polotno-metrovoe и наследует доказанное решение этой сущности","301"
"https://cloverspb.ru/magazin/product/plenka-strejch-500-h-17-mkm-ves-netto-2-0-kg/prev","/magazin/product/plenka-strejch-500-h-17-mkm-ves-netto-2-0-kg/prev","301","alias","","","https://clover-spb.ru/catalog/%D0%A5%D0%BE%D0%B7%D1%8F%D0%B9%D1%81%D1%82%D0%B2%D0%B5%D0%BD%D0%BD%D1%8B%D0%B5%20%D1%82%D0%BE%D0%B2%D0%B0%D1%80%D1%8B/%D0%A4%D0%BE%D0%BB%D1%8C%D0%B3%D0%B0%2C%20%D0%BF%D0%BB%D0%B5%D0%BD%D0%BA%D0%B0%2C%20%D0%BF%D0%B5%D1%80%D0%B3%D0%B0%D0%BC%D0%B5%D0%BD%D1%82","/catalog/%D0%A5%D0%BE%D0%B7%D1%8F%D0%B9%D1%81%D1%82%D0%B2%D0%B5%D0%BD%D0%BD%D1%8B%D0%B5%20%D1%82%D0%BE%D0%B2%D0%B0%D1%80%D1%8B/%D0%A4%D0%BE%D0%BB%D1%8C%D0%B3%D0%B0%2C%20%D0%BF%D0%BB%D0%B5%D0%BD%D0%BA%D0%B0%2C%20%D0%BF%D0%B5%D1%80%D0%B3%D0%B0%D0%BC%D0%B5%D0%BD%D1%82","200","subcategory","HIGH","Старый URL уже перенаправлял на /magazin/product/folga-30-sm-100-metrov и наследует доказанное решение этой сущности","301"
"https://cloverspb.ru/magazin/product/plenka-strejch-500-h-17-mkm-ves-netto-2-0-kg/next","/magazin/product/plenka-strejch-500-h-17-mkm-ves-netto-2-0-kg/next","301","alias","","","https://clover-spb.ru/catalog/%D0%A5%D0%BE%D0%B7%D1%8F%D0%B9%D1%81%D1%82%D0%B2%D0%B5%D0%BD%D0%BD%D1%8B%D0%B5%20%D1%82%D0%BE%D0%B2%D0%B0%D1%80%D1%8B/%D0%A4%D0%BE%D0%BB%D1%8C%D0%B3%D0%B0%2C%20%D0%BF%D0%BB%D0%B5%D0%BD%D0%BA%D0%B0%2C%20%D0%BF%D0%B5%D1%80%D0%B3%D0%B0%D0%BC%D0%B5%D0%BD%D1%82","/catalog/%D0%A5%D0%BE%D0%B7%D1%8F%D0%B9%D1%81%D1%82%D0%B2%D0%B5%D0%BD%D0%BD%D1%8B%D0%B5%20%D1%82%D0%BE%D0%B2%D0%B0%D1%80%D1%8B/%D0%A4%D0%BE%D0%BB%D1%8C%D0%B3%D0%B0%2C%20%D0%BF%D0%BB%D0%B5%D0%BD%D0%BA%D0%B0%2C%20%D0%BF%D0%B5%D1%80%D0%B3%D0%B0%D0%BC%D0%B5%D0%BD%D1%82","200","subcategory","HIGH","Старый URL уже перенаправлял на /magazin/product/folga-45-sm-100-metrov и наследует доказанное решение этой сущности","301"
"https://cloverspb.ru/magazin/product/paket-dlya-musora-70h110-pvd-60-mkm-v-400-120-l/prev","/magazin/product/paket-dlya-musora-70h110-pvd-60-mkm-v-400-120-l/prev","301","alias","","","https://clover-spb.ru/catalog/%D0%A5%D0%BE%D0%B7%D1%8F%D0%B9%D1%81%D1%82%D0%B2%D0%B5%D0%BD%D0%BD%D1%8B%D0%B5%20%D1%82%D0%BE%D0%B2%D0%B0%D1%80%D1%8B/%D0%9C%D0%B5%D1%88%D0%BA%D0%B8%20%D0%B4%D0%BB%D1%8F%20%D0%BC%D1%83%D1%81%D0%BE%D1%80%D0%B0","/catalog/%D0%A5%D0%BE%D0%B7%D1%8F%D0%B9%D1%81%D1%82%D0%B2%D0%B5%D0%BD%D0%BD%D1%8B%D0%B5%20%D1%82%D0%BE%D0%B2%D0%B0%D1%80%D1%8B/%D0%9C%D0%B5%D1%88%D0%BA%D0%B8%20%D0%B4%D0%BB%D1%8F%20%D0%BC%D1%83%D1%81%D0%BE%D1%80%D0%B0","200","subcategory","HIGH","Старый URL уже перенаправлял на /magazin/product/paket-dlya-musora-v-rulone-10-sht-120-litrov и наследует доказанное решение этой сущности","301"
"https://cloverspb.ru/magazin/product/paket-dlya-musora-70h110-pvd-60-mkm-v-400-120-l/next","/magazin/product/paket-dlya-musora-70h110-pvd-60-mkm-v-400-120-l/next","301","alias","","","https://clover-spb.ru/catalog/%D0%A5%D0%BE%D0%B7%D1%8F%D0%B9%D1%81%D1%82%D0%B2%D0%B5%D0%BD%D0%BD%D1%8B%D0%B5%20%D1%82%D0%BE%D0%B2%D0%B0%D1%80%D1%8B/%D0%9C%D0%B5%D1%88%D0%BA%D0%B8%20%D0%B4%D0%BB%D1%8F%20%D0%BC%D1%83%D1%81%D0%BE%D1%80%D0%B0","/catalog/%D0%A5%D0%BE%D0%B7%D1%8F%D0%B9%D1%81%D1%82%D0%B2%D0%B5%D0%BD%D0%BD%D1%8B%D0%B5%20%D1%82%D0%BE%D0%B2%D0%B0%D1%80%D1%8B/%D0%9C%D0%B5%D1%88%D0%BA%D0%B8%20%D0%B4%D0%BB%D1%8F%20%D0%BC%D1%83%D1%81%D0%BE%D1%80%D0%B0","200","subcategory","HIGH","Старый URL уже перенаправлял на /magazin/product/paket-dlya-musora-90h110-pvd-60-mkm-v-300-160-l и наследует доказанное решение этой сущности","301"
"https://cloverspb.ru/magazin/product/paket-dlya-musora-90h110-pvd-60-mkm-v-300-160-l/prev","/magazin/product/paket-dlya-musora-90h110-pvd-60-mkm-v-300-160-l/prev","301","alias","","","https://clover-spb.ru/product/%D0%9D%D0%A4-00000152","/product/%D0%9D%D0%A4-00000152","200","product","EXACT","Старый URL уже перенаправлял на /magazin/product/paket-dlya-musora-70h110-pvd-60-mkm-v-400-120-l и наследует доказанное решение этой сущности","301"
"https://cloverspb.ru/magazin/product/paket-dlya-musora-90h110-pvd-60-mkm-v-300-160-l/next","/magazin/product/paket-dlya-musora-90h110-pvd-60-mkm-v-300-160-l/next","301","alias","","","https://clover-spb.ru/catalog/%D0%A5%D0%BE%D0%B7%D1%8F%D0%B9%D1%81%D1%82%D0%B2%D0%B5%D0%BD%D0%BD%D1%8B%D0%B5%20%D1%82%D0%BE%D0%B2%D0%B0%D1%80%D1%8B/%D0%9C%D0%B5%D1%88%D0%BA%D0%B8%20%D0%B4%D0%BB%D1%8F%20%D0%BC%D1%83%D1%81%D0%BE%D1%80%D0%B0","/catalog/%D0%A5%D0%BE%D0%B7%D1%8F%D0%B9%D1%81%D1%82%D0%B2%D0%B5%D0%BD%D0%BD%D1%8B%D0%B5%20%D1%82%D0%BE%D0%B2%D0%B0%D1%80%D1%8B/%D0%9C%D0%B5%D1%88%D0%BA%D0%B8%20%D0%B4%D0%BB%D1%8F%20%D0%BC%D1%83%D1%81%D0%BE%D1%80%D0%B0","200","subcategory","HIGH","Старый URL уже перенаправлял на /magazin/product/paket-dlya-musora-90h140-pvd-60-mkm-v-240-l и наследует доказанное решение этой сущности","301"
"https://cloverspb.ru/magazin/product/paket-dlya-musora-90h140-pvd-60-mkm-v-240-l/prev","/magazin/product/paket-dlya-musora-90h140-pvd-60-mkm-v-240-l/prev","301","alias","","","https://clover-spb.ru/catalog/%D0%A5%D0%BE%D0%B7%D1%8F%D0%B9%D1%81%D1%82%D0%B2%D0%B5%D0%BD%D0%BD%D1%8B%D0%B5%20%D1%82%D0%BE%D0%B2%D0%B0%D1%80%D1%8B/%D0%9C%D0%B5%D1%88%D0%BA%D0%B8%20%D0%B4%D0%BB%D1%8F%20%D0%BC%D1%83%D1%81%D0%BE%D1%80%D0%B0","/catalog/%D0%A5%D0%BE%D0%B7%D1%8F%D0%B9%D1%81%D1%82%D0%B2%D0%B5%D0%BD%D0%BD%D1%8B%D0%B5%20%D1%82%D0%BE%D0%B2%D0%B0%D1%80%D1%8B/%D0%9C%D0%B5%D1%88%D0%BA%D0%B8%20%D0%B4%D0%BB%D1%8F%20%D0%BC%D1%83%D1%81%D0%BE%D1%80%D0%B0","200","subcategory","HIGH","Старый URL уже перенаправлял на /magazin/product/paket-dlya-musora-90h110-pvd-60-mkm-v-300-160-l и наследует доказанное решение этой сущности","301"
"https://cloverspb.ru/magazin/product/paket-dlya-musora-90h140-pvd-60-mkm-v-240-l/next","/magazin/product/paket-dlya-musora-90h140-pvd-60-mkm-v-240-l/next","301","alias","","","https://clover-spb.ru/product/%D0%9D%D0%A4-00000150","/product/%D0%9D%D0%A4-00000150","200","product","EXACT","Старый URL уже перенаправлял на /magazin/product/paket-dlya-musora-pvd-rulon-30-l-50-sht и наследует доказанное решение этой сущности","301"
"https://cloverspb.ru/magazin/product/paket-dlya-musora-pvd-rulon-30-l-50-sht/prev","/magazin/product/paket-dlya-musora-pvd-rulon-30-l-50-sht/prev","301","alias","","","https://clover-spb.ru/catalog/%D0%A5%D0%BE%D0%B7%D1%8F%D0%B9%D1%81%D1%82%D0%B2%D0%B5%D0%BD%D0%BD%D1%8B%D0%B5%20%D1%82%D0%BE%D0%B2%D0%B0%D1%80%D1%8B/%D0%9C%D0%B5%D1%88%D0%BA%D0%B8%20%D0%B4%D0%BB%D1%8F%20%D0%BC%D1%83%D1%81%D0%BE%D1%80%D0%B0","/catalog/%D0%A5%D0%BE%D0%B7%D1%8F%D0%B9%D1%81%D1%82%D0%B2%D0%B5%D0%BD%D0%BD%D1%8B%D0%B5%20%D1%82%D0%BE%D0%B2%D0%B0%D1%80%D1%8B/%D0%9C%D0%B5%D1%88%D0%BA%D0%B8%20%D0%B4%D0%BB%D1%8F%20%D0%BC%D1%83%D1%81%D0%BE%D1%80%D0%B0","200","subcategory","HIGH","Старый URL уже перенаправлял на /magazin/product/paket-dlya-musora-90h140-pvd-60-mkm-v-240-l и наследует доказанное решение этой сущности","301"
"https://cloverspb.ru/magazin/product/paket-dlya-musora-pvd-rulon-30-l-50-sht/next","/magazin/product/paket-dlya-musora-pvd-rulon-30-l-50-sht/next","301","alias","","","https://clover-spb.ru/catalog/%D0%A5%D0%BE%D0%B7%D1%8F%D0%B9%D1%81%D1%82%D0%B2%D0%B5%D0%BD%D0%BD%D1%8B%D0%B5%20%D1%82%D0%BE%D0%B2%D0%B0%D1%80%D1%8B/%D0%9C%D0%B5%D1%88%D0%BA%D0%B8%20%D0%B4%D0%BB%D1%8F%20%D0%BC%D1%83%D1%81%D0%BE%D1%80%D0%B0","/catalog/%D0%A5%D0%BE%D0%B7%D1%8F%D0%B9%D1%81%D1%82%D0%B2%D0%B5%D0%BD%D0%BD%D1%8B%D0%B5%20%D1%82%D0%BE%D0%B2%D0%B0%D1%80%D1%8B/%D0%9C%D0%B5%D1%88%D0%BA%D0%B8%20%D0%B4%D0%BB%D1%8F%20%D0%BC%D1%83%D1%81%D0%BE%D1%80%D0%B0","200","subcategory","HIGH","Старый URL уже перенаправлял на /magazin/product/paket-dlya-musora-pvd-rulon-60-l-50-sht и наследует доказанное решение этой сущности","301"
"https://cloverspb.ru/magazin/product/paket-dlya-musora-pvd-rulon-60-l-50-sht/prev","/magazin/product/paket-dlya-musora-pvd-rulon-60-l-50-sht/prev","301","alias","","","https://clover-spb.ru/product/%D0%9D%D0%A4-00000150","/product/%D0%9D%D0%A4-00000150","200","product","EXACT","Старый URL уже перенаправлял на /magazin/product/paket-dlya-musora-pvd-rulon-30-l-50-sht и наследует доказанное решение этой сущности","301"
"https://cloverspb.ru/magazin/product/paket-dlya-musora-pvd-rulon-60-l-50-sht/next","/magazin/product/paket-dlya-musora-pvd-rulon-60-l-50-sht/next","301","alias","","","https://clover-spb.ru/catalog/%D0%A5%D0%BE%D0%B7%D1%8F%D0%B9%D1%81%D1%82%D0%B2%D0%B5%D0%BD%D0%BD%D1%8B%D0%B5%20%D1%82%D0%BE%D0%B2%D0%B0%D1%80%D1%8B/%D0%9C%D0%B5%D1%88%D0%BA%D0%B8%20%D0%B4%D0%BB%D1%8F%20%D0%BC%D1%83%D1%81%D0%BE%D1%80%D0%B0","/catalog/%D0%A5%D0%BE%D0%B7%D1%8F%D0%B9%D1%81%D1%82%D0%B2%D0%B5%D0%BD%D0%BD%D1%8B%D0%B5%20%D1%82%D0%BE%D0%B2%D0%B0%D1%80%D1%8B/%D0%9C%D0%B5%D1%88%D0%BA%D0%B8%20%D0%B4%D0%BB%D1%8F%20%D0%BC%D1%83%D1%81%D0%BE%D1%80%D0%B0","200","subcategory","HIGH","Старый URL уже перенаправлял на /magazin/product/paket-dlya-musora-v-rulone-20-sht-60-litrov-osoboprochnye и наследует доказанное решение этой сущности","301"
"https://cloverspb.ru/magazin/product/gubka-dlya-posudy-5-sht-mega-10h6-5h4-sm-15up-kor/prev","/magazin/product/gubka-dlya-posudy-5-sht-mega-10h6-5h4-sm-15up-kor/prev","301","alias","","","https://clover-spb.ru/catalog/%D0%A5%D0%BE%D0%B7%D1%8F%D0%B9%D1%81%D1%82%D0%B2%D0%B5%D0%BD%D0%BD%D1%8B%D0%B5%20%D1%82%D0%BE%D0%B2%D0%B0%D1%80%D1%8B/%D0%93%D1%83%D0%B1%D0%BA%D0%B8%20%D0%B4%D0%BB%D1%8F%20%D0%BF%D0%BE%D1%81%D1%83%D0%B4%D1%8B","/catalog/%D0%A5%D0%BE%D0%B7%D1%8F%D0%B9%D1%81%D1%82%D0%B2%D0%B5%D0%BD%D0%BD%D1%8B%D0%B5%20%D1%82%D0%BE%D0%B2%D0%B0%D1%80%D1%8B/%D0%93%D1%83%D0%B1%D0%BA%D0%B8%20%D0%B4%D0%BB%D1%8F%20%D0%BF%D0%BE%D1%81%D1%83%D0%B4%D1%8B","200","subcategory","HIGH","Старый URL уже перенаправлял на /magazin/product/mochalka-metallicheskaya-maksi-40-gr-v-setke-30sht-kor и наследует доказанное решение этой сущности","301"
"https://cloverspb.ru/magazin/product/gubka-dlya-posudy-5-sht-mega-10h6-5h4-sm-15up-kor/next","/magazin/product/gubka-dlya-posudy-5-sht-mega-10h6-5h4-sm-15up-kor/next","301","alias","","","https://clover-spb.ru/product/%D0%9D%D0%A4-00000119","/product/%D0%9D%D0%A4-00000119","200","product","EXACT","Старый URL уже перенаправлял на /magazin/product/mochalka-dlya-posudy-metall-pletenaya-v-setke-140-gr-10-sht и наследует доказанное решение этой сущности","301"
"https://cloverspb.ru/magazin/product/mochalka-metallicheskaya-3-sht-v-setke/prev","/magazin/product/mochalka-metallicheskaya-3-sht-v-setke/prev","301","alias","","","https://clover-spb.ru/product/%D0%9D%D0%A4-00000119","/product/%D0%9D%D0%A4-00000119","200","product","EXACT","Старый URL уже перенаправлял на /magazin/product/mochalka-dlya-posudy-metall-pletenaya-v-setke-140-gr-10-sht и наследует доказанное решение этой сущности","301"
"https://cloverspb.ru/magazin/product/mochalka-metallicheskaya-3-sht-v-setke/next","/magazin/product/mochalka-metallicheskaya-3-sht-v-setke/next","301","alias","","","https://clover-spb.ru/catalog/%D0%A5%D0%BE%D0%B7%D1%8F%D0%B9%D1%81%D1%82%D0%B2%D0%B5%D0%BD%D0%BD%D1%8B%D0%B5%20%D1%82%D0%BE%D0%B2%D0%B0%D1%80%D1%8B/%D0%93%D1%83%D0%B1%D0%BA%D0%B8%20%D0%B4%D0%BB%D1%8F%20%D0%BF%D0%BE%D1%81%D1%83%D0%B4%D1%8B","/catalog/%D0%A5%D0%BE%D0%B7%D1%8F%D0%B9%D1%81%D1%82%D0%B2%D0%B5%D0%BD%D0%BD%D1%8B%D0%B5%20%D1%82%D0%BE%D0%B2%D0%B0%D1%80%D1%8B/%D0%93%D1%83%D0%B1%D0%BA%D0%B8%20%D0%B4%D0%BB%D1%8F%20%D0%BF%D0%BE%D1%81%D1%83%D0%B4%D1%8B","200","subcategory","HIGH","Старый URL уже перенаправлял на /magazin/product/mochalka-metallicheskaya-maksi-40-gr-v-setke-30sht-kor и наследует доказанное решение этой сущности","301"
"https://cloverspb.ru/magazin/product/mochalka-metallicheskaya-maksi-40-gr-v-setke-30sht-kor/prev","/magazin/product/mochalka-metallicheskaya-maksi-40-gr-v-setke-30sht-kor/prev","301","alias","","","https://clover-spb.ru/product/%D0%9D%D0%A4-00000116","/product/%D0%9D%D0%A4-00000116","200","product","EXACT","Старый URL уже перенаправлял на /magazin/product/mochalka-metallicheskaya-3-sht-v-setke и наследует доказанное решение этой сущности","301"
"https://cloverspb.ru/magazin/product/mochalka-metallicheskaya-maksi-40-gr-v-setke-30sht-kor/next","/magazin/product/mochalka-metallicheskaya-maksi-40-gr-v-setke-30sht-kor/next","301","alias","","","https://clover-spb.ru/product/%D0%9D%D0%A4-00000115","/product/%D0%9D%D0%A4-00000115","200","product","EXACT","Старый URL уже перенаправлял на /magazin/product/gubka-dlya-posudy-5-sht-mega-10h6-5h4-sm-15up-kor и наследует доказанное решение этой сущности","301"
"https://cloverspb.ru/magazin/product/mochalka-dlya-posudy-metall-pletenaya-v-setke-140-gr-10-sht/prev","/magazin/product/mochalka-dlya-posudy-metall-pletenaya-v-setke-140-gr-10-sht/prev","301","alias","","","https://clover-spb.ru/product/%D0%9D%D0%A4-00000115","/product/%D0%9D%D0%A4-00000115","200","product","EXACT","Старый URL уже перенаправлял на /magazin/product/gubka-dlya-posudy-5-sht-mega-10h6-5h4-sm-15up-kor и наследует доказанное решение этой сущности","301"
"https://cloverspb.ru/magazin/product/mochalka-dlya-posudy-metall-pletenaya-v-setke-140-gr-10-sht/next","/magazin/product/mochalka-dlya-posudy-metall-pletenaya-v-setke-140-gr-10-sht/next","301","alias","","","https://clover-spb.ru/product/%D0%9D%D0%A4-00000116","/product/%D0%9D%D0%A4-00000116","200","product","EXACT","Старый URL уже перенаправлял на /magazin/product/mochalka-metallicheskaya-3-sht-v-setke и наследует доказанное решение этой сущности","301"
"https://cloverspb.ru/magazin/product/forma-alyum-r28l-430ml-144h119hh40mm/prev","/magazin/product/forma-alyum-r28l-430ml-144h119hh40mm/prev","301","alias","","","https://clover-spb.ru/catalog/%D0%9E%D0%B4%D0%BD%D0%BE%D1%80%D0%B0%D0%B7%D0%BE%D0%B2%D0%B0%D1%8F%20%D0%BF%D0%BE%D1%81%D1%83%D0%B4%D0%B0/%D0%9A%D0%BE%D0%BD%D1%82%D0%B5%D0%B9%D0%BD%D0%B5%D1%80%D1%8B","/catalog/%D0%9E%D0%B4%D0%BD%D0%BE%D1%80%D0%B0%D0%B7%D0%BE%D0%B2%D0%B0%D1%8F%20%D0%BF%D0%BE%D1%81%D1%83%D0%B4%D0%B0/%D0%9A%D0%BE%D0%BD%D1%82%D0%B5%D0%B9%D0%BD%D0%B5%D1%80%D1%8B","200","subcategory","HIGH","Старый URL уже перенаправлял на /magazin/product/kontejner-pryamoug-750ml-179-130-52mm-chernyj-pp-polier-500-500 и наследует доказанное решение этой сущности","301"
"https://cloverspb.ru/magazin/product/forma-alyum-r28l-430ml-144h119hh40mm/next","/magazin/product/forma-alyum-r28l-430ml-144h119hh40mm/next","301","alias","","","https://clover-spb.ru/catalog/%D0%9E%D0%B4%D0%BD%D0%BE%D1%80%D0%B0%D0%B7%D0%BE%D0%B2%D0%B0%D1%8F%20%D0%BF%D0%BE%D1%81%D1%83%D0%B4%D0%B0/%D0%A1%D1%82%D0%B0%D0%BA%D0%B0%D0%BD%D1%8B","/catalog/%D0%9E%D0%B4%D0%BD%D0%BE%D1%80%D0%B0%D0%B7%D0%BE%D0%B2%D0%B0%D1%8F%20%D0%BF%D0%BE%D1%81%D1%83%D0%B4%D0%B0/%D0%A1%D1%82%D0%B0%D0%BA%D0%B0%D0%BD%D1%8B","200","subcategory","HIGH","Старый URL уже перенаправлял на /magazin/product/stakan-shejker-400-ml и наследует доказанное решение этой сущности","301"
"https://cloverspb.ru/magazin/product/forma-alyum-r44-r14l-900ml-220h115hh55mm/prev","/magazin/product/forma-alyum-r44-r14l-900ml-220h115hh55mm/prev","301","alias","","","https://clover-spb.ru/catalog/%D0%A5%D0%BE%D0%B7%D1%8F%D0%B9%D1%81%D1%82%D0%B2%D0%B5%D0%BD%D0%BD%D1%8B%D0%B5%20%D1%82%D0%BE%D0%B2%D0%B0%D1%80%D1%8B/%D0%9C%D0%B5%D1%88%D0%BA%D0%B8%20%D0%B4%D0%BB%D1%8F%20%D0%BC%D1%83%D1%81%D0%BE%D1%80%D0%B0","/catalog/%D0%A5%D0%BE%D0%B7%D1%8F%D0%B9%D1%81%D1%82%D0%B2%D0%B5%D0%BD%D0%BD%D1%8B%D0%B5%20%D1%82%D0%BE%D0%B2%D0%B0%D1%80%D1%8B/%D0%9C%D0%B5%D1%88%D0%BA%D0%B8%20%D0%B4%D0%BB%D1%8F%20%D0%BC%D1%83%D1%81%D0%BE%D1%80%D0%B0","200","subcategory","HIGH","Старый URL уже перенаправлял на /magazin/product/paket-dlya-musora-90h110-pvd-60-mkm-v-300-160-l и наследует доказанное решение этой сущности","301"
"https://cloverspb.ru/magazin/product/forma-alyum-r44-r14l-900ml-220h115hh55mm/next","/magazin/product/forma-alyum-r44-r14l-900ml-220h115hh55mm/next","301","alias","","","https://clover-spb.ru/catalog/%D0%9E%D0%B4%D0%BD%D0%BE%D1%80%D0%B0%D0%B7%D0%BE%D0%B2%D0%B0%D1%8F%20%D0%BF%D0%BE%D1%81%D1%83%D0%B4%D0%B0","/catalog/%D0%9E%D0%B4%D0%BD%D0%BE%D1%80%D0%B0%D0%B7%D0%BE%D0%B2%D0%B0%D1%8F%20%D0%BF%D0%BE%D1%81%D1%83%D0%B4%D0%B0","200","category","HIGH","Старый URL уже перенаправлял на /magazin/product/kontejner-kartonnyj-eco-opsalad-350ml-chernyj-s-prozrachnoj-kryshkoj-121-106-55mm-osq-50-350 и наследует доказанное решение этой сущности","301"
"https://cloverspb.ru/magazin/product/kryshka-alyum-kart-cr28l-140x155mm-k-forme-alyum-rn28l/prev","/magazin/product/kryshka-alyum-kart-cr28l-140x155mm-k-forme-alyum-rn28l/prev","301","alias","","","https://clover-spb.ru/product/%D0%9D%D0%A4-00000544","/product/%D0%9D%D0%A4-00000544","200","product","EXACT","Старый URL уже перенаправлял на /magazin/product/kontejner-pryamoug-125ml-108-82-25mm-b-kryshki-prozr-pp-polier-100-100 и наследует доказанное решение этой сущности","301"
"https://cloverspb.ru/magazin/product/kryshka-alyum-kart-cr28l-140x155mm-k-forme-alyum-rn28l/next","/magazin/product/kryshka-alyum-kart-cr28l-140x155mm-k-forme-alyum-rn28l/next","301","alias","","","https://clover-spb.ru/catalog/%D0%9E%D0%B4%D0%BD%D0%BE%D1%80%D0%B0%D0%B7%D0%BE%D0%B2%D0%B0%D1%8F%20%D0%BF%D0%BE%D1%81%D1%83%D0%B4%D0%B0/%D0%9A%D0%BE%D0%BD%D1%82%D0%B5%D0%B9%D0%BD%D0%B5%D1%80%D1%8B","/catalog/%D0%9E%D0%B4%D0%BD%D0%BE%D1%80%D0%B0%D0%B7%D0%BE%D0%B2%D0%B0%D1%8F%20%D0%BF%D0%BE%D1%81%D1%83%D0%B4%D0%B0/%D0%9A%D0%BE%D0%BD%D1%82%D0%B5%D0%B9%D0%BD%D0%B5%D1%80%D1%8B","200","subcategory","HIGH","Старый URL уже перенаправлял на /magazin/product/kontejner-pryamoug-250ml-108-82-48mm-bez-kryshki100-1000 и наследует доказанное решение этой сущности","301"
"https://cloverspb.ru/magazin/product/kryshka-alyum-kart-cr14l-r15l-62-217x112mm-k-forme-r14l-62l/prev","/magazin/product/kryshka-alyum-kart-cr14l-r15l-62-217x112mm-k-forme-r14l-62l/prev","301","alias","","","https://clover-spb.ru/catalog/%D0%9E%D0%B4%D0%BD%D0%BE%D1%80%D0%B0%D0%B7%D0%BE%D0%B2%D0%B0%D1%8F%20%D0%BF%D0%BE%D1%81%D1%83%D0%B4%D0%B0/%D0%9A%D0%BE%D0%BD%D1%82%D0%B5%D0%B9%D0%BD%D0%B5%D1%80%D1%8B","/catalog/%D0%9E%D0%B4%D0%BD%D0%BE%D1%80%D0%B0%D0%B7%D0%BE%D0%B2%D0%B0%D1%8F%20%D0%BF%D0%BE%D1%81%D1%83%D0%B4%D0%B0/%D0%9A%D0%BE%D0%BD%D1%82%D0%B5%D0%B9%D0%BD%D0%B5%D1%80%D1%8B","200","subcategory","HIGH","Старый URL уже перенаправлял на /magazin/product/kryshka-alyum-kart-cr28l-140x155mm-k-forme-alyum-rn28l и наследует доказанное решение этой сущности","301"
"https://cloverspb.ru/magazin/product/kryshka-alyum-kart-cr14l-r15l-62-217x112mm-k-forme-r14l-62l/next","/magazin/product/kryshka-alyum-kart-cr14l-r15l-62-217x112mm-k-forme-r14l-62l/next","301","alias","","","https://clover-spb.ru/catalog/%D0%9F%D0%B0%D0%BA%D0%B5%D1%82%D1%8B%2C%20%D1%83%D0%BF%D0%B0%D0%BA%D0%BE%D0%B2%D0%BE%D1%87%D0%BD%D1%8B%D0%B5%20%D0%BC%D0%B0%D1%82%D0%B5%D1%80%D0%B8%D0%B0%D0%BB%D1%8B/%D0%9F%D0%B0%D0%BA%D0%B5%D1%82%D1%8B%20%D0%B2%D0%B0%D0%BA%D1%83%D1%83%D0%BC%D0%BD%D1%8B%D0%B5","/catalog/%D0%9F%D0%B0%D0%BA%D0%B5%D1%82%D1%8B%2C%20%D1%83%D0%BF%D0%B0%D0%BA%D0%BE%D0%B2%D0%BE%D1%87%D0%BD%D1%8B%D0%B5%20%D0%BC%D0%B0%D1%82%D0%B5%D1%80%D0%B8%D0%B0%D0%BB%D1%8B/%D0%9F%D0%B0%D0%BA%D0%B5%D1%82%D1%8B%20%D0%B2%D0%B0%D0%BA%D1%83%D1%83%D0%BC%D0%BD%D1%8B%D0%B5","200","subcategory","HIGH","Старый URL уже перенаправлял на /magazin/product/paket-dlya-vakuumirovaniya-160-mm-h-210-mm-60-mkm и наследует доказанное решение этой сущности","301"
"https://cloverspb.ru/magazin/product/salfetka-cellyuloznaya-14h16-sm-3-sht-50sht-kor/prev","/magazin/product/salfetka-cellyuloznaya-14h16-sm-3-sht-50sht-kor/prev","301","alias","","","https://clover-spb.ru/catalog/%D0%A5%D0%BE%D0%B7%D1%8F%D0%B9%D1%81%D1%82%D0%B2%D0%B5%D0%BD%D0%BD%D1%8B%D0%B5%20%D1%82%D0%BE%D0%B2%D0%B0%D1%80%D1%8B/%D0%A2%D1%80%D1%8F%D0%BF%D0%BA%D0%B8%2C%20%D0%BC%D0%BE%D0%BF%D1%8B%2C%20%D0%BF%D0%BE%D0%BB%D0%BE%D1%82%D0%B5%D0%BD%D1%86%D0%B0","/catalog/%D0%A5%D0%BE%D0%B7%D1%8F%D0%B9%D1%81%D1%82%D0%B2%D0%B5%D0%BD%D0%BD%D1%8B%D0%B5%20%D1%82%D0%BE%D0%B2%D0%B0%D1%80%D1%8B/%D0%A2%D1%80%D1%8F%D0%BF%D0%BA%D0%B8%2C%20%D0%BC%D0%BE%D0%BF%D1%8B%2C%20%D0%BF%D0%BE%D0%BB%D0%BE%D1%82%D0%B5%D0%BD%D1%86%D0%B0","200","subcategory","HIGH","Старый URL уже перенаправлял на /magazin/product/salfetka-viskoznaya-30-sm-h-30-sm-3sht и наследует доказанное решение этой сущности","301"
"https://cloverspb.ru/magazin/product/salfetka-cellyuloznaya-14h16-sm-3-sht-50sht-kor/next","/magazin/product/salfetka-cellyuloznaya-14h16-sm-3-sht-50sht-kor/next","301","alias","","","https://clover-spb.ru/catalog/%D0%A5%D0%BE%D0%B7%D1%8F%D0%B9%D1%81%D1%82%D0%B2%D0%B5%D0%BD%D0%BD%D1%8B%D0%B5%20%D1%82%D0%BE%D0%B2%D0%B0%D1%80%D1%8B/%D0%A2%D1%80%D1%8F%D0%BF%D0%BA%D0%B8%2C%20%D0%BC%D0%BE%D0%BF%D1%8B%2C%20%D0%BF%D0%BE%D0%BB%D0%BE%D1%82%D0%B5%D0%BD%D1%86%D0%B0","/catalog/%D0%A5%D0%BE%D0%B7%D1%8F%D0%B9%D1%81%D1%82%D0%B2%D0%B5%D0%BD%D0%BD%D1%8B%D0%B5%20%D1%82%D0%BE%D0%B2%D0%B0%D1%80%D1%8B/%D0%A2%D1%80%D1%8F%D0%BF%D0%BA%D0%B8%2C%20%D0%BC%D0%BE%D0%BF%D1%8B%2C%20%D0%BF%D0%BE%D0%BB%D0%BE%D1%82%D0%B5%D0%BD%D1%86%D0%B0","200","subcategory","HIGH","Старый URL уже перенаправлял на /magazin/product/salfetka-iz-mikrofibry-30-sm-h-30-sm и наследует доказанное решение этой сущности","301"
"https://cloverspb.ru/magazin/product/tryapka-dlya-pola-hpp-80h100-sm-25sht-kor/prev","/magazin/product/tryapka-dlya-pola-hpp-80h100-sm-25sht-kor/prev","301","alias","","","https://clover-spb.ru/product/%D0%9D%D0%A4-00000757","/product/%D0%9D%D0%A4-00000757","200","product","EXACT","Старый URL уже перенаправлял на /magazin/product/tryapka-netkol-hlopkovaya-60-80sm-3-sl и наследует доказанное решение этой сущности","301"
"https://cloverspb.ru/magazin/product/tryapka-dlya-pola-hpp-80h100-sm-25sht-kor/next","/magazin/product/tryapka-dlya-pola-hpp-80h100-sm-25sht-kor/next","301","alias","","","https://clover-spb.ru/product/%D0%9D%D0%A4-00000756","/product/%D0%9D%D0%A4-00000756","200","product","EXACT","Старый URL уже перенаправлял на /magazin/product/tryapka-netkol-hlopkovaya-50-80sm-2-sl и наследует доказанное решение этой сущности","301"
"https://cloverspb.ru/magazin/product/tryapka-netkol-hlopkovaya-50-80sm-2-sl/prev","/magazin/product/tryapka-netkol-hlopkovaya-50-80sm-2-sl/prev","301","alias","","","https://clover-spb.ru/product/%D0%9D%D0%A4-00000121","/product/%D0%9D%D0%A4-00000121","200","product","EXACT","Старый URL уже перенаправлял на /magazin/product/tryapka-dlya-pola-hpp-80h100-sm-25sht-kor и наследует доказанное решение этой сущности","301"
"https://cloverspb.ru/magazin/product/tryapka-netkol-hlopkovaya-50-80sm-2-sl/next","/magazin/product/tryapka-netkol-hlopkovaya-50-80sm-2-sl/next","301","alias","","","https://clover-spb.ru/product/%D0%9D%D0%A4-00000757","/product/%D0%9D%D0%A4-00000757","200","product","EXACT","Старый URL уже перенаправлял на /magazin/product/tryapka-netkol-hlopkovaya-60-80sm-3-sl и наследует доказанное решение этой сущности","301"
"https://cloverspb.ru/magazin/product/tryapka-netkol-hlopkovaya-60-80sm-3-sl/prev","/magazin/product/tryapka-netkol-hlopkovaya-60-80sm-3-sl/prev","301","alias","","","https://clover-spb.ru/product/%D0%9D%D0%A4-00000756","/product/%D0%9D%D0%A4-00000756","200","product","EXACT","Старый URL уже перенаправлял на /magazin/product/tryapka-netkol-hlopkovaya-50-80sm-2-sl и наследует доказанное решение этой сущности","301"
"https://cloverspb.ru/magazin/product/tryapka-netkol-hlopkovaya-60-80sm-3-sl/next","/magazin/product/tryapka-netkol-hlopkovaya-60-80sm-3-sl/next","301","alias","","","https://clover-spb.ru/product/%D0%9D%D0%A4-00000121","/product/%D0%9D%D0%A4-00000121","200","product","EXACT","Старый URL уже перенаправлял на /magazin/product/tryapka-dlya-pola-hpp-80h100-sm-25sht-kor и наследует доказанное решение этой сущности","301"
"https://cloverspb.ru/magazin/product/bumaga-a4-80g-m2-500l-upak/prev","/magazin/product/bumaga-a4-80g-m2-500l-upak/prev","301","alias","","","https://clover-spb.ru/product/%D0%9D%D0%A4-00000372","/product/%D0%9D%D0%A4-00000372","200","product","EXACT","Старый URL уже перенаправлял на /magazin/product/restorannyj-schet и наследует доказанное решение этой сущности","301"
"https://cloverspb.ru/magazin/product/bumaga-a4-80g-m2-500l-upak/next","/magazin/product/bumaga-a4-80g-m2-500l-upak/next","301","alias","","","https://clover-spb.ru/catalog/%D0%9A%D0%B0%D0%BD%D1%86%D0%B5%D0%BB%D1%8F%D1%80%D1%81%D0%BA%D0%B8%D0%B5%20%D1%82%D0%BE%D0%B2%D0%B0%D1%80%D1%8B","/catalog/%D0%9A%D0%B0%D0%BD%D1%86%D0%B5%D0%BB%D1%8F%D1%80%D1%81%D0%BA%D0%B8%D0%B5%20%D1%82%D0%BE%D0%B2%D0%B0%D1%80%D1%8B","200","category","HIGH","Старый URL уже перенаправлял на /magazin/product/ruchka-sharikovaya и наследует доказанное решение этой сущности","301"
"https://cloverspb.ru/magazin/product/lenta-kassovaya-57-12mm-17m/prev","/magazin/product/lenta-kassovaya-57-12mm-17m/prev","301","alias","","","https://clover-spb.ru/catalog/%D0%9A%D0%B0%D0%BD%D1%86%D0%B5%D0%BB%D1%8F%D1%80%D1%81%D0%BA%D0%B8%D0%B5%20%D1%82%D0%BE%D0%B2%D0%B0%D1%80%D1%8B","/catalog/%D0%9A%D0%B0%D0%BD%D1%86%D0%B5%D0%BB%D1%8F%D1%80%D1%81%D0%BA%D0%B8%D0%B5%20%D1%82%D0%BE%D0%B2%D0%B0%D1%80%D1%8B","200","category","HIGH","Старый URL уже перенаправлял на /magazin/product/marker-chernyj и наследует доказанное решение этой сущности","301"
"https://cloverspb.ru/magazin/product/lenta-kassovaya-57-12mm-17m/next","/magazin/product/lenta-kassovaya-57-12mm-17m/next","301","alias","","","https://clover-spb.ru/product/%D0%9D%D0%A4-00000164","/product/%D0%9D%D0%A4-00000164","200","product","EXACT","Старый URL уже перенаправлял на /magazin/product/lenta-kassovaya-57-12mm-40m и наследует доказанное решение этой сущности","301"
"https://cloverspb.ru/magazin/product/lenta-kassovaya-57-12mm-40m/prev","/magazin/product/lenta-kassovaya-57-12mm-40m/prev","301","alias","","","https://clover-spb.ru/product/%D0%9D%D0%A4-00000163","/product/%D0%9D%D0%A4-00000163","200","product","EXACT","Старый URL уже перенаправлял на /magazin/product/lenta-kassovaya-57-12mm-17m и наследует доказанное решение этой сущности","301"
"https://cloverspb.ru/magazin/product/lenta-kassovaya-57-12mm-40m/next","/magazin/product/lenta-kassovaya-57-12mm-40m/next","301","alias","","","https://clover-spb.ru/catalog/%D0%9A%D0%B0%D0%BD%D1%86%D0%B5%D0%BB%D1%8F%D1%80%D1%81%D0%BA%D0%B8%D0%B5%20%D1%82%D0%BE%D0%B2%D0%B0%D1%80%D1%8B","/catalog/%D0%9A%D0%B0%D0%BD%D1%86%D0%B5%D0%BB%D1%8F%D1%80%D1%81%D0%BA%D0%B8%D0%B5%20%D1%82%D0%BE%D0%B2%D0%B0%D1%80%D1%8B","200","category","HIGH","Старый URL уже перенаправлял на /magazin/product/lenta-kassovaya-80-12mm-70m и наследует доказанное решение этой сущности","301"
"https://cloverspb.ru/magazin/product/lenta-kassovaya-80-12mm-70m/prev","/magazin/product/lenta-kassovaya-80-12mm-70m/prev","301","alias","","","https://clover-spb.ru/product/%D0%9D%D0%A4-00000164","/product/%D0%9D%D0%A4-00000164","200","product","EXACT","Старый URL уже перенаправлял на /magazin/product/lenta-kassovaya-57-12mm-40m и наследует доказанное решение этой сущности","301"
"https://cloverspb.ru/magazin/product/lenta-kassovaya-80-12mm-70m/next","/magazin/product/lenta-kassovaya-80-12mm-70m/next","301","alias","","","https://clover-spb.ru/product/%D0%9D%D0%A4-00000372","/product/%D0%9D%D0%A4-00000372","200","product","EXACT","Старый URL уже перенаправлял на /magazin/product/restorannyj-schet и наследует доказанное решение этой сущности","301"
"https://cloverspb.ru/magazin/product/kontejner-bumazhnyj-eco-opsalad-500-kraft-s-prozr-krysh/prev","/magazin/product/kontejner-bumazhnyj-eco-opsalad-500-kraft-s-prozr-krysh/prev","301","alias","","","https://clover-spb.ru/catalog/%D0%9E%D0%B4%D0%BD%D0%BE%D1%80%D0%B0%D0%B7%D0%BE%D0%B2%D0%B0%D1%8F%20%D0%BF%D0%BE%D1%81%D1%83%D0%B4%D0%B0","/catalog/%D0%9E%D0%B4%D0%BD%D0%BE%D1%80%D0%B0%D0%B7%D0%BE%D0%B2%D0%B0%D1%8F%20%D0%BF%D0%BE%D1%81%D1%83%D0%B4%D0%B0","200","category","HIGH","Старый URL уже перенаправлял на /magazin/product/salatnik-s-prozrachnoj-kryshkoj-black-edition и наследует доказанное решение этой сущности","301"
"https://cloverspb.ru/magazin/product/kontejner-bumazhnyj-eco-opsalad-500-kraft-s-prozr-krysh/next","/magazin/product/kontejner-bumazhnyj-eco-opsalad-500-kraft-s-prozr-krysh/next","301","alias","","","https://clover-spb.ru/catalog/%D0%9E%D0%B4%D0%BD%D0%BE%D1%80%D0%B0%D0%B7%D0%BE%D0%B2%D0%B0%D1%8F%20%D0%BF%D0%BE%D1%81%D1%83%D0%B4%D0%B0","/catalog/%D0%9E%D0%B4%D0%BD%D0%BE%D1%80%D0%B0%D0%B7%D0%BE%D0%B2%D0%B0%D1%8F%20%D0%BF%D0%BE%D1%81%D1%83%D0%B4%D0%B0","200","category","HIGH","Старый URL уже перенаправлял на /magazin/product/kontejner-bumazhnyj-eco-opsalad-900-kraft-s-prozr-krysh и наследует доказанное решение этой сущности","301"
"https://cloverspb.ru/magazin/product/kontejner-bumazhnyj-eco-opsalad-800-kraft-s-prozr-krysh/prev","/magazin/product/kontejner-bumazhnyj-eco-opsalad-800-kraft-s-prozr-krysh/prev","301","alias","","","https://clover-spb.ru/catalog/%D0%9E%D0%B4%D0%BD%D0%BE%D1%80%D0%B0%D0%B7%D0%BE%D0%B2%D0%B0%D1%8F%20%D0%BF%D0%BE%D1%81%D1%83%D0%B4%D0%B0","/catalog/%D0%9E%D0%B4%D0%BD%D0%BE%D1%80%D0%B0%D0%B7%D0%BE%D0%B2%D0%B0%D1%8F%20%D0%BF%D0%BE%D1%81%D1%83%D0%B4%D0%B0","200","category","HIGH","Старый URL уже перенаправлял на /magazin/product/kontejner-bumazhnyj-eco-opsalad-900-kraft-s-prozr-krysh и наследует доказанное решение этой сущности","301"
"https://cloverspb.ru/magazin/product/kontejner-bumazhnyj-eco-opsalad-800-kraft-s-prozr-krysh/next","/magazin/product/kontejner-bumazhnyj-eco-opsalad-800-kraft-s-prozr-krysh/next","301","alias","","","https://clover-spb.ru/catalog/%D0%9E%D0%B4%D0%BD%D0%BE%D1%80%D0%B0%D0%B7%D0%BE%D0%B2%D0%B0%D1%8F%20%D0%BF%D0%BE%D1%81%D1%83%D0%B4%D0%B0","/catalog/%D0%9E%D0%B4%D0%BD%D0%BE%D1%80%D0%B0%D0%B7%D0%BE%D0%B2%D0%B0%D1%8F%20%D0%BF%D0%BE%D1%81%D1%83%D0%B4%D0%B0","200","category","HIGH","Старый URL уже перенаправлял на /magazin/product/kontejner-bumazhnyj-eco-opsalad-800-black-edition-chernyj-s-prozr-krysh и наследует доказанное решение этой сущности","301"
"https://cloverspb.ru/magazin/product/kontejner-bumazhnyj-eco-opsalad-900-kraft-s-prozr-krysh/prev","/magazin/product/kontejner-bumazhnyj-eco-opsalad-900-kraft-s-prozr-krysh/prev","301","alias","","","https://clover-spb.ru/product/%D0%9D%D0%A4-00000477","/product/%D0%9D%D0%A4-00000477","200","product","EXACT","Старый URL уже перенаправлял на /magazin/product/kontejner-bumazhnyj-eco-opsalad-500-kraft-s-prozr-krysh и наследует доказанное решение этой сущности","301"
"https://cloverspb.ru/magazin/product/kontejner-bumazhnyj-eco-opsalad-900-kraft-s-prozr-krysh/next","/magazin/product/kontejner-bumazhnyj-eco-opsalad-900-kraft-s-prozr-krysh/next","301","alias","","","https://clover-spb.ru/product/%D0%9D%D0%A4-00000518","/product/%D0%9D%D0%A4-00000518","200","product","EXACT","Старый URL уже перенаправлял на /magazin/product/kontejner-bumazhnyj-eco-opsalad-800-kraft-s-prozr-krysh и наследует доказанное решение этой сущности","301"
"https://cloverspb.ru/magazin/product/kontejner-bumazhnyj-eco-opsalad-800-black-edition-chernyj-s-prozr-krysh/prev","/magazin/product/kontejner-bumazhnyj-eco-opsalad-800-black-edition-chernyj-s-prozr-krysh/prev","301","alias","","","https://clover-spb.ru/product/%D0%9D%D0%A4-00000518","/product/%D0%9D%D0%A4-00000518","200","product","EXACT","Старый URL уже перенаправлял на /magazin/product/kontejner-bumazhnyj-eco-opsalad-800-kraft-s-prozr-krysh и наследует доказанное решение этой сущности","301"
"https://cloverspb.ru/magazin/product/kontejner-bumazhnyj-eco-opsalad-800-black-edition-chernyj-s-prozr-krysh/next","/magazin/product/kontejner-bumazhnyj-eco-opsalad-800-black-edition-chernyj-s-prozr-krysh/next","301","alias","","","https://clover-spb.ru/catalog/%D0%9E%D0%B4%D0%BD%D0%BE%D1%80%D0%B0%D0%B7%D0%BE%D0%B2%D0%B0%D1%8F%20%D0%BF%D0%BE%D1%81%D1%83%D0%B4%D0%B0","/catalog/%D0%9E%D0%B4%D0%BD%D0%BE%D1%80%D0%B0%D0%B7%D0%BE%D0%B2%D0%B0%D1%8F%20%D0%BF%D0%BE%D1%81%D1%83%D0%B4%D0%B0","200","category","HIGH","Старый URL уже перенаправлял на /magazin/product/kontejner-bumazhnyj-eco-opsalad-1000-ml-kraft-s-kryshkoj и наследует доказанное решение этой сущности","301"
"https://cloverspb.ru/magazin/product/belizna/prev","/magazin/product/belizna/prev","301","alias","","","https://clover-spb.ru/catalog/%D0%A5%D0%B8%D0%BC%D0%B8%D1%8F%2C%20%D1%87%D0%B8%D1%81%D1%82%D1%8F%D1%89%D0%B8%D0%B5%20%D1%81%D1%80%D0%B5%D0%B4%D1%81%D1%82%D0%B2%D0%B0/%D0%94%D0%BB%D1%8F%20%D0%B4%D0%B5%D0%B7%D0%B8%D0%BD%D1%84%D0%B5%D0%BA%D1%86%D0%B8%D0%B8","/catalog/%D0%A5%D0%B8%D0%BC%D0%B8%D1%8F%2C%20%D1%87%D0%B8%D1%81%D1%82%D1%8F%D1%89%D0%B8%D0%B5%20%D1%81%D1%80%D0%B5%D0%B4%D1%81%D1%82%D0%B2%D0%B0/%D0%94%D0%BB%D1%8F%20%D0%B4%D0%B5%D0%B7%D0%B8%D0%BD%D1%84%D0%B5%D0%BA%D1%86%D0%B8%D0%B8","200","subcategory","HIGH","Старый URL уже перенаправлял на /magazin/product/nika-2 и наследует доказанное решение этой сущности","301"
"https://cloverspb.ru/magazin/product/belizna/next","/magazin/product/belizna/next","301","alias","","","https://clover-spb.ru/product/%D0%9D%D0%A4-00000238","/product/%D0%9D%D0%A4-00000238","200","product","EXACT","Старый URL уже перенаправлял на /magazin/product/belizna-gel-1l и наследует доказанное решение этой сущности","301"
"https://cloverspb.ru/magazin/product/belizna-gel-1l/prev","/magazin/product/belizna-gel-1l/prev","301","alias","","","https://clover-spb.ru/product/%D0%9D%D0%A4-00000070","/product/%D0%9D%D0%A4-00000070","200","product","EXACT","Старый URL уже перенаправлял на /magazin/product/belizna и наследует доказанное решение этой сущности","301"
"https://cloverspb.ru/magazin/product/belizna-gel-1l/next","/magazin/product/belizna-gel-1l/next","301","alias","","","https://clover-spb.ru/catalog/%D0%A5%D0%B8%D0%BC%D0%B8%D1%8F%2C%20%D1%87%D0%B8%D1%81%D1%82%D1%8F%D1%89%D0%B8%D0%B5%20%D1%81%D1%80%D0%B5%D0%B4%D1%81%D1%82%D0%B2%D0%B0/%D0%94%D0%BB%D1%8F%20%D0%B4%D0%B5%D0%B7%D0%B8%D0%BD%D1%84%D0%B5%D0%BA%D1%86%D0%B8%D0%B8","/catalog/%D0%A5%D0%B8%D0%BC%D0%B8%D1%8F%2C%20%D1%87%D0%B8%D1%81%D1%82%D1%8F%D1%89%D0%B8%D0%B5%20%D1%81%D1%80%D0%B5%D0%B4%D1%81%D1%82%D0%B2%D0%B0/%D0%94%D0%BB%D1%8F%20%D0%B4%D0%B5%D0%B7%D0%B8%D0%BD%D1%84%D0%B5%D0%BA%D1%86%D0%B8%D0%B8","200","subcategory","HIGH","Старый URL уже перенаправлял на /magazin/product/nika-2 и наследует доказанное решение этой сущности","301"
"https://cloverspb.ru/magazin/product/kontejner-kartonnyj-eco-opsalad-350ml-chernyj-s-prozrachnoj-kryshkoj-121-106-55mm-osq-50-350/prev","/magazin/product/kontejner-kartonnyj-eco-opsalad-350ml-chernyj-s-prozrachnoj-kryshkoj-121-106-55mm-osq-50-350/prev","301","alias","","","https://clover-spb.ru/catalog/%D0%9E%D0%B4%D0%BD%D0%BE%D1%80%D0%B0%D0%B7%D0%BE%D0%B2%D0%B0%D1%8F%20%D0%BF%D0%BE%D1%81%D1%83%D0%B4%D0%B0","/catalog/%D0%9E%D0%B4%D0%BD%D0%BE%D1%80%D0%B0%D0%B7%D0%BE%D0%B2%D0%B0%D1%8F%20%D0%BF%D0%BE%D1%81%D1%83%D0%B4%D0%B0","200","category","HIGH","Старый URL уже перенаправлял на /magazin/product/kontejner-bumazhnyj-eco-opsalad-400-ml-chernyj-s-kryshkoj и наследует доказанное решение этой сущности","301"
"https://cloverspb.ru/magazin/product/kontejner-kartonnyj-eco-opsalad-350ml-chernyj-s-prozrachnoj-kryshkoj-121-106-55mm-osq-50-350/next","/magazin/product/kontejner-kartonnyj-eco-opsalad-350ml-chernyj-s-prozrachnoj-kryshkoj-121-106-55mm-osq-50-350/next","301","alias","","","https://clover-spb.ru/catalog/%D0%9E%D0%B4%D0%BD%D0%BE%D1%80%D0%B0%D0%B7%D0%BE%D0%B2%D0%B0%D1%8F%20%D0%BF%D0%BE%D1%81%D1%83%D0%B4%D0%B0","/catalog/%D0%9E%D0%B4%D0%BD%D0%BE%D1%80%D0%B0%D0%B7%D0%BE%D0%B2%D0%B0%D1%8F%20%D0%BF%D0%BE%D1%81%D1%83%D0%B4%D0%B0","200","category","HIGH","Старый URL уже перенаправлял на /magazin/product/kontejner-kartonnyj-eco-opsalad-350ml-s-prozrachnoj-kryshkoj-121-106-55mm-osq-50-350 и наследует доказанное решение этой сущности","301"
"https://cloverspb.ru/magazin/product/kontejner-kartonnyj-eco-opsalad-350ml-s-prozrachnoj-kryshkoj-121-106-55mm-osq-50-350/prev","/magazin/product/kontejner-kartonnyj-eco-opsalad-350ml-s-prozrachnoj-kryshkoj-121-106-55mm-osq-50-350/prev","301","alias","","","https://clover-spb.ru/catalog/%D0%9E%D0%B4%D0%BD%D0%BE%D1%80%D0%B0%D0%B7%D0%BE%D0%B2%D0%B0%D1%8F%20%D0%BF%D0%BE%D1%81%D1%83%D0%B4%D0%B0","/catalog/%D0%9E%D0%B4%D0%BD%D0%BE%D1%80%D0%B0%D0%B7%D0%BE%D0%B2%D0%B0%D1%8F%20%D0%BF%D0%BE%D1%81%D1%83%D0%B4%D0%B0","200","category","HIGH","Старый URL уже перенаправлял на /magazin/product/kontejner-kartonnyj-eco-opsalad-350ml-chernyj-s-prozrachnoj-kryshkoj-121-106-55mm-osq-50-350 и наследует доказанное решение этой сущности","301"
"https://cloverspb.ru/magazin/product/kontejner-kartonnyj-eco-opsalad-350ml-s-prozrachnoj-kryshkoj-121-106-55mm-osq-50-350/next","/magazin/product/kontejner-kartonnyj-eco-opsalad-350ml-s-prozrachnoj-kryshkoj-121-106-55mm-osq-50-350/next","301","alias","","","https://clover-spb.ru/catalog/%D0%9E%D0%B4%D0%BD%D0%BE%D1%80%D0%B0%D0%B7%D0%BE%D0%B2%D0%B0%D1%8F%20%D0%BF%D0%BE%D1%81%D1%83%D0%B4%D0%B0","/catalog/%D0%9E%D0%B4%D0%BD%D0%BE%D1%80%D0%B0%D0%B7%D0%BE%D0%B2%D0%B0%D1%8F%20%D0%BF%D0%BE%D1%81%D1%83%D0%B4%D0%B0","200","category","HIGH","Старый URL уже перенаправлял на /magazin/product/salatnik-s-prozrachnoj-kryshkoj-black-edition и наследует доказанное решение этой сущности","301"
"https://cloverspb.ru/magazin/product/kontejner-bumazhnyj-eco-opsalad-400-ml-chernyj-s-kryshkoj/prev","/magazin/product/kontejner-bumazhnyj-eco-opsalad-400-ml-chernyj-s-kryshkoj/prev","301","alias","","","https://clover-spb.ru/catalog/%D0%9E%D0%B4%D0%BD%D0%BE%D1%80%D0%B0%D0%B7%D0%BE%D0%B2%D0%B0%D1%8F%20%D0%BF%D0%BE%D1%81%D1%83%D0%B4%D0%B0","/catalog/%D0%9E%D0%B4%D0%BD%D0%BE%D1%80%D0%B0%D0%B7%D0%BE%D0%B2%D0%B0%D1%8F%20%D0%BF%D0%BE%D1%81%D1%83%D0%B4%D0%B0","200","category","HIGH","Старый URL уже перенаправлял на /magazin/product/kontejner-bumazhnyj-eco-opsalad-1000-ml-chernyj-s-kryshkoj и наследует доказанное решение этой сущности","301"
"https://cloverspb.ru/magazin/product/kontejner-bumazhnyj-eco-opsalad-400-ml-chernyj-s-kryshkoj/next","/magazin/product/kontejner-bumazhnyj-eco-opsalad-400-ml-chernyj-s-kryshkoj/next","301","alias","","","https://clover-spb.ru/catalog/%D0%9E%D0%B4%D0%BD%D0%BE%D1%80%D0%B0%D0%B7%D0%BE%D0%B2%D0%B0%D1%8F%20%D0%BF%D0%BE%D1%81%D1%83%D0%B4%D0%B0","/catalog/%D0%9E%D0%B4%D0%BD%D0%BE%D1%80%D0%B0%D0%B7%D0%BE%D0%B2%D0%B0%D1%8F%20%D0%BF%D0%BE%D1%81%D1%83%D0%B4%D0%B0","200","category","HIGH","Старый URL уже перенаправлял на /magazin/product/kontejner-kartonnyj-eco-opsalad-350ml-chernyj-s-prozrachnoj-kryshkoj-121-106-55mm-osq-50-350 и наследует доказанное решение этой сущности","301"
"https://cloverspb.ru/magazin/product/kontejner-bumazhnyj-eco-opsalad-1000-ml-kraft-s-kryshkoj/prev","/magazin/product/kontejner-bumazhnyj-eco-opsalad-1000-ml-kraft-s-kryshkoj/prev","301","alias","","","https://clover-spb.ru/catalog/%D0%9E%D0%B4%D0%BD%D0%BE%D1%80%D0%B0%D0%B7%D0%BE%D0%B2%D0%B0%D1%8F%20%D0%BF%D0%BE%D1%81%D1%83%D0%B4%D0%B0","/catalog/%D0%9E%D0%B4%D0%BD%D0%BE%D1%80%D0%B0%D0%B7%D0%BE%D0%B2%D0%B0%D1%8F%20%D0%BF%D0%BE%D1%81%D1%83%D0%B4%D0%B0","200","category","HIGH","Старый URL уже перенаправлял на /magazin/product/kontejner-bumazhnyj-eco-opsalad-800-black-edition-chernyj-s-prozr-krysh и наследует доказанное решение этой сущности","301"
"https://cloverspb.ru/magazin/product/kontejner-bumazhnyj-eco-opsalad-1000-ml-kraft-s-kryshkoj/next","/magazin/product/kontejner-bumazhnyj-eco-opsalad-1000-ml-kraft-s-kryshkoj/next","301","alias","","","https://clover-spb.ru/catalog/%D0%9E%D0%B4%D0%BD%D0%BE%D1%80%D0%B0%D0%B7%D0%BE%D0%B2%D0%B0%D1%8F%20%D0%BF%D0%BE%D1%81%D1%83%D0%B4%D0%B0","/catalog/%D0%9E%D0%B4%D0%BD%D0%BE%D1%80%D0%B0%D0%B7%D0%BE%D0%B2%D0%B0%D1%8F%20%D0%BF%D0%BE%D1%81%D1%83%D0%B4%D0%B0","200","category","HIGH","Старый URL уже перенаправлял на /magazin/product/kontejner-bumazhnyj-eco-opsalad-1000-ml-chernyj-s-kryshkoj и наследует доказанное решение этой сущности","301"
"https://cloverspb.ru/magazin/product/kontejner-bumazhnyj-eco-opsalad-1000-ml-chernyj-s-kryshkoj/prev","/magazin/product/kontejner-bumazhnyj-eco-opsalad-1000-ml-chernyj-s-kryshkoj/prev","301","alias","","","https://clover-spb.ru/catalog/%D0%9E%D0%B4%D0%BD%D0%BE%D1%80%D0%B0%D0%B7%D0%BE%D0%B2%D0%B0%D1%8F%20%D0%BF%D0%BE%D1%81%D1%83%D0%B4%D0%B0","/catalog/%D0%9E%D0%B4%D0%BD%D0%BE%D1%80%D0%B0%D0%B7%D0%BE%D0%B2%D0%B0%D1%8F%20%D0%BF%D0%BE%D1%81%D1%83%D0%B4%D0%B0","200","category","HIGH","Старый URL уже перенаправлял на /magazin/product/kontejner-bumazhnyj-eco-opsalad-1000-ml-kraft-s-kryshkoj и наследует доказанное решение этой сущности","301"
"https://cloverspb.ru/magazin/product/kontejner-bumazhnyj-eco-opsalad-1000-ml-chernyj-s-kryshkoj/next","/magazin/product/kontejner-bumazhnyj-eco-opsalad-1000-ml-chernyj-s-kryshkoj/next","301","alias","","","https://clover-spb.ru/catalog/%D0%9E%D0%B4%D0%BD%D0%BE%D1%80%D0%B0%D0%B7%D0%BE%D0%B2%D0%B0%D1%8F%20%D0%BF%D0%BE%D1%81%D1%83%D0%B4%D0%B0","/catalog/%D0%9E%D0%B4%D0%BD%D0%BE%D1%80%D0%B0%D0%B7%D0%BE%D0%B2%D0%B0%D1%8F%20%D0%BF%D0%BE%D1%81%D1%83%D0%B4%D0%B0","200","category","HIGH","Старый URL уже перенаправлял на /magazin/product/kontejner-bumazhnyj-eco-opsalad-400-ml-chernyj-s-kryshkoj и наследует доказанное решение этой сущности","301"
"https://cloverspb.ru/magazin/product/paket-dlya-vakuumirovaniya-300-mm-h-400-mm-60-mkm/prev","/magazin/product/paket-dlya-vakuumirovaniya-300-mm-h-400-mm-60-mkm/prev","301","alias","","","https://clover-spb.ru/catalog/%D0%9F%D0%B0%D0%BA%D0%B5%D1%82%D1%8B%2C%20%D1%83%D0%BF%D0%B0%D0%BA%D0%BE%D0%B2%D0%BE%D1%87%D0%BD%D1%8B%D0%B5%20%D0%BC%D0%B0%D1%82%D0%B5%D1%80%D0%B8%D0%B0%D0%BB%D1%8B/%D0%9F%D0%B0%D0%BA%D0%B5%D1%82%D1%8B%20%D0%B2%D0%B0%D0%BA%D1%83%D1%83%D0%BC%D0%BD%D1%8B%D0%B5","/catalog/%D0%9F%D0%B0%D0%BA%D0%B5%D1%82%D1%8B%2C%20%D1%83%D0%BF%D0%B0%D0%BA%D0%BE%D0%B2%D0%BE%D1%87%D0%BD%D1%8B%D0%B5%20%D0%BC%D0%B0%D1%82%D0%B5%D1%80%D0%B8%D0%B0%D0%BB%D1%8B/%D0%9F%D0%B0%D0%BA%D0%B5%D1%82%D1%8B%20%D0%B2%D0%B0%D0%BA%D1%83%D1%83%D0%BC%D0%BD%D1%8B%D0%B5","200","subcategory","HIGH","Старый URL уже перенаправлял на /magazin/product/paket-dlya-vakuumirovaniya-250-mm-h-350-mm-60-mkm и наследует доказанное решение этой сущности","301"
"https://cloverspb.ru/magazin/product/paket-dlya-vakuumirovaniya-300-mm-h-400-mm-60-mkm/next","/magazin/product/paket-dlya-vakuumirovaniya-300-mm-h-400-mm-60-mkm/next","301","alias","","","https://clover-spb.ru/product/%D0%9D%D0%A4-00000398","/product/%D0%9D%D0%A4-00000398","200","product","EXACT","Старый URL уже перенаправлял на /magazin/product/paket-vakuumnyj-11-16sm-60mkm-100sht-upak и наследует доказанное решение этой сущности","301"
"https://cloverspb.ru/magazin/product/paket-dlya-vakuumirovaniya-250-mm-h-350-mm-60-mkm/prev","/magazin/product/paket-dlya-vakuumirovaniya-250-mm-h-350-mm-60-mkm/prev","301","alias","","","https://clover-spb.ru/catalog/%D0%9F%D0%B0%D0%BA%D0%B5%D1%82%D1%8B%2C%20%D1%83%D0%BF%D0%B0%D0%BA%D0%BE%D0%B2%D0%BE%D1%87%D0%BD%D1%8B%D0%B5%20%D0%BC%D0%B0%D1%82%D0%B5%D1%80%D0%B8%D0%B0%D0%BB%D1%8B/%D0%9F%D0%B0%D0%BA%D0%B5%D1%82%D1%8B%20%D0%B2%D0%B0%D0%BA%D1%83%D1%83%D0%BC%D0%BD%D1%8B%D0%B5","/catalog/%D0%9F%D0%B0%D0%BA%D0%B5%D1%82%D1%8B%2C%20%D1%83%D0%BF%D0%B0%D0%BA%D0%BE%D0%B2%D0%BE%D1%87%D0%BD%D1%8B%D0%B5%20%D0%BC%D0%B0%D1%82%D0%B5%D1%80%D0%B8%D0%B0%D0%BB%D1%8B/%D0%9F%D0%B0%D0%BA%D0%B5%D1%82%D1%8B%20%D0%B2%D0%B0%D0%BA%D1%83%D1%83%D0%BC%D0%BD%D1%8B%D0%B5","200","subcategory","HIGH","Старый URL уже перенаправлял на /magazin/product/paket-dlya-vakuumirovaniya-200-mm-h-250-mm-60-mkm и наследует доказанное решение этой сущности","301"
"https://cloverspb.ru/magazin/product/paket-dlya-vakuumirovaniya-250-mm-h-350-mm-60-mkm/next","/magazin/product/paket-dlya-vakuumirovaniya-250-mm-h-350-mm-60-mkm/next","301","alias","","","https://clover-spb.ru/catalog/%D0%9F%D0%B0%D0%BA%D0%B5%D1%82%D1%8B%2C%20%D1%83%D0%BF%D0%B0%D0%BA%D0%BE%D0%B2%D0%BE%D1%87%D0%BD%D1%8B%D0%B5%20%D0%BC%D0%B0%D1%82%D0%B5%D1%80%D0%B8%D0%B0%D0%BB%D1%8B/%D0%9F%D0%B0%D0%BA%D0%B5%D1%82%D1%8B%20%D0%B2%D0%B0%D0%BA%D1%83%D1%83%D0%BC%D0%BD%D1%8B%D0%B5","/catalog/%D0%9F%D0%B0%D0%BA%D0%B5%D1%82%D1%8B%2C%20%D1%83%D0%BF%D0%B0%D0%BA%D0%BE%D0%B2%D0%BE%D1%87%D0%BD%D1%8B%D0%B5%20%D0%BC%D0%B0%D1%82%D0%B5%D1%80%D0%B8%D0%B0%D0%BB%D1%8B/%D0%9F%D0%B0%D0%BA%D0%B5%D1%82%D1%8B%20%D0%B2%D0%B0%D0%BA%D1%83%D1%83%D0%BC%D0%BD%D1%8B%D0%B5","200","subcategory","HIGH","Старый URL уже перенаправлял на /magazin/product/paket-dlya-vakuumirovaniya-300-mm-h-400-mm-60-mkm и наследует доказанное решение этой сущности","301"
"https://cloverspb.ru/magazin/product/paket-dlya-vakuumirovaniya-200-mm-h-250-mm-60-mkm/prev","/magazin/product/paket-dlya-vakuumirovaniya-200-mm-h-250-mm-60-mkm/prev","301","alias","","","https://clover-spb.ru/product/%D0%9D%D0%A4-00000400","/product/%D0%9D%D0%A4-00000400","200","product","EXACT","Старый URL уже перенаправлял на /magazin/product/paket-vakuumnyj-20-30sm-60mkm-100sht-upak и наследует доказанное решение этой сущности","301"
"https://cloverspb.ru/magazin/product/paket-dlya-vakuumirovaniya-200-mm-h-250-mm-60-mkm/next","/magazin/product/paket-dlya-vakuumirovaniya-200-mm-h-250-mm-60-mkm/next","301","alias","","","https://clover-spb.ru/catalog/%D0%9F%D0%B0%D0%BA%D0%B5%D1%82%D1%8B%2C%20%D1%83%D0%BF%D0%B0%D0%BA%D0%BE%D0%B2%D0%BE%D1%87%D0%BD%D1%8B%D0%B5%20%D0%BC%D0%B0%D1%82%D0%B5%D1%80%D0%B8%D0%B0%D0%BB%D1%8B/%D0%9F%D0%B0%D0%BA%D0%B5%D1%82%D1%8B%20%D0%B2%D0%B0%D0%BA%D1%83%D1%83%D0%BC%D0%BD%D1%8B%D0%B5","/catalog/%D0%9F%D0%B0%D0%BA%D0%B5%D1%82%D1%8B%2C%20%D1%83%D0%BF%D0%B0%D0%BA%D0%BE%D0%B2%D0%BE%D1%87%D0%BD%D1%8B%D0%B5%20%D0%BC%D0%B0%D1%82%D0%B5%D1%80%D0%B8%D0%B0%D0%BB%D1%8B/%D0%9F%D0%B0%D0%BA%D0%B5%D1%82%D1%8B%20%D0%B2%D0%B0%D0%BA%D1%83%D1%83%D0%BC%D0%BD%D1%8B%D0%B5","200","subcategory","HIGH","Старый URL уже перенаправлял на /magazin/product/paket-dlya-vakuumirovaniya-250-mm-h-350-mm-60-mkm и наследует доказанное решение этой сущности","301"
"https://cloverspb.ru/magazin/product/paket-dlya-vakuumirovaniya-160-mm-h-210-mm-60-mkm/prev","/magazin/product/paket-dlya-vakuumirovaniya-160-mm-h-210-mm-60-mkm/prev","301","alias","","","https://clover-spb.ru/product/%D0%9D%D0%A4-00000398","/product/%D0%9D%D0%A4-00000398","200","product","EXACT","Старый URL уже перенаправлял на /magazin/product/paket-vakuumnyj-11-16sm-60mkm-100sht-upak и наследует доказанное решение этой сущности","301"
"https://cloverspb.ru/magazin/product/paket-dlya-vakuumirovaniya-160-mm-h-210-mm-60-mkm/next","/magazin/product/paket-dlya-vakuumirovaniya-160-mm-h-210-mm-60-mkm/next","301","alias","","","https://clover-spb.ru/catalog/%D0%9F%D0%B0%D0%BA%D0%B5%D1%82%D1%8B%2C%20%D1%83%D0%BF%D0%B0%D0%BA%D0%BE%D0%B2%D0%BE%D1%87%D0%BD%D1%8B%D0%B5%20%D0%BC%D0%B0%D1%82%D0%B5%D1%80%D0%B8%D0%B0%D0%BB%D1%8B/%D0%9F%D0%B0%D0%BA%D0%B5%D1%82%D1%8B%20%D0%B2%D0%B0%D0%BA%D1%83%D1%83%D0%BC%D0%BD%D1%8B%D0%B5","/catalog/%D0%9F%D0%B0%D0%BA%D0%B5%D1%82%D1%8B%2C%20%D1%83%D0%BF%D0%B0%D0%BA%D0%BE%D0%B2%D0%BE%D1%87%D0%BD%D1%8B%D0%B5%20%D0%BC%D0%B0%D1%82%D0%B5%D1%80%D0%B8%D0%B0%D0%BB%D1%8B/%D0%9F%D0%B0%D0%BA%D0%B5%D1%82%D1%8B%20%D0%B2%D0%B0%D0%BA%D1%83%D1%83%D0%BC%D0%BD%D1%8B%D0%B5","200","subcategory","HIGH","Старый URL уже перенаправлял на /magazin/product/paket-dlya-vakuumirovaniya-150-mm-h-300-mm-60-mkm и наследует доказанное решение этой сущности","301"
"https://cloverspb.ru/magazin/product/paket-dlya-vakuumirovaniya-150-mm-h-300-mm-60-mkm/prev","/magazin/product/paket-dlya-vakuumirovaniya-150-mm-h-300-mm-60-mkm/prev","301","alias","","","https://clover-spb.ru/catalog/%D0%9F%D0%B0%D0%BA%D0%B5%D1%82%D1%8B%2C%20%D1%83%D0%BF%D0%B0%D0%BA%D0%BE%D0%B2%D0%BE%D1%87%D0%BD%D1%8B%D0%B5%20%D0%BC%D0%B0%D1%82%D0%B5%D1%80%D0%B8%D0%B0%D0%BB%D1%8B/%D0%9F%D0%B0%D0%BA%D0%B5%D1%82%D1%8B%20%D0%B2%D0%B0%D0%BA%D1%83%D1%83%D0%BC%D0%BD%D1%8B%D0%B5","/catalog/%D0%9F%D0%B0%D0%BA%D0%B5%D1%82%D1%8B%2C%20%D1%83%D0%BF%D0%B0%D0%BA%D0%BE%D0%B2%D0%BE%D1%87%D0%BD%D1%8B%D0%B5%20%D0%BC%D0%B0%D1%82%D0%B5%D1%80%D0%B8%D0%B0%D0%BB%D1%8B/%D0%9F%D0%B0%D0%BA%D0%B5%D1%82%D1%8B%20%D0%B2%D0%B0%D0%BA%D1%83%D1%83%D0%BC%D0%BD%D1%8B%D0%B5","200","subcategory","HIGH","Старый URL уже перенаправлял на /magazin/product/paket-dlya-vakuumirovaniya-160-mm-h-210-mm-60-mkm и наследует доказанное решение этой сущности","301"
"https://cloverspb.ru/magazin/product/paket-dlya-vakuumirovaniya-150-mm-h-300-mm-60-mkm/next","/magazin/product/paket-dlya-vakuumirovaniya-150-mm-h-300-mm-60-mkm/next","301","alias","","","https://clover-spb.ru/product/%D0%9D%D0%A4-00000399","/product/%D0%9D%D0%A4-00000399","200","product","EXACT","Старый URL уже перенаправлял на /magazin/product/paket-vakuumnyj-16-25sm-60mkm-100sht-upak и наследует доказанное решение этой сущности","301"
"https://cloverspb.ru/magazin/product/paket-dlya-vakuumirovaniya-150-mm-h-200-mm-60-mkm/prev","/magazin/product/paket-dlya-vakuumirovaniya-150-mm-h-200-mm-60-mkm/prev","301","alias","","","https://clover-spb.ru/product/%D0%9D%D0%A4-00000399","/product/%D0%9D%D0%A4-00000399","200","product","EXACT","Старый URL уже перенаправлял на /magazin/product/paket-vakuumnyj-16-25sm-60mkm-100sht-upak и наследует доказанное решение этой сущности","301"
"https://cloverspb.ru/magazin/product/paket-dlya-vakuumirovaniya-150-mm-h-200-mm-60-mkm/next","/magazin/product/paket-dlya-vakuumirovaniya-150-mm-h-200-mm-60-mkm/next","301","alias","","","https://clover-spb.ru/product/%D0%9D%D0%A4-00000400","/product/%D0%9D%D0%A4-00000400","200","product","EXACT","Старый URL уже перенаправлял на /magazin/product/paket-vakuumnyj-20-30sm-60mkm-100sht-upak и наследует доказанное решение этой сущности","301"
"https://cloverspb.ru/magazin/product/tarelka-plastikovaya-16-5-sm-bez-sekcij/prev","/magazin/product/tarelka-plastikovaya-16-5-sm-bez-sekcij/prev","301","alias","","","https://clover-spb.ru/catalog/%D0%91%D1%83%D0%BC%D0%B0%D0%B6%D0%BD%D0%B0%D1%8F%20%D0%BF%D1%80%D0%BE%D0%B4%D1%83%D0%BA%D1%86%D0%B8%D1%8F/%D0%91%D1%83%D0%BC%D0%B0%D0%B6%D0%BD%D1%8B%D0%B5%20%D0%BF%D0%BE%D0%BB%D0%BE%D1%82%D0%B5%D0%BD%D1%86%D0%B0","/catalog/%D0%91%D1%83%D0%BC%D0%B0%D0%B6%D0%BD%D0%B0%D1%8F%20%D0%BF%D1%80%D0%BE%D0%B4%D1%83%D0%BA%D1%86%D0%B8%D1%8F/%D0%91%D1%83%D0%BC%D0%B0%D0%B6%D0%BD%D1%8B%D0%B5%20%D0%BF%D0%BE%D0%BB%D0%BE%D1%82%D0%B5%D0%BD%D1%86%D0%B0","200","subcategory","HIGH","Старый URL уже перенаправлял на /magazin/product/polotenca-tork-h1-120067 и наследует доказанное решение этой сущности","301"
"https://cloverspb.ru/magazin/product/tarelka-plastikovaya-16-5-sm-bez-sekcij/next","/magazin/product/tarelka-plastikovaya-16-5-sm-bez-sekcij/next","301","alias","","","https://clover-spb.ru/catalog/%D0%91%D1%83%D0%BC%D0%B0%D0%B6%D0%BD%D0%B0%D1%8F%20%D0%BF%D1%80%D0%BE%D0%B4%D1%83%D0%BA%D1%86%D0%B8%D1%8F","/catalog/%D0%91%D1%83%D0%BC%D0%B0%D0%B6%D0%BD%D0%B0%D1%8F%20%D0%BF%D1%80%D0%BE%D0%B4%D1%83%D0%BA%D1%86%D0%B8%D1%8F","200","category","HIGH","Старый URL уже перенаправлял на /magazin/product/salfetki-bumazhnye-23-5-sm-h-23-5-sm-1-slojnye и наследует доказанное решение этой сущности","301"
"https://cloverspb.ru/magazin/product/help-sredstvo-dlya-mytya-stekol-i-zerkal-750-ml/prev","/magazin/product/help-sredstvo-dlya-mytya-stekol-i-zerkal-750-ml/prev","301","alias","","","https://clover-spb.ru/catalog/%D0%A5%D0%B8%D0%BC%D0%B8%D1%8F%2C%20%D1%87%D0%B8%D1%81%D1%82%D1%8F%D1%89%D0%B8%D0%B5%20%D1%81%D1%80%D0%B5%D0%B4%D1%81%D1%82%D0%B2%D0%B0/%D0%94%D0%BB%D1%8F%20%D0%BE%D0%BA%D0%BE%D0%BD","/catalog/%D0%A5%D0%B8%D0%BC%D0%B8%D1%8F%2C%20%D1%87%D0%B8%D1%81%D1%82%D1%8F%D1%89%D0%B8%D0%B5%20%D1%81%D1%80%D0%B5%D0%B4%D1%81%D1%82%D0%B2%D0%B0/%D0%94%D0%BB%D1%8F%20%D0%BE%D0%BA%D0%BE%D0%BD","200","subcategory","HIGH","Старый URL уже перенаправлял на /magazin/product/help-sredstvo-dlya-mytya-stekol-i-zerkal-750-ml и наследует доказанное решение этой сущности","301"
"https://cloverspb.ru/magazin/product/help-sredstvo-dlya-mytya-stekol-i-zerkal-750-ml/next","/magazin/product/help-sredstvo-dlya-mytya-stekol-i-zerkal-750-ml/next","301","alias","","","https://clover-spb.ru/catalog/%D0%A5%D0%B8%D0%BC%D0%B8%D1%8F%2C%20%D1%87%D0%B8%D1%81%D1%82%D1%8F%D1%89%D0%B8%D0%B5%20%D1%81%D1%80%D0%B5%D0%B4%D1%81%D1%82%D0%B2%D0%B0/%D0%94%D0%BB%D1%8F%20%D0%BE%D0%BA%D0%BE%D0%BD","/catalog/%D0%A5%D0%B8%D0%BC%D0%B8%D1%8F%2C%20%D1%87%D0%B8%D1%81%D1%82%D1%8F%D1%89%D0%B8%D0%B5%20%D1%81%D1%80%D0%B5%D0%B4%D1%81%D1%82%D0%B2%D0%B0/%D0%94%D0%BB%D1%8F%20%D0%BE%D0%BA%D0%BE%D0%BD","200","subcategory","HIGH","Старый URL уже перенаправлял на /magazin/product/help-sredstvo-dlya-mytya-stekol-i-zerkal-750-ml и наследует доказанное решение этой сущности","301"
"https://cloverspb.ru/magazin/product/rail-sredstvo-dlya-kuhni-i-plit-500-ml/prev","/magazin/product/rail-sredstvo-dlya-kuhni-i-plit-500-ml/prev","301","alias","","","https://clover-spb.ru/product/%D0%9D%D0%A4-00000067","/product/%D0%9D%D0%A4-00000067","200","product","EXACT","Старый URL уже перенаправлял на /magazin/product/sanoks-chistyashchaya-zhidkost-750ml и наследует доказанное решение этой сущности","301"
"https://cloverspb.ru/magazin/product/rail-sredstvo-dlya-kuhni-i-plit-500-ml/next","/magazin/product/rail-sredstvo-dlya-kuhni-i-plit-500-ml/next","301","alias","","","https://clover-spb.ru/catalog/%D0%A5%D0%B8%D0%BC%D0%B8%D1%8F%2C%20%D1%87%D0%B8%D1%81%D1%82%D1%8F%D1%89%D0%B8%D0%B5%20%D1%81%D1%80%D0%B5%D0%B4%D1%81%D1%82%D0%B2%D0%B0/%D0%94%D0%BB%D1%8F%20%D1%81%D0%B0%D0%BD%D1%82%D0%B5%D1%85%D0%BD%D0%B8%D0%BA%D0%B8","/catalog/%D0%A5%D0%B8%D0%BC%D0%B8%D1%8F%2C%20%D1%87%D0%B8%D1%81%D1%82%D1%8F%D1%89%D0%B8%D0%B5%20%D1%81%D1%80%D0%B5%D0%B4%D1%81%D1%82%D0%B2%D0%B0/%D0%94%D0%BB%D1%8F%20%D1%81%D0%B0%D0%BD%D1%82%D0%B5%D1%85%D0%BD%D0%B8%D0%BA%D0%B8","200","subcategory","HIGH","Старый URL уже перенаправлял на /magazin/product/sanoks-chistyashchaya-zhidkost-5l и наследует доказанное решение этой сущности","301"
"https://cloverspb.ru/magazin/product/sredstvo-dlya-mytya-posudy-purity-new-vv-5l-4/prev","/magazin/product/sredstvo-dlya-mytya-posudy-purity-new-vv-5l-4/prev","301","alias","","","https://clover-spb.ru/catalog/%D0%A5%D0%B8%D0%BC%D0%B8%D1%8F%2C%20%D1%87%D0%B8%D1%81%D1%82%D1%8F%D1%89%D0%B8%D0%B5%20%D1%81%D1%80%D0%B5%D0%B4%D1%81%D1%82%D0%B2%D0%B0/%D0%94%D0%BB%D1%8F%20%D0%BC%D1%8B%D1%82%D1%8C%D1%8F%20%D0%BF%D0%BE%D1%81%D1%83%D0%B4%D1%8B","/catalog/%D0%A5%D0%B8%D0%BC%D0%B8%D1%8F%2C%20%D1%87%D0%B8%D1%81%D1%82%D1%8F%D1%89%D0%B8%D0%B5%20%D1%81%D1%80%D0%B5%D0%B4%D1%81%D1%82%D0%B2%D0%B0/%D0%94%D0%BB%D1%8F%20%D0%BC%D1%8B%D1%82%D1%8C%D1%8F%20%D0%BF%D0%BE%D1%81%D1%83%D0%B4%D1%8B","200","subcategory","HIGH","Старый URL уже перенаправлял на /magazin/product/akvalon-5l и наследует доказанное решение этой сущности","301"
"https://cloverspb.ru/magazin/product/sredstvo-dlya-mytya-posudy-purity-new-vv-5l-4/next","/magazin/product/sredstvo-dlya-mytya-posudy-purity-new-vv-5l-4/next","301","alias","","","https://clover-spb.ru/product/%D0%9D%D0%A4-00000052","/product/%D0%9D%D0%A4-00000052","200","product","EXACT","Старый URL уже перенаправлял на /magazin/product/adriol-dlya-posudy-5l и наследует доказанное решение этой сущности","301"
"https://cloverspb.ru/magazin/product/sredstvo-dlya-mytya-pola-floor-wash-vv-5-l-4/prev","/magazin/product/sredstvo-dlya-mytya-pola-floor-wash-vv-5-l-4/prev","301","alias","","","https://clover-spb.ru/catalog/%D0%A5%D0%B8%D0%BC%D0%B8%D1%8F%2C%20%D1%87%D0%B8%D1%81%D1%82%D1%8F%D1%89%D0%B8%D0%B5%20%D1%81%D1%80%D0%B5%D0%B4%D1%81%D1%82%D0%B2%D0%B0/%D0%94%D0%BB%D1%8F%20%D0%BF%D0%BE%D0%BB%D0%BE%D0%B2","/catalog/%D0%A5%D0%B8%D0%BC%D0%B8%D1%8F%2C%20%D1%87%D0%B8%D1%81%D1%82%D1%8F%D1%89%D0%B8%D0%B5%20%D1%81%D1%80%D0%B5%D0%B4%D1%81%D1%82%D0%B2%D0%B0/%D0%94%D0%BB%D1%8F%20%D0%BF%D0%BE%D0%BB%D0%BE%D0%B2","200","subcategory","HIGH","Старый URL уже перенаправлял на /magazin/product/mister-proper-univ-moyushchee-sr-vo-5l и наследует доказанное решение этой сущности","301"
"https://cloverspb.ru/magazin/product/sredstvo-dlya-mytya-pola-floor-wash-vv-5-l-4/next","/magazin/product/sredstvo-dlya-mytya-pola-floor-wash-vv-5-l-4/next","301","alias","","","https://clover-spb.ru/product/%D0%9D%D0%A4-00000068","/product/%D0%9D%D0%A4-00000068","200","product","EXACT","Старый URL уже перенаправлял на /magazin/product/yut-sredstvo-moyushchee-dlya-pola-5l и наследует доказанное решение этой сущности","301"
"https://cloverspb.ru/magazin/product/sredstvo-zhiroudalitel-hot-clean-pro-vv-5-l-4/prev","/magazin/product/sredstvo-zhiroudalitel-hot-clean-pro-vv-5-l-4/prev","301","alias","","","https://clover-spb.ru/catalog/%D0%A5%D0%B8%D0%BC%D0%B8%D1%8F%2C%20%D1%87%D0%B8%D1%81%D1%82%D1%8F%D1%89%D0%B8%D0%B5%20%D1%81%D1%80%D0%B5%D0%B4%D1%81%D1%82%D0%B2%D0%B0/%D0%96%D0%B8%D1%80%D0%BE%D1%83%D0%B4%D0%B0%D0%BB%D0%B8%D1%82%D0%B5%D0%BB%D0%B8","/catalog/%D0%A5%D0%B8%D0%BC%D0%B8%D1%8F%2C%20%D1%87%D0%B8%D1%81%D1%82%D1%8F%D1%89%D0%B8%D0%B5%20%D1%81%D1%80%D0%B5%D0%B4%D1%81%D1%82%D0%B2%D0%B0/%D0%96%D0%B8%D1%80%D0%BE%D1%83%D0%B4%D0%B0%D0%BB%D0%B8%D1%82%D0%B5%D0%BB%D0%B8","200","subcategory","HIGH","Старый URL уже перенаправлял на /magazin/product/shumanit-antizhir-bagi-400-ml и наследует доказанное решение этой сущности","301"
"https://cloverspb.ru/magazin/product/sredstvo-zhiroudalitel-hot-clean-pro-vv-5-l-4/next","/magazin/product/sredstvo-zhiroudalitel-hot-clean-pro-vv-5-l-4/next","301","alias","","","https://clover-spb.ru/product/%D0%9D%D0%A4-00000063","/product/%D0%9D%D0%A4-00000063","200","product","EXACT","Старый URL уже перенаправлял на /magazin/product/adriel-dlya-udaleniya-zhira-5l и наследует доказанное решение этой сущности","301"
"https://cloverspb.ru/magazin/product/stakan-bumazhnyj-180-ml/prev","/magazin/product/stakan-bumazhnyj-180-ml/prev","301","alias","","","https://clover-spb.ru/catalog/%D0%9E%D0%B4%D0%BD%D0%BE%D1%80%D0%B0%D0%B7%D0%BE%D0%B2%D0%B0%D1%8F%20%D0%BF%D0%BE%D1%81%D1%83%D0%B4%D0%B0/%D0%A1%D1%82%D0%B0%D0%BA%D0%B0%D0%BD%D1%8B","/catalog/%D0%9E%D0%B4%D0%BD%D0%BE%D1%80%D0%B0%D0%B7%D0%BE%D0%B2%D0%B0%D1%8F%20%D0%BF%D0%BE%D1%81%D1%83%D0%B4%D0%B0/%D0%A1%D1%82%D0%B0%D0%BA%D0%B0%D0%BD%D1%8B","200","subcategory","HIGH","Старый URL уже перенаправлял на /magazin/product/stakan-pivnoj-plastikovyj-500ml и наследует доказанное решение этой сущности","301"
"https://cloverspb.ru/magazin/product/stakan-bumazhnyj-180-ml/next","/magazin/product/stakan-bumazhnyj-180-ml/next","301","alias","","","https://clover-spb.ru/catalog/%D0%9E%D0%B4%D0%BD%D0%BE%D1%80%D0%B0%D0%B7%D0%BE%D0%B2%D0%B0%D1%8F%20%D0%BF%D0%BE%D1%81%D1%83%D0%B4%D0%B0/%D0%A1%D1%82%D0%B0%D0%BA%D0%B0%D0%BD%D1%8B","/catalog/%D0%9E%D0%B4%D0%BD%D0%BE%D1%80%D0%B0%D0%B7%D0%BE%D0%B2%D0%B0%D1%8F%20%D0%BF%D0%BE%D1%81%D1%83%D0%B4%D0%B0/%D0%A1%D1%82%D0%B0%D0%BA%D0%B0%D0%BD%D1%8B","200","subcategory","HIGH","Старый URL уже перенаправлял на /magazin/product/stakan-plastikovyj-330ml-100sht-upak и наследует доказанное решение этой сущности","301"
"https://cloverspb.ru/magazin/product/stakan-shejker-400-ml/prev","/magazin/product/stakan-shejker-400-ml/prev","301","alias","","","https://clover-spb.ru/catalog/%D0%9E%D0%B4%D0%BD%D0%BE%D1%80%D0%B0%D0%B7%D0%BE%D0%B2%D0%B0%D1%8F%20%D0%BF%D0%BE%D1%81%D1%83%D0%B4%D0%B0/%D0%A1%D1%82%D0%B0%D0%BA%D0%B0%D0%BD%D1%8B","/catalog/%D0%9E%D0%B4%D0%BD%D0%BE%D1%80%D0%B0%D0%B7%D0%BE%D0%B2%D0%B0%D1%8F%20%D0%BF%D0%BE%D1%81%D1%83%D0%B4%D0%B0/%D0%A1%D1%82%D0%B0%D0%BA%D0%B0%D0%BD%D1%8B","200","subcategory","HIGH","Старый URL уже перенаправлял на /magazin/product/derzhatel-dlya-4h-stakanov и наследует доказанное решение этой сущности","301"
"https://cloverspb.ru/magazin/product/stakan-shejker-400-ml/next","/magazin/product/stakan-shejker-400-ml/next","301","alias","","","https://clover-spb.ru/catalog/%D0%9E%D0%B4%D0%BD%D0%BE%D1%80%D0%B0%D0%B7%D0%BE%D0%B2%D0%B0%D1%8F%20%D0%BF%D0%BE%D1%81%D1%83%D0%B4%D0%B0/%D0%A1%D1%82%D0%B0%D0%BA%D0%B0%D0%BD%D1%8B","/catalog/%D0%9E%D0%B4%D0%BD%D0%BE%D1%80%D0%B0%D0%B7%D0%BE%D0%B2%D0%B0%D1%8F%20%D0%BF%D0%BE%D1%81%D1%83%D0%B4%D0%B0/%D0%A1%D1%82%D0%B0%D0%BA%D0%B0%D0%BD%D1%8B","200","subcategory","HIGH","Старый URL уже перенаправлял на /magazin/product/stakan-pet-prozrachnyj-500ml-50sht-upak и наследует доказанное решение этой сущности","301"
"https://cloverspb.ru/magazin/product/tarelka-22-sm-bez-sekcij-plastikovaya-belaya/prev","/magazin/product/tarelka-22-sm-bez-sekcij-plastikovaya-belaya/prev","301","alias","","","https://clover-spb.ru/product/%D0%9D%D0%A4-00000013","/product/%D0%9D%D0%A4-00000013","200","product","EXACT","Старый URL уже перенаправлял на /magazin/product/tarelka-odnorazovaya-205mm-3-h-sekcionnaya-belaya-ps-polier-100-1800 и наследует доказанное решение этой сущности","301"
"https://cloverspb.ru/magazin/product/tarelka-22-sm-bez-sekcij-plastikovaya-belaya/next","/magazin/product/tarelka-22-sm-bez-sekcij-plastikovaya-belaya/next","301","alias","","","https://clover-spb.ru/product/%D0%9D%D0%A4-00000016","/product/%D0%9D%D0%A4-00000016","200","product","EXACT","Старый URL уже перенаправлял на /magazin/product/tarelka-odnorazovaya-175-mm-belaya-kartonnaya-pavlovsk-1000-1000 и наследует доказанное решение этой сущности","301"
"https://cloverspb.ru/magazin/product/vedro-800-ml-s-kryshkoj/prev","/magazin/product/vedro-800-ml-s-kryshkoj/prev","301","alias","","","https://clover-spb.ru/catalog/%D0%9E%D0%B4%D0%BD%D0%BE%D1%80%D0%B0%D0%B7%D0%BE%D0%B2%D0%B0%D1%8F%20%D0%BF%D0%BE%D1%81%D1%83%D0%B4%D0%B0/%D0%9B%D0%B0%D0%BD%D1%87-%D0%B1%D0%BE%D0%BA%D1%81%D1%8B","/catalog/%D0%9E%D0%B4%D0%BD%D0%BE%D1%80%D0%B0%D0%B7%D0%BE%D0%B2%D0%B0%D1%8F%20%D0%BF%D0%BE%D1%81%D1%83%D0%B4%D0%B0/%D0%9B%D0%B0%D0%BD%D1%87-%D0%B1%D0%BE%D0%BA%D1%81%D1%8B","200","subcategory","HIGH","Старый URL уже перенаправлял на /magazin/product/kryshka-spk-257k-3-257h202h35mm и наследует доказанное решение этой сущности","301"
"https://cloverspb.ru/magazin/product/vedro-800-ml-s-kryshkoj/next","/magazin/product/vedro-800-ml-s-kryshkoj/next","301","alias","","","https://clover-spb.ru/catalog/%D0%9E%D0%B4%D0%BD%D0%BE%D1%80%D0%B0%D0%B7%D0%BE%D0%B2%D0%B0%D1%8F%20%D0%BF%D0%BE%D1%81%D1%83%D0%B4%D0%B0/%D0%9B%D0%BE%D1%82%D0%BA%D0%B8","/catalog/%D0%9E%D0%B4%D0%BD%D0%BE%D1%80%D0%B0%D0%B7%D0%BE%D0%B2%D0%B0%D1%8F%20%D0%BF%D0%BE%D1%81%D1%83%D0%B4%D0%B0/%D0%9B%D0%BE%D1%82%D0%BA%D0%B8","200","subcategory","HIGH","Старый URL уже перенаправлял на /magazin/product/lotok-279-223-35-5-sekcij-chernyj-110-110-0055_00200 и наследует доказанное решение этой сущности","301"
"https://cloverspb.ru/magazin/product/vedro-1000-ml-s-kryshkoj/prev","/magazin/product/vedro-1000-ml-s-kryshkoj/prev","301","alias","","","https://clover-spb.ru/catalog/%D0%9E%D0%B4%D0%BD%D0%BE%D1%80%D0%B0%D0%B7%D0%BE%D0%B2%D0%B0%D1%8F%20%D0%BF%D0%BE%D1%81%D1%83%D0%B4%D0%B0/%D0%9B%D0%BE%D1%82%D0%BA%D0%B8","/catalog/%D0%9E%D0%B4%D0%BD%D0%BE%D1%80%D0%B0%D0%B7%D0%BE%D0%B2%D0%B0%D1%8F%20%D0%BF%D0%BE%D1%81%D1%83%D0%B4%D0%B0/%D0%9B%D0%BE%D1%82%D0%BA%D0%B8","200","subcategory","HIGH","Старый URL уже перенаправлял на /magazin/product/lotok-kryshka-280-225-25mm-pet-110-110-0055_00201 и наследует доказанное решение этой сущности","301"
"https://cloverspb.ru/magazin/product/vedro-1000-ml-s-kryshkoj/next","/magazin/product/vedro-1000-ml-s-kryshkoj/next","301","alias","","","https://clover-spb.ru/product/%D0%9D%D0%A4-00001209","/product/%D0%9D%D0%A4-00001209","200","product","EXACT","Старый URL уже перенаправлял на /magazin/product/kontejner-530-ml-kruglyj-chernyj-s-prozrachnoj-kryshkoj и наследует доказанное решение этой сущности","301"
"https://cloverspb.ru/magazin/product/vedro-1500-ml-s-kryshkoj/prev","/magazin/product/vedro-1500-ml-s-kryshkoj/prev","301","alias","","","https://clover-spb.ru/product/%D0%9D%D0%A4-00000789","/product/%D0%9D%D0%A4-00000789","200","product","EXACT","Старый URL уже перенаправлял на /magazin/product/kontejner-950-ml-kruglyj-chernyj-s-prozrachnoj-kryshkoj и наследует доказанное решение этой сущности","301"
"https://cloverspb.ru/magazin/product/vedro-1500-ml-s-kryshkoj/next","/magazin/product/vedro-1500-ml-s-kryshkoj/next","301","alias","","","https://clover-spb.ru/catalog/%D0%9E%D0%B4%D0%BD%D0%BE%D1%80%D0%B0%D0%B7%D0%BE%D0%B2%D0%B0%D1%8F%20%D0%BF%D0%BE%D1%81%D1%83%D0%B4%D0%B0/%D0%92%D0%B5%D0%B4%D1%80%D0%B0","/catalog/%D0%9E%D0%B4%D0%BD%D0%BE%D1%80%D0%B0%D0%B7%D0%BE%D0%B2%D0%B0%D1%8F%20%D0%BF%D0%BE%D1%81%D1%83%D0%B4%D0%B0/%D0%92%D0%B5%D0%B4%D1%80%D0%B0","200","subcategory","HIGH","Старый URL уже перенаправлял на /magazin/product/vedro-2250-ml-s-kryshkoj и наследует доказанное решение этой сущности","301"
"https://cloverspb.ru/magazin/product/vedro-2000-ml-s-kryshkoj/prev","/magazin/product/vedro-2000-ml-s-kryshkoj/prev","301","alias","","","https://clover-spb.ru/catalog/%D0%9E%D0%B4%D0%BD%D0%BE%D1%80%D0%B0%D0%B7%D0%BE%D0%B2%D0%B0%D1%8F%20%D0%BF%D0%BE%D1%81%D1%83%D0%B4%D0%B0/%D0%92%D0%B5%D0%B4%D1%80%D0%B0","/catalog/%D0%9E%D0%B4%D0%BD%D0%BE%D1%80%D0%B0%D0%B7%D0%BE%D0%B2%D0%B0%D1%8F%20%D0%BF%D0%BE%D1%81%D1%83%D0%B4%D0%B0/%D0%92%D0%B5%D0%B4%D1%80%D0%B0","200","subcategory","HIGH","Старый URL уже перенаправлял на /magazin/product/vedro-1500-ml-s-kryshkoj и наследует доказанное решение этой сущности","301"
"https://cloverspb.ru/magazin/product/vedro-2000-ml-s-kryshkoj/next","/magazin/product/vedro-2000-ml-s-kryshkoj/next","301","alias","","","https://clover-spb.ru/product/%D0%9D%D0%A4-00000121","/product/%D0%9D%D0%A4-00000121","200","product","EXACT","Старый URL уже перенаправлял на /magazin/product/tryapka-dlya-pola-hpp-80h100-sm-25sht-kor и наследует доказанное решение этой сущности","301"
"https://cloverspb.ru/magazin/product/vedro-2250-ml-s-kryshkoj/prev","/magazin/product/vedro-2250-ml-s-kryshkoj/prev","301","alias","","","https://clover-spb.ru/catalog/%D0%9E%D0%B4%D0%BD%D0%BE%D1%80%D0%B0%D0%B7%D0%BE%D0%B2%D0%B0%D1%8F%20%D0%BF%D0%BE%D1%81%D1%83%D0%B4%D0%B0/%D0%92%D0%B5%D0%B4%D1%80%D0%B0","/catalog/%D0%9E%D0%B4%D0%BD%D0%BE%D1%80%D0%B0%D0%B7%D0%BE%D0%B2%D0%B0%D1%8F%20%D0%BF%D0%BE%D1%81%D1%83%D0%B4%D0%B0/%D0%92%D0%B5%D0%B4%D1%80%D0%B0","200","subcategory","HIGH","Старый URL уже перенаправлял на /magazin/product/vedro-1500-ml-s-kryshkoj и наследует доказанное решение этой сущности","301"
"https://cloverspb.ru/magazin/product/vedro-2250-ml-s-kryshkoj/next","/magazin/product/vedro-2250-ml-s-kryshkoj/next","301","alias","","","https://clover-spb.ru/product/%D0%9D%D0%A4-00000621","/product/%D0%9D%D0%A4-00000621","200","product","EXACT","Старый URL уже перенаправлял на /magazin/product/trubochki-cvetnye-gofra-5-210mm-1000sht-upak и наследует доказанное решение этой сущности","301"
"https://cloverspb.ru/magazin/product/vedro-3300-ml-s-kryshkoj/prev","/magazin/product/vedro-3300-ml-s-kryshkoj/prev","301","alias","","","https://clover-spb.ru/catalog/%D0%9E%D0%B4%D0%BD%D0%BE%D1%80%D0%B0%D0%B7%D0%BE%D0%B2%D0%B0%D1%8F%20%D0%BF%D0%BE%D1%81%D1%83%D0%B4%D0%B0/%D0%92%D0%B5%D0%B4%D1%80%D0%B0","/catalog/%D0%9E%D0%B4%D0%BD%D0%BE%D1%80%D0%B0%D0%B7%D0%BE%D0%B2%D0%B0%D1%8F%20%D0%BF%D0%BE%D1%81%D1%83%D0%B4%D0%B0/%D0%92%D0%B5%D0%B4%D1%80%D0%B0","200","subcategory","HIGH","Старый URL уже перенаправлял на /magazin/product/vedro-2250-ml-s-kryshkoj и наследует доказанное решение этой сущности","301"
"https://cloverspb.ru/magazin/product/vedro-3300-ml-s-kryshkoj/next","/magazin/product/vedro-3300-ml-s-kryshkoj/next","301","alias","","","https://clover-spb.ru/catalog/%D0%9E%D0%B4%D0%BD%D0%BE%D1%80%D0%B0%D0%B7%D0%BE%D0%B2%D0%B0%D1%8F%20%D0%BF%D0%BE%D1%81%D1%83%D0%B4%D0%B0/%D0%92%D0%B5%D0%B4%D1%80%D0%B0","/catalog/%D0%9E%D0%B4%D0%BD%D0%BE%D1%80%D0%B0%D0%B7%D0%BE%D0%B2%D0%B0%D1%8F%20%D0%BF%D0%BE%D1%81%D1%83%D0%B4%D0%B0/%D0%92%D0%B5%D0%B4%D1%80%D0%B0","200","subcategory","HIGH","Старый URL уже перенаправлял на /magazin/product/vedro-5000-ml-s-kryshkoj и наследует доказанное решение этой сущности","301"
"https://cloverspb.ru/magazin/product/vedro-5000-ml-s-kryshkoj/prev","/magazin/product/vedro-5000-ml-s-kryshkoj/prev","301","alias","","","https://clover-spb.ru/catalog/%D0%9E%D0%B4%D0%BD%D0%BE%D1%80%D0%B0%D0%B7%D0%BE%D0%B2%D0%B0%D1%8F%20%D0%BF%D0%BE%D1%81%D1%83%D0%B4%D0%B0/%D0%92%D0%B5%D0%B4%D1%80%D0%B0","/catalog/%D0%9E%D0%B4%D0%BD%D0%BE%D1%80%D0%B0%D0%B7%D0%BE%D0%B2%D0%B0%D1%8F%20%D0%BF%D0%BE%D1%81%D1%83%D0%B4%D0%B0/%D0%92%D0%B5%D0%B4%D1%80%D0%B0","200","subcategory","HIGH","Старый URL уже перенаправлял на /magazin/product/vedro-3300-ml-s-kryshkoj и наследует доказанное решение этой сущности","301"
"https://cloverspb.ru/magazin/product/vedro-5000-ml-s-kryshkoj/next","/magazin/product/vedro-5000-ml-s-kryshkoj/next","301","alias","","","https://clover-spb.ru/product/%D0%9D%D0%A4-00000544","/product/%D0%9D%D0%A4-00000544","200","product","EXACT","Старый URL уже перенаправлял на /magazin/product/kontejner-pryamoug-125ml-108-82-25mm-b-kryshki-prozr-pp-polier-100-100 и наследует доказанное решение этой сущности","301"
"https://cloverspb.ru/magazin/product/butylka-prozrachnaya-kruglaya-s-probkoj-100-ml/prev","/magazin/product/butylka-prozrachnaya-kruglaya-s-probkoj-100-ml/prev","301","alias","","","https://clover-spb.ru/product/%D0%9D%D0%A4-00000388","/product/%D0%9D%D0%A4-00000388","200","product","EXACT","Старый URL уже перенаправлял на /magazin/product/butylka-prozrachnaya-kruglaya-s-probkoj-250-ml и наследует доказанное решение этой сущности","301"
"https://cloverspb.ru/magazin/product/butylka-prozrachnaya-kruglaya-s-probkoj-100-ml/next","/magazin/product/butylka-prozrachnaya-kruglaya-s-probkoj-100-ml/next","301","alias","","","https://clover-spb.ru/product/%D0%9D%D0%A4-00000032","/product/%D0%9D%D0%A4-00000032","200","product","EXACT","Старый URL уже перенаправлял на /magazin/product/butylka-pet-1l-gaz-prozrachnaya-s-chernoj-probkoj и наследует доказанное решение этой сущности","301"
"https://cloverspb.ru/magazin/product/butylka-prozrachnaya-kruglaya-s-probkoj-250-ml/prev","/magazin/product/butylka-prozrachnaya-kruglaya-s-probkoj-250-ml/prev","301","alias","","","https://clover-spb.ru/product/%D0%9D%D0%A4-00000031","/product/%D0%9D%D0%A4-00000031","200","product","EXACT","Старый URL уже перенаправлял на /magazin/product/butylka-pet-0-5l-gaz-prozrachnaya-s-chernoj-probkoj-100sht-upak и наследует доказанное решение этой сущности","301"
"https://cloverspb.ru/magazin/product/butylka-prozrachnaya-kruglaya-s-probkoj-250-ml/next","/magazin/product/butylka-prozrachnaya-kruglaya-s-probkoj-250-ml/next","301","alias","","","https://clover-spb.ru/product/%D0%9D%D0%A4-00000909","/product/%D0%9D%D0%A4-00000909","200","product","HIGH","Старый URL уже перенаправлял на /magazin/product/butylka-prozrachnaya-kruglaya-s-probkoj-100-ml и наследует доказанное решение этой сущности","301"
"https://cloverspb.ru/magazin/product/butylka-prozrachnaya-kvadratnaya-s-probkoj-300-ml/prev","/magazin/product/butylka-prozrachnaya-kvadratnaya-s-probkoj-300-ml/prev","301","alias","","","https://clover-spb.ru/product/%D0%9D%D0%A4-00000032","/product/%D0%9D%D0%A4-00000032","200","product","EXACT","Старый URL уже перенаправлял на /magazin/product/butylka-pet-1l-gaz-prozrachnaya-s-chernoj-probkoj и наследует доказанное решение этой сущности","301"
"https://cloverspb.ru/magazin/product/butylka-prozrachnaya-kvadratnaya-s-probkoj-300-ml/next","/magazin/product/butylka-prozrachnaya-kvadratnaya-s-probkoj-300-ml/next","301","alias","","","https://clover-spb.ru/product/%D0%9D%D0%A4-00001034","/product/%D0%9D%D0%A4-00001034","200","product","EXACT","Старый URL уже перенаправлял на /magazin/product/butylka-prozrachnaya-kvadratnaya-s-probkoj-500-ml и наследует доказанное решение этой сущности","301"
"https://cloverspb.ru/magazin/product/butylka-prozrachnaya-kvadratnaya-s-probkoj-500-ml/prev","/magazin/product/butylka-prozrachnaya-kvadratnaya-s-probkoj-500-ml/prev","301","alias","","","https://clover-spb.ru/product/%D0%9D%D0%A4-00003547","/product/%D0%9D%D0%A4-00003547","200","product","EXACT","Старый URL уже перенаправлял на /magazin/product/butylka-prozrachnaya-kvadratnaya-s-probkoj-300-ml и наследует доказанное решение этой сущности","301"
"https://cloverspb.ru/magazin/product/butylka-prozrachnaya-kvadratnaya-s-probkoj-500-ml/next","/magazin/product/butylka-prozrachnaya-kvadratnaya-s-probkoj-500-ml/next","301","alias","","","https://clover-spb.ru/catalog/%D0%9E%D0%B4%D0%BD%D0%BE%D1%80%D0%B0%D0%B7%D0%BE%D0%B2%D0%B0%D1%8F%20%D0%BF%D0%BE%D1%81%D1%83%D0%B4%D0%B0/%D0%91%D1%83%D1%82%D1%8B%D0%BB%D0%BA%D0%B8","/catalog/%D0%9E%D0%B4%D0%BD%D0%BE%D1%80%D0%B0%D0%B7%D0%BE%D0%B2%D0%B0%D1%8F%20%D0%BF%D0%BE%D1%81%D1%83%D0%B4%D0%B0/%D0%91%D1%83%D1%82%D1%8B%D0%BB%D0%BA%D0%B8","200","subcategory","HIGH","Старый URL уже перенаправлял на /magazin/product/butylka-prozrachnaya-kvadratnaya-s-probkoj-1000-ml и наследует доказанное решение этой сущности","301"
"https://cloverspb.ru/magazin/product/butylka-prozrachnaya-kvadratnaya-s-probkoj-1000-ml/prev","/magazin/product/butylka-prozrachnaya-kvadratnaya-s-probkoj-1000-ml/prev","301","alias","","","https://clover-spb.ru/product/%D0%9D%D0%A4-00001034","/product/%D0%9D%D0%A4-00001034","200","product","EXACT","Старый URL уже перенаправлял на /magazin/product/butylka-prozrachnaya-kvadratnaya-s-probkoj-500-ml и наследует доказанное решение этой сущности","301"
"https://cloverspb.ru/magazin/product/butylka-prozrachnaya-kvadratnaya-s-probkoj-1000-ml/next","/magazin/product/butylka-prozrachnaya-kvadratnaya-s-probkoj-1000-ml/next","301","alias","","","https://clover-spb.ru/product/%D0%9D%D0%A4-00000031","/product/%D0%9D%D0%A4-00000031","200","product","EXACT","Старый URL уже перенаправлял на /magazin/product/butylka-pet-0-5l-gaz-prozrachnaya-s-chernoj-probkoj-100sht-upak и наследует доказанное решение этой сущности","301"
"https://cloverspb.ru/magazin/product/sousnik-s11s2-2-sekc-117h85h30-prozrachnyj/prev","/magazin/product/sousnik-s11s2-2-sekc-117h85h30-prozrachnyj/prev","301","alias","","","https://clover-spb.ru/product/%D0%9D%D0%A4-00001201","/product/%D0%9D%D0%A4-00001201","200","product","EXACT","Старый URL уже перенаправлял на /magazin/product/kryshka-k-sousniku-s11-117h85-prozrachnaya и наследует доказанное решение этой сущности","301"
"https://cloverspb.ru/magazin/product/sousnik-s11s2-2-sekc-117h85h30-prozrachnyj/next","/magazin/product/sousnik-s11s2-2-sekc-117h85h30-prozrachnyj/next","301","alias","","","https://clover-spb.ru/catalog/%D0%9E%D0%B4%D0%BD%D0%BE%D1%80%D0%B0%D0%B7%D0%BE%D0%B2%D0%B0%D1%8F%20%D0%BF%D0%BE%D1%81%D1%83%D0%B4%D0%B0/%D0%A1%D1%82%D0%B0%D0%BA%D0%B0%D0%BD%D1%8B","/catalog/%D0%9E%D0%B4%D0%BD%D0%BE%D1%80%D0%B0%D0%B7%D0%BE%D0%B2%D0%B0%D1%8F%20%D0%BF%D0%BE%D1%81%D1%83%D0%B4%D0%B0/%D0%A1%D1%82%D0%B0%D0%BA%D0%B0%D0%BD%D1%8B","200","subcategory","HIGH","Старый URL уже перенаправлял на /magazin/product/stakan-bumazhnyj-pod-kofe-belyj-250-280ml-50sht-upak и наследует доказанное решение этой сущности","301"
"https://cloverspb.ru/magazin/product/kryshka-k-sousniku-s11-117h85-prozrachnaya/prev","/magazin/product/kryshka-k-sousniku-s11-117h85-prozrachnaya/prev","301","alias","","","https://clover-spb.ru/catalog/%D0%9E%D0%B4%D0%BD%D0%BE%D1%80%D0%B0%D0%B7%D0%BE%D0%B2%D0%B0%D1%8F%20%D0%BF%D0%BE%D1%81%D1%83%D0%B4%D0%B0/%D0%A1%D0%BE%D1%83%D1%81%D0%BD%D0%B8%D0%BA%D0%B8","/catalog/%D0%9E%D0%B4%D0%BD%D0%BE%D1%80%D0%B0%D0%B7%D0%BE%D0%B2%D0%B0%D1%8F%20%D0%BF%D0%BE%D1%81%D1%83%D0%B4%D0%B0/%D0%A1%D0%BE%D1%83%D1%81%D0%BD%D0%B8%D0%BA%D0%B8","200","subcategory","HIGH","Старый URL уже перенаправлял на /magazin/product/sousnik-80ml-80sht-upak и наследует доказанное решение этой сущности","301"
"https://cloverspb.ru/magazin/product/kryshka-k-sousniku-s11-117h85-prozrachnaya/next","/magazin/product/kryshka-k-sousniku-s11-117h85-prozrachnaya/next","301","alias","","","https://clover-spb.ru/product/%D0%9D%D0%A4-00001171","/product/%D0%9D%D0%A4-00001171","200","product","EXACT","Старый URL уже перенаправлял на /magazin/product/sousnik-s-kryshkoj-30-ml-pokrov-chernyj и наследует доказанное решение этой сущности","301"
"https://cloverspb.ru/magazin/product/sousnik-s-kryshkoj-30-ml-pokrov-chernyj/prev","/magazin/product/sousnik-s-kryshkoj-30-ml-pokrov-chernyj/prev","301","alias","","","https://clover-spb.ru/product/%D0%9D%D0%A4-00000544","/product/%D0%9D%D0%A4-00000544","200","product","EXACT","Старый URL уже перенаправлял на /magazin/product/kontejner-pryamoug-125ml-108-82-25mm-b-kryshki-prozr-pp-polier-100-100 и наследует доказанное решение этой сущности","301"
"https://cloverspb.ru/magazin/product/sousnik-s-kryshkoj-30-ml-pokrov-chernyj/next","/magazin/product/sousnik-s-kryshkoj-30-ml-pokrov-chernyj/next","301","alias","","","https://clover-spb.ru/catalog/%D0%9E%D0%B4%D0%BD%D0%BE%D1%80%D0%B0%D0%B7%D0%BE%D0%B2%D0%B0%D1%8F%20%D0%BF%D0%BE%D1%81%D1%83%D0%B4%D0%B0/%D0%A1%D1%82%D0%B0%D0%BA%D0%B0%D0%BD%D1%8B","/catalog/%D0%9E%D0%B4%D0%BD%D0%BE%D1%80%D0%B0%D0%B7%D0%BE%D0%B2%D0%B0%D1%8F%20%D0%BF%D0%BE%D1%81%D1%83%D0%B4%D0%B0/%D0%A1%D1%82%D0%B0%D0%BA%D0%B0%D0%BD%D1%8B","200","subcategory","HIGH","Старый URL уже перенаправлял на /magazin/product/stakan-pivnoj-plastikovyj-500ml и наследует доказанное решение этой сущности","301"
"https://cloverspb.ru/magazin/product/sousnik-s-kryshkoj-50-ml-pokrov-chernyj/prev","/magazin/product/sousnik-s-kryshkoj-50-ml-pokrov-chernyj/prev","301","alias","","","https://clover-spb.ru/product/%D0%9D%D0%A4-00000509","/product/%D0%9D%D0%A4-00000509","200","product","EXACT","Старый URL уже перенаправлял на /magazin/product/sousnik-30ml-80sht-upak и наследует доказанное решение этой сущности","301"
"https://cloverspb.ru/magazin/product/sousnik-s-kryshkoj-50-ml-pokrov-chernyj/next","/magazin/product/sousnik-s-kryshkoj-50-ml-pokrov-chernyj/next","301","alias","","","https://clover-spb.ru/product/%D0%9D%D0%A4-00000449","/product/%D0%9D%D0%A4-00000449","200","product","EXACT","Старый URL уже перенаправлял на /magazin/product/sousnik-50ml-80sht-upak и наследует доказанное решение этой сущности","301"
"https://cloverspb.ru/magazin/product/kontejner-530-ml-kruglyj-chernyj-s-prozrachnoj-kryshkoj/prev","/magazin/product/kontejner-530-ml-kruglyj-chernyj-s-prozrachnoj-kryshkoj/prev","301","alias","","","https://clover-spb.ru/catalog/%D0%9E%D0%B4%D0%BD%D0%BE%D1%80%D0%B0%D0%B7%D0%BE%D0%B2%D0%B0%D1%8F%20%D0%BF%D0%BE%D1%81%D1%83%D0%B4%D0%B0/%D0%92%D0%B5%D0%B4%D1%80%D0%B0","/catalog/%D0%9E%D0%B4%D0%BD%D0%BE%D1%80%D0%B0%D0%B7%D0%BE%D0%B2%D0%B0%D1%8F%20%D0%BF%D0%BE%D1%81%D1%83%D0%B4%D0%B0/%D0%92%D0%B5%D0%B4%D1%80%D0%B0","200","subcategory","HIGH","Старый URL уже перенаправлял на /magazin/product/vedro-1000-ml-s-kryshkoj и наследует доказанное решение этой сущности","301"
"https://cloverspb.ru/magazin/product/kontejner-530-ml-kruglyj-chernyj-s-prozrachnoj-kryshkoj/next","/magazin/product/kontejner-530-ml-kruglyj-chernyj-s-prozrachnoj-kryshkoj/next","301","alias","","","https://clover-spb.ru/product/%D0%9D%D0%A4-00000789","/product/%D0%9D%D0%A4-00000789","200","product","EXACT","Старый URL уже перенаправлял на /magazin/product/kontejner-950-ml-kruglyj-chernyj-s-prozrachnoj-kryshkoj и наследует доказанное решение этой сущности","301"
"https://cloverspb.ru/magazin/product/kontejner-950-ml-kruglyj-chernyj-s-prozrachnoj-kryshkoj/prev","/magazin/product/kontejner-950-ml-kruglyj-chernyj-s-prozrachnoj-kryshkoj/prev","301","alias","","","https://clover-spb.ru/product/%D0%9D%D0%A4-00001209","/product/%D0%9D%D0%A4-00001209","200","product","EXACT","Старый URL уже перенаправлял на /magazin/product/kontejner-530-ml-kruglyj-chernyj-s-prozrachnoj-kryshkoj и наследует доказанное решение этой сущности","301"
"https://cloverspb.ru/magazin/product/kontejner-950-ml-kruglyj-chernyj-s-prozrachnoj-kryshkoj/next","/magazin/product/kontejner-950-ml-kruglyj-chernyj-s-prozrachnoj-kryshkoj/next","301","alias","","","https://clover-spb.ru/catalog/%D0%9E%D0%B4%D0%BD%D0%BE%D1%80%D0%B0%D0%B7%D0%BE%D0%B2%D0%B0%D1%8F%20%D0%BF%D0%BE%D1%81%D1%83%D0%B4%D0%B0/%D0%92%D0%B5%D0%B4%D1%80%D0%B0","/catalog/%D0%9E%D0%B4%D0%BD%D0%BE%D1%80%D0%B0%D0%B7%D0%BE%D0%B2%D0%B0%D1%8F%20%D0%BF%D0%BE%D1%81%D1%83%D0%B4%D0%B0/%D0%92%D0%B5%D0%B4%D1%80%D0%B0","200","subcategory","HIGH","Старый URL уже перенаправлял на /magazin/product/vedro-1500-ml-s-kryshkoj и наследует доказанное решение этой сущности","301"
"https://cloverspb.ru/magazin/product/bumazhnaya-salfetka-100l","/magazin/product/bumazhnaya-salfetka-100l","404","product","Страница не найдена","Страница не найдена","","","","","NO_MATCH","Старый URL сейчас отвечает 404","404"
"https://cloverspb.ru/magazin/folder/odnorazovaya-posuda/p/3","/magazin/folder/odnorazovaya-posuda/p/3","200","index_page","Одноразовая посуда стр.4","Одноразовая посуда","https://clover-spb.ru/catalog/%D0%9E%D0%B4%D0%BD%D0%BE%D1%80%D0%B0%D0%B7%D0%BE%D0%B2%D0%B0%D1%8F%20%D0%BF%D0%BE%D1%81%D1%83%D0%B4%D0%B0","/catalog/%D0%9E%D0%B4%D0%BD%D0%BE%D1%80%D0%B0%D0%B7%D0%BE%D0%B2%D0%B0%D1%8F%20%D0%BF%D0%BE%D1%81%D1%83%D0%B4%D0%B0","200","category","EXACT","Страница пагинации имеет каноническую старую категорию /magazin/folder/odnorazovaya-posuda и наследует её доказанную цель","301"
"https://cloverspb.ru/magazin/folder/odnorazovaya-posuda/p/6","/magazin/folder/odnorazovaya-posuda/p/6","200","index_page","Одноразовая посуда стр.7","Одноразовая посуда","https://clover-spb.ru/catalog/%D0%9E%D0%B4%D0%BD%D0%BE%D1%80%D0%B0%D0%B7%D0%BE%D0%B2%D0%B0%D1%8F%20%D0%BF%D0%BE%D1%81%D1%83%D0%B4%D0%B0","/catalog/%D0%9E%D0%B4%D0%BD%D0%BE%D1%80%D0%B0%D0%B7%D0%BE%D0%B2%D0%B0%D1%8F%20%D0%BF%D0%BE%D1%81%D1%83%D0%B4%D0%B0","200","category","EXACT","Страница пагинации имеет каноническую старую категорию /magazin/folder/odnorazovaya-posuda и наследует её доказанную цель","301"
"https://cloverspb.ru/magazin/folder/odnorazovaya-posuda/p/5","/magazin/folder/odnorazovaya-posuda/p/5","200","index_page","Одноразовая посуда стр.6","Одноразовая посуда","https://clover-spb.ru/catalog/%D0%9E%D0%B4%D0%BD%D0%BE%D1%80%D0%B0%D0%B7%D0%BE%D0%B2%D0%B0%D1%8F%20%D0%BF%D0%BE%D1%81%D1%83%D0%B4%D0%B0","/catalog/%D0%9E%D0%B4%D0%BD%D0%BE%D1%80%D0%B0%D0%B7%D0%BE%D0%B2%D0%B0%D1%8F%20%D0%BF%D0%BE%D1%81%D1%83%D0%B4%D0%B0","200","category","EXACT","Страница пагинации имеет каноническую старую категорию /magazin/folder/odnorazovaya-posuda и наследует её доказанную цель","301"
"https://cloverspb.ru/magazin/folder/odnorazovaya-posuda/p/4","/magazin/folder/odnorazovaya-posuda/p/4","200","index_page","Одноразовая посуда стр.5","Одноразовая посуда","https://clover-spb.ru/catalog/%D0%9E%D0%B4%D0%BD%D0%BE%D1%80%D0%B0%D0%B7%D0%BE%D0%B2%D0%B0%D1%8F%20%D0%BF%D0%BE%D1%81%D1%83%D0%B4%D0%B0","/catalog/%D0%9E%D0%B4%D0%BD%D0%BE%D1%80%D0%B0%D0%B7%D0%BE%D0%B2%D0%B0%D1%8F%20%D0%BF%D0%BE%D1%81%D1%83%D0%B4%D0%B0","200","category","EXACT","Страница пагинации имеет каноническую старую категорию /magazin/folder/odnorazovaya-posuda и наследует её доказанную цель","301"
